ISO-10303-21;
HEADER;
FILE_DESCRIPTION(('Open CASCADE Model'),'2;1');
FILE_NAME('Open CASCADE Shape Model','2026-08-24T12:46:17',('Author'),(
    'Open CASCADE'),'Open CASCADE STEP processor 7.7','Open CASCADE 7.7'
  ,'Unknown');
FILE_SCHEMA(('AUTOMOTIVE_DESIGN { 1 0 10303 214 1 1 1 1 }'));
ENDSEC;
DATA;
#1 = APPLICATION_PROTOCOL_DEFINITION('international standard',
  'automotive_design',2000,#2);
#2 = APPLICATION_CONTEXT(
  'core data for automotive mechanical design processes');
#3 = SHAPE_DEFINITION_REPRESENTATION(#4,#10);
#4 = PRODUCT_DEFINITION_SHAPE('','',#5);
#5 = PRODUCT_DEFINITION('design','',#6,#9);
#6 = PRODUCT_DEFINITION_FORMATION('','',#7);
#7 = PRODUCT('Open CASCADE STEP translator 7.7 4',
  'Open CASCADE STEP translator 7.7 4','',(#8));
#8 = PRODUCT_CONTEXT('',#2,'mechanical');
#9 = PRODUCT_DEFINITION_CONTEXT('part definition',#2,'design');
#10 = SHAPE_REPRESENTATION('',(#11,#15,#19,#23,#27,#31,#35,#39,#43,#47,
    #51,#55,#59,#63,#67,#71,#75,#79,#83,#87,#91,#95,#99,#103,#107,#111,
    #115,#119,#123,#127),#131);
#11 = AXIS2_PLACEMENT_3D('',#12,#13,#14);
#12 = CARTESIAN_POINT('',(0.,0.,0.));
#13 = DIRECTION('',(0.,0.,1.));
#14 = DIRECTION('',(1.,0.,-0.));
#15 = AXIS2_PLACEMENT_3D('',#16,#17,#18);
#16 = CARTESIAN_POINT('',(0.,0.,0.));
#17 = DIRECTION('',(0.,0.,1.));
#18 = DIRECTION('',(1.,0.,-0.));
#19 = AXIS2_PLACEMENT_3D('',#20,#21,#22);
#20 = CARTESIAN_POINT('',(0.,0.,0.));
#21 = DIRECTION('',(0.,0.,1.));
#22 = DIRECTION('',(1.,0.,-0.));
#23 = AXIS2_PLACEMENT_3D('',#24,#25,#26);
#24 = CARTESIAN_POINT('',(0.,0.,0.));
#25 = DIRECTION('',(0.,0.,1.));
#26 = DIRECTION('',(1.,0.,-0.));
#27 = AXIS2_PLACEMENT_3D('',#28,#29,#30);
#28 = CARTESIAN_POINT('',(0.,0.,0.));
#29 = DIRECTION('',(0.,0.,1.));
#30 = DIRECTION('',(1.,0.,-0.));
#31 = AXIS2_PLACEMENT_3D('',#32,#33,#34);
#32 = CARTESIAN_POINT('',(0.,0.,0.));
#33 = DIRECTION('',(0.,0.,1.));
#34 = DIRECTION('',(1.,0.,-0.));
#35 = AXIS2_PLACEMENT_3D('',#36,#37,#38);
#36 = CARTESIAN_POINT('',(0.,0.,0.));
#37 = DIRECTION('',(0.,0.,1.));
#38 = DIRECTION('',(1.,0.,-0.));
#39 = AXIS2_PLACEMENT_3D('',#40,#41,#42);
#40 = CARTESIAN_POINT('',(0.,0.,0.));
#41 = DIRECTION('',(0.,0.,1.));
#42 = DIRECTION('',(1.,0.,-0.));
#43 = AXIS2_PLACEMENT_3D('',#44,#45,#46);
#44 = CARTESIAN_POINT('',(0.,0.,0.));
#45 = DIRECTION('',(0.,0.,1.));
#46 = DIRECTION('',(1.,0.,-0.));
#47 = AXIS2_PLACEMENT_3D('',#48,#49,#50);
#48 = CARTESIAN_POINT('',(0.,0.,0.));
#49 = DIRECTION('',(0.,0.,1.));
#50 = DIRECTION('',(1.,0.,-0.));
#51 = AXIS2_PLACEMENT_3D('',#52,#53,#54);
#52 = CARTESIAN_POINT('',(0.,0.,0.));
#53 = DIRECTION('',(0.,0.,1.));
#54 = DIRECTION('',(1.,0.,-0.));
#55 = AXIS2_PLACEMENT_3D('',#56,#57,#58);
#56 = CARTESIAN_POINT('',(0.,0.,0.));
#57 = DIRECTION('',(0.,0.,1.));
#58 = DIRECTION('',(1.,0.,-0.));
#59 = AXIS2_PLACEMENT_3D('',#60,#61,#62);
#60 = CARTESIAN_POINT('',(0.,0.,0.));
#61 = DIRECTION('',(0.,0.,1.));
#62 = DIRECTION('',(1.,0.,-0.));
#63 = AXIS2_PLACEMENT_3D('',#64,#65,#66);
#64 = CARTESIAN_POINT('',(0.,0.,0.));
#65 = DIRECTION('',(0.,0.,1.));
#66 = DIRECTION('',(1.,0.,-0.));
#67 = AXIS2_PLACEMENT_3D('',#68,#69,#70);
#68 = CARTESIAN_POINT('',(0.,0.,0.));
#69 = DIRECTION('',(0.,0.,1.));
#70 = DIRECTION('',(1.,0.,-0.));
#71 = AXIS2_PLACEMENT_3D('',#72,#73,#74);
#72 = CARTESIAN_POINT('',(0.,0.,0.));
#73 = DIRECTION('',(0.,0.,1.));
#74 = DIRECTION('',(1.,0.,-0.));
#75 = AXIS2_PLACEMENT_3D('',#76,#77,#78);
#76 = CARTESIAN_POINT('',(0.,0.,0.));
#77 = DIRECTION('',(0.,0.,1.));
#78 = DIRECTION('',(1.,0.,-0.));
#79 = AXIS2_PLACEMENT_3D('',#80,#81,#82);
#80 = CARTESIAN_POINT('',(0.,0.,0.));
#81 = DIRECTION('',(0.,0.,1.));
#82 = DIRECTION('',(1.,0.,-0.));
#83 = AXIS2_PLACEMENT_3D('',#84,#85,#86);
#84 = CARTESIAN_POINT('',(0.,0.,0.));
#85 = DIRECTION('',(0.,0.,1.));
#86 = DIRECTION('',(1.,0.,-0.));
#87 = AXIS2_PLACEMENT_3D('',#88,#89,#90);
#88 = CARTESIAN_POINT('',(0.,0.,0.));
#89 = DIRECTION('',(0.,0.,1.));
#90 = DIRECTION('',(1.,0.,-0.));
#91 = AXIS2_PLACEMENT_3D('',#92,#93,#94);
#92 = CARTESIAN_POINT('',(0.,0.,0.));
#93 = DIRECTION('',(0.,0.,1.));
#94 = DIRECTION('',(1.,0.,-0.));
#95 = AXIS2_PLACEMENT_3D('',#96,#97,#98);
#96 = CARTESIAN_POINT('',(0.,0.,0.));
#97 = DIRECTION('',(0.,0.,1.));
#98 = DIRECTION('',(1.,0.,-0.));
#99 = AXIS2_PLACEMENT_3D('',#100,#101,#102);
#100 = CARTESIAN_POINT('',(0.,0.,0.));
#101 = DIRECTION('',(0.,0.,1.));
#102 = DIRECTION('',(1.,0.,-0.));
#103 = AXIS2_PLACEMENT_3D('',#104,#105,#106);
#104 = CARTESIAN_POINT('',(0.,0.,0.));
#105 = DIRECTION('',(0.,0.,1.));
#106 = DIRECTION('',(1.,0.,-0.));
#107 = AXIS2_PLACEMENT_3D('',#108,#109,#110);
#108 = CARTESIAN_POINT('',(0.,0.,0.));
#109 = DIRECTION('',(0.,0.,1.));
#110 = DIRECTION('',(1.,0.,-0.));
#111 = AXIS2_PLACEMENT_3D('',#112,#113,#114);
#112 = CARTESIAN_POINT('',(0.,0.,0.));
#113 = DIRECTION('',(0.,0.,1.));
#114 = DIRECTION('',(1.,0.,-0.));
#115 = AXIS2_PLACEMENT_3D('',#116,#117,#118);
#116 = CARTESIAN_POINT('',(0.,0.,0.));
#117 = DIRECTION('',(0.,0.,1.));
#118 = DIRECTION('',(1.,0.,-0.));
#119 = AXIS2_PLACEMENT_3D('',#120,#121,#122);
#120 = CARTESIAN_POINT('',(0.,0.,0.));
#121 = DIRECTION('',(0.,0.,1.));
#122 = DIRECTION('',(1.,0.,-0.));
#123 = AXIS2_PLACEMENT_3D('',#124,#125,#126);
#124 = CARTESIAN_POINT('',(0.,0.,0.));
#125 = DIRECTION('',(0.,0.,1.));
#126 = DIRECTION('',(1.,0.,-0.));
#127 = AXIS2_PLACEMENT_3D('',#128,#129,#130);
#128 = CARTESIAN_POINT('',(0.,0.,0.));
#129 = DIRECTION('',(0.,0.,1.));
#130 = DIRECTION('',(1.,0.,-0.));
#131 = ( GEOMETRIC_REPRESENTATION_CONTEXT(3)
GLOBAL_UNCERTAINTY_ASSIGNED_CONTEXT((#135)) GLOBAL_UNIT_ASSIGNED_CONTEXT
((#132,#133,#134)) REPRESENTATION_CONTEXT('Context #1',
  '3D Context with UNIT and UNCERTAINTY') );
#132 = ( LENGTH_UNIT() NAMED_UNIT(*) SI_UNIT(.MILLI.,.METRE.) );
#133 = ( NAMED_UNIT(*) PLANE_ANGLE_UNIT() SI_UNIT($,.RADIAN.) );
#134 = ( NAMED_UNIT(*) SI_UNIT($,.STERADIAN.) SOLID_ANGLE_UNIT() );
#135 = UNCERTAINTY_MEASURE_WITH_UNIT(LENGTH_MEASURE(0.5),#132,
  'distance_accuracy_value','confusion accuracy');
#136 = PRODUCT_RELATED_PRODUCT_CATEGORY('part',$,(#7));
#137 = SHAPE_DEFINITION_REPRESENTATION(#138,#144);
#138 = PRODUCT_DEFINITION_SHAPE('','',#139);
#139 = PRODUCT_DEFINITION('design','',#140,#143);
#140 = PRODUCT_DEFINITION_FORMATION('','',#141);
#141 = PRODUCT('Open CASCADE STEP translator 7.7 4.1',
  'Open CASCADE STEP translator 7.7 4.1','',(#142));
#142 = PRODUCT_CONTEXT('',#2,'mechanical');
#143 = PRODUCT_DEFINITION_CONTEXT('part definition',#2,'design');
#144 = ADVANCED_BREP_SHAPE_REPRESENTATION('',(#11,#145),#2861);
#145 = MANIFOLD_SOLID_BREP('',#146);
#146 = CLOSED_SHELL('',(#147,#571,#833,#893,#948,#1071,#1170,#1295,#1596
    ,#1671,#1730,#1755,#1780,#2074,#2150,#2201,#2232,#2427,#2477,#2508,
    #2558,#2748,#2794,#2840,#2846,#2855));
#147 = ADVANCED_FACE('',(#148),#162,.F.);
#148 = FACE_BOUND('',#149,.F.);
#149 = EDGE_LOOP('',(#150,#310,#338,#366,#517,#545));
#150 = ORIENTED_EDGE('',*,*,#151,.T.);
#151 = EDGE_CURVE('',#152,#154,#156,.T.);
#152 = VERTEX_POINT('',#153);
#153 = CARTESIAN_POINT('',(-167.2050107088,74.661899738239,
    785.86989494899));
#154 = VERTEX_POINT('',#155);
#155 = CARTESIAN_POINT('',(-174.1206742164,67.252260265796,
    782.90603916001));
#156 = SURFACE_CURVE('',#157,(#161,#172),.PCURVE_S1.);
#157 = LINE('',#158,#159);
#158 = CARTESIAN_POINT('',(-167.2050107088,74.661899738239,
    785.86989494899));
#159 = VECTOR('',#160,1.);
#160 = DIRECTION('',(-0.654892377615,-0.701670404587,-0.280668161835));
#161 = PCURVE('',#162,#167);
#162 = PLANE('',#163);
#163 = AXIS2_PLACEMENT_3D('',#164,#165,#166);
#164 = CARTESIAN_POINT('',(-163.8603841754,78.245428166852,
    798.30554267268));
#165 = DIRECTION('',(-0.731055268243,0.68231825036,0.));
#166 = DIRECTION('',(-0.654892377615,-0.701670404587,-0.280668161835));
#167 = DEFINITIONAL_REPRESENTATION('',(#168),#171);
#168 = B_SPLINE_CURVE_WITH_KNOTS('',1,(#169,#170),.UNSPECIFIED.,.F.,.F.,
  (2,2),(0.,10.56),.PIECEWISE_BEZIER_KNOTS.);
#169 = CARTESIAN_POINT('',(8.195116652864,-10.56));
#170 = CARTESIAN_POINT('',(18.755116652864,-10.56));
#171 = ( GEOMETRIC_REPRESENTATION_CONTEXT(2)
PARAMETRIC_REPRESENTATION_CONTEXT() REPRESENTATION_CONTEXT('2D SPACE',''
  ) );
#172 = PCURVE('',#173,#255);
#173 = B_SPLINE_SURFACE_WITH_KNOTS('',8,8,(
    (#174,#175,#176,#177,#178,#179,#180,#181,#182)
    ,(#183,#184,#185,#186,#187,#188,#189,#190,#191)
    ,(#192,#193,#194,#195,#196,#197,#198,#199,#200)
    ,(#201,#202,#203,#204,#205,#206,#207,#208,#209)
    ,(#210,#211,#212,#213,#214,#215,#216,#217,#218)
    ,(#219,#220,#221,#222,#223,#224,#225,#226,#227)
    ,(#228,#229,#230,#231,#232,#233,#234,#235,#236)
    ,(#237,#238,#239,#240,#241,#242,#243,#244,#245)
    ,(#246,#247,#248,#249,#250,#251,#252,#253,#254
  )),.UNSPECIFIED.,.F.,.F.,.F.,(9,9),(9,9),(-8.234656929721,
    8.230481226463),(-7.575281393353,6.651278605003),
  .PIECEWISE_BEZIER_KNOTS.);
#174 = CARTESIAN_POINT('',(-187.8579300971,75.220853890218,
    788.86465431486));
#175 = CARTESIAN_POINT('',(-186.7007351518,73.095065355928,
    791.05666058127));
#176 = CARTESIAN_POINT('',(-185.5401923756,71.014184580654,
    793.22913819851));
#177 = CARTESIAN_POINT('',(-184.2037578731,71.305388646911,
    794.36976825375));
#178 = CARTESIAN_POINT('',(-182.3780397786,78.196959646438,
    792.63911583817));
#179 = CARTESIAN_POINT('',(-181.1939310682,76.433450974458,
    794.67366318215));
#180 = CARTESIAN_POINT('',(-179.6956349779,78.908814244108,
    794.86399257259));
#181 = CARTESIAN_POINT('',(-178.3105036046,79.85671825969,
    795.71902989774));
#182 = CARTESIAN_POINT('',(-176.8764950306,81.464494157757,
    796.28689898664));
#183 = CARTESIAN_POINT('',(-186.5681359298,73.813629729204,
    787.77788762862));
#184 = CARTESIAN_POINT('',(-185.4260270516,71.484295027155,
    790.05843792084));
#185 = CARTESIAN_POINT('',(-184.3911707299,67.707946526471,
    792.96845208577));
#186 = CARTESIAN_POINT('',(-183.0024889536,68.703427648126,
    793.80274156978));
#187 = CARTESIAN_POINT('',(-181.8445241868,66.588085426714,
    795.99004400758));
#188 = CARTESIAN_POINT('',(-179.5174783797,80.241332656563,
    791.31842267688));
#189 = CARTESIAN_POINT('',(-178.6515178124,74.187723650685,
    795.21868373947));
#190 = CARTESIAN_POINT('',(-177.184574775,76.238766242907,
    795.59395260886));
#191 = CARTESIAN_POINT('',(-175.7629420814,77.67962026496,
    796.23442846327));
#192 = CARTESIAN_POINT('',(-185.1132377234,74.633876880427,
    785.72214082821));
#193 = CARTESIAN_POINT('',(-184.0074697907,71.813859861941,
    788.21611453943));
#194 = CARTESIAN_POINT('',(-183.4040128366,62.214076154374,
    793.65956309619));
#195 = CARTESIAN_POINT('',(-182.3946710095,58.104288240672,
    796.71422343666));
#196 = CARTESIAN_POINT('',(-181.492212514,52.526579445996,
    800.40834278237));
#197 = CARTESIAN_POINT('',(-177.032017836,94.967430423148,
    783.21319774257));
#198 = CARTESIAN_POINT('',(-177.5115461291,70.758086335085,
    795.0118916802));
#199 = CARTESIAN_POINT('',(-175.8444201918,75.510887882308,
    794.21161566919));
#200 = CARTESIAN_POINT('',(-174.4801570379,76.177733698677,
    795.18882632047));
#201 = CARTESIAN_POINT('',(-183.0596504849,83.528638388254,
    780.15406375987));
#202 = CARTESIAN_POINT('',(-181.1763551652,91.198775549942,
    778.08484735152));
#203 = CARTESIAN_POINT('',(-176.6746936058,134.20339196794,
    760.64399302979));
#204 = CARTESIAN_POINT('',(-174.5254836093,145.41552547811,
    757.03581552076));
#205 = CARTESIAN_POINT('',(-181.2582523223,36.906676116119,
    805.5031694452));
#206 = CARTESIAN_POINT('',(-178.8441491199,51.704426833752,
    800.33414976978));
#207 = CARTESIAN_POINT('',(-175.625561647,77.393665866124,790.4265078511
    ));
#208 = CARTESIAN_POINT('',(-174.4264480618,75.832639402673,
    792.37275401693));
#209 = CARTESIAN_POINT('',(-173.0617520089,76.505517811115,
    793.34730109076));
#210 = CARTESIAN_POINT('',(-182.9997823364,65.533752094991,
    786.28274934285));
#211 = CARTESIAN_POINT('',(-182.9349266831,48.671417880488,
    794.8852681284));
#212 = CARTESIAN_POINT('',(-186.3365665774,-14.97627133622,
    823.84138552393));
#213 = CARTESIAN_POINT('',(-185.1990215281,-17.31064310988,
    826.11995493356));
#214 = CARTESIAN_POINT('',(-179.9248889799,36.038031766482,
    804.18479565814));
#215 = CARTESIAN_POINT('',(-170.0545522463,151.48155796047,
    755.23104774454));
#216 = CARTESIAN_POINT('',(-175.7240378826,57.260149350186,
    797.4856359886));
#217 = CARTESIAN_POINT('',(-173.062151176,75.429995160911,
    790.84900189359));
#218 = CARTESIAN_POINT('',(-171.7276635913,75.695337745131,
    792.00084956708));
#219 = CARTESIAN_POINT('',(-180.3701808134,82.196220355788,
    777.33584785864));
#220 = CARTESIAN_POINT('',(-178.482302627,89.9260805869,775.24046131351)
  );
#221 = CARTESIAN_POINT('',(-173.8959228838,134.07104790875,
    757.30329604828));
#222 = CARTESIAN_POINT('',(-172.1487020919,139.87606644309,
    756.04869771279));
#223 = CARTESIAN_POINT('',(-178.2951790576,39.252946054933,
    801.08361572292));
#224 = CARTESIAN_POINT('',(-176.3009846777,48.405700369704,
    798.37190189114));
#225 = CARTESIAN_POINT('',(-172.9219836833,76.249684189375,
    787.52617787203));
#226 = CARTESIAN_POINT('',(-171.7419596027,74.432960090918,
    789.58378261806));
#227 = CARTESIAN_POINT('',(-170.3766743081,75.113922728856,
    790.5548283756));
#228 = CARTESIAN_POINT('',(-179.7456864101,71.815674809383,
    780.15243481311));
#229 = CARTESIAN_POINT('',(-178.6395461032,69.000899903747,
    782.64414743268));
#230 = CARTESIAN_POINT('',(-178.0955440692,58.599653331797,
    788.4363019777));
#231 = CARTESIAN_POINT('',(-176.7958347639,58.401810841533,
    789.7887724934));
#232 = CARTESIAN_POINT('',(-176.3889606317,46.146301854505,
    796.38843521061));
#233 = CARTESIAN_POINT('',(-171.4995726443,94.371720687182,
    776.67656245405));
#234 = CARTESIAN_POINT('',(-172.1682378929,67.612628133578,
    789.58449799349));
#235 = CARTESIAN_POINT('',(-170.4751159097,72.71614479335,
    788.63169320209));
#236 = CARTESIAN_POINT('',(-169.1124852363,73.360869699939,
    789.61851467828));
#237 = CARTESIAN_POINT('',(-178.5176495798,69.574944219713,
    779.42827899563));
#238 = CARTESIAN_POINT('',(-177.3734903582,67.272775056305,
    781.69696745568));
#239 = CARTESIAN_POINT('',(-176.3350419565,63.544505598068,
    784.5860335361));
#240 = CARTESIAN_POINT('',(-174.9509498583,64.478195552742,
    785.4472104098));
#241 = CARTESIAN_POINT('',(-173.795303195,62.332897449534,
    787.64767030478));
#242 = CARTESIAN_POINT('',(-171.4614482333,76.075107032488,
    782.93707686026));
#243 = CARTESIAN_POINT('',(-170.5994398249,69.971362369144,
    786.85944528981));
#244 = CARTESIAN_POINT('',(-169.1312811217,72.037166902305,
    787.2281401402));
#245 = CARTESIAN_POINT('',(-167.7081065041,73.499049011319,
    787.85948937433));
#246 = CARTESIAN_POINT('',(-177.1241387445,69.566676459995,
    777.73296947259));
#247 = CARTESIAN_POINT('',(-175.9645184867,67.473080831284,
    779.91092426404));
#248 = CARTESIAN_POINT('',(-174.7986755429,65.463316911022,
    782.05243153142));
#249 = CARTESIAN_POINT('',(-173.4762255239,65.565808630295,
    783.27514520052));
#250 = CARTESIAN_POINT('',(-171.6253476244,72.797668678561,
    781.3965499093));
#251 = CARTESIAN_POINT('',(-170.4585178516,70.799635489127,
    783.53297999109));
#252 = CARTESIAN_POINT('',(-168.9510935217,73.399605291958,
    783.66924383367));
#253 = CARTESIAN_POINT('',(-167.5657360206,74.34975493281,
    784.52322874475));
#254 = CARTESIAN_POINT('',(-166.129717338,75.984830968256,
    785.07923910172));
#255 = DEFINITIONAL_REPRESENTATION('',(#256),#309);
#256 = B_SPLINE_CURVE_WITH_KNOTS('',11,(#257,#258,#259,#260,#261,#262,
    #263,#264,#265,#266,#267,#268,#269,#270,#271,#272,#273,#274,#275,
    #276,#277,#278,#279,#280,#281,#282,#283,#284,#285,#286,#287,#288,
    #289,#290,#291,#292,#293,#294,#295,#296,#297,#298,#299,#300,#301,
    #302,#303,#304,#305,#306,#307,#308),.UNSPECIFIED.,.F.,.F.,(12,10,10,
    10,10,12),(0.,5.28,7.92,9.24,9.9,10.56),.UNSPECIFIED.);
#257 = CARTESIAN_POINT('',(7.447802785909,6.046616913639));
#258 = CARTESIAN_POINT('',(7.449408421996,5.643859951128));
#259 = CARTESIAN_POINT('',(7.451451876322,5.131280877268));
#260 = CARTESIAN_POINT('',(7.451718192989,5.064478136926));
#261 = CARTESIAN_POINT('',(7.456539304398,3.855152931597));
#262 = CARTESIAN_POINT('',(7.45407381213,4.473595796875));
#263 = CARTESIAN_POINT('',(7.460054638417,2.973368282759));
#264 = CARTESIAN_POINT('',(7.458779778661,3.293153477175));
#265 = CARTESIAN_POINT('',(7.461809410324,2.533202165753));
#266 = CARTESIAN_POINT('',(7.462930522153,2.251983029539));
#267 = CARTESIAN_POINT('',(7.464487674045,1.861387818017));
#268 = CARTESIAN_POINT('',(7.466665451799,1.315115122468));
#269 = CARTESIAN_POINT('',(7.467380364392,1.135786800942));
#270 = CARTESIAN_POINT('',(7.468085906997,0.958808842437));
#271 = CARTESIAN_POINT('',(7.468783722952,0.783769032984));
#272 = CARTESIAN_POINT('',(7.469475455596,0.610255158612));
#273 = CARTESIAN_POINT('',(7.470162748262,0.437855005354));
#274 = CARTESIAN_POINT('',(7.470847244295,0.266156359239));
#275 = CARTESIAN_POINT('',(7.471530587024,9.474700629911E-02));
#276 = CARTESIAN_POINT('',(7.472214419794,-7.678526743613E-02));
#277 = CARTESIAN_POINT('',(7.472900385937,-0.248852675935));
#278 = CARTESIAN_POINT('',(7.473935000222,-0.508374811784));
#279 = CARTESIAN_POINT('',(7.4742808762,-0.595134171744));
#280 = CARTESIAN_POINT('',(7.474628079106,-0.682226375802));
#281 = CARTESIAN_POINT('',(7.474976931286,-0.769732286714));
#282 = CARTESIAN_POINT('',(7.475327755147,-0.857732767235));
#283 = CARTESIAN_POINT('',(7.475680873006,-0.94630868012));
#284 = CARTESIAN_POINT('',(7.476036607286,-1.035540888125));
#285 = CARTESIAN_POINT('',(7.476395280309,-1.125510254004));
#286 = CARTESIAN_POINT('',(7.476757214476,-1.216297640514));
#287 = CARTESIAN_POINT('',(7.477122732137,-1.307983910408));
#288 = CARTESIAN_POINT('',(7.477676867435,-1.446982934461));
#289 = CARTESIAN_POINT('',(7.477862242608,-1.493482352284));
#290 = CARTESIAN_POINT('',(7.478048444148,-1.540189051423));
#291 = CARTESIAN_POINT('',(7.478235634939,-1.587143903368));
#292 = CARTESIAN_POINT('',(7.47842397802,-1.634387779644));
#293 = CARTESIAN_POINT('',(7.478613636193,-1.681961551726));
#294 = CARTESIAN_POINT('',(7.478804772543,-1.729906091148));
#295 = CARTESIAN_POINT('',(7.478997549884,-1.778262269389));
#296 = CARTESIAN_POINT('',(7.47919213124,-1.827070957968));
#297 = CARTESIAN_POINT('',(7.479388679504,-1.87637302838));
#298 = CARTESIAN_POINT('',(7.479786035763,-1.976045675885));
#299 = CARTESIAN_POINT('',(7.48002531748,-2.036066983922));
#300 = CARTESIAN_POINT('',(7.480158042876,-2.069359755615));
#301 = CARTESIAN_POINT('',(7.480453333466,-2.143430302729));
#302 = CARTESIAN_POINT('',(7.480787081865,-2.227147584563));
#303 = CARTESIAN_POINT('',(7.480898838059,-2.255180454802));
#304 = CARTESIAN_POINT('',(7.480802228074,-2.2309468524));
#305 = CARTESIAN_POINT('',(7.480846476201,-2.242046031696));
#306 = CARTESIAN_POINT('',(7.481337038793,-2.365098509363));
#307 = CARTESIAN_POINT('',(7.482033792993,-2.539871988785));
#308 = CARTESIAN_POINT('',(7.482255660421,-2.595525104853));
#309 = ( GEOMETRIC_REPRESENTATION_CONTEXT(2)
PARAMETRIC_REPRESENTATION_CONTEXT() REPRESENTATION_CONTEXT('2D SPACE',''
  ) );
#310 = ORIENTED_EDGE('',*,*,#311,.F.);
#311 = EDGE_CURVE('',#312,#154,#314,.T.);
#312 = VERTEX_POINT('',#313);
#313 = CARTESIAN_POINT('',(-168.7537547867,73.002531083252,
    785.20614748699));
#314 = SURFACE_CURVE('',#315,(#319,#326),.PCURVE_S1.);
#315 = LINE('',#316,#317);
#316 = CARTESIAN_POINT('',(-161.8380912791,80.412170555696,
    788.17000327597));
#317 = VECTOR('',#318,1.);
#318 = DIRECTION('',(-0.654892377615,-0.701670404587,-0.280668161835));
#319 = PCURVE('',#162,#320);
#320 = DEFINITIONAL_REPRESENTATION('',(#321),#325);
#321 = LINE('',#322,#323);
#322 = CARTESIAN_POINT('',(2.84217094304E-14,-10.56));
#323 = VECTOR('',#324,1.);
#324 = DIRECTION('',(1.,0.));
#325 = ( GEOMETRIC_REPRESENTATION_CONTEXT(2)
PARAMETRIC_REPRESENTATION_CONTEXT() REPRESENTATION_CONTEXT('2D SPACE',''
  ) );
#326 = PCURVE('',#327,#332);
#327 = CYLINDRICAL_SURFACE('',#328,10.56);
#328 = AXIS2_PLACEMENT_3D('',#329,#330,#331);
#329 = CARTESIAN_POINT('',(-169.5580349118,87.617451279498,
    788.17000327597));
#330 = DIRECTION('',(-0.654892377615,-0.701670404587,-0.280668161835));
#331 = DIRECTION('',(0.731055268243,-0.68231825036,0.));
#332 = DEFINITIONAL_REPRESENTATION('',(#333),#337);
#333 = LINE('',#334,#335);
#334 = CARTESIAN_POINT('',(0.,0.));
#335 = VECTOR('',#336,1.);
#336 = DIRECTION('',(0.,1.));
#337 = ( GEOMETRIC_REPRESENTATION_CONTEXT(2)
PARAMETRIC_REPRESENTATION_CONTEXT() REPRESENTATION_CONTEXT('2D SPACE',''
  ) );
#338 = ORIENTED_EDGE('',*,*,#339,.T.);
#339 = EDGE_CURVE('',#312,#340,#342,.T.);
#340 = VERTEX_POINT('',#341);
#341 = CARTESIAN_POINT('',(-160.1590099777,82.21118623584,742.130105051)
  );
#342 = SURFACE_CURVE('',#343,(#347,#354),.PCURVE_S1.);
#343 = LINE('',#344,#345);
#344 = CARTESIAN_POINT('',(-170.776047683,70.835788694408,795.3416868837
    ));
#345 = VECTOR('',#346,1.);
#346 = DIRECTION('',(0.191505009115,0.205183938338,-0.959804867112));
#347 = PCURVE('',#162,#348);
#348 = DEFINITIONAL_REPRESENTATION('',(#349),#353);
#349 = LINE('',#350,#351);
#350 = CARTESIAN_POINT('',(10.56,0.));
#351 = VECTOR('',#352,1.);
#352 = DIRECTION('',(0.,-1.));
#353 = ( GEOMETRIC_REPRESENTATION_CONTEXT(2)
PARAMETRIC_REPRESENTATION_CONTEXT() REPRESENTATION_CONTEXT('2D SPACE',''
  ) );
#354 = PCURVE('',#355,#360);
#355 = CYLINDRICAL_SURFACE('',#356,10.56);
#356 = AXIS2_PLACEMENT_3D('',#357,#358,#359);
#357 = CARTESIAN_POINT('',(-178.4959913156,78.04106941821,795.3416868837
    ));
#358 = DIRECTION('',(0.191505009115,0.205183938338,-0.959804867112));
#359 = DIRECTION('',(0.731055268243,-0.68231825036,0.));
#360 = DEFINITIONAL_REPRESENTATION('',(#361),#365);
#361 = LINE('',#362,#363);
#362 = CARTESIAN_POINT('',(-0.,0.));
#363 = VECTOR('',#364,1.);
#364 = DIRECTION('',(-0.,1.));
#365 = ( GEOMETRIC_REPRESENTATION_CONTEXT(2)
PARAMETRIC_REPRESENTATION_CONTEXT() REPRESENTATION_CONTEXT('2D SPACE',''
  ) );
#366 = ORIENTED_EDGE('',*,*,#367,.T.);
#367 = EDGE_CURVE('',#340,#368,#370,.T.);
#368 = VERTEX_POINT('',#369);
#369 = CARTESIAN_POINT('',(-153.24334647,89.620825708284,745.09396083998
    ));
#370 = SURFACE_CURVE('',#371,(#375,#381),.PCURVE_S1.);
#371 = LINE('',#372,#373);
#372 = CARTESIAN_POINT('',(-160.1590099777,82.21118623584,742.130105051)
  );
#373 = VECTOR('',#374,1.);
#374 = DIRECTION('',(0.654892377615,0.701670404587,0.280668161835));
#375 = PCURVE('',#162,#376);
#376 = DEFINITIONAL_REPRESENTATION('',(#377),#380);
#377 = B_SPLINE_CURVE_WITH_KNOTS('',1,(#378,#379),.UNSPECIFIED.,.F.,.F.,
  (2,2),(0.,10.56),.PIECEWISE_BEZIER_KNOTS.);
#378 = CARTESIAN_POINT('',(10.56,-55.44));
#379 = CARTESIAN_POINT('',(0.,-55.44));
#380 = ( GEOMETRIC_REPRESENTATION_CONTEXT(2)
PARAMETRIC_REPRESENTATION_CONTEXT() REPRESENTATION_CONTEXT('2D SPACE',''
  ) );
#381 = PCURVE('',#382,#464);
#382 = B_SPLINE_SURFACE_WITH_KNOTS('',8,8,(
    (#383,#384,#385,#386,#387,#388,#389,#390,#391)
    ,(#392,#393,#394,#395,#396,#397,#398,#399,#400)
    ,(#401,#402,#403,#404,#405,#406,#407,#408,#409)
    ,(#410,#411,#412,#413,#414,#415,#416,#417,#418)
    ,(#419,#420,#421,#422,#423,#424,#425,#426,#427)
    ,(#428,#429,#430,#431,#432,#433,#434,#435,#436)
    ,(#437,#438,#439,#440,#441,#442,#443,#444,#445)
    ,(#446,#447,#448,#449,#450,#451,#452,#453,#454)
    ,(#455,#456,#457,#458,#459,#460,#461,#462,#463
  )),.UNSPECIFIED.,.F.,.F.,.F.,(9,9),(9,9),(-8.213752370263,
    8.213752370263),(-7.611810536451,6.614520186111),
  .PIECEWISE_BEZIER_KNOTS.);
#383 = CARTESIAN_POINT('',(-155.9030522927,92.471114109814,
    750.32484181459));
#384 = CARTESIAN_POINT('',(-153.6962072379,91.473374478607,
    748.16173693366));
#385 = CARTESIAN_POINT('',(-151.6635533707,90.44989889623,
    746.07274353698));
#386 = CARTESIAN_POINT('',(-150.9183148422,89.236247458845,
    744.53159260642));
#387 = CARTESIAN_POINT('',(-159.0513875934,86.711352276908,
    746.76879481085));
#388 = CARTESIAN_POINT('',(-156.2749763632,85.797608632532,
    744.36325744506));
#389 = CARTESIAN_POINT('',(-159.0171773706,84.069032671537,
    744.30629080434));
#390 = CARTESIAN_POINT('',(-159.8347650686,82.624481512849,
    743.4302283514));
#391 = CARTESIAN_POINT('',(-161.364338865,81.074884762445,
    742.85719218197));
#392 = CARTESIAN_POINT('',(-156.0080110426,93.859976319494,
    748.64248061087));
#393 = CARTESIAN_POINT('',(-153.6210432543,92.888840109416,
    746.40271729367));
#394 = CARTESIAN_POINT('',(-149.9101729376,92.113238453585,
    743.59952166169));
#395 = CARTESIAN_POINT('',(-150.182506128,90.749260954114,
    742.49138207709));
#396 = CARTESIAN_POINT('',(-148.3606929378,89.694809807186,
    740.49211604869));
#397 = CARTESIAN_POINT('',(-161.7552624759,86.392409835787,
    744.96844081334));
#398 = CARTESIAN_POINT('',(-155.7090512301,85.962092484063,
    741.17142018633));
#399 = CARTESIAN_POINT('',(-157.6747350088,84.347870085922,
    740.78393314492));
#400 = CARTESIAN_POINT('',(-159.0268698296,82.824486145451,
    740.13538510552));
#401 = CARTESIAN_POINT('',(-158.3195732731,94.922943565924,
    747.89920836996));
#402 = CARTESIAN_POINT('',(-155.5082901624,94.014498491551,
    745.47882956616));
#403 = CARTESIAN_POINT('',(-144.9256980039,94.25362074506,
    739.75092478912));
#404 = CARTESIAN_POINT('',(-147.7435790794,92.514184733747,
    739.72699578386));
#405 = CARTESIAN_POINT('',(-126.1953094622,94.372566018981,
    729.33152405531));
#406 = CARTESIAN_POINT('',(-184.621484392,84.419828478505,
    752.97293005991));
#407 = CARTESIAN_POINT('',(-152.3162304122,87.867375827178,
    738.00042066393));
#408 = CARTESIAN_POINT('',(-158.4584817644,85.636521650399,
    739.39043802591));
#409 = CARTESIAN_POINT('',(-159.007202376,84.231767458893,
    738.39997525494));
#410 = CARTESIAN_POINT('',(-168.3681726736,94.843021311775,
    750.44849188464));
#411 = CARTESIAN_POINT('',(-175.6266895754,92.447208195316,
    752.31367095078));
#412 = CARTESIAN_POINT('',(-219.7117561516,84.613105382747,
    769.85217186831));
#413 = CARTESIAN_POINT('',(-216.4565446679,83.76813777912,
    767.23965580285));
#414 = CARTESIAN_POINT('',(-142.4310523585,93.380057604271,
    734.51627534518));
#415 = CARTESIAN_POINT('',(-123.0066971401,94.924402411693,
    725.02341506873));
#416 = CARTESIAN_POINT('',(-164.8048258586,87.427113197131,
    741.58824685099));
#417 = CARTESIAN_POINT('',(-160.1069343215,86.79739204334,
    738.36493555973));
#418 = CARTESIAN_POINT('',(-160.7549387784,85.378010624934,
    737.41673726011));
#419 = CARTESIAN_POINT('',(-152.3304724703,98.616429603067,
    741.89651586753));
#420 = CARTESIAN_POINT('',(-135.9854393211,99.706850188487,
    733.7165029473));
#421 = CARTESIAN_POINT('',(-70.29229632896,108.08421235525,
    704.53366996224));
#422 = CARTESIAN_POINT('',(-89.26578033491,103.96239275941,
    711.38821371863));
#423 = CARTESIAN_POINT('',(-93.72353379555,101.97571618148,
    712.05710178558));
#424 = CARTESIAN_POINT('',(-253.3379058855,77.079473409032,
    778.76285438161));
#425 = CARTESIAN_POINT('',(-139.5887854776,92.556057928334,
    729.12999001202));
#426 = CARTESIAN_POINT('',(-161.3212965861,88.022383535984,
    737.15467952136));
#427 = CARTESIAN_POINT('',(-161.4669243151,86.677183574328,
    735.99267829843));
#428 = CARTESIAN_POINT('',(-169.9350218045,97.420319714728,
    747.66122715542));
#429 = CARTESIAN_POINT('',(-177.1936264475,95.024650958352,
    749.52625009534));
#430 = CARTESIAN_POINT('',(-221.2788078164,87.190736999274,
    767.06454677014));
#431 = CARTESIAN_POINT('',(-218.0229248743,86.344664682702,
    764.45322544672));
#432 = CARTESIAN_POINT('',(-143.9984109265,95.958194204474,
    731.7281041042));
#433 = CARTESIAN_POINT('',(-124.5732536271,97.501219349243,
    722.23667103844));
#434 = CARTESIAN_POINT('',(-166.3717467646,90.004529701283,
    738.80085439259));
#435 = CARTESIAN_POINT('',(-161.6737892124,89.374699940142,
    735.57766055992));
#436 = CARTESIAN_POINT('',(-162.3217870875,87.955307695354,
    734.62947396858));
#437 = CARTESIAN_POINT('',(-161.4532647362,100.07752924502,
    742.32469093504));
#438 = CARTESIAN_POINT('',(-158.6419730839,99.169070118123,
    739.90432732909));
#439 = CARTESIAN_POINT('',(-148.0593528513,99.408146177881,
    734.17647250585));
#440 = CARTESIAN_POINT('',(-150.8774484079,97.669063034421,734.152161892
    ));
#441 = CARTESIAN_POINT('',(-129.3288727662,99.526940807907,
    723.75723468913));
#442 = CARTESIAN_POINT('',(-187.7552392034,89.574518389522,
    747.39829990632));
#443 = CARTESIAN_POINT('',(-155.449939354,93.021990250278,
    732.42587214309));
#444 = CARTESIAN_POINT('',(-161.5921799642,90.791118402552,
    733.81590861707));
#445 = CARTESIAN_POINT('',(-162.140905477,89.386372271516,
    732.82543712916));
#446 = CARTESIAN_POINT('',(-160.708548965,101.59185599405,
    740.28070321452));
#447 = CARTESIAN_POINT('',(-158.3216021409,100.62075427996,
    738.04090258914));
#448 = CARTESIAN_POINT('',(-154.6107471386,99.845177828253,
    735.23767970036));
#449 = CARTESIAN_POINT('',(-154.8830791393,98.481198378833,
    734.12954221635));
#450 = CARTESIAN_POINT('',(-153.0612024154,97.426642701642,
    732.13038924774));
#451 = CARTESIAN_POINT('',(-166.4559025289,94.124457530047,
    736.60648170163));
#452 = CARTESIAN_POINT('',(-160.4095529244,93.693912589033,
    732.80970721062));
#453 = CARTESIAN_POINT('',(-162.37530618,92.079804473992,732.42209657438
    ));
#454 = CARTESIAN_POINT('',(-163.7274314638,90.556404845835,
    731.77356550074));
#455 = CARTESIAN_POINT('',(-162.1704372908,102.7802888177,
    739.17580333101));
#456 = CARTESIAN_POINT('',(-159.9636145298,101.78258587253,
    737.01265877308));
#457 = CARTESIAN_POINT('',(-157.9309766764,100.75913666083,
    734.9236368547));
#458 = CARTESIAN_POINT('',(-157.1857423575,99.545492128528,
    733.38247845356));
#459 = CARTESIAN_POINT('',(-165.3187752073,97.020531324372,
    735.61975163366));
#460 = CARTESIAN_POINT('',(-162.5424267871,96.106890990947,
    733.21410253322));
#461 = CARTESIAN_POINT('',(-165.2845645736,94.378211039661,
    733.1572483581));
#462 = CARTESIAN_POINT('',(-166.1021866157,92.933716373903,
    732.28112480905));
#463 = CARTESIAN_POINT('',(-167.6317526773,91.384106901097,
    731.70810239836));
#464 = DEFINITIONAL_REPRESENTATION('',(#465),#516);
#465 = B_SPLINE_CURVE_WITH_KNOTS('',9,(#466,#467,#468,#469,#470,#471,
    #472,#473,#474,#475,#476,#477,#478,#479,#480,#481,#482,#483,#484,
    #485,#486,#487,#488,#489,#490,#491,#492,#493,#494,#495,#496,#497,
    #498,#499,#500,#501,#502,#503,#504,#505,#506,#507,#508,#509,#510,
    #511,#512,#513,#514,#515),.UNSPECIFIED.,.F.,.F.,(10,8,8,8,8,8,10),(
    0.,2.64,5.28,7.92,9.24,9.9,10.56),.UNSPECIFIED.);
#466 = CARTESIAN_POINT('',(-7.46704760933,6.013200169192));
#467 = CARTESIAN_POINT('',(-7.46704760933,5.768784200219));
#468 = CARTESIAN_POINT('',(-7.46704760933,5.457580218918));
#469 = CARTESIAN_POINT('',(-7.467047609329,5.37730780053));
#470 = CARTESIAN_POINT('',(-7.467047609331,4.853487304726));
#471 = CARTESIAN_POINT('',(-7.467047609329,4.843997392052));
#472 = CARTESIAN_POINT('',(-7.46704760933,4.417735332909));
#473 = CARTESIAN_POINT('',(-7.46704760933,4.210056586578));
#474 = CARTESIAN_POINT('',(-7.46704760933,3.933603212413));
#475 = CARTESIAN_POINT('',(-7.46704760933,3.40859703031));
#476 = CARTESIAN_POINT('',(-7.467047609329,3.149682005971));
#477 = CARTESIAN_POINT('',(-7.46704760933,2.895569229974));
#478 = CARTESIAN_POINT('',(-7.467047609329,2.64708502383));
#479 = CARTESIAN_POINT('',(-7.46704760933,2.404667848926));
#480 = CARTESIAN_POINT('',(-7.467047609329,2.168368306529));
#481 = CARTESIAN_POINT('',(-7.46704760933,1.937849137785));
#482 = CARTESIAN_POINT('',(-7.46704760933,1.712385223718));
#483 = CARTESIAN_POINT('',(-7.46704760933,1.269341946742));
#484 = CARTESIAN_POINT('',(-7.467047609329,1.052179365089));
#485 = CARTESIAN_POINT('',(-7.46704760933,0.838561369402));
#486 = CARTESIAN_POINT('',(-7.467047609329,0.627673488814));
#487 = CARTESIAN_POINT('',(-7.467047609331,0.418701252457));
#488 = CARTESIAN_POINT('',(-7.467047609329,0.210830189463));
#489 = CARTESIAN_POINT('',(-7.46704760933,3.24582896336E-03));
#490 = CARTESIAN_POINT('',(-7.46704760933,-0.204866299909));
#491 = CARTESIAN_POINT('',(-7.46704760933,-0.519047852078));
#492 = CARTESIAN_POINT('',(-7.46704760933,-0.624136029195));
#493 = CARTESIAN_POINT('',(-7.467047609329,-0.729746740419));
#494 = CARTESIAN_POINT('',(-7.46704760933,-0.836041526798));
#495 = CARTESIAN_POINT('',(-7.467047609329,-0.94318192938));
#496 = CARTESIAN_POINT('',(-7.46704760933,-1.05132948921));
#497 = CARTESIAN_POINT('',(-7.46704760933,-1.160645747337));
#498 = CARTESIAN_POINT('',(-7.46704760933,-1.271292244808));
#499 = CARTESIAN_POINT('',(-7.46704760933,-1.4394996616));
#500 = CARTESIAN_POINT('',(-7.46704760933,-1.496577996016));
#501 = CARTESIAN_POINT('',(-7.467047609329,-1.554099572214));
#502 = CARTESIAN_POINT('',(-7.467047609331,-1.611714083536));
#503 = CARTESIAN_POINT('',(-7.467047609329,-1.669286870369));
#504 = CARTESIAN_POINT('',(-7.467047609331,-1.726898920149));
#505 = CARTESIAN_POINT('',(-7.467047609329,-1.784846867354));
#506 = CARTESIAN_POINT('',(-7.46704760933,-1.843642993509));
#507 = CARTESIAN_POINT('',(-7.46704760933,-1.964387460861));
#508 = CARTESIAN_POINT('',(-7.46704760933,-2.018607170279));
#509 = CARTESIAN_POINT('',(-7.467047609329,-2.143130067984));
#510 = CARTESIAN_POINT('',(-7.467047609331,-2.073548729834));
#511 = CARTESIAN_POINT('',(-7.467047609329,-2.408269365323));
#512 = CARTESIAN_POINT('',(-7.467047609331,-2.073630566799));
#513 = CARTESIAN_POINT('',(-7.467047609329,-2.271537029525));
#514 = CARTESIAN_POINT('',(-7.46704760933,-2.501156972624));
#515 = CARTESIAN_POINT('',(-7.46704760933,-2.568850207222));
#516 = ( GEOMETRIC_REPRESENTATION_CONTEXT(2)
PARAMETRIC_REPRESENTATION_CONTEXT() REPRESENTATION_CONTEXT('2D SPACE',''
  ) );
#517 = ORIENTED_EDGE('',*,*,#518,.T.);
#518 = EDGE_CURVE('',#368,#519,#521,.T.);
#519 = VERTEX_POINT('',#520);
#520 = CARTESIAN_POINT('',(-158.6102658997,83.870554890827,742.793852513
    ));
#521 = SURFACE_CURVE('',#522,(#526,#533),.PCURVE_S1.);
#522 = LINE('',#523,#524);
#523 = CARTESIAN_POINT('',(-153.24334647,89.620825708284,745.09396083998
    ));
#524 = VECTOR('',#525,1.);
#525 = DIRECTION('',(-0.654892377615,-0.701670404587,-0.280668161835));
#526 = PCURVE('',#162,#527);
#527 = DEFINITIONAL_REPRESENTATION('',(#528),#532);
#528 = LINE('',#529,#530);
#529 = CARTESIAN_POINT('',(-2.84217094304E-14,-55.44));
#530 = VECTOR('',#531,1.);
#531 = DIRECTION('',(1.,0.));
#532 = ( GEOMETRIC_REPRESENTATION_CONTEXT(2)
PARAMETRIC_REPRESENTATION_CONTEXT() REPRESENTATION_CONTEXT('2D SPACE',''
  ) );
#533 = PCURVE('',#534,#539);
#534 = CYLINDRICAL_SURFACE('',#535,10.56);
#535 = AXIS2_PLACEMENT_3D('',#536,#537,#538);
#536 = CARTESIAN_POINT('',(-160.9632901027,96.826106432085,
    745.09396083998));
#537 = DIRECTION('',(-0.654892377615,-0.701670404587,-0.280668161835));
#538 = DIRECTION('',(0.731055268243,-0.68231825036,0.));
#539 = DEFINITIONAL_REPRESENTATION('',(#540),#544);
#540 = LINE('',#541,#542);
#541 = CARTESIAN_POINT('',(-0.,0.));
#542 = VECTOR('',#543,1.);
#543 = DIRECTION('',(-0.,1.));
#544 = ( GEOMETRIC_REPRESENTATION_CONTEXT(2)
PARAMETRIC_REPRESENTATION_CONTEXT() REPRESENTATION_CONTEXT('2D SPACE',''
  ) );
#545 = ORIENTED_EDGE('',*,*,#546,.F.);
#546 = EDGE_CURVE('',#152,#519,#547,.T.);
#547 = SURFACE_CURVE('',#548,(#552,#559),.PCURVE_S1.);
#548 = LINE('',#549,#550);
#549 = CARTESIAN_POINT('',(-169.227303605,72.495157349395,
    796.00543434569));
#550 = VECTOR('',#551,1.);
#551 = DIRECTION('',(0.191505009115,0.205183938338,-0.959804867112));
#552 = PCURVE('',#162,#553);
#553 = DEFINITIONAL_REPRESENTATION('',(#554),#558);
#554 = LINE('',#555,#556);
#555 = CARTESIAN_POINT('',(8.195116652864,1.136868377216E-13));
#556 = VECTOR('',#557,1.);
#557 = DIRECTION('',(0.,-1.));
#558 = ( GEOMETRIC_REPRESENTATION_CONTEXT(2)
PARAMETRIC_REPRESENTATION_CONTEXT() REPRESENTATION_CONTEXT('2D SPACE',''
  ) );
#559 = PCURVE('',#560,#565);
#560 = CYLINDRICAL_SURFACE('',#561,10.56);
#561 = AXIS2_PLACEMENT_3D('',#562,#563,#564);
#562 = CARTESIAN_POINT('',(-176.9472472377,79.700438073197,
    796.00543434569));
#563 = DIRECTION('',(0.191505009115,0.205183938338,-0.959804867112));
#564 = DIRECTION('',(0.731055268243,-0.68231825036,0.));
#565 = DEFINITIONAL_REPRESENTATION('',(#566),#570);
#566 = LINE('',#567,#568);
#567 = CARTESIAN_POINT('',(0.,0.));
#568 = VECTOR('',#569,1.);
#569 = DIRECTION('',(0.,1.));
#570 = ( GEOMETRIC_REPRESENTATION_CONTEXT(2)
PARAMETRIC_REPRESENTATION_CONTEXT() REPRESENTATION_CONTEXT('2D SPACE',''
  ) );
#571 = ADVANCED_FACE('',(#572),#173,.T.);
#572 = FACE_BOUND('',#573,.T.);
#573 = EDGE_LOOP('',(#574,#655,#731,#785,#832));
#574 = ORIENTED_EDGE('',*,*,#575,.T.);
#575 = EDGE_CURVE('',#154,#576,#578,.T.);
#576 = VERTEX_POINT('',#577);
#577 = CARTESIAN_POINT('',(-183.8629107453,72.290798600753,
    793.04157855672));
#578 = SURFACE_CURVE('',#579,(#587,#643),.PCURVE_S1.);
#579 = ( BOUNDED_CURVE() B_SPLINE_CURVE(6,(#580,#581,#582,#583,#584,#585
,#586),.UNSPECIFIED.,.F.,.F.) B_SPLINE_CURVE_WITH_KNOTS((7,7),(0.,
1.570796326795),.PIECEWISE_BEZIER_KNOTS.) CURVE()
GEOMETRIC_REPRESENTATION_ITEM() RATIONAL_B_SPLINE_CURVE((1.031393471788,
    1.010025407661,0.997924642725,0.993958444137,0.997924642725,
1.010025407661,1.031393471788)) REPRESENTATION_ITEM('') );
#580 = CARTESIAN_POINT('',(-174.1206742164,67.252260265796,
    782.90603916001));
#581 = CARTESIAN_POINT('',(-174.6613074938,66.673010325641,
    785.61564165785));
#582 = CARTESIAN_POINT('',(-175.8440843094,66.721331941686,
    788.2546501874));
#583 = CARTESIAN_POINT('',(-177.5564430809,67.410533933016,
    790.52714900922));
#584 = CARTESIAN_POINT('',(-179.617126616,68.672692724696,
    792.18001361198));
#585 = CARTESIAN_POINT('',(-181.7990858484,70.364562030338,
    793.04157855672));
#586 = CARTESIAN_POINT('',(-183.8629107453,72.290798600753,
    793.04157855672));
#587 = PCURVE('',#173,#588);
#588 = DEFINITIONAL_REPRESENTATION('',(#589),#642);
#589 = B_SPLINE_CURVE_WITH_KNOTS('',11,(#590,#591,#592,#593,#594,#595,
    #596,#597,#598,#599,#600,#601,#602,#603,#604,#605,#606,#607,#608,
    #609,#610,#611,#612,#613,#614,#615,#616,#617,#618,#619,#620,#621,
    #622,#623,#624,#625,#626,#627,#628,#629,#630,#631,#632,#633,#634,
    #635,#636,#637,#638,#639,#640,#641),.UNSPECIFIED.,.F.,.F.,(12,10,10,
    10,10,12),(0.,0.392699081699,0.785398163397,1.178097245096,
    1.374446785946,1.570796326795),.UNSPECIFIED.);
#590 = CARTESIAN_POINT('',(7.482255660421,-2.595525104853));
#591 = CARTESIAN_POINT('',(7.234764978593,-2.452633222601));
#592 = CARTESIAN_POINT('',(7.477004890833,-2.589646015953));
#593 = CARTESIAN_POINT('',(5.734261371476,-1.635030796293));
#594 = CARTESIAN_POINT('',(7.659398806187,-2.728586067713));
#595 = CARTESIAN_POINT('',(4.763718291335,-1.17299470641));
#596 = CARTESIAN_POINT('',(5.930145255526,-1.963215246855));
#597 = CARTESIAN_POINT('',(4.820569738082,-1.413551563412));
#598 = CARTESIAN_POINT('',(4.677041804201,-1.43799192361));
#599 = CARTESIAN_POINT('',(4.316648776748,-1.335263508946));
#600 = CARTESIAN_POINT('',(3.999429464446,-1.260851153864));
#601 = CARTESIAN_POINT('',(3.380172177206,-1.129001620719));
#602 = CARTESIAN_POINT('',(3.078468381699,-1.070733162582));
#603 = CARTESIAN_POINT('',(2.777356273445,-1.019065041921));
#604 = CARTESIAN_POINT('',(2.471074973495,-0.973248803774));
#605 = CARTESIAN_POINT('',(2.155435884827,-0.932843509185));
#606 = CARTESIAN_POINT('',(1.827822692326,-0.897715735188));
#607 = CARTESIAN_POINT('',(1.487191362804,-0.868039574828));
#608 = CARTESIAN_POINT('',(1.134070144983,-0.84429663714));
#609 = CARTESIAN_POINT('',(0.770559569508,-0.827276047165));
#610 = CARTESIAN_POINT('',(0.400332448937,-0.818074445941));
#611 = CARTESIAN_POINT('',(-0.34306469344,-0.818117535074));
#612 = CARTESIAN_POINT('',(-0.714559997651,-0.827441823923));
#613 = CARTESIAN_POINT('',(-1.080024323872,-0.844643305298));
#614 = CARTESIAN_POINT('',(-1.435317033913,-0.868604789337));
#615 = CARTESIAN_POINT('',(-1.777984562406,-0.898517448074));
#616 = CARTESIAN_POINT('',(-2.107260416802,-0.93388081544));
#617 = CARTESIAN_POINT('',(-2.424065177378,-0.974502787264));
#618 = CARTESIAN_POINT('',(-2.731006497229,-1.020499621266));
#619 = CARTESIAN_POINT('',(-3.032379102274,-1.072295937068));
#620 = CARTESIAN_POINT('',(-3.334164791253,-1.130624716184));
#621 = CARTESIAN_POINT('',(-3.798966257964,-1.229478594948));
#622 = CARTESIAN_POINT('',(-3.954345234921,-1.264200672684));
#623 = CARTESIAN_POINT('',(-4.112073298317,-1.301217099757));
#624 = CARTESIAN_POINT('',(-4.273760173478,-1.341061335122));
#625 = CARTESIAN_POINT('',(-4.440721379252,-1.384276732143));
#626 = CARTESIAN_POINT('',(-4.613978228161,-1.431416538632));
#627 = CARTESIAN_POINT('',(-4.794257826191,-1.483043896797));
#628 = CARTESIAN_POINT('',(-4.981993073021,-1.539731843298));
#629 = CARTESIAN_POINT('',(-5.177322661822,-1.602063309198));
#630 = CARTESIAN_POINT('',(-5.380091079401,-1.670631119997));
#631 = CARTESIAN_POINT('',(-5.79960613283,-1.82144487123));
#632 = CARTESIAN_POINT('',(-5.997075444111,-1.893726747034));
#633 = CARTESIAN_POINT('',(-6.240561936502,-1.995917119599));
#634 = CARTESIAN_POINT('',(-6.459010332064,-2.09042522592));
#635 = CARTESIAN_POINT('',(-6.623732679985,-2.162155089152));
#636 = CARTESIAN_POINT('',(-6.773158713851,-2.23178352638));
#637 = CARTESIAN_POINT('',(-6.956863825795,-2.325296892837));
#638 = CARTESIAN_POINT('',(-7.165129921266,-2.435886337515));
#639 = CARTESIAN_POINT('',(-7.310294415214,-2.514301344527));
#640 = CARTESIAN_POINT('',(-7.326142633342,-2.523761335127));
#641 = CARTESIAN_POINT('',(-7.451598879779,-2.595525104853));
#642 = ( GEOMETRIC_REPRESENTATION_CONTEXT(2)
PARAMETRIC_REPRESENTATION_CONTEXT() REPRESENTATION_CONTEXT('2D SPACE',''
  ) );
#643 = PCURVE('',#327,#644);
#644 = DEFINITIONAL_REPRESENTATION('',(#645),#654);
#645 = B_SPLINE_CURVE_WITH_KNOTS('',7,(#646,#647,#648,#649,#650,#651,
    #652,#653),.UNSPECIFIED.,.F.,.F.,(8,8),(0.,1.570796326795),
  .PIECEWISE_BEZIER_KNOTS.);
#646 = CARTESIAN_POINT('',(-1.110223024625E-16,18.755116652864));
#647 = CARTESIAN_POINT('',(0.224398447986,18.755116652864));
#648 = CARTESIAN_POINT('',(0.448800639355,18.755116652864));
#649 = CARTESIAN_POINT('',(0.673196425682,18.755116652864));
#650 = CARTESIAN_POINT('',(0.897599901113,18.755116652864));
#651 = CARTESIAN_POINT('',(1.12199568744,18.755116652864));
#652 = CARTESIAN_POINT('',(1.346397878809,18.755116652864));
#653 = CARTESIAN_POINT('',(1.570796326795,18.755116652864));
#654 = ( GEOMETRIC_REPRESENTATION_CONTEXT(2)
PARAMETRIC_REPRESENTATION_CONTEXT() REPRESENTATION_CONTEXT('2D SPACE',''
  ) );
#655 = ORIENTED_EDGE('',*,*,#656,.T.);
#656 = EDGE_CURVE('',#576,#657,#659,.T.);
#657 = VERTEX_POINT('',#658);
#658 = CARTESIAN_POINT('',(-176.9472472377,79.700438073197,
    796.00543434569));
#659 = SURFACE_CURVE('',#660,(#664,#720),.PCURVE_S1.);
#660 = LINE('',#661,#662);
#661 = CARTESIAN_POINT('',(-183.8629107453,72.290798600753,
    793.04157855672));
#662 = VECTOR('',#663,1.);
#663 = DIRECTION('',(0.654892377615,0.701670404587,0.280668161835));
#664 = PCURVE('',#173,#665);
#665 = DEFINITIONAL_REPRESENTATION('',(#666),#719);
#666 = B_SPLINE_CURVE_WITH_KNOTS('',11,(#667,#668,#669,#670,#671,#672,
    #673,#674,#675,#676,#677,#678,#679,#680,#681,#682,#683,#684,#685,
    #686,#687,#688,#689,#690,#691,#692,#693,#694,#695,#696,#697,#698,
    #699,#700,#701,#702,#703,#704,#705,#706,#707,#708,#709,#710,#711,
    #712,#713,#714,#715,#716,#717,#718),.UNSPECIFIED.,.F.,.F.,(12,10,10,
    10,10,12),(0.,0.66,1.32,2.64,5.28,10.56),.UNSPECIFIED.);
#667 = CARTESIAN_POINT('',(-7.451598879779,-2.595525104853));
#668 = CARTESIAN_POINT('',(-7.451821323485,-2.539727435645));
#669 = CARTESIAN_POINT('',(-7.452522287752,-2.363897905291));
#670 = CARTESIAN_POINT('',(-7.453190328516,-2.196326889926));
#671 = CARTESIAN_POINT('',(-7.452991941334,-2.246090233018));
#672 = CARTESIAN_POINT('',(-7.452848509009,-2.282068726144));
#673 = CARTESIAN_POINT('',(-7.453180395718,-2.198818428421));
#674 = CARTESIAN_POINT('',(-7.453487016258,-2.121905883277));
#675 = CARTESIAN_POINT('',(-7.453577959413,-2.099093747578));
#676 = CARTESIAN_POINT('',(-7.453906910345,-2.016579858024));
#677 = CARTESIAN_POINT('',(-7.454087199072,-1.971356322921));
#678 = CARTESIAN_POINT('',(-7.454483400449,-1.871973365351));
#679 = CARTESIAN_POINT('',(-7.454679523333,-1.822777997967));
#680 = CARTESIAN_POINT('',(-7.454873805092,-1.774044457595));
#681 = CARTESIAN_POINT('',(-7.455066382405,-1.725738459844));
#682 = CARTESIAN_POINT('',(-7.455257391946,-1.677825720325));
#683 = CARTESIAN_POINT('',(-7.455446970403,-1.630271954646));
#684 = CARTESIAN_POINT('',(-7.455635254442,-1.583042878419));
#685 = CARTESIAN_POINT('',(-7.455822380755,-1.536104207253));
#686 = CARTESIAN_POINT('',(-7.45600848601,-1.489421656758));
#687 = CARTESIAN_POINT('',(-7.456193706891,-1.442960942544));
#688 = CARTESIAN_POINT('',(-7.456747126443,-1.304141455575));
#689 = CARTESIAN_POINT('',(-7.457112118084,-1.212587132744));
#690 = CARTESIAN_POINT('',(-7.457473484772,-1.121942090733));
#691 = CARTESIAN_POINT('',(-7.457831556294,-1.032123608546));
#692 = CARTESIAN_POINT('',(-7.458186662404,-0.943048965186));
#693 = CARTESIAN_POINT('',(-7.458539132911,-0.854635439659));
#694 = CARTESIAN_POINT('',(-7.458889297557,-0.766800310968));
#695 = CARTESIAN_POINT('',(-7.459237486148,-0.679460858118));
#696 = CARTESIAN_POINT('',(-7.459584028441,-0.592534360112));
#697 = CARTESIAN_POINT('',(-7.459929254222,-0.505938095955));
#698 = CARTESIAN_POINT('',(-7.460961971349,-0.246891842045));
#699 = CARTESIAN_POINT('',(-7.46164676134,-7.511945919351E-02));
#700 = CARTESIAN_POINT('',(-7.462329523804,9.614434017431E-02));
#701 = CARTESIAN_POINT('',(-7.463011919315,0.267316092332));
#702 = CARTESIAN_POINT('',(-7.463695608431,0.438812333552));
#703 = CARTESIAN_POINT('',(-7.464382251738,0.611049600108));
#704 = CARTESIAN_POINT('',(-7.465073509786,0.784444428273));
#705 = CARTESIAN_POINT('',(-7.465771043159,0.95941335432));
#706 = CARTESIAN_POINT('',(-7.466476512416,1.136372914521));
#707 = CARTESIAN_POINT('',(-7.467191578132,1.31573964515));
#708 = CARTESIAN_POINT('',(-7.469370546353,1.862310957139));
#709 = CARTESIAN_POINT('',(-7.470931150505,2.253772131304));
#710 = CARTESIAN_POINT('',(-7.472041958503,2.532406661436));
#711 = CARTESIAN_POINT('',(-7.475116123277,3.303528632496));
#712 = CARTESIAN_POINT('',(-7.47375573904,2.962290525252));
#713 = CARTESIAN_POINT('',(-7.479863594796,4.494382042028));
#714 = CARTESIAN_POINT('',(-7.477266265382,3.842869217923));
#715 = CARTESIAN_POINT('',(-7.482170239247,5.072979597166));
#716 = CARTESIAN_POINT('',(-7.482391165333,5.128396588396));
#717 = CARTESIAN_POINT('',(-7.484445264017,5.643645686948));
#718 = CARTESIAN_POINT('',(-7.486051754291,6.046616913639));
#719 = ( GEOMETRIC_REPRESENTATION_CONTEXT(2)
PARAMETRIC_REPRESENTATION_CONTEXT() REPRESENTATION_CONTEXT('2D SPACE',''
  ) );
#720 = PCURVE('',#721,#726);
#721 = PLANE('',#722);
#722 = AXIS2_PLACEMENT_3D('',#723,#724,#725);
#723 = CARTESIAN_POINT('',(-163.8603841754,78.245428166852,
    798.30554267268));
#724 = DIRECTION('',(0.191505009115,0.205183938338,-0.959804867112));
#725 = DIRECTION('',(-0.654892377615,-0.701670404587,-0.280668161835));
#726 = DEFINITIONAL_REPRESENTATION('',(#727),#730);
#727 = B_SPLINE_CURVE_WITH_KNOTS('',1,(#728,#729),.UNSPECIFIED.,.F.,.F.,
  (2,2),(0.,10.56),.PIECEWISE_BEZIER_KNOTS.);
#728 = CARTESIAN_POINT('',(18.755116652864,10.56));
#729 = CARTESIAN_POINT('',(8.195116652864,10.56));
#730 = ( GEOMETRIC_REPRESENTATION_CONTEXT(2)
PARAMETRIC_REPRESENTATION_CONTEXT() REPRESENTATION_CONTEXT('2D SPACE',''
  ) );
#731 = ORIENTED_EDGE('',*,*,#732,.T.);
#732 = EDGE_CURVE('',#657,#733,#735,.T.);
#733 = VERTEX_POINT('',#734);
#734 = CARTESIAN_POINT('',(-181.840617849,74.457540989597,
    782.90603916001));
#735 = SURFACE_CURVE('',#736,(#744,#768),.PCURVE_S1.);
#736 = ( BOUNDED_CURVE() B_SPLINE_CURVE(6,(#737,#738,#739,#740,#741,#742
,#743),.UNSPECIFIED.,.F.,.F.) B_SPLINE_CURVE_WITH_KNOTS((7,7),(0.,
1.570796326795),.PIECEWISE_BEZIER_KNOTS.) CURVE()
GEOMETRIC_REPRESENTATION_ITEM() RATIONAL_B_SPLINE_CURVE((1.031393471788,
    1.010025407661,0.997924642725,0.993958444137,0.997924642725,
1.010025407661,1.031393471788)) REPRESENTATION_ITEM('') );
#737 = CARTESIAN_POINT('',(-176.9472472377,79.700438073197,
    796.00543434569));
#738 = CARTESIAN_POINT('',(-178.7960584731,77.719568892311,
    795.21308667334));
#739 = CARTESIAN_POINT('',(-180.4247984613,75.974490333599,
    793.57981729321));
#740 = CARTESIAN_POINT('',(-181.6455781696,74.666512074662,
    791.26242379615));
#741 = CARTESIAN_POINT('',(-182.319937661,73.943984048212,
    788.50659082411));
#742 = CARTESIAN_POINT('',(-182.3812511265,73.878291049443,
    785.61564165785));
#743 = CARTESIAN_POINT('',(-181.840617849,74.457540989597,
    782.90603916001));
#744 = PCURVE('',#173,#745);
#745 = DEFINITIONAL_REPRESENTATION('',(#746),#767);
#746 = B_SPLINE_CURVE_WITH_KNOTS('',10,(#747,#748,#749,#750,#751,#752,
    #753,#754,#755,#756,#757,#758,#759,#760,#761,#762,#763,#764,#765,
    #766),.UNSPECIFIED.,.F.,.F.,(11,9,11),(0.,0.785398163397,
    1.570796326795),.UNSPECIFIED.);
#747 = CARTESIAN_POINT('',(-7.486051754291,6.046616913639));
#748 = CARTESIAN_POINT('',(-7.483275951074,5.350335806176));
#749 = CARTESIAN_POINT('',(-7.445473985003,4.663728405609));
#750 = CARTESIAN_POINT('',(-7.322458623744,3.917629900271));
#751 = CARTESIAN_POINT('',(-7.148702378758,3.178463585101));
#752 = CARTESIAN_POINT('',(-6.968472721349,2.513809705137));
#753 = CARTESIAN_POINT('',(-6.791924563074,1.919130034262));
#754 = CARTESIAN_POINT('',(-6.582150000791,1.305648189245));
#755 = CARTESIAN_POINT('',(-6.273185326029,0.549385679026));
#756 = CARTESIAN_POINT('',(-5.818975298977,-0.398646310708));
#757 = CARTESIAN_POINT('',(-4.727614074761,-2.283552484658));
#758 = CARTESIAN_POINT('',(-4.197994617405,-3.156631516528));
#759 = CARTESIAN_POINT('',(-3.187181702089,-3.974104901801));
#760 = CARTESIAN_POINT('',(-4.486077935164,-3.478846075346));
#761 = CARTESIAN_POINT('',(-0.953556277323,-5.799917928022));
#762 = CARTESIAN_POINT('',(-4.305313493399,-3.945464493505));
#763 = CARTESIAN_POINT('',(-0.639566607185,-6.389386294476));
#764 = CARTESIAN_POINT('',(-1.669934159982,-5.842769175826));
#765 = CARTESIAN_POINT('',(-0.629928293104,-6.534103086988));
#766 = CARTESIAN_POINT('',(-1.936516458999E-02,-6.886619448503));
#767 = ( GEOMETRIC_REPRESENTATION_CONTEXT(2)
PARAMETRIC_REPRESENTATION_CONTEXT() REPRESENTATION_CONTEXT('2D SPACE',''
  ) );
#768 = PCURVE('',#769,#774);
#769 = CYLINDRICAL_SURFACE('',#770,10.56);
#770 = AXIS2_PLACEMENT_3D('',#771,#772,#773);
#771 = CARTESIAN_POINT('',(-167.2050107088,74.661899738239,
    785.86989494899));
#772 = DIRECTION('',(-0.731055268243,0.68231825036,0.));
#773 = DIRECTION('',(-0.191505009115,-0.205183938338,0.959804867112));
#774 = DEFINITIONAL_REPRESENTATION('',(#775),#784);
#775 = B_SPLINE_CURVE_WITH_KNOTS('',7,(#776,#777,#778,#779,#780,#781,
    #782,#783),.UNSPECIFIED.,.F.,.F.,(8,8),(0.,1.570796326795),
  .PIECEWISE_BEZIER_KNOTS.);
#776 = CARTESIAN_POINT('',(0.,10.56));
#777 = CARTESIAN_POINT('',(-0.224398447986,10.56));
#778 = CARTESIAN_POINT('',(-0.448800639355,10.56));
#779 = CARTESIAN_POINT('',(-0.673196425682,10.56));
#780 = CARTESIAN_POINT('',(-0.897599901113,10.56));
#781 = CARTESIAN_POINT('',(-1.12199568744,10.56));
#782 = CARTESIAN_POINT('',(-1.346397878809,10.56));
#783 = CARTESIAN_POINT('',(-1.570796326795,10.56));
#784 = ( GEOMETRIC_REPRESENTATION_CONTEXT(2)
PARAMETRIC_REPRESENTATION_CONTEXT() REPRESENTATION_CONTEXT('2D SPACE',''
  ) );
#785 = ORIENTED_EDGE('',*,*,#786,.T.);
#786 = EDGE_CURVE('',#733,#152,#787,.T.);
#787 = SURFACE_CURVE('',#788,(#796,#820),.PCURVE_S1.);
#788 = ( BOUNDED_CURVE() B_SPLINE_CURVE(6,(#789,#790,#791,#792,#793,#794
,#795),.UNSPECIFIED.,.F.,.F.) B_SPLINE_CURVE_WITH_KNOTS((7,7),(0.,
1.570796326795),.PIECEWISE_BEZIER_KNOTS.) CURVE()
GEOMETRIC_REPRESENTATION_ITEM() RATIONAL_B_SPLINE_CURVE((1.031393471788,
    1.010025407661,0.997924642725,0.993958444137,0.997924642725,
1.010025407661,1.031393471788)) REPRESENTATION_ITEM('') );
#789 = CARTESIAN_POINT('',(-181.840617849,74.457540989597,
    782.90603916001));
#790 = CARTESIAN_POINT('',(-179.7767929521,72.531304419182,
    782.90603916001));
#791 = CARTESIAN_POINT('',(-177.1788759285,71.285104175571,
    783.15797979673));
#792 = CARTESIAN_POINT('',(-174.3202004213,70.87793678259,
    783.64131394694));
#793 = CARTESIAN_POINT('',(-171.5106944222,71.364249677948,
    784.30584284125));
#794 = CARTESIAN_POINT('',(-169.0538219442,72.681030557353,
    785.07754727664));
#795 = CARTESIAN_POINT('',(-167.2050107088,74.661899738239,
    785.86989494899));
#796 = PCURVE('',#173,#797);
#797 = DEFINITIONAL_REPRESENTATION('',(#798),#819);
#798 = B_SPLINE_CURVE_WITH_KNOTS('',10,(#799,#800,#801,#802,#803,#804,
    #805,#806,#807,#808,#809,#810,#811,#812,#813,#814,#815,#816,#817,
    #818),.UNSPECIFIED.,.F.,.F.,(11,9,11),(0.,0.785398163397,
    1.570796326795),.UNSPECIFIED.);
#799 = CARTESIAN_POINT('',(-1.936516459008E-02,-6.886619448503));
#800 = CARTESIAN_POINT('',(0.596455926801,-6.534356055883));
#801 = CARTESIAN_POINT('',(1.639024944503,-5.846899038489));
#802 = CARTESIAN_POINT('',(0.622098575042,-6.380848046642));
#803 = CARTESIAN_POINT('',(4.274272578161,-3.958798993936));
#804 = CARTESIAN_POINT('',(0.939782311879,-5.796908133441));
#805 = CARTESIAN_POINT('',(4.473255760609,-3.475417517225));
#806 = CARTESIAN_POINT('',(3.172912111469,-3.976542155417));
#807 = CARTESIAN_POINT('',(4.196012192949,-3.146726054178));
#808 = CARTESIAN_POINT('',(4.730524893591,-2.264154216943));
#809 = CARTESIAN_POINT('',(5.819454661444,-0.378113403057));
#810 = CARTESIAN_POINT('',(6.266407964475,0.561193429092));
#811 = CARTESIAN_POINT('',(6.570025226454,1.310630494695));
#812 = CARTESIAN_POINT('',(6.777233168743,1.921227242969));
#813 = CARTESIAN_POINT('',(6.952054024017,2.515179233987));
#814 = CARTESIAN_POINT('',(7.129486062714,3.179215930038));
#815 = CARTESIAN_POINT('',(7.298920316195,3.917355808556));
#816 = CARTESIAN_POINT('',(7.417093496569,4.66304879652));
#817 = CARTESIAN_POINT('',(7.450577113202,5.350706026406));
#818 = CARTESIAN_POINT('',(7.447802785909,6.046616913639));
#819 = ( GEOMETRIC_REPRESENTATION_CONTEXT(2)
PARAMETRIC_REPRESENTATION_CONTEXT() REPRESENTATION_CONTEXT('2D SPACE',''
  ) );
#820 = PCURVE('',#560,#821);
#821 = DEFINITIONAL_REPRESENTATION('',(#822),#831);
#822 = B_SPLINE_CURVE_WITH_KNOTS('',7,(#823,#824,#825,#826,#827,#828,
    #829,#830),.UNSPECIFIED.,.F.,.F.,(8,8),(0.,1.570796326795),
  .PIECEWISE_BEZIER_KNOTS.);
#823 = CARTESIAN_POINT('',(1.570796326795,10.56));
#824 = CARTESIAN_POINT('',(1.346397878809,10.56));
#825 = CARTESIAN_POINT('',(1.12199568744,10.56));
#826 = CARTESIAN_POINT('',(0.897599901113,10.56));
#827 = CARTESIAN_POINT('',(0.673196425682,10.56));
#828 = CARTESIAN_POINT('',(0.448800639355,10.56));
#829 = CARTESIAN_POINT('',(0.224398447986,10.56));
#830 = CARTESIAN_POINT('',(0.,10.56));
#831 = ( GEOMETRIC_REPRESENTATION_CONTEXT(2)
PARAMETRIC_REPRESENTATION_CONTEXT() REPRESENTATION_CONTEXT('2D SPACE',''
  ) );
#832 = ORIENTED_EDGE('',*,*,#151,.T.);
#833 = ADVANCED_FACE('',(#834),#560,.T.);
#834 = FACE_BOUND('',#835,.T.);
#835 = EDGE_LOOP('',(#836,#837,#865,#892));
#836 = ORIENTED_EDGE('',*,*,#786,.F.);
#837 = ORIENTED_EDGE('',*,*,#838,.T.);
#838 = EDGE_CURVE('',#733,#839,#841,.T.);
#839 = VERTEX_POINT('',#840);
#840 = CARTESIAN_POINT('',(-173.2458730399,83.666196142185,
    739.82999672402));
#841 = SURFACE_CURVE('',#842,(#846,#853),.PCURVE_S1.);
#842 = LINE('',#843,#844);
#843 = CARTESIAN_POINT('',(-183.8629107453,72.290798600753,
    793.04157855672));
#844 = VECTOR('',#845,1.);
#845 = DIRECTION('',(0.191505009115,0.205183938338,-0.959804867112));
#846 = PCURVE('',#560,#847);
#847 = DEFINITIONAL_REPRESENTATION('',(#848),#852);
#848 = LINE('',#849,#850);
#849 = CARTESIAN_POINT('',(1.570796326795,0.));
#850 = VECTOR('',#851,1.);
#851 = DIRECTION('',(0.,1.));
#852 = ( GEOMETRIC_REPRESENTATION_CONTEXT(2)
PARAMETRIC_REPRESENTATION_CONTEXT() REPRESENTATION_CONTEXT('2D SPACE',''
  ) );
#853 = PCURVE('',#854,#859);
#854 = PLANE('',#855);
#855 = AXIS2_PLACEMENT_3D('',#856,#857,#858);
#856 = CARTESIAN_POINT('',(-176.1429671126,65.085517876951,
    793.04157855672));
#857 = DIRECTION('',(-0.654892377615,-0.701670404587,-0.280668161835));
#858 = DIRECTION('',(-0.731055268243,0.68231825036,0.));
#859 = DEFINITIONAL_REPRESENTATION('',(#860),#864);
#860 = LINE('',#861,#862);
#861 = CARTESIAN_POINT('',(10.56,0.));
#862 = VECTOR('',#863,1.);
#863 = DIRECTION('',(2.775557561563E-17,1.));
#864 = ( GEOMETRIC_REPRESENTATION_CONTEXT(2)
PARAMETRIC_REPRESENTATION_CONTEXT() REPRESENTATION_CONTEXT('2D SPACE',''
  ) );
#865 = ORIENTED_EDGE('',*,*,#866,.F.);
#866 = EDGE_CURVE('',#519,#839,#867,.T.);
#867 = SURFACE_CURVE('',#868,(#873,#880),.PCURVE_S1.);
#868 = CIRCLE('',#869,10.56);
#869 = AXIS2_PLACEMENT_3D('',#870,#871,#872);
#870 = CARTESIAN_POINT('',(-166.3302095323,91.075835614629,742.793852513
    ));
#871 = DIRECTION('',(0.191505009115,0.205183938338,-0.959804867112));
#872 = DIRECTION('',(0.731055268243,-0.68231825036,6.383782391595E-16));
#873 = PCURVE('',#560,#874);
#874 = DEFINITIONAL_REPRESENTATION('',(#875),#879);
#875 = LINE('',#876,#877);
#876 = CARTESIAN_POINT('',(0.,55.44));
#877 = VECTOR('',#878,1.);
#878 = DIRECTION('',(1.,0.));
#879 = ( GEOMETRIC_REPRESENTATION_CONTEXT(2)
PARAMETRIC_REPRESENTATION_CONTEXT() REPRESENTATION_CONTEXT('2D SPACE',''
  ) );
#880 = PCURVE('',#881,#886);
#881 = SPHERICAL_SURFACE('',#882,10.56);
#882 = AXIS2_PLACEMENT_3D('',#883,#884,#885);
#883 = CARTESIAN_POINT('',(-166.3302095323,91.075835614629,742.793852513
    ));
#884 = DIRECTION('',(-0.191505009115,-0.205183938338,0.959804867112));
#885 = DIRECTION('',(0.731055268243,-0.68231825036,6.383782391595E-16));
#886 = DEFINITIONAL_REPRESENTATION('',(#887),#891);
#887 = LINE('',#888,#889);
#888 = CARTESIAN_POINT('',(-0.,0.));
#889 = VECTOR('',#890,1.);
#890 = DIRECTION('',(-1.,0.));
#891 = ( GEOMETRIC_REPRESENTATION_CONTEXT(2)
PARAMETRIC_REPRESENTATION_CONTEXT() REPRESENTATION_CONTEXT('2D SPACE',''
  ) );
#892 = ORIENTED_EDGE('',*,*,#546,.F.);
#893 = ADVANCED_FACE('',(#894),#327,.T.);
#894 = FACE_BOUND('',#895,.T.);
#895 = EDGE_LOOP('',(#896,#897,#926,#947));
#896 = ORIENTED_EDGE('',*,*,#311,.F.);
#897 = ORIENTED_EDGE('',*,*,#898,.T.);
#898 = EDGE_CURVE('',#312,#899,#901,.T.);
#899 = VERTEX_POINT('',#900);
#900 = CARTESIAN_POINT('',(-178.4959913156,78.04106941821,795.3416868837
    ));
#901 = SURFACE_CURVE('',#902,(#907,#914),.PCURVE_S1.);
#902 = CIRCLE('',#903,10.56);
#903 = AXIS2_PLACEMENT_3D('',#904,#905,#906);
#904 = CARTESIAN_POINT('',(-176.4736984194,80.207811807054,
    785.20614748699));
#905 = DIRECTION('',(-0.654892377615,-0.701670404587,-0.280668161835));
#906 = DIRECTION('',(0.731055268243,-0.68231825036,-1.121325254871E-14)
  );
#907 = PCURVE('',#327,#908);
#908 = DEFINITIONAL_REPRESENTATION('',(#909),#913);
#909 = LINE('',#910,#911);
#910 = CARTESIAN_POINT('',(0.,10.56));
#911 = VECTOR('',#912,1.);
#912 = DIRECTION('',(1.,0.));
#913 = ( GEOMETRIC_REPRESENTATION_CONTEXT(2)
PARAMETRIC_REPRESENTATION_CONTEXT() REPRESENTATION_CONTEXT('2D SPACE',''
  ) );
#914 = PCURVE('',#915,#920);
#915 = SPHERICAL_SURFACE('',#916,10.56);
#916 = AXIS2_PLACEMENT_3D('',#917,#918,#919);
#917 = CARTESIAN_POINT('',(-176.4736984194,80.207811807054,
    785.20614748699));
#918 = DIRECTION('',(-0.654892377615,-0.701670404587,-0.280668161835));
#919 = DIRECTION('',(0.731055268243,-0.68231825036,-1.121325254871E-14)
  );
#920 = DEFINITIONAL_REPRESENTATION('',(#921),#925);
#921 = LINE('',#922,#923);
#922 = CARTESIAN_POINT('',(0.,0.));
#923 = VECTOR('',#924,1.);
#924 = DIRECTION('',(1.,0.));
#925 = ( GEOMETRIC_REPRESENTATION_CONTEXT(2)
PARAMETRIC_REPRESENTATION_CONTEXT() REPRESENTATION_CONTEXT('2D SPACE',''
  ) );
#926 = ORIENTED_EDGE('',*,*,#927,.T.);
#927 = EDGE_CURVE('',#899,#576,#928,.T.);
#928 = SURFACE_CURVE('',#929,(#933,#940),.PCURVE_S1.);
#929 = LINE('',#930,#931);
#930 = CARTESIAN_POINT('',(-171.580327808,85.450708890654,
    798.30554267268));
#931 = VECTOR('',#932,1.);
#932 = DIRECTION('',(-0.654892377615,-0.701670404587,-0.280668161835));
#933 = PCURVE('',#327,#934);
#934 = DEFINITIONAL_REPRESENTATION('',(#935),#939);
#935 = LINE('',#936,#937);
#936 = CARTESIAN_POINT('',(1.570796326795,0.));
#937 = VECTOR('',#938,1.);
#938 = DIRECTION('',(0.,1.));
#939 = ( GEOMETRIC_REPRESENTATION_CONTEXT(2)
PARAMETRIC_REPRESENTATION_CONTEXT() REPRESENTATION_CONTEXT('2D SPACE',''
  ) );
#940 = PCURVE('',#721,#941);
#941 = DEFINITIONAL_REPRESENTATION('',(#942),#946);
#942 = LINE('',#943,#944);
#943 = CARTESIAN_POINT('',(0.,10.56));
#944 = VECTOR('',#945,1.);
#945 = DIRECTION('',(1.,0.));
#946 = ( GEOMETRIC_REPRESENTATION_CONTEXT(2)
PARAMETRIC_REPRESENTATION_CONTEXT() REPRESENTATION_CONTEXT('2D SPACE',''
  ) );
#947 = ORIENTED_EDGE('',*,*,#575,.F.);
#948 = ADVANCED_FACE('',(#949),#534,.T.);
#949 = FACE_BOUND('',#950,.F.);
#950 = EDGE_LOOP('',(#951,#1022,#1050,#1070));
#951 = ORIENTED_EDGE('',*,*,#952,.T.);
#952 = EDGE_CURVE('',#368,#953,#955,.T.);
#953 = VERTEX_POINT('',#954);
#954 = CARTESIAN_POINT('',(-158.9409972064,98.992848820929,
    734.95842144327));
#955 = SURFACE_CURVE('',#956,(#964,#976),.PCURVE_S1.);
#956 = ( BOUNDED_CURVE() B_SPLINE_CURVE(6,(#957,#958,#959,#960,#961,#962
,#963),.UNSPECIFIED.,.F.,.F.) B_SPLINE_CURVE_WITH_KNOTS((7,7),(0.,
1.570796326795),.PIECEWISE_BEZIER_KNOTS.) CURVE()
GEOMETRIC_REPRESENTATION_ITEM() RATIONAL_B_SPLINE_CURVE((1.031393471788,
    1.010025407661,0.997924642725,0.993958444137,0.997924642725,
1.010025407661,1.031393471788)) REPRESENTATION_ITEM('') );
#957 = CARTESIAN_POINT('',(-153.24334647,89.620825708284,745.09396083998
    ));
#958 = CARTESIAN_POINT('',(-152.7027131926,90.200075648438,
    742.38435834214));
#959 = CARTESIAN_POINT('',(-152.8323939678,91.376714450514,
    739.74534981259));
#960 = CARTESIAN_POINT('',(-153.6379123544,93.037531140013,
    737.47285099077));
#961 = CARTESIAN_POINT('',(-155.0390204661,95.006377885364,
    735.81998638801));
#962 = CARTESIAN_POINT('',(-156.8771723096,97.066612250515,
    734.95842144327));
#963 = CARTESIAN_POINT('',(-158.9409972064,98.992848820929,
    734.95842144327));
#964 = PCURVE('',#534,#965);
#965 = DEFINITIONAL_REPRESENTATION('',(#966),#975);
#966 = B_SPLINE_CURVE_WITH_KNOTS('',7,(#967,#968,#969,#970,#971,#972,
    #973,#974),.UNSPECIFIED.,.F.,.F.,(8,8),(0.,1.570796326795),
  .PIECEWISE_BEZIER_KNOTS.);
#967 = CARTESIAN_POINT('',(0.,2.84217094304E-14));
#968 = CARTESIAN_POINT('',(-0.224398447986,2.436148381332E-14));
#969 = CARTESIAN_POINT('',(-0.448800639355,2.03011904641E-14));
#970 = CARTESIAN_POINT('',(-0.673196425682,1.624101300659E-14));
#971 = CARTESIAN_POINT('',(-0.897599901113,1.218069642381E-14));
#972 = CARTESIAN_POINT('',(-1.12199568744,8.1205189663E-15));
#973 = CARTESIAN_POINT('',(-1.346397878809,4.060225617089E-15));
#974 = CARTESIAN_POINT('',(-1.570796326795,1.577721810442E-30));
#975 = ( GEOMETRIC_REPRESENTATION_CONTEXT(2)
PARAMETRIC_REPRESENTATION_CONTEXT() REPRESENTATION_CONTEXT('2D SPACE',''
  ) );
#976 = PCURVE('',#382,#977);
#977 = DEFINITIONAL_REPRESENTATION('',(#978),#1021);
#978 = B_SPLINE_CURVE_WITH_KNOTS('',11,(#979,#980,#981,#982,#983,#984,
    #985,#986,#987,#988,#989,#990,#991,#992,#993,#994,#995,#996,#997,
    #998,#999,#1000,#1001,#1002,#1003,#1004,#1005,#1006,#1007,#1008,
    #1009,#1010,#1011,#1012,#1013,#1014,#1015,#1016,#1017,#1018,#1019,
    #1020),.UNSPECIFIED.,.F.,.F.,(12,10,10,10,12),(0.,0.392699081699,
    0.785398163397,1.178097245096,1.570796326795),.UNSPECIFIED.);
#979 = CARTESIAN_POINT('',(-7.46704760933,-2.568850207222));
#980 = CARTESIAN_POINT('',(-7.21830509933,-2.423910314756));
#981 = CARTESIAN_POINT('',(-7.45095419758,-2.558443343674));
#982 = CARTESIAN_POINT('',(-5.72711658548,-1.594554198789));
#983 = CARTESIAN_POINT('',(-7.633044327121,-2.722054184963));
#984 = CARTESIAN_POINT('',(-4.731150602086,-1.087259961208));
#985 = CARTESIAN_POINT('',(-5.984372314689,-1.996167213294));
#986 = CARTESIAN_POINT('',(-4.769927400644,-1.33226537491));
#987 = CARTESIAN_POINT('',(-4.701818748398,-1.422189848329));
#988 = CARTESIAN_POINT('',(-4.306987992647,-1.2919292914));
#989 = CARTESIAN_POINT('',(-3.996349296599,-1.220946542286));
#990 = CARTESIAN_POINT('',(-3.371197259089,-1.085357703381));
#991 = CARTESIAN_POINT('',(-3.067000556522,-1.025503719434));
#992 = CARTESIAN_POINT('',(-2.76362314502,-0.972484873789));
#993 = CARTESIAN_POINT('',(-2.455144710622,-0.925513606227));
#994 = CARTESIAN_POINT('',(-2.137284650533,-0.884120093523));
#995 = CARTESIAN_POINT('',(-1.807402073109,-0.848152249434));
#996 = CARTESIAN_POINT('',(-1.46449579788,-0.817775724713));
#997 = CARTESIAN_POINT('',(-1.109204355526,-0.793473907093));
#998 = CARTESIAN_POINT('',(-0.743805987898,-0.776047921304));
#999 = CARTESIAN_POINT('',(-0.372218648002,-0.766616629057));
#1000 = CARTESIAN_POINT('',(0.372218647987,-0.766616629057));
#1001 = CARTESIAN_POINT('',(0.743805987885,-0.776047921303));
#1002 = CARTESIAN_POINT('',(1.109204355515,-0.793473907093));
#1003 = CARTESIAN_POINT('',(1.46449579787,-0.817775724712));
#1004 = CARTESIAN_POINT('',(1.807402073101,-0.848152249434));
#1005 = CARTESIAN_POINT('',(2.137284650526,-0.884120093522));
#1006 = CARTESIAN_POINT('',(2.455144710616,-0.925513606226));
#1007 = CARTESIAN_POINT('',(2.763623145014,-0.972484873787));
#1008 = CARTESIAN_POINT('',(3.067000556517,-1.025503719433));
#1009 = CARTESIAN_POINT('',(3.371197259086,-1.08535770338));
#1010 = CARTESIAN_POINT('',(3.996349296603,-1.220946542287));
#1011 = CARTESIAN_POINT('',(4.306987992626,-1.291929291391));
#1012 = CARTESIAN_POINT('',(4.701818748436,-1.42218984831));
#1013 = CARTESIAN_POINT('',(4.76992740116,-1.332265375275));
#1014 = CARTESIAN_POINT('',(5.984372312502,-1.996167211959));
#1015 = CARTESIAN_POINT('',(4.731150606974,-1.087259964014));
#1016 = CARTESIAN_POINT('',(7.633044320697,-2.722054181326));
#1017 = CARTESIAN_POINT('',(5.727116590771,-1.59455420183));
#1018 = CARTESIAN_POINT('',(7.450954194526,-2.558443341955));
#1019 = CARTESIAN_POINT('',(7.218305099461,-2.423910314832));
#1020 = CARTESIAN_POINT('',(7.46704760933,-2.568850207222));
#1021 = ( GEOMETRIC_REPRESENTATION_CONTEXT(2)
PARAMETRIC_REPRESENTATION_CONTEXT() REPRESENTATION_CONTEXT('2D SPACE',''
  ) );
#1022 = ORIENTED_EDGE('',*,*,#1023,.T.);
#1023 = EDGE_CURVE('',#953,#1024,#1026,.T.);
#1024 = VERTEX_POINT('',#1025);
#1025 = CARTESIAN_POINT('',(-164.3079166361,93.242578003473,
    732.65831311629));
#1026 = SURFACE_CURVE('',#1027,(#1031,#1038),.PCURVE_S1.);
#1027 = LINE('',#1028,#1029);
#1028 = CARTESIAN_POINT('',(-158.9409972064,98.992848820929,
    734.95842144327));
#1029 = VECTOR('',#1030,1.);
#1030 = DIRECTION('',(-0.654892377615,-0.701670404587,-0.280668161835));
#1031 = PCURVE('',#534,#1032);
#1032 = DEFINITIONAL_REPRESENTATION('',(#1033),#1037);
#1033 = LINE('',#1034,#1035);
#1034 = CARTESIAN_POINT('',(-1.570796326795,0.));
#1035 = VECTOR('',#1036,1.);
#1036 = DIRECTION('',(-0.,1.));
#1037 = ( GEOMETRIC_REPRESENTATION_CONTEXT(2)
PARAMETRIC_REPRESENTATION_CONTEXT() REPRESENTATION_CONTEXT('2D SPACE',''
  ) );
#1038 = PCURVE('',#1039,#1044);
#1039 = PLANE('',#1040);
#1040 = AXIS2_PLACEMENT_3D('',#1041,#1042,#1043);
#1041 = CARTESIAN_POINT('',(-151.2210535738,91.787568097128,
    734.95842144327));
#1042 = DIRECTION('',(0.191505009115,0.205183938338,-0.959804867112));
#1043 = DIRECTION('',(-0.654892377615,-0.701670404587,-0.280668161835));
#1044 = DEFINITIONAL_REPRESENTATION('',(#1045),#1049);
#1045 = LINE('',#1046,#1047);
#1046 = CARTESIAN_POINT('',(0.,10.56));
#1047 = VECTOR('',#1048,1.);
#1048 = DIRECTION('',(1.,0.));
#1049 = ( GEOMETRIC_REPRESENTATION_CONTEXT(2)
PARAMETRIC_REPRESENTATION_CONTEXT() REPRESENTATION_CONTEXT('2D SPACE',''
  ) );
#1050 = ORIENTED_EDGE('',*,*,#1051,.T.);
#1051 = EDGE_CURVE('',#1024,#519,#1052,.T.);
#1052 = SURFACE_CURVE('',#1053,(#1058,#1064),.PCURVE_S1.);
#1053 = CIRCLE('',#1054,10.56);
#1054 = AXIS2_PLACEMENT_3D('',#1055,#1056,#1057);
#1055 = CARTESIAN_POINT('',(-166.3302095323,91.075835614629,
    742.793852513));
#1056 = DIRECTION('',(-0.654892377615,-0.701670404587,-0.280668161835));
#1057 = DIRECTION('',(0.731055268243,-0.68231825036,6.106226635438E-16)
  );
#1058 = PCURVE('',#534,#1059);
#1059 = DEFINITIONAL_REPRESENTATION('',(#1060),#1063);
#1060 = B_SPLINE_CURVE_WITH_KNOTS('',1,(#1061,#1062),.UNSPECIFIED.,.F.,
  .F.,(2,2),(4.712388980385,6.28318530718),.PIECEWISE_BEZIER_KNOTS.);
#1061 = CARTESIAN_POINT('',(-1.570796326795,8.195116652864));
#1062 = CARTESIAN_POINT('',(0.,8.195116652864));
#1063 = ( GEOMETRIC_REPRESENTATION_CONTEXT(2)
PARAMETRIC_REPRESENTATION_CONTEXT() REPRESENTATION_CONTEXT('2D SPACE',''
  ) );
#1064 = PCURVE('',#881,#1065);
#1065 = DEFINITIONAL_REPRESENTATION('',(#1066),#1069);
#1066 = B_SPLINE_CURVE_WITH_KNOTS('',1,(#1067,#1068),.UNSPECIFIED.,.F.,
  .F.,(2,2),(4.712388980385,6.28318530718),.PIECEWISE_BEZIER_KNOTS.);
#1067 = CARTESIAN_POINT('',(0.,-1.570796326795));
#1068 = CARTESIAN_POINT('',(0.,0.));
#1069 = ( GEOMETRIC_REPRESENTATION_CONTEXT(2)
PARAMETRIC_REPRESENTATION_CONTEXT() REPRESENTATION_CONTEXT('2D SPACE',''
  ) );
#1070 = ORIENTED_EDGE('',*,*,#518,.F.);
#1071 = ADVANCED_FACE('',(#1072),#355,.T.);
#1072 = FACE_BOUND('',#1073,.F.);
#1073 = EDGE_LOOP('',(#1074,#1096,#1124,#1169));
#1074 = ORIENTED_EDGE('',*,*,#1075,.F.);
#1075 = EDGE_CURVE('',#1076,#312,#1078,.T.);
#1076 = VERTEX_POINT('',#1077);
#1077 = CARTESIAN_POINT('',(-169.5580349118,87.617451279498,
    788.17000327597));
#1078 = SURFACE_CURVE('',#1079,(#1084,#1090),.PCURVE_S1.);
#1079 = CIRCLE('',#1080,10.56);
#1080 = AXIS2_PLACEMENT_3D('',#1081,#1082,#1083);
#1081 = CARTESIAN_POINT('',(-176.4736984194,80.207811807054,
    785.20614748699));
#1082 = DIRECTION('',(0.191505009115,0.205183938338,-0.959804867112));
#1083 = DIRECTION('',(0.731055268243,-0.68231825036,-1.121325254871E-14)
  );
#1084 = PCURVE('',#355,#1085);
#1085 = DEFINITIONAL_REPRESENTATION('',(#1086),#1089);
#1086 = B_SPLINE_CURVE_WITH_KNOTS('',1,(#1087,#1088),.UNSPECIFIED.,.F.,
  .F.,(2,2),(4.712388980385,6.28318530718),.PIECEWISE_BEZIER_KNOTS.);
#1087 = CARTESIAN_POINT('',(-1.570796326795,10.56));
#1088 = CARTESIAN_POINT('',(0.,10.56));
#1089 = ( GEOMETRIC_REPRESENTATION_CONTEXT(2)
PARAMETRIC_REPRESENTATION_CONTEXT() REPRESENTATION_CONTEXT('2D SPACE',''
  ) );
#1090 = PCURVE('',#915,#1091);
#1091 = DEFINITIONAL_REPRESENTATION('',(#1092),#1095);
#1092 = B_SPLINE_CURVE_WITH_KNOTS('',1,(#1093,#1094),.UNSPECIFIED.,.F.,
  .F.,(2,2),(4.712388980385,6.28318530718),.PIECEWISE_BEZIER_KNOTS.);
#1093 = CARTESIAN_POINT('',(0.,-1.570796326795));
#1094 = CARTESIAN_POINT('',(0.,0.));
#1095 = ( GEOMETRIC_REPRESENTATION_CONTEXT(2)
PARAMETRIC_REPRESENTATION_CONTEXT() REPRESENTATION_CONTEXT('2D SPACE',''
  ) );
#1096 = ORIENTED_EDGE('',*,*,#1097,.T.);
#1097 = EDGE_CURVE('',#1076,#1098,#1100,.T.);
#1098 = VERTEX_POINT('',#1099);
#1099 = CARTESIAN_POINT('',(-160.9632901027,96.826106432085,
    745.09396083998));
#1100 = SURFACE_CURVE('',#1101,(#1105,#1112),.PCURVE_S1.);
#1101 = LINE('',#1102,#1103);
#1102 = CARTESIAN_POINT('',(-171.580327808,85.450708890654,
    798.30554267268));
#1103 = VECTOR('',#1104,1.);
#1104 = DIRECTION('',(0.191505009115,0.205183938338,-0.959804867112));
#1105 = PCURVE('',#355,#1106);
#1106 = DEFINITIONAL_REPRESENTATION('',(#1107),#1111);
#1107 = LINE('',#1108,#1109);
#1108 = CARTESIAN_POINT('',(-1.570796326795,0.));
#1109 = VECTOR('',#1110,1.);
#1110 = DIRECTION('',(-0.,1.));
#1111 = ( GEOMETRIC_REPRESENTATION_CONTEXT(2)
PARAMETRIC_REPRESENTATION_CONTEXT() REPRESENTATION_CONTEXT('2D SPACE',''
  ) );
#1112 = PCURVE('',#1113,#1118);
#1113 = PLANE('',#1114);
#1114 = AXIS2_PLACEMENT_3D('',#1115,#1116,#1117);
#1115 = CARTESIAN_POINT('',(-163.8603841754,78.245428166852,
    798.30554267268));
#1116 = DIRECTION('',(-0.654892377615,-0.701670404587,-0.280668161835));
#1117 = DIRECTION('',(-0.731055268243,0.68231825036,0.));
#1118 = DEFINITIONAL_REPRESENTATION('',(#1119),#1123);
#1119 = LINE('',#1120,#1121);
#1120 = CARTESIAN_POINT('',(10.56,0.));
#1121 = VECTOR('',#1122,1.);
#1122 = DIRECTION('',(2.775557561563E-17,1.));
#1123 = ( GEOMETRIC_REPRESENTATION_CONTEXT(2)
PARAMETRIC_REPRESENTATION_CONTEXT() REPRESENTATION_CONTEXT('2D SPACE',''
  ) );
#1124 = ORIENTED_EDGE('',*,*,#1125,.T.);
#1125 = EDGE_CURVE('',#1098,#340,#1126,.T.);
#1126 = SURFACE_CURVE('',#1127,(#1135,#1147),.PCURVE_S1.);
#1127 = ( BOUNDED_CURVE() B_SPLINE_CURVE(6,(#1128,#1129,#1130,#1131,
#1132,#1133,#1134),.UNSPECIFIED.,.F.,.F.) B_SPLINE_CURVE_WITH_KNOTS((7,7
),(0.,1.570796326795),.PIECEWISE_BEZIER_KNOTS.) CURVE()
GEOMETRIC_REPRESENTATION_ITEM() RATIONAL_B_SPLINE_CURVE((1.031393471788,
    1.010025407661,0.997924642725,0.993958444137,0.997924642725,
1.010025407661,1.031393471788)) REPRESENTATION_ITEM('') );
#1128 = CARTESIAN_POINT('',(-160.9632901027,96.826106432085,
    745.09396083998));
#1129 = CARTESIAN_POINT('',(-158.8994652058,94.89986986167,
    745.09396083998));
#1130 = CARTESIAN_POINT('',(-157.4772711536,92.393966434489,
    744.84202020327));
#1131 = CARTESIAN_POINT('',(-156.874155014,89.570128290439,
    744.35868605305));
#1132 = CARTESIAN_POINT('',(-157.165783855,86.733796714252,
    743.69415715874));
#1133 = CARTESIAN_POINT('',(-158.3101987422,84.192055416726,
    742.92245272336));
#1134 = CARTESIAN_POINT('',(-160.1590099777,82.21118623584,742.130105051
    ));
#1135 = PCURVE('',#355,#1136);
#1136 = DEFINITIONAL_REPRESENTATION('',(#1137),#1146);
#1137 = B_SPLINE_CURVE_WITH_KNOTS('',7,(#1138,#1139,#1140,#1141,#1142,
    #1143,#1144,#1145),.UNSPECIFIED.,.F.,.F.,(8,8),(0.,1.570796326795),
  .PIECEWISE_BEZIER_KNOTS.);
#1138 = CARTESIAN_POINT('',(-1.570796326795,55.44));
#1139 = CARTESIAN_POINT('',(-1.346397878809,55.44));
#1140 = CARTESIAN_POINT('',(-1.12199568744,55.439999999999));
#1141 = CARTESIAN_POINT('',(-0.897599901113,55.440000000001));
#1142 = CARTESIAN_POINT('',(-0.673196425682,55.439999999999));
#1143 = CARTESIAN_POINT('',(-0.448800639355,55.44));
#1144 = CARTESIAN_POINT('',(-0.224398447986,55.44));
#1145 = CARTESIAN_POINT('',(0.,55.44));
#1146 = ( GEOMETRIC_REPRESENTATION_CONTEXT(2)
PARAMETRIC_REPRESENTATION_CONTEXT() REPRESENTATION_CONTEXT('2D SPACE',''
  ) );
#1147 = PCURVE('',#382,#1148);
#1148 = DEFINITIONAL_REPRESENTATION('',(#1149),#1168);
#1149 = B_SPLINE_CURVE_WITH_KNOTS('',9,(#1150,#1151,#1152,#1153,#1154,
    #1155,#1156,#1157,#1158,#1159,#1160,#1161,#1162,#1163,#1164,#1165,
    #1166,#1167),.UNSPECIFIED.,.F.,.F.,(10,8,10),(0.,0.785398163397,
    1.570796326795),.UNSPECIFIED.);
#1150 = CARTESIAN_POINT('',(1.429967255717E-13,-6.91982776041));
#1151 = CARTESIAN_POINT('',(-0.677599059672,-6.524997239307));
#1152 = CARTESIAN_POINT('',(-1.621517859331,-5.876925505081));
#1153 = CARTESIAN_POINT('',(-1.381128792858,-5.914749895575));
#1154 = CARTESIAN_POINT('',(-3.502791152577,-4.331960160244));
#1155 = CARTESIAN_POINT('',(-2.380698098856,-4.877891036436));
#1156 = CARTESIAN_POINT('',(-3.84297279454,-3.658056023685));
#1157 = CARTESIAN_POINT('',(-3.908417465569,-3.442719802772));
#1158 = CARTESIAN_POINT('',(-4.682603700473,-2.367365383437));
#1159 = CARTESIAN_POINT('',(-5.900696933884,-0.251412397177));
#1160 = CARTESIAN_POINT('',(-6.369569876881,0.767021781592));
#1161 = CARTESIAN_POINT('',(-6.661869019498,1.526914424165));
#1162 = CARTESIAN_POINT('',(-6.864888598261,2.160248914659));
#1163 = CARTESIAN_POINT('',(-7.061300922506,2.847215096794));
#1164 = CARTESIAN_POINT('',(-7.264890125189,3.650888421145));
#1165 = CARTESIAN_POINT('',(-7.420335954943,4.489364385994));
#1166 = CARTESIAN_POINT('',(-7.46704760933,5.245348271788));
#1167 = CARTESIAN_POINT('',(-7.46704760933,6.013200169192));
#1168 = ( GEOMETRIC_REPRESENTATION_CONTEXT(2)
PARAMETRIC_REPRESENTATION_CONTEXT() REPRESENTATION_CONTEXT('2D SPACE',''
  ) );
#1169 = ORIENTED_EDGE('',*,*,#339,.F.);
#1170 = ADVANCED_FACE('',(#1171),#382,.F.);
#1171 = FACE_BOUND('',#1172,.F.);
#1172 = EDGE_LOOP('',(#1173,#1174,#1175,#1176,#1228));
#1173 = ORIENTED_EDGE('',*,*,#952,.F.);
#1174 = ORIENTED_EDGE('',*,*,#367,.F.);
#1175 = ORIENTED_EDGE('',*,*,#1125,.F.);
#1176 = ORIENTED_EDGE('',*,*,#1177,.F.);
#1177 = EDGE_CURVE('',#1178,#1098,#1180,.T.);
#1178 = VERTEX_POINT('',#1179);
#1179 = CARTESIAN_POINT('',(-165.8566607141,91.583209348486,
    731.9945656543));
#1180 = SURFACE_CURVE('',#1181,(#1189,#1211),.PCURVE_S1.);
#1181 = ( BOUNDED_CURVE() B_SPLINE_CURVE(6,(#1182,#1183,#1184,#1185,
#1186,#1187,#1188),.UNSPECIFIED.,.F.,.F.) B_SPLINE_CURVE_WITH_KNOTS((7,7
),(0.,1.570796326795),.PIECEWISE_BEZIER_KNOTS.) CURVE()
GEOMETRIC_REPRESENTATION_ITEM() RATIONAL_B_SPLINE_CURVE((1.031393471788,
    1.010025407661,0.997924642725,0.993958444137,0.997924642725,
1.010025407661,1.031393471788)) REPRESENTATION_ITEM('') );
#1182 = CARTESIAN_POINT('',(-165.8566607141,91.583209348486,
    731.9945656543));
#1183 = CARTESIAN_POINT('',(-164.0078494786,93.564078529372,
    732.78691332665));
#1184 = CARTESIAN_POINT('',(-162.3791094904,95.309157088084,
    734.42018270678));
#1185 = CARTESIAN_POINT('',(-161.1583297821,96.61713534702,
    736.73757620384));
#1186 = CARTESIAN_POINT('',(-160.4839702907,97.339663373471,
    739.49340917588));
#1187 = CARTESIAN_POINT('',(-160.4226568252,97.40535637224,
    742.38435834214));
#1188 = CARTESIAN_POINT('',(-160.9632901027,96.826106432085,
    745.09396083998));
#1189 = PCURVE('',#382,#1190);
#1190 = DEFINITIONAL_REPRESENTATION('',(#1191),#1210);
#1191 = B_SPLINE_CURVE_WITH_KNOTS('',9,(#1192,#1193,#1194,#1195,#1196,
    #1197,#1198,#1199,#1200,#1201,#1202,#1203,#1204,#1205,#1206,#1207,
    #1208,#1209),.UNSPECIFIED.,.F.,.F.,(10,8,10),(0.,0.785398163397,
    1.570796326795),.UNSPECIFIED.);
#1192 = CARTESIAN_POINT('',(7.46704760933,6.013200169192));
#1193 = CARTESIAN_POINT('',(7.46704760933,5.245348271768));
#1194 = CARTESIAN_POINT('',(7.420335954951,4.489364386224));
#1195 = CARTESIAN_POINT('',(7.26489012521,3.650888421333));
#1196 = CARTESIAN_POINT('',(7.061300922533,2.847215096786));
#1197 = CARTESIAN_POINT('',(6.864888598276,2.160248914559));
#1198 = CARTESIAN_POINT('',(6.661869019495,1.526914424147));
#1199 = CARTESIAN_POINT('',(6.369569876866,0.767021781664));
#1200 = CARTESIAN_POINT('',(5.900696933875,-0.251412397196));
#1201 = CARTESIAN_POINT('',(4.68260370046,-2.367365383456));
#1202 = CARTESIAN_POINT('',(3.908417465486,-3.442719802816));
#1203 = CARTESIAN_POINT('',(3.842972794916,-3.658056023534));
#1204 = CARTESIAN_POINT('',(2.380698097845,-4.877891036962));
#1205 = CARTESIAN_POINT('',(3.502791153975,-4.331960159499));
#1206 = CARTESIAN_POINT('',(1.381128791401,-5.914749896543));
#1207 = CARTESIAN_POINT('',(1.621517859782,-5.876925504741));
#1208 = CARTESIAN_POINT('',(0.677599059808,-6.524997239227));
#1209 = CARTESIAN_POINT('',(2.080230238494E-13,-6.91982776041));
#1210 = ( GEOMETRIC_REPRESENTATION_CONTEXT(2)
PARAMETRIC_REPRESENTATION_CONTEXT() REPRESENTATION_CONTEXT('2D SPACE',''
  ) );
#1211 = PCURVE('',#1212,#1217);
#1212 = CYLINDRICAL_SURFACE('',#1213,10.56);
#1213 = AXIS2_PLACEMENT_3D('',#1214,#1215,#1216);
#1214 = CARTESIAN_POINT('',(-160.1590099777,82.21118623584,742.130105051
    ));
#1215 = DIRECTION('',(-0.731055268243,0.68231825036,0.));
#1216 = DIRECTION('',(0.191505009115,0.205183938338,-0.959804867112));
#1217 = DEFINITIONAL_REPRESENTATION('',(#1218),#1227);
#1218 = B_SPLINE_CURVE_WITH_KNOTS('',7,(#1219,#1220,#1221,#1222,#1223,
    #1224,#1225,#1226),.UNSPECIFIED.,.F.,.F.,(8,8),(0.,1.570796326795),
  .PIECEWISE_BEZIER_KNOTS.);
#1219 = CARTESIAN_POINT('',(-2.22044604925E-16,10.56));
#1220 = CARTESIAN_POINT('',(-0.224398447986,10.56));
#1221 = CARTESIAN_POINT('',(-0.448800639355,10.56));
#1222 = CARTESIAN_POINT('',(-0.673196425682,10.56));
#1223 = CARTESIAN_POINT('',(-0.897599901113,10.56));
#1224 = CARTESIAN_POINT('',(-1.12199568744,10.56));
#1225 = CARTESIAN_POINT('',(-1.346397878809,10.56));
#1226 = CARTESIAN_POINT('',(-1.570796326795,10.56));
#1227 = ( GEOMETRIC_REPRESENTATION_CONTEXT(2)
PARAMETRIC_REPRESENTATION_CONTEXT() REPRESENTATION_CONTEXT('2D SPACE',''
  ) );
#1228 = ORIENTED_EDGE('',*,*,#1229,.F.);
#1229 = EDGE_CURVE('',#953,#1178,#1230,.T.);
#1230 = SURFACE_CURVE('',#1231,(#1235,#1289),.PCURVE_S1.);
#1231 = LINE('',#1232,#1233);
#1232 = CARTESIAN_POINT('',(-158.9409972064,98.992848820929,
    734.95842144327));
#1233 = VECTOR('',#1234,1.);
#1234 = DIRECTION('',(-0.654892377615,-0.701670404587,-0.280668161835));
#1235 = PCURVE('',#382,#1236);
#1236 = DEFINITIONAL_REPRESENTATION('',(#1237),#1288);
#1237 = B_SPLINE_CURVE_WITH_KNOTS('',9,(#1238,#1239,#1240,#1241,#1242,
    #1243,#1244,#1245,#1246,#1247,#1248,#1249,#1250,#1251,#1252,#1253,
    #1254,#1255,#1256,#1257,#1258,#1259,#1260,#1261,#1262,#1263,#1264,
    #1265,#1266,#1267,#1268,#1269,#1270,#1271,#1272,#1273,#1274,#1275,
    #1276,#1277,#1278,#1279,#1280,#1281,#1282,#1283,#1284,#1285,#1286,
    #1287),.UNSPECIFIED.,.F.,.F.,(10,8,8,8,8,8,10),(0.,0.66,1.32,2.64,
    5.28,7.92,10.56),.UNSPECIFIED.);
#1238 = CARTESIAN_POINT('',(7.46704760933,-2.568850207222));
#1239 = CARTESIAN_POINT('',(7.46704760933,-2.501156972607));
#1240 = CARTESIAN_POINT('',(7.46704760933,-2.271537032113));
#1241 = CARTESIAN_POINT('',(7.46704760933,-2.073630567445));
#1242 = CARTESIAN_POINT('',(7.467047609331,-2.408269364352));
#1243 = CARTESIAN_POINT('',(7.46704760933,-2.073548730722));
#1244 = CARTESIAN_POINT('',(7.467047609331,-2.143130067941));
#1245 = CARTESIAN_POINT('',(7.46704760933,-2.018607170727));
#1246 = CARTESIAN_POINT('',(7.46704760933,-1.964387461211));
#1247 = CARTESIAN_POINT('',(7.46704760933,-1.843642993807));
#1248 = CARTESIAN_POINT('',(7.46704760933,-1.78484686763));
#1249 = CARTESIAN_POINT('',(7.46704760933,-1.726898920407));
#1250 = CARTESIAN_POINT('',(7.467047609331,-1.669286870614));
#1251 = CARTESIAN_POINT('',(7.46704760933,-1.61171408377));
#1252 = CARTESIAN_POINT('',(7.467047609331,-1.554099572442));
#1253 = CARTESIAN_POINT('',(7.46704760933,-1.496577996239));
#1254 = CARTESIAN_POINT('',(7.46704760933,-1.439499661818));
#1255 = CARTESIAN_POINT('',(7.46704760933,-1.271292245005));
#1256 = CARTESIAN_POINT('',(7.46704760933,-1.160645747523));
#1257 = CARTESIAN_POINT('',(7.467047609331,-1.051329489386));
#1258 = CARTESIAN_POINT('',(7.46704760933,-0.943181929548));
#1259 = CARTESIAN_POINT('',(7.46704760933,-0.836041526961));
#1260 = CARTESIAN_POINT('',(7.46704760933,-0.729746740577));
#1261 = CARTESIAN_POINT('',(7.46704760933,-0.624136029348));
#1262 = CARTESIAN_POINT('',(7.46704760933,-0.519047852227));
#1263 = CARTESIAN_POINT('',(7.46704760933,-0.204866300046));
#1264 = CARTESIAN_POINT('',(7.46704760933,3.24582883205E-03));
#1265 = CARTESIAN_POINT('',(7.46704760933,0.210830189337));
#1266 = CARTESIAN_POINT('',(7.46704760933,0.418701252336));
#1267 = CARTESIAN_POINT('',(7.46704760933,0.627673488698));
#1268 = CARTESIAN_POINT('',(7.467047609331,0.838561369292));
#1269 = CARTESIAN_POINT('',(7.46704760933,1.052179364984));
#1270 = CARTESIAN_POINT('',(7.46704760933,1.269341946645));
#1271 = CARTESIAN_POINT('',(7.46704760933,1.712385223639));
#1272 = CARTESIAN_POINT('',(7.46704760933,1.937849137716));
#1273 = CARTESIAN_POINT('',(7.467047609331,2.168368306471));
#1274 = CARTESIAN_POINT('',(7.46704760933,2.404667848881));
#1275 = CARTESIAN_POINT('',(7.467047609331,2.6470850238));
#1276 = CARTESIAN_POINT('',(7.46704760933,2.895569229961));
#1277 = CARTESIAN_POINT('',(7.467047609331,3.149682005976));
#1278 = CARTESIAN_POINT('',(7.46704760933,3.408597030335));
#1279 = CARTESIAN_POINT('',(7.46704760933,3.933603212474));
#1280 = CARTESIAN_POINT('',(7.46704760933,4.210056586423));
#1281 = CARTESIAN_POINT('',(7.46704760933,4.417735334089));
#1282 = CARTESIAN_POINT('',(7.467047609331,4.843997389757));
#1283 = CARTESIAN_POINT('',(7.46704760933,4.853487308014));
#1284 = CARTESIAN_POINT('',(7.46704760933,5.377307798083));
#1285 = CARTESIAN_POINT('',(7.46704760933,5.457580220233));
#1286 = CARTESIAN_POINT('',(7.46704760933,5.768784200213));
#1287 = CARTESIAN_POINT('',(7.46704760933,6.013200169192));
#1288 = ( GEOMETRIC_REPRESENTATION_CONTEXT(2)
PARAMETRIC_REPRESENTATION_CONTEXT() REPRESENTATION_CONTEXT('2D SPACE',''
  ) );
#1289 = PCURVE('',#1039,#1290);
#1290 = DEFINITIONAL_REPRESENTATION('',(#1291),#1294);
#1291 = B_SPLINE_CURVE_WITH_KNOTS('',1,(#1292,#1293),.UNSPECIFIED.,.F.,
  .F.,(2,2),(0.,10.56),.PIECEWISE_BEZIER_KNOTS.);
#1292 = CARTESIAN_POINT('',(0.,10.56));
#1293 = CARTESIAN_POINT('',(10.56,10.56));
#1294 = ( GEOMETRIC_REPRESENTATION_CONTEXT(2)
PARAMETRIC_REPRESENTATION_CONTEXT() REPRESENTATION_CONTEXT('2D SPACE',''
  ) );
#1295 = ADVANCED_FACE('',(#1296,#1530),#721,.F.);
#1296 = FACE_BOUND('',#1297,.F.);
#1297 = EDGE_LOOP('',(#1298,#1299,#1322,#1475,#1503,#1529));
#1298 = ORIENTED_EDGE('',*,*,#656,.T.);
#1299 = ORIENTED_EDGE('',*,*,#1300,.T.);
#1300 = EDGE_CURVE('',#657,#1301,#1303,.T.);
#1301 = VERTEX_POINT('',#1302);
#1302 = CARTESIAN_POINT('',(-214.1433392859,114.41679065151,
    796.00543434569));
#1303 = SURFACE_CURVE('',#1304,(#1308,#1315),.PCURVE_S1.);
#1304 = LINE('',#1305,#1306);
#1305 = CARTESIAN_POINT('',(-169.227303605,72.495157349395,
    796.00543434569));
#1306 = VECTOR('',#1307,1.);
#1307 = DIRECTION('',(-0.731055268243,0.68231825036,0.));
#1308 = PCURVE('',#721,#1309);
#1309 = DEFINITIONAL_REPRESENTATION('',(#1310),#1314);
#1310 = LINE('',#1311,#1312);
#1311 = CARTESIAN_POINT('',(8.195116652864,-2.84217094304E-14));
#1312 = VECTOR('',#1313,1.);
#1313 = DIRECTION('',(0.,1.));
#1314 = ( GEOMETRIC_REPRESENTATION_CONTEXT(2)
PARAMETRIC_REPRESENTATION_CONTEXT() REPRESENTATION_CONTEXT('2D SPACE',''
  ) );
#1315 = PCURVE('',#769,#1316);
#1316 = DEFINITIONAL_REPRESENTATION('',(#1317),#1321);
#1317 = LINE('',#1318,#1319);
#1318 = CARTESIAN_POINT('',(-0.,0.));
#1319 = VECTOR('',#1320,1.);
#1320 = DIRECTION('',(-0.,1.));
#1321 = ( GEOMETRIC_REPRESENTATION_CONTEXT(2)
PARAMETRIC_REPRESENTATION_CONTEXT() REPRESENTATION_CONTEXT('2D SPACE',''
  ) );
#1322 = ORIENTED_EDGE('',*,*,#1323,.F.);
#1323 = EDGE_CURVE('',#1324,#1301,#1326,.T.);
#1324 = VERTEX_POINT('',#1325);
#1325 = CARTESIAN_POINT('',(-221.0590027935,107.00715117907,
    793.04157855672));
#1326 = SURFACE_CURVE('',#1327,(#1331,#1337),.PCURVE_S1.);
#1327 = LINE('',#1328,#1329);
#1328 = CARTESIAN_POINT('',(-221.0590027935,107.00715117907,
    793.04157855672));
#1329 = VECTOR('',#1330,1.);
#1330 = DIRECTION('',(0.654892377615,0.701670404587,0.280668161835));
#1331 = PCURVE('',#721,#1332);
#1332 = DEFINITIONAL_REPRESENTATION('',(#1333),#1336);
#1333 = B_SPLINE_CURVE_WITH_KNOTS('',1,(#1334,#1335),.UNSPECIFIED.,.F.,
  .F.,(2,2),(0.,10.56),.PIECEWISE_BEZIER_KNOTS.);
#1334 = CARTESIAN_POINT('',(18.755116652864,61.44));
#1335 = CARTESIAN_POINT('',(8.195116652864,61.44));
#1336 = ( GEOMETRIC_REPRESENTATION_CONTEXT(2)
PARAMETRIC_REPRESENTATION_CONTEXT() REPRESENTATION_CONTEXT('2D SPACE',''
  ) );
#1337 = PCURVE('',#1338,#1420);
#1338 = B_SPLINE_SURFACE_WITH_KNOTS('',8,8,(
    (#1339,#1340,#1341,#1342,#1343,#1344,#1345,#1346,#1347)
    ,(#1348,#1349,#1350,#1351,#1352,#1353,#1354,#1355,#1356)
    ,(#1357,#1358,#1359,#1360,#1361,#1362,#1363,#1364,#1365)
    ,(#1366,#1367,#1368,#1369,#1370,#1371,#1372,#1373,#1374)
    ,(#1375,#1376,#1377,#1378,#1379,#1380,#1381,#1382,#1383)
    ,(#1384,#1385,#1386,#1387,#1388,#1389,#1390,#1391,#1392)
    ,(#1393,#1394,#1395,#1396,#1397,#1398,#1399,#1400,#1401)
    ,(#1402,#1403,#1404,#1405,#1406,#1407,#1408,#1409,#1410)
    ,(#1411,#1412,#1413,#1414,#1415,#1416,#1417,#1418,#1419
  )),.UNSPECIFIED.,.F.,.F.,.F.,(9,9),(9,9),(-8.234656929721,
    8.230481226463),(-7.575281393353,6.651278605003),
  .PIECEWISE_BEZIER_KNOTS.);
#1339 = CARTESIAN_POINT('',(-217.8607159081,103.22345397024,
    788.86465431901));
#1340 = CARTESIAN_POINT('',(-220.0611668213,104.23146824572,
    791.05666058202));
#1341 = CARTESIAN_POINT('',(-222.2170472655,105.24591580747,
    793.22913820038));
#1342 = CARTESIAN_POINT('',(-222.0185933063,106.59923507132,
    794.36976824383));
#1343 = CARTESIAN_POINT('',(-215.2691539346,108.89533282954,
    792.63911585237));
#1344 = CARTESIAN_POINT('',(-217.1100393832,109.95515209218,
    794.67366317102));
#1345 = CARTESIAN_POINT('',(-214.7437639134,111.62040123939,
    794.86399257763));
#1346 = CARTESIAN_POINT('',(-213.8935242878,113.06753756708,
    795.71902989662));
#1347 = CARTESIAN_POINT('',(-212.3883470262,114.60888935313,
    796.28689898701));
#1348 = CARTESIAN_POINT('',(-219.353443171,104.41324981268,
    787.77788763203));
#1349 = CARTESIAN_POINT('',(-221.7559175873,105.39219286004,
    790.05843792113));
#1350 = CARTESIAN_POINT('',(-225.5945807828,106.1644625712,
    792.96845208758));
#1351 = CARTESIAN_POINT('',(-224.6971216097,107.61841815365,
    793.80274155746));
#1352 = CARTESIAN_POINT('',(-226.8872041248,108.62791999153,
    795.99004402811));
#1353 = CARTESIAN_POINT('',(-213.4266826506,111.88992334867,
    791.31842265869));
#1354 = CARTESIAN_POINT('',(-219.5255630819,112.33683255004,
    795.21868374775));
#1355 = CARTESIAN_POINT('',(-217.5804406358,113.94157438428,
    795.59395260715));
#1356 = CARTESIAN_POINT('',(-216.240936267,115.45908150461,
    796.23442846352));
#1357 = CARTESIAN_POINT('',(-218.6353629852,105.92119379027,
    785.72214082855));
#1358 = CARTESIAN_POINT('',(-221.5248509095,106.8300822425,
    788.21611453816));
#1359 = CARTESIAN_POINT('',(-231.1434006414,106.7708380374,
    793.65956309425));
#1360 = CARTESIAN_POINT('',(-235.3129534941,107.49468537307,
    796.71422344655));
#1361 = CARTESIAN_POINT('',(-240.9395784325,108.01078751211,
    800.40834275585));
#1362 = CARTESIAN_POINT('',(-198.9067712188,115.38386696746,
    783.2131977654));
#1363 = CARTESIAN_POINT('',(-223.0255793402,113.23785066338,
    795.01189167117));
#1364 = CARTESIAN_POINT('',(-218.3989047606,115.2284068124,
    794.21161566891));
#1365 = CARTESIAN_POINT('',(-217.8276182737,116.63536418354,
    795.1888263212));
#1366 = CARTESIAN_POINT('',(-209.9031876968,108.58260643342,
    780.15406376583));
#1367 = CARTESIAN_POINT('',(-202.3809975567,110.98977511033,
    778.08484735085));
#1368 = CARTESIAN_POINT('',(-159.7886203961,118.44305714905,
    760.64399304091));
#1369 = CARTESIAN_POINT('',(-148.751164879,121.35949432229,
    757.0358154705));
#1370 = CARTESIAN_POINT('',(-256.538495445,107.16823668077,
    805.50316952224));
#1371 = CARTESIAN_POINT('',(-241.9421864216,110.59592812657,
    800.33414972835));
#1372 = CARTESIAN_POINT('',(-216.5356746617,115.57643805236,
    790.42650786212));
#1373 = CARTESIAN_POINT('',(-218.1755925329,116.66517424384,
    792.37275401768));
#1374 = CARTESIAN_POINT('',(-217.5983176093,118.0729790316,
    793.3473010938));
#1375 = CARTESIAN_POINT('',(-227.8594546892,107.40277964477,
    786.28274933833));
#1376 = CARTESIAN_POINT('',(-244.6862033456,106.3059427843,
    794.88526812555));
#1377 = CARTESIAN_POINT('',(-307.9483933676,98.528100148121,
    823.84138549446));
#1378 = CARTESIAN_POINT('',(-310.3555780677,99.502143266648,
    826.11995505578));
#1379 = CARTESIAN_POINT('',(-257.4969239221,108.43859749891,
    804.18479549528));
#1380 = CARTESIAN_POINT('',(-143.00751445,126.23765615048,
    755.23104783229));
#1381 = CARTESIAN_POINT('',(-236.6145847643,114.09132641288,
    797.48563596735));
#1382 = CARTESIAN_POINT('',(-218.6712580721,117.99849493082,
    790.84900189239));
#1383 = CARTESIAN_POINT('',(-218.4984700785,119.34809046628,
    792.00084956722));
#1384 = CARTESIAN_POINT('',(-211.4177012148,111.17390605284,
    777.33584785848));
#1385 = CARTESIAN_POINT('',(-203.836245558,113.58976065031,
    775.24046131097));
#1386 = CARTESIAN_POINT('',(-160.1120619527,121.2061111156,
    757.30329609352));
#1387 = CARTESIAN_POINT('',(-154.4411871061,123.34905237166,
    756.04869758469));
#1388 = CARTESIAN_POINT('',(-254.4019060398,110.28589127716,
    801.08361587791));
#1389 = CARTESIAN_POINT('',(-245.4082596314,112.90582362934,
    798.37190180733));
#1390 = CARTESIAN_POINT('',(-217.8631712865,118.1947926223,
    787.52617789238));
#1391 = CARTESIAN_POINT('',(-219.756864448,119.24687128147,
    789.58378261814));
#1392 = CARTESIAN_POINT('',(-219.171565086,120.65582078229,
    790.55482837799));
#1393 = CARTESIAN_POINT('',(-221.8166073032,111.08186764144,
    780.15243481618));
#1394 = CARTESIAN_POINT('',(-224.7008912124,111.99148867958,
    782.64414743216));
#1395 = CARTESIAN_POINT('',(-235.1149045626,111.81772313207,
    788.43630194586));
#1396 = CARTESIAN_POINT('',(-235.4018058305,113.10071712553,
    789.78877257078));
#1397 = CARTESIAN_POINT('',(-247.6562312,112.66242112643,796.38843511879
    ));
#1398 = CARTESIAN_POINT('',(-199.8821608628,120.86213630723,
    776.67656250885));
#1399 = CARTESIAN_POINT('',(-226.5316324869,118.35179644248,
    789.58449797731));
#1400 = CARTESIAN_POINT('',(-221.5568665688,120.39244540842,
    788.63169320188));
#1401 = CARTESIAN_POINT('',(-221.0075359968,121.79625040846,
    789.61851467896));
#1402 = CARTESIAN_POINT('',(-224.1366071149,112.15263790509,
    779.42827900098));
#1403 = CARTESIAN_POINT('',(-226.5121217528,113.13549768622,
    781.69696745743));
#1404 = CARTESIAN_POINT('',(-230.3030675456,113.91466280274,
    784.58603354192));
#1405 = CARTESIAN_POINT('',(-229.4669365903,115.35978321393,
    785.44721038895));
#1406 = CARTESIAN_POINT('',(-231.6867441866,116.36490897993,
    787.6476703329));
#1407 = CARTESIAN_POINT('',(-218.1379406892,119.63983336951,
    782.9370768402));
#1408 = CARTESIAN_POINT('',(-224.2865654578,120.07934627335,
    786.85944529799));
#1409 = CARTESIAN_POINT('',(-222.3267998743,121.68631774163,
    787.22814013879));
#1410 = CARTESIAN_POINT('',(-220.9664235791,123.20681161418,
    787.85948937454));
#1411 = CARTESIAN_POINT('',(-224.2408452987,113.54226922459,
    777.73296948006));
#1412 = CARTESIAN_POINT('',(-226.4093468365,114.55492061565,
    779.91092426725));
#1413 = CARTESIAN_POINT('',(-228.4946444458,115.57955454069,
    782.0524315376));
#1414 = CARTESIAN_POINT('',(-228.4834912549,116.90592335568,
    783.27514518071));
#1415 = CARTESIAN_POINT('',(-221.3963042607,119.25056148788,
    781.39654993261));
#1416 = CARTESIAN_POINT('',(-223.4699668998,120.2769879652,
    783.53297997683));
#1417 = CARTESIAN_POINT('',(-220.9800096674,121.95992701569,
    783.66924383882));
#1418 = CARTESIAN_POINT('',(-220.1275453274,123.40744362117,
    784.52322874388));
#1419 = CARTESIAN_POINT('',(-218.5952712375,124.95268127331,
    785.07923910217));
#1420 = DEFINITIONAL_REPRESENTATION('',(#1421),#1474);
#1421 = B_SPLINE_CURVE_WITH_KNOTS('',11,(#1422,#1423,#1424,#1425,#1426,
    #1427,#1428,#1429,#1430,#1431,#1432,#1433,#1434,#1435,#1436,#1437,
    #1438,#1439,#1440,#1441,#1442,#1443,#1444,#1445,#1446,#1447,#1448,
    #1449,#1450,#1451,#1452,#1453,#1454,#1455,#1456,#1457,#1458,#1459,
    #1460,#1461,#1462,#1463,#1464,#1465,#1466,#1467,#1468,#1469,#1470,
    #1471,#1472,#1473),.UNSPECIFIED.,.F.,.F.,(12,10,10,10,10,12),(0.,
    0.66,1.32,2.64,5.28,10.56),.UNSPECIFIED.);
#1422 = CARTESIAN_POINT('',(-7.451598879779,-2.595525104853));
#1423 = CARTESIAN_POINT('',(-7.451821323485,-2.539727435645));
#1424 = CARTESIAN_POINT('',(-7.452522287747,-2.363897906326));
#1425 = CARTESIAN_POINT('',(-7.453190328514,-2.196326890683));
#1426 = CARTESIAN_POINT('',(-7.452991941331,-2.246090233108));
#1427 = CARTESIAN_POINT('',(-7.452848509012,-2.282068726062));
#1428 = CARTESIAN_POINT('',(-7.453180395714,-2.198818428549));
#1429 = CARTESIAN_POINT('',(-7.45348701626,-2.121905883487));
#1430 = CARTESIAN_POINT('',(-7.453577959411,-2.099093747728));
#1431 = CARTESIAN_POINT('',(-7.453906910345,-2.016579858266));
#1432 = CARTESIAN_POINT('',(-7.454087199071,-1.971356323129));
#1433 = CARTESIAN_POINT('',(-7.454483400448,-1.87197336553));
#1434 = CARTESIAN_POINT('',(-7.454679523333,-1.822777998134));
#1435 = CARTESIAN_POINT('',(-7.454873805091,-1.77404445775));
#1436 = CARTESIAN_POINT('',(-7.455066382405,-1.725738459991));
#1437 = CARTESIAN_POINT('',(-7.455257391944,-1.677825720462));
#1438 = CARTESIAN_POINT('',(-7.455446970403,-1.630271954778));
#1439 = CARTESIAN_POINT('',(-7.455635254442,-1.583042878543));
#1440 = CARTESIAN_POINT('',(-7.455822380754,-1.536104207372));
#1441 = CARTESIAN_POINT('',(-7.456008486009,-1.48942165687));
#1442 = CARTESIAN_POINT('',(-7.456193706891,-1.44296094265));
#1443 = CARTESIAN_POINT('',(-7.456747126443,-1.304141455661));
#1444 = CARTESIAN_POINT('',(-7.457112118083,-1.212587132818));
#1445 = CARTESIAN_POINT('',(-7.457473484774,-1.121942090796));
#1446 = CARTESIAN_POINT('',(-7.45783155629,-1.032123608598));
#1447 = CARTESIAN_POINT('',(-7.458186662409,-0.943048965229));
#1448 = CARTESIAN_POINT('',(-7.458539132907,-0.854635439694));
#1449 = CARTESIAN_POINT('',(-7.458889297561,-0.766800310996));
#1450 = CARTESIAN_POINT('',(-7.459237486146,-0.679460858139));
#1451 = CARTESIAN_POINT('',(-7.459584028441,-0.592534360128));
#1452 = CARTESIAN_POINT('',(-7.459929254222,-0.505938095967));
#1453 = CARTESIAN_POINT('',(-7.460961971349,-0.246891842047));
#1454 = CARTESIAN_POINT('',(-7.46164676134,-7.511945919384E-02));
#1455 = CARTESIAN_POINT('',(-7.462329523803,9.614434017123E-02));
#1456 = CARTESIAN_POINT('',(-7.463011919315,0.267316092323));
#1457 = CARTESIAN_POINT('',(-7.46369560843,0.438812333533));
#1458 = CARTESIAN_POINT('',(-7.464382251739,0.611049600078));
#1459 = CARTESIAN_POINT('',(-7.465073509785,0.784444428228));
#1460 = CARTESIAN_POINT('',(-7.465771043159,0.959413354259));
#1461 = CARTESIAN_POINT('',(-7.466476512416,1.136372914444));
#1462 = CARTESIAN_POINT('',(-7.467191578132,1.315739645056));
#1463 = CARTESIAN_POINT('',(-7.469370546353,1.862310956994));
#1464 = CARTESIAN_POINT('',(-7.470931150506,2.25377213128));
#1465 = CARTESIAN_POINT('',(-7.472041958498,2.532406660376));
#1466 = CARTESIAN_POINT('',(-7.475116123289,3.303528634829));
#1467 = CARTESIAN_POINT('',(-7.473755739018,2.96229052058));
#1468 = CARTESIAN_POINT('',(-7.47986359482,4.494382047518));
#1469 = CARTESIAN_POINT('',(-7.477266265362,3.842869213425));
#1470 = CARTESIAN_POINT('',(-7.482170239258,5.072979599848));
#1471 = CARTESIAN_POINT('',(-7.48239116533,5.128396587573));
#1472 = CARTESIAN_POINT('',(-7.484445264017,5.643645686922));
#1473 = CARTESIAN_POINT('',(-7.486051754291,6.046616913639));
#1474 = ( GEOMETRIC_REPRESENTATION_CONTEXT(2)
PARAMETRIC_REPRESENTATION_CONTEXT() REPRESENTATION_CONTEXT('2D SPACE',''
  ) );
#1475 = ORIENTED_EDGE('',*,*,#1476,.F.);
#1476 = EDGE_CURVE('',#1477,#1324,#1479,.T.);
#1477 = VERTEX_POINT('',#1478);
#1478 = CARTESIAN_POINT('',(-215.6920833638,112.75742199652,
    795.3416868837));
#1479 = SURFACE_CURVE('',#1480,(#1484,#1491),.PCURVE_S1.);
#1480 = LINE('',#1481,#1482);
#1481 = CARTESIAN_POINT('',(-208.7764198562,120.16706146897,
    798.30554267268));
#1482 = VECTOR('',#1483,1.);
#1483 = DIRECTION('',(-0.654892377615,-0.701670404587,-0.280668161835));
#1484 = PCURVE('',#721,#1485);
#1485 = DEFINITIONAL_REPRESENTATION('',(#1486),#1490);
#1486 = LINE('',#1487,#1488);
#1487 = CARTESIAN_POINT('',(-2.84217094304E-14,61.44));
#1488 = VECTOR('',#1489,1.);
#1489 = DIRECTION('',(1.,0.));
#1490 = ( GEOMETRIC_REPRESENTATION_CONTEXT(2)
PARAMETRIC_REPRESENTATION_CONTEXT() REPRESENTATION_CONTEXT('2D SPACE',''
  ) );
#1491 = PCURVE('',#1492,#1497);
#1492 = CYLINDRICAL_SURFACE('',#1493,10.56);
#1493 = AXIS2_PLACEMENT_3D('',#1494,#1495,#1496);
#1494 = CARTESIAN_POINT('',(-206.75412696,122.33380385781,
    788.17000327597));
#1495 = DIRECTION('',(-0.654892377615,-0.701670404587,-0.280668161835));
#1496 = DIRECTION('',(-0.731055268243,0.68231825036,0.));
#1497 = DEFINITIONAL_REPRESENTATION('',(#1498),#1502);
#1498 = LINE('',#1499,#1500);
#1499 = CARTESIAN_POINT('',(-1.570796326795,0.));
#1500 = VECTOR('',#1501,1.);
#1501 = DIRECTION('',(-0.,1.));
#1502 = ( GEOMETRIC_REPRESENTATION_CONTEXT(2)
PARAMETRIC_REPRESENTATION_CONTEXT() REPRESENTATION_CONTEXT('2D SPACE',''
  ) );
#1503 = ORIENTED_EDGE('',*,*,#1504,.F.);
#1504 = EDGE_CURVE('',#899,#1477,#1505,.T.);
#1505 = SURFACE_CURVE('',#1506,(#1510,#1517),.PCURVE_S1.);
#1506 = LINE('',#1507,#1508);
#1507 = CARTESIAN_POINT('',(-170.776047683,70.835788694408,
    795.3416868837));
#1508 = VECTOR('',#1509,1.);
#1509 = DIRECTION('',(-0.731055268243,0.68231825036,0.));
#1510 = PCURVE('',#721,#1511);
#1511 = DEFINITIONAL_REPRESENTATION('',(#1512),#1516);
#1512 = LINE('',#1513,#1514);
#1513 = CARTESIAN_POINT('',(10.56,0.));
#1514 = VECTOR('',#1515,1.);
#1515 = DIRECTION('',(0.,1.));
#1516 = ( GEOMETRIC_REPRESENTATION_CONTEXT(2)
PARAMETRIC_REPRESENTATION_CONTEXT() REPRESENTATION_CONTEXT('2D SPACE',''
  ) );
#1517 = PCURVE('',#1518,#1523);
#1518 = CYLINDRICAL_SURFACE('',#1519,10.56);
#1519 = AXIS2_PLACEMENT_3D('',#1520,#1521,#1522);
#1520 = CARTESIAN_POINT('',(-168.7537547867,73.002531083252,
    785.20614748699));
#1521 = DIRECTION('',(-0.731055268243,0.68231825036,0.));
#1522 = DIRECTION('',(-0.191505009115,-0.205183938338,0.959804867112));
#1523 = DEFINITIONAL_REPRESENTATION('',(#1524),#1528);
#1524 = LINE('',#1525,#1526);
#1525 = CARTESIAN_POINT('',(0.,0.));
#1526 = VECTOR('',#1527,1.);
#1527 = DIRECTION('',(0.,1.));
#1528 = ( GEOMETRIC_REPRESENTATION_CONTEXT(2)
PARAMETRIC_REPRESENTATION_CONTEXT() REPRESENTATION_CONTEXT('2D SPACE',''
  ) );
#1529 = ORIENTED_EDGE('',*,*,#927,.T.);
#1530 = FACE_BOUND('',#1531,.F.);
#1531 = EDGE_LOOP('',(#1532,#1550,#1566,#1582));
#1532 = ORIENTED_EDGE('',*,*,#1533,.F.);
#1533 = EDGE_CURVE('',#1534,#1536,#1538,.T.);
#1534 = VERTEX_POINT('',#1535);
#1535 = CARTESIAN_POINT('',(-163.8603841754,78.245428166852,
    798.30554267268));
#1536 = VERTEX_POINT('',#1537);
#1537 = CARTESIAN_POINT('',(-216.4963634889,127.37234219277,
    798.30554267268));
#1538 = SURFACE_CURVE('',#1539,(#1543),.PCURVE_S1.);
#1539 = LINE('',#1540,#1541);
#1540 = CARTESIAN_POINT('',(-163.8603841754,78.245428166852,
    798.30554267268));
#1541 = VECTOR('',#1542,1.);
#1542 = DIRECTION('',(-0.731055268243,0.68231825036,0.));
#1543 = PCURVE('',#721,#1544);
#1544 = DEFINITIONAL_REPRESENTATION('',(#1545),#1549);
#1545 = LINE('',#1546,#1547);
#1546 = CARTESIAN_POINT('',(0.,0.));
#1547 = VECTOR('',#1548,1.);
#1548 = DIRECTION('',(0.,1.));
#1549 = ( GEOMETRIC_REPRESENTATION_CONTEXT(2)
PARAMETRIC_REPRESENTATION_CONTEXT() REPRESENTATION_CONTEXT('2D SPACE',''
  ) );
#1550 = ORIENTED_EDGE('',*,*,#1551,.T.);
#1551 = EDGE_CURVE('',#1534,#1552,#1554,.T.);
#1552 = VERTEX_POINT('',#1553);
#1553 = CARTESIAN_POINT('',(-176.1429671126,65.085517876951,
    793.04157855672));
#1554 = SURFACE_CURVE('',#1555,(#1559),.PCURVE_S1.);
#1555 = LINE('',#1556,#1557);
#1556 = CARTESIAN_POINT('',(-163.8603841754,78.245428166852,
    798.30554267268));
#1557 = VECTOR('',#1558,1.);
#1558 = DIRECTION('',(-0.654892377615,-0.701670404587,-0.280668161835));
#1559 = PCURVE('',#721,#1560);
#1560 = DEFINITIONAL_REPRESENTATION('',(#1561),#1565);
#1561 = LINE('',#1562,#1563);
#1562 = CARTESIAN_POINT('',(0.,0.));
#1563 = VECTOR('',#1564,1.);
#1564 = DIRECTION('',(1.,0.));
#1565 = ( GEOMETRIC_REPRESENTATION_CONTEXT(2)
PARAMETRIC_REPRESENTATION_CONTEXT() REPRESENTATION_CONTEXT('2D SPACE',''
  ) );
#1566 = ORIENTED_EDGE('',*,*,#1567,.T.);
#1567 = EDGE_CURVE('',#1552,#1568,#1570,.T.);
#1568 = VERTEX_POINT('',#1569);
#1569 = CARTESIAN_POINT('',(-228.7789464261,114.21243190287,
    793.04157855672));
#1570 = SURFACE_CURVE('',#1571,(#1575),.PCURVE_S1.);
#1571 = LINE('',#1572,#1573);
#1572 = CARTESIAN_POINT('',(-176.1429671126,65.085517876951,
    793.04157855672));
#1573 = VECTOR('',#1574,1.);
#1574 = DIRECTION('',(-0.731055268243,0.68231825036,0.));
#1575 = PCURVE('',#721,#1576);
#1576 = DEFINITIONAL_REPRESENTATION('',(#1577),#1581);
#1577 = LINE('',#1578,#1579);
#1578 = CARTESIAN_POINT('',(18.755116652864,0.));
#1579 = VECTOR('',#1580,1.);
#1580 = DIRECTION('',(0.,1.));
#1581 = ( GEOMETRIC_REPRESENTATION_CONTEXT(2)
PARAMETRIC_REPRESENTATION_CONTEXT() REPRESENTATION_CONTEXT('2D SPACE',''
  ) );
#1582 = ORIENTED_EDGE('',*,*,#1583,.F.);
#1583 = EDGE_CURVE('',#1536,#1568,#1584,.T.);
#1584 = SURFACE_CURVE('',#1585,(#1589),.PCURVE_S1.);
#1585 = LINE('',#1586,#1587);
#1586 = CARTESIAN_POINT('',(-216.4963634889,127.37234219277,
    798.30554267268));
#1587 = VECTOR('',#1588,1.);
#1588 = DIRECTION('',(-0.654892377615,-0.701670404587,-0.280668161835));
#1589 = PCURVE('',#721,#1590);
#1590 = DEFINITIONAL_REPRESENTATION('',(#1591),#1595);
#1591 = LINE('',#1592,#1593);
#1592 = CARTESIAN_POINT('',(0.,72.));
#1593 = VECTOR('',#1594,1.);
#1594 = DIRECTION('',(1.,0.));
#1595 = ( GEOMETRIC_REPRESENTATION_CONTEXT(2)
PARAMETRIC_REPRESENTATION_CONTEXT() REPRESENTATION_CONTEXT('2D SPACE',''
  ) );
#1596 = ADVANCED_FACE('',(#1597),#769,.T.);
#1597 = FACE_BOUND('',#1598,.F.);
#1598 = EDGE_LOOP('',(#1599,#1600,#1623,#1670));
#1599 = ORIENTED_EDGE('',*,*,#732,.T.);
#1600 = ORIENTED_EDGE('',*,*,#1601,.T.);
#1601 = EDGE_CURVE('',#733,#1602,#1604,.T.);
#1602 = VERTEX_POINT('',#1603);
#1603 = CARTESIAN_POINT('',(-219.0367098972,109.17389356791,
    782.90603916001));
#1604 = SURFACE_CURVE('',#1605,(#1609,#1616),.PCURVE_S1.);
#1605 = LINE('',#1606,#1607);
#1606 = CARTESIAN_POINT('',(-174.1206742164,67.252260265796,
    782.90603916001));
#1607 = VECTOR('',#1608,1.);
#1608 = DIRECTION('',(-0.731055268243,0.68231825036,0.));
#1609 = PCURVE('',#769,#1610);
#1610 = DEFINITIONAL_REPRESENTATION('',(#1611),#1615);
#1611 = LINE('',#1612,#1613);
#1612 = CARTESIAN_POINT('',(-1.570796326795,0.));
#1613 = VECTOR('',#1614,1.);
#1614 = DIRECTION('',(-0.,1.));
#1615 = ( GEOMETRIC_REPRESENTATION_CONTEXT(2)
PARAMETRIC_REPRESENTATION_CONTEXT() REPRESENTATION_CONTEXT('2D SPACE',''
  ) );
#1616 = PCURVE('',#854,#1617);
#1617 = DEFINITIONAL_REPRESENTATION('',(#1618),#1622);
#1618 = LINE('',#1619,#1620);
#1619 = CARTESIAN_POINT('',(2.84217094304E-14,10.56));
#1620 = VECTOR('',#1621,1.);
#1621 = DIRECTION('',(1.,2.775557561563E-17));
#1622 = ( GEOMETRIC_REPRESENTATION_CONTEXT(2)
PARAMETRIC_REPRESENTATION_CONTEXT() REPRESENTATION_CONTEXT('2D SPACE',''
  ) );
#1623 = ORIENTED_EDGE('',*,*,#1624,.F.);
#1624 = EDGE_CURVE('',#1301,#1602,#1625,.T.);
#1625 = SURFACE_CURVE('',#1626,(#1634,#1646),.PCURVE_S1.);
#1626 = ( BOUNDED_CURVE() B_SPLINE_CURVE(6,(#1627,#1628,#1629,#1630,
#1631,#1632,#1633),.UNSPECIFIED.,.F.,.F.) B_SPLINE_CURVE_WITH_KNOTS((7,7
),(0.,1.570796326795),.PIECEWISE_BEZIER_KNOTS.) CURVE()
GEOMETRIC_REPRESENTATION_ITEM() RATIONAL_B_SPLINE_CURVE((1.031393471788,
    1.010025407661,0.997924642725,0.993958444137,0.997924642725,
1.010025407661,1.031393471788)) REPRESENTATION_ITEM('') );
#1627 = CARTESIAN_POINT('',(-214.1433392859,114.41679065151,
    796.00543434569));
#1628 = CARTESIAN_POINT('',(-215.9921505213,112.43592147062,
    795.21308667334));
#1629 = CARTESIAN_POINT('',(-217.6208905095,110.69084291191,
    793.57981729321));
#1630 = CARTESIAN_POINT('',(-218.8416702178,109.38286465298,
    791.26242379615));
#1631 = CARTESIAN_POINT('',(-219.5160297092,108.66033662652,
    788.50659082411));
#1632 = CARTESIAN_POINT('',(-219.5773431747,108.59464362776,
    785.61564165785));
#1633 = CARTESIAN_POINT('',(-219.0367098972,109.17389356791,
    782.90603916001));
#1634 = PCURVE('',#769,#1635);
#1635 = DEFINITIONAL_REPRESENTATION('',(#1636),#1645);
#1636 = B_SPLINE_CURVE_WITH_KNOTS('',7,(#1637,#1638,#1639,#1640,#1641,
    #1642,#1643,#1644),.UNSPECIFIED.,.F.,.F.,(8,8),(0.,1.570796326795),
  .PIECEWISE_BEZIER_KNOTS.);
#1637 = CARTESIAN_POINT('',(0.,61.44));
#1638 = CARTESIAN_POINT('',(-0.224398447986,61.44));
#1639 = CARTESIAN_POINT('',(-0.448800639355,61.44));
#1640 = CARTESIAN_POINT('',(-0.673196425682,61.44));
#1641 = CARTESIAN_POINT('',(-0.897599901113,61.44));
#1642 = CARTESIAN_POINT('',(-1.12199568744,61.44));
#1643 = CARTESIAN_POINT('',(-1.346397878809,61.44));
#1644 = CARTESIAN_POINT('',(-1.570796326795,61.44));
#1645 = ( GEOMETRIC_REPRESENTATION_CONTEXT(2)
PARAMETRIC_REPRESENTATION_CONTEXT() REPRESENTATION_CONTEXT('2D SPACE',''
  ) );
#1646 = PCURVE('',#1338,#1647);
#1647 = DEFINITIONAL_REPRESENTATION('',(#1648),#1669);
#1648 = B_SPLINE_CURVE_WITH_KNOTS('',10,(#1649,#1650,#1651,#1652,#1653,
    #1654,#1655,#1656,#1657,#1658,#1659,#1660,#1661,#1662,#1663,#1664,
    #1665,#1666,#1667,#1668),.UNSPECIFIED.,.F.,.F.,(11,9,11),(0.,
    0.785398163397,1.570796326795),.UNSPECIFIED.);
#1649 = CARTESIAN_POINT('',(-7.486051754291,6.046616913639));
#1650 = CARTESIAN_POINT('',(-7.483275951074,5.350335806131));
#1651 = CARTESIAN_POINT('',(-7.445473985028,4.66372840568));
#1652 = CARTESIAN_POINT('',(-7.322458623742,3.917629900271));
#1653 = CARTESIAN_POINT('',(-7.14870237871,3.178463584932));
#1654 = CARTESIAN_POINT('',(-6.968472721279,2.513809704886));
#1655 = CARTESIAN_POINT('',(-6.791924563031,1.919130034106));
#1656 = CARTESIAN_POINT('',(-6.582150000797,1.305648189274));
#1657 = CARTESIAN_POINT('',(-6.273185326058,0.549385679143));
#1658 = CARTESIAN_POINT('',(-5.81897529898,-0.3986463107));
#1659 = CARTESIAN_POINT('',(-4.727614074782,-2.283552484626));
#1660 = CARTESIAN_POINT('',(-4.197994617181,-3.15663151654));
#1661 = CARTESIAN_POINT('',(-3.187181703999,-3.974104900592));
#1662 = CARTESIAN_POINT('',(-4.486077930685,-3.478846078085));
#1663 = CARTESIAN_POINT('',(-0.953556284311,-5.799917923701));
#1664 = CARTESIAN_POINT('',(-4.305313486373,-3.945464497919));
#1665 = CARTESIAN_POINT('',(-0.639566611533,-6.389386291756));
#1666 = CARTESIAN_POINT('',(-1.669934158426,-5.8427691768));
#1667 = CARTESIAN_POINT('',(-0.629928293242,-6.534103086899));
#1668 = CARTESIAN_POINT('',(-1.936516458995E-02,-6.886619448503));
#1669 = ( GEOMETRIC_REPRESENTATION_CONTEXT(2)
PARAMETRIC_REPRESENTATION_CONTEXT() REPRESENTATION_CONTEXT('2D SPACE',''
  ) );
#1670 = ORIENTED_EDGE('',*,*,#1300,.F.);
#1671 = ADVANCED_FACE('',(#1672),#854,.T.);
#1672 = FACE_BOUND('',#1673,.T.);
#1673 = EDGE_LOOP('',(#1674,#1675,#1676,#1704));
#1674 = ORIENTED_EDGE('',*,*,#838,.F.);
#1675 = ORIENTED_EDGE('',*,*,#1601,.T.);
#1676 = ORIENTED_EDGE('',*,*,#1677,.T.);
#1677 = EDGE_CURVE('',#1602,#1678,#1680,.T.);
#1678 = VERTEX_POINT('',#1679);
#1679 = CARTESIAN_POINT('',(-210.4419650881,118.3825487205,
    739.82999672402));
#1680 = SURFACE_CURVE('',#1681,(#1685,#1692),.PCURVE_S1.);
#1681 = LINE('',#1682,#1683);
#1682 = CARTESIAN_POINT('',(-221.0590027935,107.00715117907,
    793.04157855672));
#1683 = VECTOR('',#1684,1.);
#1684 = DIRECTION('',(0.191505009115,0.205183938338,-0.959804867112));
#1685 = PCURVE('',#854,#1686);
#1686 = DEFINITIONAL_REPRESENTATION('',(#1687),#1691);
#1687 = LINE('',#1688,#1689);
#1688 = CARTESIAN_POINT('',(61.44,0.));
#1689 = VECTOR('',#1690,1.);
#1690 = DIRECTION('',(2.775557561563E-17,1.));
#1691 = ( GEOMETRIC_REPRESENTATION_CONTEXT(2)
PARAMETRIC_REPRESENTATION_CONTEXT() REPRESENTATION_CONTEXT('2D SPACE',''
  ) );
#1692 = PCURVE('',#1693,#1698);
#1693 = CYLINDRICAL_SURFACE('',#1694,10.56);
#1694 = AXIS2_PLACEMENT_3D('',#1695,#1696,#1697);
#1695 = CARTESIAN_POINT('',(-214.1433392859,114.41679065151,
    796.00543434569));
#1696 = DIRECTION('',(0.191505009115,0.205183938338,-0.959804867112));
#1697 = DIRECTION('',(-0.731055268243,0.68231825036,0.));
#1698 = DEFINITIONAL_REPRESENTATION('',(#1699),#1703);
#1699 = LINE('',#1700,#1701);
#1700 = CARTESIAN_POINT('',(-1.570796326795,0.));
#1701 = VECTOR('',#1702,1.);
#1702 = DIRECTION('',(-0.,1.));
#1703 = ( GEOMETRIC_REPRESENTATION_CONTEXT(2)
PARAMETRIC_REPRESENTATION_CONTEXT() REPRESENTATION_CONTEXT('2D SPACE',''
  ) );
#1704 = ORIENTED_EDGE('',*,*,#1705,.F.);
#1705 = EDGE_CURVE('',#839,#1678,#1706,.T.);
#1706 = SURFACE_CURVE('',#1707,(#1711,#1718),.PCURVE_S1.);
#1707 = LINE('',#1708,#1709);
#1708 = CARTESIAN_POINT('',(-165.5259294073,76.460915418383,
    739.82999672402));
#1709 = VECTOR('',#1710,1.);
#1710 = DIRECTION('',(-0.731055268243,0.68231825036,0.));
#1711 = PCURVE('',#854,#1712);
#1712 = DEFINITIONAL_REPRESENTATION('',(#1713),#1717);
#1713 = LINE('',#1714,#1715);
#1714 = CARTESIAN_POINT('',(2.84217094304E-14,55.44));
#1715 = VECTOR('',#1716,1.);
#1716 = DIRECTION('',(1.,2.775557561563E-17));
#1717 = ( GEOMETRIC_REPRESENTATION_CONTEXT(2)
PARAMETRIC_REPRESENTATION_CONTEXT() REPRESENTATION_CONTEXT('2D SPACE',''
  ) );
#1718 = PCURVE('',#1719,#1724);
#1719 = CYLINDRICAL_SURFACE('',#1720,10.56);
#1720 = AXIS2_PLACEMENT_3D('',#1721,#1722,#1723);
#1721 = CARTESIAN_POINT('',(-158.6102658997,83.870554890827,
    742.793852513));
#1722 = DIRECTION('',(-0.731055268243,0.68231825036,0.));
#1723 = DIRECTION('',(0.191505009115,0.205183938338,-0.959804867112));
#1724 = DEFINITIONAL_REPRESENTATION('',(#1725),#1729);
#1725 = LINE('',#1726,#1727);
#1726 = CARTESIAN_POINT('',(1.570796326795,0.));
#1727 = VECTOR('',#1728,1.);
#1728 = DIRECTION('',(0.,1.));
#1729 = ( GEOMETRIC_REPRESENTATION_CONTEXT(2)
PARAMETRIC_REPRESENTATION_CONTEXT() REPRESENTATION_CONTEXT('2D SPACE',''
  ) );
#1730 = ADVANCED_FACE('',(#1731),#881,.T.);
#1731 = FACE_BOUND('',#1732,.F.);
#1732 = EDGE_LOOP('',(#1733,#1734,#1754));
#1733 = ORIENTED_EDGE('',*,*,#1051,.F.);
#1734 = ORIENTED_EDGE('',*,*,#1735,.T.);
#1735 = EDGE_CURVE('',#1024,#839,#1736,.T.);
#1736 = SURFACE_CURVE('',#1737,(#1742,#1748),.PCURVE_S1.);
#1737 = CIRCLE('',#1738,10.56);
#1738 = AXIS2_PLACEMENT_3D('',#1739,#1740,#1741);
#1739 = CARTESIAN_POINT('',(-166.3302095323,91.075835614629,
    742.793852513));
#1740 = DIRECTION('',(-0.731055268243,0.68231825036,9.159339953158E-16)
  );
#1741 = DIRECTION('',(-0.654892377615,-0.701670404587,-0.280668161835));
#1742 = PCURVE('',#881,#1743);
#1743 = DEFINITIONAL_REPRESENTATION('',(#1744),#1747);
#1744 = B_SPLINE_CURVE_WITH_KNOTS('',1,(#1745,#1746),.UNSPECIFIED.,.F.,
  .F.,(2,2),(4.712388980385,6.28318530718),.PIECEWISE_BEZIER_KNOTS.);
#1745 = CARTESIAN_POINT('',(-1.570796326795,-1.570796326795));
#1746 = CARTESIAN_POINT('',(-1.570796326795,0.));
#1747 = ( GEOMETRIC_REPRESENTATION_CONTEXT(2)
PARAMETRIC_REPRESENTATION_CONTEXT() REPRESENTATION_CONTEXT('2D SPACE',''
  ) );
#1748 = PCURVE('',#1719,#1749);
#1749 = DEFINITIONAL_REPRESENTATION('',(#1750),#1753);
#1750 = B_SPLINE_CURVE_WITH_KNOTS('',1,(#1751,#1752),.UNSPECIFIED.,.F.,
  .F.,(2,2),(4.712388980385,6.28318530718),.PIECEWISE_BEZIER_KNOTS.);
#1751 = CARTESIAN_POINT('',(0.,10.56));
#1752 = CARTESIAN_POINT('',(1.570796326795,10.56));
#1753 = ( GEOMETRIC_REPRESENTATION_CONTEXT(2)
PARAMETRIC_REPRESENTATION_CONTEXT() REPRESENTATION_CONTEXT('2D SPACE',''
  ) );
#1754 = ORIENTED_EDGE('',*,*,#866,.F.);
#1755 = ADVANCED_FACE('',(#1756),#915,.T.);
#1756 = FACE_BOUND('',#1757,.T.);
#1757 = EDGE_LOOP('',(#1758,#1759,#1779));
#1758 = ORIENTED_EDGE('',*,*,#1075,.F.);
#1759 = ORIENTED_EDGE('',*,*,#1760,.T.);
#1760 = EDGE_CURVE('',#1076,#899,#1761,.T.);
#1761 = SURFACE_CURVE('',#1762,(#1767,#1773),.PCURVE_S1.);
#1762 = CIRCLE('',#1763,10.56);
#1763 = AXIS2_PLACEMENT_3D('',#1764,#1765,#1766);
#1764 = CARTESIAN_POINT('',(-176.4736984194,80.207811807054,
    785.20614748699));
#1765 = DIRECTION('',(0.731055268243,-0.68231825036,-1.498801083244E-15)
  );
#1766 = DIRECTION('',(-0.191505009115,-0.205183938338,0.959804867112));
#1767 = PCURVE('',#915,#1768);
#1768 = DEFINITIONAL_REPRESENTATION('',(#1769),#1772);
#1769 = B_SPLINE_CURVE_WITH_KNOTS('',1,(#1770,#1771),.UNSPECIFIED.,.F.,
  .F.,(2,2),(4.712388980385,6.28318530718),.PIECEWISE_BEZIER_KNOTS.);
#1770 = CARTESIAN_POINT('',(1.570796326795,-1.570796326795));
#1771 = CARTESIAN_POINT('',(1.570796326795,0.));
#1772 = ( GEOMETRIC_REPRESENTATION_CONTEXT(2)
PARAMETRIC_REPRESENTATION_CONTEXT() REPRESENTATION_CONTEXT('2D SPACE',''
  ) );
#1773 = PCURVE('',#1518,#1774);
#1774 = DEFINITIONAL_REPRESENTATION('',(#1775),#1778);
#1775 = B_SPLINE_CURVE_WITH_KNOTS('',1,(#1776,#1777),.UNSPECIFIED.,.F.,
  .F.,(2,2),(4.712388980385,6.28318530718),.PIECEWISE_BEZIER_KNOTS.);
#1776 = CARTESIAN_POINT('',(1.570796326795,10.56));
#1777 = CARTESIAN_POINT('',(0.,10.56));
#1778 = ( GEOMETRIC_REPRESENTATION_CONTEXT(2)
PARAMETRIC_REPRESENTATION_CONTEXT() REPRESENTATION_CONTEXT('2D SPACE',''
  ) );
#1779 = ORIENTED_EDGE('',*,*,#898,.F.);
#1780 = ADVANCED_FACE('',(#1781,#2008),#1039,.T.);
#1781 = FACE_BOUND('',#1782,.T.);
#1782 = EDGE_LOOP('',(#1783,#1784,#1785,#1808,#1836,#1987));
#1783 = ORIENTED_EDGE('',*,*,#1229,.F.);
#1784 = ORIENTED_EDGE('',*,*,#1023,.T.);
#1785 = ORIENTED_EDGE('',*,*,#1786,.T.);
#1786 = EDGE_CURVE('',#1024,#1787,#1789,.T.);
#1787 = VERTEX_POINT('',#1788);
#1788 = CARTESIAN_POINT('',(-201.5040086843,127.95893058179,
    732.65831311629));
#1789 = SURFACE_CURVE('',#1790,(#1794,#1801),.PCURVE_S1.);
#1790 = LINE('',#1791,#1792);
#1791 = CARTESIAN_POINT('',(-156.5879730034,86.037297279671,
    732.65831311629));
#1792 = VECTOR('',#1793,1.);
#1793 = DIRECTION('',(-0.731055268243,0.68231825036,0.));
#1794 = PCURVE('',#1039,#1795);
#1795 = DEFINITIONAL_REPRESENTATION('',(#1796),#1800);
#1796 = LINE('',#1797,#1798);
#1797 = CARTESIAN_POINT('',(8.195116652864,-2.84217094304E-14));
#1798 = VECTOR('',#1799,1.);
#1799 = DIRECTION('',(0.,1.));
#1800 = ( GEOMETRIC_REPRESENTATION_CONTEXT(2)
PARAMETRIC_REPRESENTATION_CONTEXT() REPRESENTATION_CONTEXT('2D SPACE',''
  ) );
#1801 = PCURVE('',#1719,#1802);
#1802 = DEFINITIONAL_REPRESENTATION('',(#1803),#1807);
#1803 = LINE('',#1804,#1805);
#1804 = CARTESIAN_POINT('',(0.,0.));
#1805 = VECTOR('',#1806,1.);
#1806 = DIRECTION('',(0.,1.));
#1807 = ( GEOMETRIC_REPRESENTATION_CONTEXT(2)
PARAMETRIC_REPRESENTATION_CONTEXT() REPRESENTATION_CONTEXT('2D SPACE',''
  ) );
#1808 = ORIENTED_EDGE('',*,*,#1809,.F.);
#1809 = EDGE_CURVE('',#1810,#1787,#1812,.T.);
#1810 = VERTEX_POINT('',#1811);
#1811 = CARTESIAN_POINT('',(-196.1370892546,133.70920139924,
    734.95842144327));
#1812 = SURFACE_CURVE('',#1813,(#1817,#1824),.PCURVE_S1.);
#1813 = LINE('',#1814,#1815);
#1814 = CARTESIAN_POINT('',(-196.1370892546,133.70920139924,
    734.95842144327));
#1815 = VECTOR('',#1816,1.);
#1816 = DIRECTION('',(-0.654892377615,-0.701670404587,-0.280668161835));
#1817 = PCURVE('',#1039,#1818);
#1818 = DEFINITIONAL_REPRESENTATION('',(#1819),#1823);
#1819 = LINE('',#1820,#1821);
#1820 = CARTESIAN_POINT('',(-2.84217094304E-14,61.44));
#1821 = VECTOR('',#1822,1.);
#1822 = DIRECTION('',(1.,0.));
#1823 = ( GEOMETRIC_REPRESENTATION_CONTEXT(2)
PARAMETRIC_REPRESENTATION_CONTEXT() REPRESENTATION_CONTEXT('2D SPACE',''
  ) );
#1824 = PCURVE('',#1825,#1830);
#1825 = CYLINDRICAL_SURFACE('',#1826,10.56);
#1826 = AXIS2_PLACEMENT_3D('',#1827,#1828,#1829);
#1827 = CARTESIAN_POINT('',(-198.1593821509,131.5424590104,
    745.09396083998));
#1828 = DIRECTION('',(-0.654892377615,-0.701670404587,-0.280668161835));
#1829 = DIRECTION('',(-0.731055268243,0.68231825036,0.));
#1830 = DEFINITIONAL_REPRESENTATION('',(#1831),#1835);
#1831 = LINE('',#1832,#1833);
#1832 = CARTESIAN_POINT('',(1.570796326795,0.));
#1833 = VECTOR('',#1834,1.);
#1834 = DIRECTION('',(0.,1.));
#1835 = ( GEOMETRIC_REPRESENTATION_CONTEXT(2)
PARAMETRIC_REPRESENTATION_CONTEXT() REPRESENTATION_CONTEXT('2D SPACE',''
  ) );
#1836 = ORIENTED_EDGE('',*,*,#1837,.T.);
#1837 = EDGE_CURVE('',#1810,#1838,#1840,.T.);
#1838 = VERTEX_POINT('',#1839);
#1839 = CARTESIAN_POINT('',(-203.0527527622,126.2995619268,
    731.9945656543));
#1840 = SURFACE_CURVE('',#1841,(#1845,#1851),.PCURVE_S1.);
#1841 = LINE('',#1842,#1843);
#1842 = CARTESIAN_POINT('',(-196.1370892546,133.70920139924,
    734.95842144327));
#1843 = VECTOR('',#1844,1.);
#1844 = DIRECTION('',(-0.654892377615,-0.701670404587,-0.280668161835));
#1845 = PCURVE('',#1039,#1846);
#1846 = DEFINITIONAL_REPRESENTATION('',(#1847),#1850);
#1847 = B_SPLINE_CURVE_WITH_KNOTS('',1,(#1848,#1849),.UNSPECIFIED.,.F.,
  .F.,(2,2),(0.,10.56),.PIECEWISE_BEZIER_KNOTS.);
#1848 = CARTESIAN_POINT('',(0.,61.44));
#1849 = CARTESIAN_POINT('',(10.56,61.44));
#1850 = ( GEOMETRIC_REPRESENTATION_CONTEXT(2)
PARAMETRIC_REPRESENTATION_CONTEXT() REPRESENTATION_CONTEXT('2D SPACE',''
  ) );
#1851 = PCURVE('',#1852,#1934);
#1852 = B_SPLINE_SURFACE_WITH_KNOTS('',8,8,(
    (#1853,#1854,#1855,#1856,#1857,#1858,#1859,#1860,#1861)
    ,(#1862,#1863,#1864,#1865,#1866,#1867,#1868,#1869,#1870)
    ,(#1871,#1872,#1873,#1874,#1875,#1876,#1877,#1878,#1879)
    ,(#1880,#1881,#1882,#1883,#1884,#1885,#1886,#1887,#1888)
    ,(#1889,#1890,#1891,#1892,#1893,#1894,#1895,#1896,#1897)
    ,(#1898,#1899,#1900,#1901,#1902,#1903,#1904,#1905,#1906)
    ,(#1907,#1908,#1909,#1910,#1911,#1912,#1913,#1914,#1915)
    ,(#1916,#1917,#1918,#1919,#1920,#1921,#1922,#1923,#1924)
    ,(#1925,#1926,#1927,#1928,#1929,#1930,#1931,#1932,#1933
  )),.UNSPECIFIED.,.F.,.F.,.F.,(9,9),(9,9),(-8.213752370263,
    8.213752370263),(-7.611810536451,6.614520186111),
  .PIECEWISE_BEZIER_KNOTS.);
#1853 = CARTESIAN_POINT('',(-202.8525975243,136.29068964794,
    750.3248418193));
#1854 = CARTESIAN_POINT('',(-203.9999826823,138.42356488727,
    748.16173693632));
#1855 = CARTESIAN_POINT('',(-205.1610437424,140.38088992249,
    746.07274353289));
#1856 = CARTESIAN_POINT('',(-206.4231471188,141.04075756438,
    744.53159261109));
#1857 = CARTESIAN_POINT('',(-208.3818095095,132.75307941671,
    746.7687948078));
#1858 = CARTESIAN_POINT('',(-209.4846319707,135.45995385773,
    744.36325744583));
#1859 = CARTESIAN_POINT('',(-211.0202093452,132.60519584719,
    744.30629080541));
#1860 = CARTESIAN_POINT('',(-212.4050108729,131.6900442666,
    743.43022835027));
#1861 = CARTESIAN_POINT('',(-213.8455643056,130.05736184042,
    742.85719218202));
#1862 = CARTESIAN_POINT('',(-201.4598043368,136.28165005373,
    748.64248061387));
#1863 = CARTESIAN_POINT('',(-202.593056769,138.59605272021,
    746.40271729484));
#1864 = CARTESIAN_POINT('',(-203.6224342853,142.24468238385,
    743.5995216614));
#1865 = CARTESIAN_POINT('',(-204.9644126397,141.8790403656,
    742.49138207176));
#1866 = CARTESIAN_POINT('',(-206.1418522243,143.62389179771,
    740.49211605873));
#1867 = CARTESIAN_POINT('',(-208.5137417018,130.03365712676,
    744.96844080399));
#1868 = CARTESIAN_POINT('',(-209.3595217847,136.03586499266,
    741.17142019129));
#1869 = CARTESIAN_POINT('',(-210.8345065285,133.96365684233,
    740.78393314297));
#1870 = CARTESIAN_POINT('',(-212.2611320518,132.50979755321,
    740.1353851054));
#1871 = CARTESIAN_POINT('',(-200.2401331993,134.04879950541,
    747.89920836639));
#1872 = CARTESIAN_POINT('',(-201.3400717776,136.79082800665,
    745.47882956366));
#1873 = CARTESIAN_POINT('',(-201.8304846793,147.3647548998,
    739.75092481834));
#1874 = CARTESIAN_POINT('',(-203.3716831583,144.43374868303,
    739.72699573549));
#1875 = CARTESIAN_POINT('',(-203.0020387292,166.05884654057,
    729.33152409215));
#1876 = CARTESIAN_POINT('',(-208.9065296635,107.08587080098,
    752.97293004719));
#1877 = CARTESIAN_POINT('',(-207.6924738029,139.55186964626,
    738.00042066246));
#1878 = CARTESIAN_POINT('',(-209.4949285887,133.27053868292,
    739.390438028));
#1879 = CARTESIAN_POINT('',(-210.858548215,132.62635690509,
    738.39997525652));
#1880 = CARTESIAN_POINT('',(-199.6276818112,124.01856316169,
    750.44849189203));
#1881 = CARTESIAN_POINT('',(-201.517811308,116.61225515193,
    752.3136709493));
#1882 = CARTESIAN_POINT('',(-206.2965672093,72.092262618907,
    769.8521717708));
#1883 = CARTESIAN_POINT('',(-207.3637585965,75.281536928115,
    767.23965599419));
#1884 = CARTESIAN_POINT('',(-202.8738129634,149.79330135101,
    734.51627516696));
#1885 = CARTESIAN_POINT('',(-202.6711562608,169.27789727687,
    725.02341516022));
#1886 = CARTESIAN_POINT('',(-207.2714311255,127.06261153393,
    741.58824683228));
#1887 = CARTESIAN_POINT('',(-208.2232642425,131.70596664246,
    738.36493555571));
#1888 = CARTESIAN_POINT('',(-209.5946373226,130.96172926432,
    737.41673726051));
#1889 = CARTESIAN_POINT('',(-196.9679711739,140.27809505806,
    741.89651586354));
#1890 = CARTESIAN_POINT('',(-197.0060455587,156.65941599284,
    733.71650295119));
#1891 = CARTESIAN_POINT('',(-193.1737630343,222.77358098365,
    704.53367007067));
#1892 = CARTESIAN_POINT('',(-195.9788298535,203.56123960869,
    711.38821350109));
#1893 = CARTESIAN_POINT('',(-197.6537215355,198.97722408618,
    712.05710199575));
#1894 = CARTESIAN_POINT('',(-211.4960139536,38.027041350828,
    778.76285427096));
#1895 = CARTESIAN_POINT('',(-203.8916410845,152.57205636858,
    729.12999003694));
#1896 = CARTESIAN_POINT('',(-206.917532813,130.57887067474,
    737.15467952617));
#1897 = CARTESIAN_POINT('',(-208.2495061615,130.34092662573,
    735.99267830113));
#1898 = CARTESIAN_POINT('',(-196.9485750301,122.63296940783,
    747.66122715334));
#1899 = CARTESIAN_POINT('',(-198.8385544671,115.22658379237,
    749.52625009238));
#1900 = CARTESIAN_POINT('',(-203.6171140613,70.706489684893,
    767.06454670981));
#1901 = CARTESIAN_POINT('',(-204.6854537821,73.896357925204,
    764.45322556535));
#1902 = CARTESIAN_POINT('',(-200.1938348838,148.40725699372,
    731.72810398671));
#1903 = CARTESIAN_POINT('',(-199.992549964,167.89256232208,
    722.23667109831));
#1904 = CARTESIAN_POINT('',(-204.5922015804,125.67695428812,
    738.80085437906));
#1905 = CARTESIAN_POINT('',(-205.5441475952,130.3203677711,
    735.57766055512));
#1906 = CARTESIAN_POINT('',(-206.9155319294,129.57613621329,
    734.62947396843));
#1907 = CARTESIAN_POINT('',(-194.8819312108,131.27761794559,
    742.32469093716));
#1908 = CARTESIAN_POINT('',(-195.9818843967,134.01965400047,
    739.90432733165));
#1909 = CARTESIAN_POINT('',(-196.4723453122,144.59360576828,
    734.17647251388));
#1910 = CARTESIAN_POINT('',(-198.0131769908,141.66240978504,
    734.15216188249));
#1911 = CARTESIAN_POINT('',(-197.6440559599,163.28777838319,
    723.75723469483));
#1912 = CARTESIAN_POINT('',(-203.5482193239,104.31463320928,
    747.39829991084));
#1913 = CARTESIAN_POINT('',(-202.3342419343,136.78067264166,
    732.42587213933));
#1914 = CARTESIAN_POINT('',(-204.1367150882,130.49935118178,
    733.81590861931));
#1915 = CARTESIAN_POINT('',(-205.5003263355,129.85516507039,
    732.82543713044));
#1916 = CARTESIAN_POINT('',(-193.4225001482,132.12487710266,
    740.28070321341));
#1917 = CARTESIAN_POINT('',(-194.5557167227,134.43926122494,
    738.04090258867));
#1918 = CARTESIAN_POINT('',(-195.5850680408,138.08787733375,
    735.23767970285));
#1919 = CARTESIAN_POINT('',(-196.927048422,137.72223638519,
    734.12954220993));
#1920 = CARTESIAN_POINT('',(-198.1045966643,139.46714398199,
    732.13038925809));
#1921 = CARTESIAN_POINT('',(-200.4762628581,125.8767938628,
    736.60648168986));
#1922 = CARTESIAN_POINT('',(-201.3222795209,131.87912406362,
    732.80970721736));
#1923 = CARTESIAN_POINT('',(-202.7971454668,129.80685447914,
    732.42209657253));
#1924 = CARTESIAN_POINT('',(-204.2237872975,128.35300362401,
    731.77356550064));
#1925 = CARTESIAN_POINT('',(-192.1361900593,130.74832474011,
    739.17580332944));
#1926 = CARTESIAN_POINT('',(-193.2835370833,132.88118025852,
    737.01265877229));
#1927 = CARTESIAN_POINT('',(-194.4445707334,134.83849111202,
    734.92363685584));
#1928 = CARTESIAN_POINT('',(-195.7066669309,135.49835506493,
    733.38247845274));
#1929 = CARTESIAN_POINT('',(-197.6653975353,127.21071216586,
    735.61975163245));
#1930 = CARTESIAN_POINT('',(-198.7681126058,129.91753108928,
    733.21410253312));
#1931 = CARTESIAN_POINT('',(-200.3037980779,127.06282897436,
    733.15724835931));
#1932 = CARTESIAN_POINT('',(-201.6885408812,126.14764702453,
    732.28112480787));
#1933 = CARTESIAN_POINT('',(-203.1291075389,124.51497143785,
    731.70810239861));
#1934 = DEFINITIONAL_REPRESENTATION('',(#1935),#1986);
#1935 = B_SPLINE_CURVE_WITH_KNOTS('',9,(#1936,#1937,#1938,#1939,#1940,
    #1941,#1942,#1943,#1944,#1945,#1946,#1947,#1948,#1949,#1950,#1951,
    #1952,#1953,#1954,#1955,#1956,#1957,#1958,#1959,#1960,#1961,#1962,
    #1963,#1964,#1965,#1966,#1967,#1968,#1969,#1970,#1971,#1972,#1973,
    #1974,#1975,#1976,#1977,#1978,#1979,#1980,#1981,#1982,#1983,#1984,
    #1985),.UNSPECIFIED.,.F.,.F.,(10,8,8,8,8,8,10),(0.,0.66,1.32,2.64,
    5.28,7.92,10.56),.UNSPECIFIED.);
#1936 = CARTESIAN_POINT('',(7.46704760933,-2.568850207222));
#1937 = CARTESIAN_POINT('',(7.46704760933,-2.501156972608));
#1938 = CARTESIAN_POINT('',(7.46704760933,-2.27153703043));
#1939 = CARTESIAN_POINT('',(7.46704760933,-2.073630567004));
#1940 = CARTESIAN_POINT('',(7.467047609331,-2.408269365049));
#1941 = CARTESIAN_POINT('',(7.46704760933,-2.073548730051));
#1942 = CARTESIAN_POINT('',(7.467047609331,-2.143130067914));
#1943 = CARTESIAN_POINT('',(7.46704760933,-2.018607170366));
#1944 = CARTESIAN_POINT('',(7.46704760933,-1.964387460914));
#1945 = CARTESIAN_POINT('',(7.46704760933,-1.843642993535));
#1946 = CARTESIAN_POINT('',(7.46704760933,-1.784846867365));
#1947 = CARTESIAN_POINT('',(7.46704760933,-1.726898920147));
#1948 = CARTESIAN_POINT('',(7.467047609331,-1.669286870355));
#1949 = CARTESIAN_POINT('',(7.46704760933,-1.611714083511));
#1950 = CARTESIAN_POINT('',(7.467047609331,-1.554099572183));
#1951 = CARTESIAN_POINT('',(7.46704760933,-1.49657799598));
#1952 = CARTESIAN_POINT('',(7.46704760933,-1.439499661559));
#1953 = CARTESIAN_POINT('',(7.46704760933,-1.271292244748));
#1954 = CARTESIAN_POINT('',(7.46704760933,-1.160645747267));
#1955 = CARTESIAN_POINT('',(7.46704760933,-1.051329489131));
#1956 = CARTESIAN_POINT('',(7.46704760933,-0.943181929293));
#1957 = CARTESIAN_POINT('',(7.46704760933,-0.836041526705));
#1958 = CARTESIAN_POINT('',(7.46704760933,-0.729746740321));
#1959 = CARTESIAN_POINT('',(7.46704760933,-0.624136029093));
#1960 = CARTESIAN_POINT('',(7.46704760933,-0.519047851972));
#1961 = CARTESIAN_POINT('',(7.46704760933,-0.204866299793));
#1962 = CARTESIAN_POINT('',(7.46704760933,3.245829084649E-03));
#1963 = CARTESIAN_POINT('',(7.46704760933,0.210830189587));
#1964 = CARTESIAN_POINT('',(7.46704760933,0.418701252583));
#1965 = CARTESIAN_POINT('',(7.46704760933,0.62767348894));
#1966 = CARTESIAN_POINT('',(7.467047609331,0.838561369527));
#1967 = CARTESIAN_POINT('',(7.46704760933,1.052179365211));
#1968 = CARTESIAN_POINT('',(7.46704760933,1.26934194686));
#1969 = CARTESIAN_POINT('',(7.46704760933,1.712385223825));
#1970 = CARTESIAN_POINT('',(7.46704760933,1.937849137886));
#1971 = CARTESIAN_POINT('',(7.467047609331,2.168368306622));
#1972 = CARTESIAN_POINT('',(7.467047609329,2.404667849009));
#1973 = CARTESIAN_POINT('',(7.467047609331,2.647085023904));
#1974 = CARTESIAN_POINT('',(7.46704760933,2.89556923004));
#1975 = CARTESIAN_POINT('',(7.46704760933,3.149682006032));
#1976 = CARTESIAN_POINT('',(7.46704760933,3.408597030372));
#1977 = CARTESIAN_POINT('',(7.46704760933,3.933603212493));
#1978 = CARTESIAN_POINT('',(7.467047609331,4.210056586378));
#1979 = CARTESIAN_POINT('',(7.467047609329,4.417735334403));
#1980 = CARTESIAN_POINT('',(7.467047609332,4.843997389168));
#1981 = CARTESIAN_POINT('',(7.467047609329,4.853487308924));
#1982 = CARTESIAN_POINT('',(7.467047609331,5.377307797509));
#1983 = CARTESIAN_POINT('',(7.46704760933,5.457580220654));
#1984 = CARTESIAN_POINT('',(7.46704760933,5.768784200273));
#1985 = CARTESIAN_POINT('',(7.46704760933,6.013200169192));
#1986 = ( GEOMETRIC_REPRESENTATION_CONTEXT(2)
PARAMETRIC_REPRESENTATION_CONTEXT() REPRESENTATION_CONTEXT('2D SPACE',''
  ) );
#1987 = ORIENTED_EDGE('',*,*,#1988,.F.);
#1988 = EDGE_CURVE('',#1178,#1838,#1989,.T.);
#1989 = SURFACE_CURVE('',#1990,(#1994,#2001),.PCURVE_S1.);
#1990 = LINE('',#1991,#1992);
#1991 = CARTESIAN_POINT('',(-158.1367170814,84.377928624684,
    731.9945656543));
#1992 = VECTOR('',#1993,1.);
#1993 = DIRECTION('',(-0.731055268243,0.68231825036,0.));
#1994 = PCURVE('',#1039,#1995);
#1995 = DEFINITIONAL_REPRESENTATION('',(#1996),#2000);
#1996 = LINE('',#1997,#1998);
#1997 = CARTESIAN_POINT('',(10.56,0.));
#1998 = VECTOR('',#1999,1.);
#1999 = DIRECTION('',(0.,1.));
#2000 = ( GEOMETRIC_REPRESENTATION_CONTEXT(2)
PARAMETRIC_REPRESENTATION_CONTEXT() REPRESENTATION_CONTEXT('2D SPACE',''
  ) );
#2001 = PCURVE('',#1212,#2002);
#2002 = DEFINITIONAL_REPRESENTATION('',(#2003),#2007);
#2003 = LINE('',#2004,#2005);
#2004 = CARTESIAN_POINT('',(-0.,0.));
#2005 = VECTOR('',#2006,1.);
#2006 = DIRECTION('',(-0.,1.));
#2007 = ( GEOMETRIC_REPRESENTATION_CONTEXT(2)
PARAMETRIC_REPRESENTATION_CONTEXT() REPRESENTATION_CONTEXT('2D SPACE',''
  ) );
#2008 = FACE_BOUND('',#2009,.T.);
#2009 = EDGE_LOOP('',(#2010,#2028,#2044,#2060));
#2010 = ORIENTED_EDGE('',*,*,#2011,.F.);
#2011 = EDGE_CURVE('',#2012,#2014,#2016,.T.);
#2012 = VERTEX_POINT('',#2013);
#2013 = CARTESIAN_POINT('',(-151.2210535738,91.787568097128,
    734.95842144327));
#2014 = VERTEX_POINT('',#2015);
#2015 = CARTESIAN_POINT('',(-203.8570328873,140.91448212304,
    734.95842144327));
#2016 = SURFACE_CURVE('',#2017,(#2021),.PCURVE_S1.);
#2017 = LINE('',#2018,#2019);
#2018 = CARTESIAN_POINT('',(-151.2210535738,91.787568097128,
    734.95842144327));
#2019 = VECTOR('',#2020,1.);
#2020 = DIRECTION('',(-0.731055268243,0.68231825036,0.));
#2021 = PCURVE('',#1039,#2022);
#2022 = DEFINITIONAL_REPRESENTATION('',(#2023),#2027);
#2023 = LINE('',#2024,#2025);
#2024 = CARTESIAN_POINT('',(0.,0.));
#2025 = VECTOR('',#2026,1.);
#2026 = DIRECTION('',(0.,1.));
#2027 = ( GEOMETRIC_REPRESENTATION_CONTEXT(2)
PARAMETRIC_REPRESENTATION_CONTEXT() REPRESENTATION_CONTEXT('2D SPACE',''
  ) );
#2028 = ORIENTED_EDGE('',*,*,#2029,.T.);
#2029 = EDGE_CURVE('',#2012,#2030,#2032,.T.);
#2030 = VERTEX_POINT('',#2031);
#2031 = CARTESIAN_POINT('',(-163.503636511,78.627657807227,
    729.69445732731));
#2032 = SURFACE_CURVE('',#2033,(#2037),.PCURVE_S1.);
#2033 = LINE('',#2034,#2035);
#2034 = CARTESIAN_POINT('',(-151.2210535738,91.787568097128,
    734.95842144327));
#2035 = VECTOR('',#2036,1.);
#2036 = DIRECTION('',(-0.654892377615,-0.701670404587,-0.280668161835));
#2037 = PCURVE('',#1039,#2038);
#2038 = DEFINITIONAL_REPRESENTATION('',(#2039),#2043);
#2039 = LINE('',#2040,#2041);
#2040 = CARTESIAN_POINT('',(0.,0.));
#2041 = VECTOR('',#2042,1.);
#2042 = DIRECTION('',(1.,0.));
#2043 = ( GEOMETRIC_REPRESENTATION_CONTEXT(2)
PARAMETRIC_REPRESENTATION_CONTEXT() REPRESENTATION_CONTEXT('2D SPACE',''
  ) );
#2044 = ORIENTED_EDGE('',*,*,#2045,.T.);
#2045 = EDGE_CURVE('',#2030,#2046,#2048,.T.);
#2046 = VERTEX_POINT('',#2047);
#2047 = CARTESIAN_POINT('',(-216.1396158245,127.75457183314,
    729.69445732731));
#2048 = SURFACE_CURVE('',#2049,(#2053),.PCURVE_S1.);
#2049 = LINE('',#2050,#2051);
#2050 = CARTESIAN_POINT('',(-163.503636511,78.627657807227,
    729.69445732731));
#2051 = VECTOR('',#2052,1.);
#2052 = DIRECTION('',(-0.731055268243,0.68231825036,0.));
#2053 = PCURVE('',#1039,#2054);
#2054 = DEFINITIONAL_REPRESENTATION('',(#2055),#2059);
#2055 = LINE('',#2056,#2057);
#2056 = CARTESIAN_POINT('',(18.755116652864,0.));
#2057 = VECTOR('',#2058,1.);
#2058 = DIRECTION('',(0.,1.));
#2059 = ( GEOMETRIC_REPRESENTATION_CONTEXT(2)
PARAMETRIC_REPRESENTATION_CONTEXT() REPRESENTATION_CONTEXT('2D SPACE',''
  ) );
#2060 = ORIENTED_EDGE('',*,*,#2061,.F.);
#2061 = EDGE_CURVE('',#2014,#2046,#2062,.T.);
#2062 = SURFACE_CURVE('',#2063,(#2067),.PCURVE_S1.);
#2063 = LINE('',#2064,#2065);
#2064 = CARTESIAN_POINT('',(-203.8570328873,140.91448212304,
    734.95842144327));
#2065 = VECTOR('',#2066,1.);
#2066 = DIRECTION('',(-0.654892377615,-0.701670404587,-0.280668161835));
#2067 = PCURVE('',#1039,#2068);
#2068 = DEFINITIONAL_REPRESENTATION('',(#2069),#2073);
#2069 = LINE('',#2070,#2071);
#2070 = CARTESIAN_POINT('',(0.,72.));
#2071 = VECTOR('',#2072,1.);
#2072 = DIRECTION('',(1.,0.));
#2073 = ( GEOMETRIC_REPRESENTATION_CONTEXT(2)
PARAMETRIC_REPRESENTATION_CONTEXT() REPRESENTATION_CONTEXT('2D SPACE',''
  ) );
#2074 = ADVANCED_FACE('',(#2075),#1113,.F.);
#2075 = FACE_BOUND('',#2076,.F.);
#2076 = EDGE_LOOP('',(#2077,#2078,#2101,#2129));
#2077 = ORIENTED_EDGE('',*,*,#1097,.F.);
#2078 = ORIENTED_EDGE('',*,*,#2079,.T.);
#2079 = EDGE_CURVE('',#1076,#2080,#2082,.T.);
#2080 = VERTEX_POINT('',#2081);
#2081 = CARTESIAN_POINT('',(-206.75412696,122.33380385781,
    788.17000327597));
#2082 = SURFACE_CURVE('',#2083,(#2087,#2094),.PCURVE_S1.);
#2083 = LINE('',#2084,#2085);
#2084 = CARTESIAN_POINT('',(-161.8380912791,80.412170555696,
    788.17000327597));
#2085 = VECTOR('',#2086,1.);
#2086 = DIRECTION('',(-0.731055268243,0.68231825036,0.));
#2087 = PCURVE('',#1113,#2088);
#2088 = DEFINITIONAL_REPRESENTATION('',(#2089),#2093);
#2089 = LINE('',#2090,#2091);
#2090 = CARTESIAN_POINT('',(0.,10.56));
#2091 = VECTOR('',#2092,1.);
#2092 = DIRECTION('',(1.,2.775557561563E-17));
#2093 = ( GEOMETRIC_REPRESENTATION_CONTEXT(2)
PARAMETRIC_REPRESENTATION_CONTEXT() REPRESENTATION_CONTEXT('2D SPACE',''
  ) );
#2094 = PCURVE('',#1518,#2095);
#2095 = DEFINITIONAL_REPRESENTATION('',(#2096),#2100);
#2096 = LINE('',#2097,#2098);
#2097 = CARTESIAN_POINT('',(1.570796326795,0.));
#2098 = VECTOR('',#2099,1.);
#2099 = DIRECTION('',(0.,1.));
#2100 = ( GEOMETRIC_REPRESENTATION_CONTEXT(2)
PARAMETRIC_REPRESENTATION_CONTEXT() REPRESENTATION_CONTEXT('2D SPACE',''
  ) );
#2101 = ORIENTED_EDGE('',*,*,#2102,.T.);
#2102 = EDGE_CURVE('',#2080,#2103,#2105,.T.);
#2103 = VERTEX_POINT('',#2104);
#2104 = CARTESIAN_POINT('',(-198.1593821509,131.5424590104,
    745.09396083998));
#2105 = SURFACE_CURVE('',#2106,(#2110,#2117),.PCURVE_S1.);
#2106 = LINE('',#2107,#2108);
#2107 = CARTESIAN_POINT('',(-208.7764198562,120.16706146897,
    798.30554267268));
#2108 = VECTOR('',#2109,1.);
#2109 = DIRECTION('',(0.191505009115,0.205183938338,-0.959804867112));
#2110 = PCURVE('',#1113,#2111);
#2111 = DEFINITIONAL_REPRESENTATION('',(#2112),#2116);
#2112 = LINE('',#2113,#2114);
#2113 = CARTESIAN_POINT('',(61.44,0.));
#2114 = VECTOR('',#2115,1.);
#2115 = DIRECTION('',(2.775557561563E-17,1.));
#2116 = ( GEOMETRIC_REPRESENTATION_CONTEXT(2)
PARAMETRIC_REPRESENTATION_CONTEXT() REPRESENTATION_CONTEXT('2D SPACE',''
  ) );
#2117 = PCURVE('',#2118,#2123);
#2118 = CYLINDRICAL_SURFACE('',#2119,10.56);
#2119 = AXIS2_PLACEMENT_3D('',#2120,#2121,#2122);
#2120 = CARTESIAN_POINT('',(-215.6920833638,112.75742199652,
    795.3416868837));
#2121 = DIRECTION('',(0.191505009115,0.205183938338,-0.959804867112));
#2122 = DIRECTION('',(-0.731055268243,0.68231825036,0.));
#2123 = DEFINITIONAL_REPRESENTATION('',(#2124),#2128);
#2124 = LINE('',#2125,#2126);
#2125 = CARTESIAN_POINT('',(1.570796326795,0.));
#2126 = VECTOR('',#2127,1.);
#2127 = DIRECTION('',(0.,1.));
#2128 = ( GEOMETRIC_REPRESENTATION_CONTEXT(2)
PARAMETRIC_REPRESENTATION_CONTEXT() REPRESENTATION_CONTEXT('2D SPACE',''
  ) );
#2129 = ORIENTED_EDGE('',*,*,#2130,.F.);
#2130 = EDGE_CURVE('',#1098,#2103,#2131,.T.);
#2131 = SURFACE_CURVE('',#2132,(#2136,#2143),.PCURVE_S1.);
#2132 = LINE('',#2133,#2134);
#2133 = CARTESIAN_POINT('',(-153.24334647,89.620825708284,
    745.09396083998));
#2134 = VECTOR('',#2135,1.);
#2135 = DIRECTION('',(-0.731055268243,0.68231825036,0.));
#2136 = PCURVE('',#1113,#2137);
#2137 = DEFINITIONAL_REPRESENTATION('',(#2138),#2142);
#2138 = LINE('',#2139,#2140);
#2139 = CARTESIAN_POINT('',(-2.84217094304E-14,55.44));
#2140 = VECTOR('',#2141,1.);
#2141 = DIRECTION('',(1.,2.775557561563E-17));
#2142 = ( GEOMETRIC_REPRESENTATION_CONTEXT(2)
PARAMETRIC_REPRESENTATION_CONTEXT() REPRESENTATION_CONTEXT('2D SPACE',''
  ) );
#2143 = PCURVE('',#1212,#2144);
#2144 = DEFINITIONAL_REPRESENTATION('',(#2145),#2149);
#2145 = LINE('',#2146,#2147);
#2146 = CARTESIAN_POINT('',(-1.570796326795,0.));
#2147 = VECTOR('',#2148,1.);
#2148 = DIRECTION('',(-0.,1.));
#2149 = ( GEOMETRIC_REPRESENTATION_CONTEXT(2)
PARAMETRIC_REPRESENTATION_CONTEXT() REPRESENTATION_CONTEXT('2D SPACE',''
  ) );
#2150 = ADVANCED_FACE('',(#2151),#1212,.T.);
#2151 = FACE_BOUND('',#2152,.F.);
#2152 = EDGE_LOOP('',(#2153,#2154,#2155,#2200));
#2153 = ORIENTED_EDGE('',*,*,#1177,.T.);
#2154 = ORIENTED_EDGE('',*,*,#2130,.T.);
#2155 = ORIENTED_EDGE('',*,*,#2156,.F.);
#2156 = EDGE_CURVE('',#1838,#2103,#2157,.T.);
#2157 = SURFACE_CURVE('',#2158,(#2166,#2178),.PCURVE_S1.);
#2158 = ( BOUNDED_CURVE() B_SPLINE_CURVE(6,(#2159,#2160,#2161,#2162,
#2163,#2164,#2165),.UNSPECIFIED.,.F.,.F.) B_SPLINE_CURVE_WITH_KNOTS((7,7
),(0.,1.570796326795),.PIECEWISE_BEZIER_KNOTS.) CURVE()
GEOMETRIC_REPRESENTATION_ITEM() RATIONAL_B_SPLINE_CURVE((1.031393471788,
    1.010025407661,0.997924642725,0.993958444137,0.997924642725,
1.010025407661,1.031393471788)) REPRESENTATION_ITEM('') );
#2159 = CARTESIAN_POINT('',(-203.0527527622,126.2995619268,
    731.9945656543));
#2160 = CARTESIAN_POINT('',(-201.2039415268,128.28043110768,
    732.78691332665));
#2161 = CARTESIAN_POINT('',(-199.5752015386,130.0255096664,
    734.42018270678));
#2162 = CARTESIAN_POINT('',(-198.3544218303,131.33348792533,
    736.73757620384));
#2163 = CARTESIAN_POINT('',(-197.6800623389,132.05601595178,
    739.49340917588));
#2164 = CARTESIAN_POINT('',(-197.6187488734,132.12170895055,
    742.38435834214));
#2165 = CARTESIAN_POINT('',(-198.1593821509,131.5424590104,
    745.09396083998));
#2166 = PCURVE('',#1212,#2167);
#2167 = DEFINITIONAL_REPRESENTATION('',(#2168),#2177);
#2168 = B_SPLINE_CURVE_WITH_KNOTS('',7,(#2169,#2170,#2171,#2172,#2173,
    #2174,#2175,#2176),.UNSPECIFIED.,.F.,.F.,(8,8),(0.,1.570796326795),
  .PIECEWISE_BEZIER_KNOTS.);
#2169 = CARTESIAN_POINT('',(-1.110223024625E-16,61.44));
#2170 = CARTESIAN_POINT('',(-0.224398447986,61.44));
#2171 = CARTESIAN_POINT('',(-0.448800639355,61.44));
#2172 = CARTESIAN_POINT('',(-0.673196425682,61.44));
#2173 = CARTESIAN_POINT('',(-0.897599901113,61.44));
#2174 = CARTESIAN_POINT('',(-1.12199568744,61.44));
#2175 = CARTESIAN_POINT('',(-1.346397878809,61.44));
#2176 = CARTESIAN_POINT('',(-1.570796326795,61.44));
#2177 = ( GEOMETRIC_REPRESENTATION_CONTEXT(2)
PARAMETRIC_REPRESENTATION_CONTEXT() REPRESENTATION_CONTEXT('2D SPACE',''
  ) );
#2178 = PCURVE('',#1852,#2179);
#2179 = DEFINITIONAL_REPRESENTATION('',(#2180),#2199);
#2180 = B_SPLINE_CURVE_WITH_KNOTS('',9,(#2181,#2182,#2183,#2184,#2185,
    #2186,#2187,#2188,#2189,#2190,#2191,#2192,#2193,#2194,#2195,#2196,
    #2197,#2198),.UNSPECIFIED.,.F.,.F.,(10,8,10),(0.,0.785398163397,
    1.570796326795),.UNSPECIFIED.);
#2181 = CARTESIAN_POINT('',(7.46704760933,6.013200169192));
#2182 = CARTESIAN_POINT('',(7.46704760933,5.245348271956));
#2183 = CARTESIAN_POINT('',(7.421927715619,4.49212958015));
#2184 = CARTESIAN_POINT('',(7.264480780337,3.650177356967));
#2185 = CARTESIAN_POINT('',(7.059117899848,2.843422796762));
#2186 = CARTESIAN_POINT('',(6.864264912952,2.159165379897));
#2187 = CARTESIAN_POINT('',(6.664383443774,1.531282328442));
#2188 = CARTESIAN_POINT('',(6.37161648929,0.770577162661));
#2189 = CARTESIAN_POINT('',(5.89705855153,-0.257732641662));
#2190 = CARTESIAN_POINT('',(4.686242077323,-2.361045148514));
#2191 = CARTESIAN_POINT('',(3.88282062923,-3.459286366984));
#2192 = CARTESIAN_POINT('',(3.915685215946,-3.640045839016));
#2193 = CARTESIAN_POINT('',(2.26565877692,-4.882689964142));
#2194 = CARTESIAN_POINT('',(3.612165693711,-4.340787396483));
#2195 = CARTESIAN_POINT('',(1.320682089926,-5.905119466854));
#2196 = CARTESIAN_POINT('',(1.637219866519,-5.880260317039));
#2197 = CARTESIAN_POINT('',(0.677599059699,-6.524997239291));
#2198 = CARTESIAN_POINT('',(2.271188598733E-13,-6.91982776041));
#2199 = ( GEOMETRIC_REPRESENTATION_CONTEXT(2)
PARAMETRIC_REPRESENTATION_CONTEXT() REPRESENTATION_CONTEXT('2D SPACE',''
  ) );
#2200 = ORIENTED_EDGE('',*,*,#1988,.F.);
#2201 = ADVANCED_FACE('',(#2202),#1518,.T.);
#2202 = FACE_BOUND('',#2203,.T.);
#2203 = EDGE_LOOP('',(#2204,#2205,#2206,#2231));
#2204 = ORIENTED_EDGE('',*,*,#1760,.F.);
#2205 = ORIENTED_EDGE('',*,*,#2079,.T.);
#2206 = ORIENTED_EDGE('',*,*,#2207,.T.);
#2207 = EDGE_CURVE('',#2080,#1477,#2208,.T.);
#2208 = SURFACE_CURVE('',#2209,(#2214,#2220),.PCURVE_S1.);
#2209 = CIRCLE('',#2210,10.56);
#2210 = AXIS2_PLACEMENT_3D('',#2211,#2212,#2213);
#2211 = CARTESIAN_POINT('',(-213.6697904676,114.92416438537,
    785.20614748699));
#2212 = DIRECTION('',(0.731055268243,-0.68231825036,-1.185163078787E-14)
  );
#2213 = DIRECTION('',(-0.191505009115,-0.205183938338,0.959804867112));
#2214 = PCURVE('',#1518,#2215);
#2215 = DEFINITIONAL_REPRESENTATION('',(#2216),#2219);
#2216 = B_SPLINE_CURVE_WITH_KNOTS('',1,(#2217,#2218),.UNSPECIFIED.,.F.,
  .F.,(2,2),(4.712388980385,6.28318530718),.PIECEWISE_BEZIER_KNOTS.);
#2217 = CARTESIAN_POINT('',(1.570796326795,61.44));
#2218 = CARTESIAN_POINT('',(0.,61.44));
#2219 = ( GEOMETRIC_REPRESENTATION_CONTEXT(2)
PARAMETRIC_REPRESENTATION_CONTEXT() REPRESENTATION_CONTEXT('2D SPACE',''
  ) );
#2220 = PCURVE('',#2221,#2226);
#2221 = SPHERICAL_SURFACE('',#2222,10.56);
#2222 = AXIS2_PLACEMENT_3D('',#2223,#2224,#2225);
#2223 = CARTESIAN_POINT('',(-213.6697904676,114.92416438537,
    785.20614748699));
#2224 = DIRECTION('',(-0.654892377615,-0.701670404587,-0.280668161835));
#2225 = DIRECTION('',(-0.731055268243,0.68231825036,-1.304512053935E-15)
  );
#2226 = DEFINITIONAL_REPRESENTATION('',(#2227),#2230);
#2227 = B_SPLINE_CURVE_WITH_KNOTS('',1,(#2228,#2229),.UNSPECIFIED.,.F.,
  .F.,(2,2),(4.712388980385,6.28318530718),.PIECEWISE_BEZIER_KNOTS.);
#2228 = CARTESIAN_POINT('',(-1.570796326795,-1.570796326795));
#2229 = CARTESIAN_POINT('',(-1.570796326795,0.));
#2230 = ( GEOMETRIC_REPRESENTATION_CONTEXT(2)
PARAMETRIC_REPRESENTATION_CONTEXT() REPRESENTATION_CONTEXT('2D SPACE',''
  ) );
#2231 = ORIENTED_EDGE('',*,*,#1504,.F.);
#2232 = ADVANCED_FACE('',(#2233),#1338,.F.);
#2233 = FACE_BOUND('',#2234,.F.);
#2234 = EDGE_LOOP('',(#2235,#2302,#2303,#2304,#2353));
#2235 = ORIENTED_EDGE('',*,*,#2236,.T.);
#2236 = EDGE_CURVE('',#2237,#1324,#2239,.T.);
#2237 = VERTEX_POINT('',#2238);
#2238 = CARTESIAN_POINT('',(-226.7566535299,116.37917429171,
    782.90603916001));
#2239 = SURFACE_CURVE('',#2240,(#2248,#2290),.PCURVE_S1.);
#2240 = ( BOUNDED_CURVE() B_SPLINE_CURVE(6,(#2241,#2242,#2243,#2244,
#2245,#2246,#2247),.UNSPECIFIED.,.F.,.F.) B_SPLINE_CURVE_WITH_KNOTS((7,7
),(0.,1.570796326795),.PIECEWISE_BEZIER_KNOTS.) CURVE()
GEOMETRIC_REPRESENTATION_ITEM() RATIONAL_B_SPLINE_CURVE((1.031393471788,
    1.010025407661,0.997924642725,0.993958444137,0.997924642725,
1.010025407661,1.031393471788)) REPRESENTATION_ITEM('') );
#2241 = CARTESIAN_POINT('',(-226.7566535299,116.37917429171,
    782.90603916001));
#2242 = CARTESIAN_POINT('',(-227.2972868073,115.79992435156,
    785.61564165785));
#2243 = CARTESIAN_POINT('',(-227.1676060321,114.62328554948,
    788.2546501874));
#2244 = CARTESIAN_POINT('',(-226.3620876455,112.96246885998,
    790.52714900922));
#2245 = CARTESIAN_POINT('',(-224.9609795338,110.99362211463,
    792.18001361198));
#2246 = CARTESIAN_POINT('',(-223.1228276903,108.93338774948,
    793.04157855672));
#2247 = CARTESIAN_POINT('',(-221.0590027935,107.00715117907,
    793.04157855672));
#2248 = PCURVE('',#1338,#2249);
#2249 = DEFINITIONAL_REPRESENTATION('',(#2250),#2289);
#2250 = B_SPLINE_CURVE_WITH_KNOTS('',7,(#2251,#2252,#2253,#2254,#2255,
    #2256,#2257,#2258,#2259,#2260,#2261,#2262,#2263,#2264,#2265,#2266,
    #2267,#2268,#2269,#2270,#2271,#2272,#2273,#2274,#2275,#2276,#2277,
    #2278,#2279,#2280,#2281,#2282,#2283,#2284,#2285,#2286,#2287,#2288),
  .UNSPECIFIED.,.F.,.F.,(8,6,6,6,6,6,8),(0.,0.196349540849,
    0.392699081699,0.785398163397,1.178097245096,1.374446785946,
    1.570796326795),.UNSPECIFIED.);
#2251 = CARTESIAN_POINT('',(7.482255660421,-2.595525104853));
#2252 = CARTESIAN_POINT('',(7.287798696092,-2.483252911634));
#2253 = CARTESIAN_POINT('',(7.369948937522,-2.529803317429));
#2254 = CARTESIAN_POINT('',(6.643080364223,-2.13339566124));
#2255 = CARTESIAN_POINT('',(6.79554020324,-2.233755701643));
#2256 = CARTESIAN_POINT('',(6.271264690522,-1.98082212066));
#2257 = CARTESIAN_POINT('',(5.974386164955,-1.869359613227));
#2258 = CARTESIAN_POINT('',(5.315629688657,-1.630513030409));
#2259 = CARTESIAN_POINT('',(5.002278971805,-1.528538003913));
#2260 = CARTESIAN_POINT('',(4.708704989399,-1.441689477388));
#2261 = CARTESIAN_POINT('',(4.435303816139,-1.367525723471));
#2262 = CARTESIAN_POINT('',(4.179118388279,-1.30348505238));
#2263 = CARTESIAN_POINT('',(3.933838503622,-1.246885811911));
#2264 = CARTESIAN_POINT('',(3.201725457329,-1.091007538496));
#2265 = CARTESIAN_POINT('',(2.736553470487,-1.007598215906));
#2266 = CARTESIAN_POINT('',(2.258046498159,-0.939365195184));
#2267 = CARTESIAN_POINT('',(1.745472816949,-0.884019947536));
#2268 = CARTESIAN_POINT('',(1.193607342907,-0.842318639865));
#2269 = CARTESIAN_POINT('',(0.612731631525,-0.81806213476));
#2270 = CARTESIAN_POINT('',(-0.555463876047,-0.818129846255));
#2271 = CARTESIAN_POINT('',(-1.139029265256,-0.842528032266));
#2272 = CARTESIAN_POINT('',(-1.694588794101,-0.884570090256));
#2273 = CARTESIAN_POINT('',(-2.210575653811,-0.940442974105));
#2274 = CARTESIAN_POINT('',(-2.691329722633,-1.009241049852));
#2275 = CARTESIAN_POINT('',(-3.157097565832,-1.092966095702));
#2276 = CARTESIAN_POINT('',(-3.887499870621,-1.248307905178));
#2277 = CARTESIAN_POINT('',(-4.132133186957,-1.304726278088));
#2278 = CARTESIAN_POINT('',(-4.386908062824,-1.368250653504));
#2279 = CARTESIAN_POINT('',(-4.658026230107,-1.441442554473));
#2280 = CARTESIAN_POINT('',(-4.948915474459,-1.52695679433));
#2281 = CARTESIAN_POINT('',(-5.260229635296,-1.6275414767));
#2282 = CARTESIAN_POINT('',(-5.919467576299,-1.864534514298));
#2283 = CARTESIAN_POINT('',(-6.216903125436,-1.974846509785));
#2284 = CARTESIAN_POINT('',(-6.757023551088,-2.232703322833));
#2285 = CARTESIAN_POINT('',(-6.595010792574,-2.127948419009));
#2286 = CARTESIAN_POINT('',(-7.344376464344,-2.533158392523));
#2287 = CARTESIAN_POINT('',(-7.254453349632,-2.482753466693));
#2288 = CARTESIAN_POINT('',(-7.451598879779,-2.595525104853));
#2289 = ( GEOMETRIC_REPRESENTATION_CONTEXT(2)
PARAMETRIC_REPRESENTATION_CONTEXT() REPRESENTATION_CONTEXT('2D SPACE',''
  ) );
#2290 = PCURVE('',#1492,#2291);
#2291 = DEFINITIONAL_REPRESENTATION('',(#2292),#2301);
#2292 = B_SPLINE_CURVE_WITH_KNOTS('',7,(#2293,#2294,#2295,#2296,#2297,
    #2298,#2299,#2300),.UNSPECIFIED.,.F.,.F.,(8,8),(0.,1.570796326795),
  .PIECEWISE_BEZIER_KNOTS.);
#2293 = CARTESIAN_POINT('',(0.,18.755116652864));
#2294 = CARTESIAN_POINT('',(-0.224398447986,18.755116652864));
#2295 = CARTESIAN_POINT('',(-0.448800639355,18.755116652864));
#2296 = CARTESIAN_POINT('',(-0.673196425682,18.755116652864));
#2297 = CARTESIAN_POINT('',(-0.897599901113,18.755116652864));
#2298 = CARTESIAN_POINT('',(-1.12199568744,18.755116652864));
#2299 = CARTESIAN_POINT('',(-1.346397878809,18.755116652864));
#2300 = CARTESIAN_POINT('',(-1.570796326795,18.755116652864));
#2301 = ( GEOMETRIC_REPRESENTATION_CONTEXT(2)
PARAMETRIC_REPRESENTATION_CONTEXT() REPRESENTATION_CONTEXT('2D SPACE',''
  ) );
#2302 = ORIENTED_EDGE('',*,*,#1323,.T.);
#2303 = ORIENTED_EDGE('',*,*,#1624,.T.);
#2304 = ORIENTED_EDGE('',*,*,#2305,.T.);
#2305 = EDGE_CURVE('',#1602,#2306,#2308,.T.);
#2306 = VERTEX_POINT('',#2307);
#2307 = CARTESIAN_POINT('',(-219.8409900222,123.78881376416,
    785.86989494899));
#2308 = SURFACE_CURVE('',#2309,(#2317,#2341),.PCURVE_S1.);
#2309 = ( BOUNDED_CURVE() B_SPLINE_CURVE(6,(#2310,#2311,#2312,#2313,
#2314,#2315,#2316),.UNSPECIFIED.,.F.,.F.) B_SPLINE_CURVE_WITH_KNOTS((7,7
),(0.,1.570796326795),.PIECEWISE_BEZIER_KNOTS.) CURVE()
GEOMETRIC_REPRESENTATION_ITEM() RATIONAL_B_SPLINE_CURVE((1.031393471788,
    1.010025407661,0.997924642725,0.993958444137,0.997924642725,
1.010025407661,1.031393471788)) REPRESENTATION_ITEM('') );
#2310 = CARTESIAN_POINT('',(-219.0367098972,109.17389356791,
    782.90603916001));
#2311 = CARTESIAN_POINT('',(-221.1005347941,111.10013013833,
    782.90603916001));
#2312 = CARTESIAN_POINT('',(-222.5227288463,113.60603356551,
    783.15797979673));
#2313 = CARTESIAN_POINT('',(-223.1258449859,116.42987170956,
    783.64131394694));
#2314 = CARTESIAN_POINT('',(-222.8342161449,119.26620328574,
    784.30584284125));
#2315 = CARTESIAN_POINT('',(-221.6898012577,121.80794458327,
    785.07754727664));
#2316 = CARTESIAN_POINT('',(-219.8409900222,123.78881376416,
    785.86989494899));
#2317 = PCURVE('',#1338,#2318);
#2318 = DEFINITIONAL_REPRESENTATION('',(#2319),#2340);
#2319 = B_SPLINE_CURVE_WITH_KNOTS('',10,(#2320,#2321,#2322,#2323,#2324,
    #2325,#2326,#2327,#2328,#2329,#2330,#2331,#2332,#2333,#2334,#2335,
    #2336,#2337,#2338,#2339),.UNSPECIFIED.,.F.,.F.,(11,9,11),(0.,
    0.785398163397,1.570796326795),.UNSPECIFIED.);
#2320 = CARTESIAN_POINT('',(-1.936516459001E-02,-6.886619448503));
#2321 = CARTESIAN_POINT('',(0.596455927013,-6.534356055762));
#2322 = CARTESIAN_POINT('',(1.639024941992,-5.846899039998));
#2323 = CARTESIAN_POINT('',(0.622098581714,-6.380848042709));
#2324 = CARTESIAN_POINT('',(4.274272567134,-3.958799000463));
#2325 = CARTESIAN_POINT('',(0.939782323118,-5.796908126982));
#2326 = CARTESIAN_POINT('',(4.473255753039,-3.475417521475));
#2327 = CARTESIAN_POINT('',(3.172912114613,-3.976542153728));
#2328 = CARTESIAN_POINT('',(4.196012192288,-3.146726054507));
#2329 = CARTESIAN_POINT('',(4.730524893577,-2.264154216958));
#2330 = CARTESIAN_POINT('',(5.819454661429,-0.378113403047));
#2331 = CARTESIAN_POINT('',(6.266407964505,0.561193429364));
#2332 = CARTESIAN_POINT('',(6.570025226492,1.310630494822));
#2333 = CARTESIAN_POINT('',(6.777233168762,1.921227242798));
#2334 = CARTESIAN_POINT('',(6.952054024025,2.515179233765));
#2335 = CARTESIAN_POINT('',(7.129486062734,3.179215930129));
#2336 = CARTESIAN_POINT('',(7.298920316239,3.917355809043));
#2337 = CARTESIAN_POINT('',(7.41709349661,4.66304879701));
#2338 = CARTESIAN_POINT('',(7.450577113202,5.350706026379));
#2339 = CARTESIAN_POINT('',(7.447802785909,6.046616913639));
#2340 = ( GEOMETRIC_REPRESENTATION_CONTEXT(2)
PARAMETRIC_REPRESENTATION_CONTEXT() REPRESENTATION_CONTEXT('2D SPACE',''
  ) );
#2341 = PCURVE('',#1693,#2342);
#2342 = DEFINITIONAL_REPRESENTATION('',(#2343),#2352);
#2343 = B_SPLINE_CURVE_WITH_KNOTS('',7,(#2344,#2345,#2346,#2347,#2348,
    #2349,#2350,#2351),.UNSPECIFIED.,.F.,.F.,(8,8),(0.,1.570796326795),
  .PIECEWISE_BEZIER_KNOTS.);
#2344 = CARTESIAN_POINT('',(-1.570796326795,10.56));
#2345 = CARTESIAN_POINT('',(-1.346397878809,10.56));
#2346 = CARTESIAN_POINT('',(-1.12199568744,10.56));
#2347 = CARTESIAN_POINT('',(-0.897599901113,10.56));
#2348 = CARTESIAN_POINT('',(-0.673196425682,10.56));
#2349 = CARTESIAN_POINT('',(-0.448800639355,10.56));
#2350 = CARTESIAN_POINT('',(-0.224398447986,10.56));
#2351 = CARTESIAN_POINT('',(1.110223024625E-16,10.56));
#2352 = ( GEOMETRIC_REPRESENTATION_CONTEXT(2)
PARAMETRIC_REPRESENTATION_CONTEXT() REPRESENTATION_CONTEXT('2D SPACE',''
  ) );
#2353 = ORIENTED_EDGE('',*,*,#2354,.T.);
#2354 = EDGE_CURVE('',#2306,#2237,#2355,.T.);
#2355 = SURFACE_CURVE('',#2356,(#2360,#2416),.PCURVE_S1.);
#2356 = LINE('',#2357,#2358);
#2357 = CARTESIAN_POINT('',(-219.8409900222,123.78881376416,
    785.86989494899));
#2358 = VECTOR('',#2359,1.);
#2359 = DIRECTION('',(-0.654892377615,-0.701670404587,-0.280668161835));
#2360 = PCURVE('',#1338,#2361);
#2361 = DEFINITIONAL_REPRESENTATION('',(#2362),#2415);
#2362 = B_SPLINE_CURVE_WITH_KNOTS('',11,(#2363,#2364,#2365,#2366,#2367,
    #2368,#2369,#2370,#2371,#2372,#2373,#2374,#2375,#2376,#2377,#2378,
    #2379,#2380,#2381,#2382,#2383,#2384,#2385,#2386,#2387,#2388,#2389,
    #2390,#2391,#2392,#2393,#2394,#2395,#2396,#2397,#2398,#2399,#2400,
    #2401,#2402,#2403,#2404,#2405,#2406,#2407,#2408,#2409,#2410,#2411,
    #2412,#2413,#2414),.UNSPECIFIED.,.F.,.F.,(12,10,10,10,10,12),(0.,
    5.28,7.92,9.24,9.9,10.56),.UNSPECIFIED.);
#2363 = CARTESIAN_POINT('',(7.447802785909,6.046616913639));
#2364 = CARTESIAN_POINT('',(7.449408421995,5.643859951112));
#2365 = CARTESIAN_POINT('',(7.451451876309,5.131280880994));
#2366 = CARTESIAN_POINT('',(7.451718193026,5.064478127007));
#2367 = CARTESIAN_POINT('',(7.456539304328,3.855152950552));
#2368 = CARTESIAN_POINT('',(7.45407381221,4.473595774967));
#2369 = CARTESIAN_POINT('',(7.460054638351,2.97336830103));
#2370 = CARTESIAN_POINT('',(7.458779778695,3.293153467298));
#2371 = CARTESIAN_POINT('',(7.461809410313,2.533202169377));
#2372 = CARTESIAN_POINT('',(7.462930522153,2.251983029134));
#2373 = CARTESIAN_POINT('',(7.464487674045,1.861387818251));
#2374 = CARTESIAN_POINT('',(7.466665451797,1.31511512276));
#2375 = CARTESIAN_POINT('',(7.467380364392,1.135786801252));
#2376 = CARTESIAN_POINT('',(7.468085906991,0.958808842761));
#2377 = CARTESIAN_POINT('',(7.468783722959,0.78376903332));
#2378 = CARTESIAN_POINT('',(7.469475455583,0.610255158956));
#2379 = CARTESIAN_POINT('',(7.470162748273,0.437855005705));
#2380 = CARTESIAN_POINT('',(7.470847244285,0.26615635959));
#2381 = CARTESIAN_POINT('',(7.471530587028,9.474700664868E-02));
#2382 = CARTESIAN_POINT('',(7.47221441979,-7.678526709351E-02));
#2383 = CARTESIAN_POINT('',(7.472900385936,-0.248852675604));
#2384 = CARTESIAN_POINT('',(7.47393500022,-0.508374811477));
#2385 = CARTESIAN_POINT('',(7.474280876201,-0.595134171446));
#2386 = CARTESIAN_POINT('',(7.474628079099,-0.682226375514));
#2387 = CARTESIAN_POINT('',(7.474976931295,-0.769732286437));
#2388 = CARTESIAN_POINT('',(7.475327755133,-0.857732766969));
#2389 = CARTESIAN_POINT('',(7.475680873017,-0.946308679867));
#2390 = CARTESIAN_POINT('',(7.476036607276,-1.035540887883));
#2391 = CARTESIAN_POINT('',(7.476395280314,-1.125510253775));
#2392 = CARTESIAN_POINT('',(7.476757214472,-1.216297640296));
#2393 = CARTESIAN_POINT('',(7.477122732137,-1.307983910202));
#2394 = CARTESIAN_POINT('',(7.477676867433,-1.44698293427));
#2395 = CARTESIAN_POINT('',(7.477862242614,-1.493482352102));
#2396 = CARTESIAN_POINT('',(7.478048444129,-1.540189051241));
#2397 = CARTESIAN_POINT('',(7.47823563497,-1.587143903202));
#2398 = CARTESIAN_POINT('',(7.47842397798,-1.634387779468));
#2399 = CARTESIAN_POINT('',(7.478613636229,-1.68196155157));
#2400 = CARTESIAN_POINT('',(7.478804772515,-1.729906090982));
#2401 = CARTESIAN_POINT('',(7.478997549898,-1.778262269232));
#2402 = CARTESIAN_POINT('',(7.479192131234,-1.827070957807));
#2403 = CARTESIAN_POINT('',(7.479388679505,-1.876373028219));
#2404 = CARTESIAN_POINT('',(7.479786035762,-1.976045675715));
#2405 = CARTESIAN_POINT('',(7.480025317482,-2.036066983752));
#2406 = CARTESIAN_POINT('',(7.480158042871,-2.069359755457));
#2407 = CARTESIAN_POINT('',(7.480453333471,-2.143430302592));
#2408 = CARTESIAN_POINT('',(7.480787081858,-2.22714758452));
#2409 = CARTESIAN_POINT('',(7.480898838067,-2.255180454835));
#2410 = CARTESIAN_POINT('',(7.480802228068,-2.23094685226));
#2411 = CARTESIAN_POINT('',(7.480846476202,-2.242046031108));
#2412 = CARTESIAN_POINT('',(7.481337038789,-2.365098508605));
#2413 = CARTESIAN_POINT('',(7.482033792993,-2.539871988796));
#2414 = CARTESIAN_POINT('',(7.482255660421,-2.595525104853));
#2415 = ( GEOMETRIC_REPRESENTATION_CONTEXT(2)
PARAMETRIC_REPRESENTATION_CONTEXT() REPRESENTATION_CONTEXT('2D SPACE',''
  ) );
#2416 = PCURVE('',#2417,#2422);
#2417 = PLANE('',#2418);
#2418 = AXIS2_PLACEMENT_3D('',#2419,#2420,#2421);
#2419 = CARTESIAN_POINT('',(-216.4963634889,127.37234219277,
    798.30554267268));
#2420 = DIRECTION('',(-0.731055268243,0.68231825036,0.));
#2421 = DIRECTION('',(-0.654892377615,-0.701670404587,-0.280668161835));
#2422 = DEFINITIONAL_REPRESENTATION('',(#2423),#2426);
#2423 = B_SPLINE_CURVE_WITH_KNOTS('',1,(#2424,#2425),.UNSPECIFIED.,.F.,
  .F.,(2,2),(0.,10.56),.PIECEWISE_BEZIER_KNOTS.);
#2424 = CARTESIAN_POINT('',(8.195116652864,-10.56));
#2425 = CARTESIAN_POINT('',(18.755116652864,-10.56));
#2426 = ( GEOMETRIC_REPRESENTATION_CONTEXT(2)
PARAMETRIC_REPRESENTATION_CONTEXT() REPRESENTATION_CONTEXT('2D SPACE',''
  ) );
#2427 = ADVANCED_FACE('',(#2428),#1492,.T.);
#2428 = FACE_BOUND('',#2429,.F.);
#2429 = EDGE_LOOP('',(#2430,#2453,#2475,#2476));
#2430 = ORIENTED_EDGE('',*,*,#2431,.F.);
#2431 = EDGE_CURVE('',#2432,#2237,#2434,.T.);
#2432 = VERTEX_POINT('',#2433);
#2433 = CARTESIAN_POINT('',(-221.3897341002,122.12944510917,
    785.20614748699));
#2434 = SURFACE_CURVE('',#2435,(#2439,#2446),.PCURVE_S1.);
#2435 = LINE('',#2436,#2437);
#2436 = CARTESIAN_POINT('',(-214.4740705926,129.53908458161,
    788.17000327597));
#2437 = VECTOR('',#2438,1.);
#2438 = DIRECTION('',(-0.654892377615,-0.701670404587,-0.280668161835));
#2439 = PCURVE('',#1492,#2440);
#2440 = DEFINITIONAL_REPRESENTATION('',(#2441),#2445);
#2441 = LINE('',#2442,#2443);
#2442 = CARTESIAN_POINT('',(-0.,0.));
#2443 = VECTOR('',#2444,1.);
#2444 = DIRECTION('',(-0.,1.));
#2445 = ( GEOMETRIC_REPRESENTATION_CONTEXT(2)
PARAMETRIC_REPRESENTATION_CONTEXT() REPRESENTATION_CONTEXT('2D SPACE',''
  ) );
#2446 = PCURVE('',#2417,#2447);
#2447 = DEFINITIONAL_REPRESENTATION('',(#2448),#2452);
#2448 = LINE('',#2449,#2450);
#2449 = CARTESIAN_POINT('',(2.84217094304E-14,-10.56));
#2450 = VECTOR('',#2451,1.);
#2451 = DIRECTION('',(1.,0.));
#2452 = ( GEOMETRIC_REPRESENTATION_CONTEXT(2)
PARAMETRIC_REPRESENTATION_CONTEXT() REPRESENTATION_CONTEXT('2D SPACE',''
  ) );
#2453 = ORIENTED_EDGE('',*,*,#2454,.T.);
#2454 = EDGE_CURVE('',#2432,#1477,#2455,.T.);
#2455 = SURFACE_CURVE('',#2456,(#2461,#2468),.PCURVE_S1.);
#2456 = CIRCLE('',#2457,10.56);
#2457 = AXIS2_PLACEMENT_3D('',#2458,#2459,#2460);
#2458 = CARTESIAN_POINT('',(-213.6697904676,114.92416438537,
    785.20614748699));
#2459 = DIRECTION('',(0.654892377615,0.701670404587,0.280668161835));
#2460 = DIRECTION('',(-0.731055268243,0.68231825036,-1.276756478319E-15)
  );
#2461 = PCURVE('',#1492,#2462);
#2462 = DEFINITIONAL_REPRESENTATION('',(#2463),#2467);
#2463 = LINE('',#2464,#2465);
#2464 = CARTESIAN_POINT('',(-1.076579902667E-14,10.56));
#2465 = VECTOR('',#2466,1.);
#2466 = DIRECTION('',(-1.,0.));
#2467 = ( GEOMETRIC_REPRESENTATION_CONTEXT(2)
PARAMETRIC_REPRESENTATION_CONTEXT() REPRESENTATION_CONTEXT('2D SPACE',''
  ) );
#2468 = PCURVE('',#2221,#2469);
#2469 = DEFINITIONAL_REPRESENTATION('',(#2470),#2474);
#2470 = LINE('',#2471,#2472);
#2471 = CARTESIAN_POINT('',(-0.,0.));
#2472 = VECTOR('',#2473,1.);
#2473 = DIRECTION('',(-1.,0.));
#2474 = ( GEOMETRIC_REPRESENTATION_CONTEXT(2)
PARAMETRIC_REPRESENTATION_CONTEXT() REPRESENTATION_CONTEXT('2D SPACE',''
  ) );
#2475 = ORIENTED_EDGE('',*,*,#1476,.T.);
#2476 = ORIENTED_EDGE('',*,*,#2236,.F.);
#2477 = ADVANCED_FACE('',(#2478),#1719,.T.);
#2478 = FACE_BOUND('',#2479,.T.);
#2479 = EDGE_LOOP('',(#2480,#2481,#2482,#2507));
#2480 = ORIENTED_EDGE('',*,*,#1735,.T.);
#2481 = ORIENTED_EDGE('',*,*,#1705,.T.);
#2482 = ORIENTED_EDGE('',*,*,#2483,.F.);
#2483 = EDGE_CURVE('',#1787,#1678,#2484,.T.);
#2484 = SURFACE_CURVE('',#2485,(#2490,#2496),.PCURVE_S1.);
#2485 = CIRCLE('',#2486,10.56);
#2486 = AXIS2_PLACEMENT_3D('',#2487,#2488,#2489);
#2487 = CARTESIAN_POINT('',(-203.5263015805,125.79218819294,
    742.793852513));
#2488 = DIRECTION('',(-0.731055268243,0.68231825036,-2.636779683485E-15)
  );
#2489 = DIRECTION('',(-0.654892377615,-0.701670404587,-0.280668161835));
#2490 = PCURVE('',#1719,#2491);
#2491 = DEFINITIONAL_REPRESENTATION('',(#2492),#2495);
#2492 = B_SPLINE_CURVE_WITH_KNOTS('',1,(#2493,#2494),.UNSPECIFIED.,.F.,
  .F.,(2,2),(4.712388980385,6.28318530718),.PIECEWISE_BEZIER_KNOTS.);
#2493 = CARTESIAN_POINT('',(0.,61.44));
#2494 = CARTESIAN_POINT('',(1.570796326795,61.44));
#2495 = ( GEOMETRIC_REPRESENTATION_CONTEXT(2)
PARAMETRIC_REPRESENTATION_CONTEXT() REPRESENTATION_CONTEXT('2D SPACE',''
  ) );
#2496 = PCURVE('',#2497,#2502);
#2497 = SPHERICAL_SURFACE('',#2498,10.56);
#2498 = AXIS2_PLACEMENT_3D('',#2499,#2500,#2501);
#2499 = CARTESIAN_POINT('',(-203.5263015805,125.79218819294,
    742.793852513));
#2500 = DIRECTION('',(-0.191505009115,-0.205183938338,0.959804867112));
#2501 = DIRECTION('',(-0.731055268243,0.68231825036,-1.665334536938E-15)
  );
#2502 = DEFINITIONAL_REPRESENTATION('',(#2503),#2506);
#2503 = B_SPLINE_CURVE_WITH_KNOTS('',1,(#2504,#2505),.UNSPECIFIED.,.F.,
  .F.,(2,2),(4.712388980385,6.28318530718),.PIECEWISE_BEZIER_KNOTS.);
#2504 = CARTESIAN_POINT('',(1.570796326795,-1.570796326795));
#2505 = CARTESIAN_POINT('',(1.570796326795,0.));
#2506 = ( GEOMETRIC_REPRESENTATION_CONTEXT(2)
PARAMETRIC_REPRESENTATION_CONTEXT() REPRESENTATION_CONTEXT('2D SPACE',''
  ) );
#2507 = ORIENTED_EDGE('',*,*,#1786,.F.);
#2508 = ADVANCED_FACE('',(#2509),#1693,.T.);
#2509 = FACE_BOUND('',#2510,.F.);
#2510 = EDGE_LOOP('',(#2511,#2512,#2513,#2537));
#2511 = ORIENTED_EDGE('',*,*,#2305,.F.);
#2512 = ORIENTED_EDGE('',*,*,#1677,.T.);
#2513 = ORIENTED_EDGE('',*,*,#2514,.F.);
#2514 = EDGE_CURVE('',#2515,#1678,#2517,.T.);
#2515 = VERTEX_POINT('',#2516);
#2516 = CARTESIAN_POINT('',(-211.2462452132,132.99746891674,
    742.793852513));
#2517 = SURFACE_CURVE('',#2518,(#2523,#2530),.PCURVE_S1.);
#2518 = CIRCLE('',#2519,10.56);
#2519 = AXIS2_PLACEMENT_3D('',#2520,#2521,#2522);
#2520 = CARTESIAN_POINT('',(-203.5263015805,125.79218819294,
    742.793852513));
#2521 = DIRECTION('',(-0.191505009115,-0.205183938338,0.959804867112));
#2522 = DIRECTION('',(-0.731055268243,0.68231825036,-1.693090112553E-15)
  );
#2523 = PCURVE('',#1693,#2524);
#2524 = DEFINITIONAL_REPRESENTATION('',(#2525),#2529);
#2525 = LINE('',#2526,#2527);
#2526 = CARTESIAN_POINT('',(-5.382899513334E-15,55.44));
#2527 = VECTOR('',#2528,1.);
#2528 = DIRECTION('',(-1.,0.));
#2529 = ( GEOMETRIC_REPRESENTATION_CONTEXT(2)
PARAMETRIC_REPRESENTATION_CONTEXT() REPRESENTATION_CONTEXT('2D SPACE',''
  ) );
#2530 = PCURVE('',#2497,#2531);
#2531 = DEFINITIONAL_REPRESENTATION('',(#2532),#2536);
#2532 = LINE('',#2533,#2534);
#2533 = CARTESIAN_POINT('',(0.,0.));
#2534 = VECTOR('',#2535,1.);
#2535 = DIRECTION('',(1.,0.));
#2536 = ( GEOMETRIC_REPRESENTATION_CONTEXT(2)
PARAMETRIC_REPRESENTATION_CONTEXT() REPRESENTATION_CONTEXT('2D SPACE',''
  ) );
#2537 = ORIENTED_EDGE('',*,*,#2538,.F.);
#2538 = EDGE_CURVE('',#2306,#2515,#2539,.T.);
#2539 = SURFACE_CURVE('',#2540,(#2544,#2551),.PCURVE_S1.);
#2540 = LINE('',#2541,#2542);
#2541 = CARTESIAN_POINT('',(-221.8632829185,121.62207137531,
    796.00543434569));
#2542 = VECTOR('',#2543,1.);
#2543 = DIRECTION('',(0.191505009115,0.205183938338,-0.959804867112));
#2544 = PCURVE('',#1693,#2545);
#2545 = DEFINITIONAL_REPRESENTATION('',(#2546),#2550);
#2546 = LINE('',#2547,#2548);
#2547 = CARTESIAN_POINT('',(-0.,0.));
#2548 = VECTOR('',#2549,1.);
#2549 = DIRECTION('',(-0.,1.));
#2550 = ( GEOMETRIC_REPRESENTATION_CONTEXT(2)
PARAMETRIC_REPRESENTATION_CONTEXT() REPRESENTATION_CONTEXT('2D SPACE',''
  ) );
#2551 = PCURVE('',#2417,#2552);
#2552 = DEFINITIONAL_REPRESENTATION('',(#2553),#2557);
#2553 = LINE('',#2554,#2555);
#2554 = CARTESIAN_POINT('',(8.195116652864,1.136868377216E-13));
#2555 = VECTOR('',#2556,1.);
#2556 = DIRECTION('',(0.,-1.));
#2557 = ( GEOMETRIC_REPRESENTATION_CONTEXT(2)
PARAMETRIC_REPRESENTATION_CONTEXT() REPRESENTATION_CONTEXT('2D SPACE',''
  ) );
#2558 = ADVANCED_FACE('',(#2559),#1852,.T.);
#2559 = FACE_BOUND('',#2560,.T.);
#2560 = EDGE_LOOP('',(#2561,#2632,#2701,#2746,#2747));
#2561 = ORIENTED_EDGE('',*,*,#2562,.F.);
#2562 = EDGE_CURVE('',#2563,#1810,#2565,.T.);
#2563 = VERTEX_POINT('',#2564);
#2564 = CARTESIAN_POINT('',(-205.8793257835,138.7477397342,
    745.09396083998));
#2565 = SURFACE_CURVE('',#2566,(#2574,#2620),.PCURVE_S1.);
#2566 = ( BOUNDED_CURVE() B_SPLINE_CURVE(6,(#2567,#2568,#2569,#2570,
#2571,#2572,#2573),.UNSPECIFIED.,.F.,.F.) B_SPLINE_CURVE_WITH_KNOTS((7,7
),(0.,1.570796326795),.PIECEWISE_BEZIER_KNOTS.) CURVE()
GEOMETRIC_REPRESENTATION_ITEM() RATIONAL_B_SPLINE_CURVE((1.031393471788,
    1.010025407661,0.997924642725,0.993958444137,0.997924642725,
1.010025407661,1.031393471788)) REPRESENTATION_ITEM('') );
#2567 = CARTESIAN_POINT('',(-205.8793257835,138.7477397342,
    745.09396083998));
#2568 = CARTESIAN_POINT('',(-205.3386925061,139.32698967435,
    742.38435834214));
#2569 = CARTESIAN_POINT('',(-204.1559156905,139.27866805831,
    739.74534981259));
#2570 = CARTESIAN_POINT('',(-202.443556919,138.58946606698,
    737.47285099077));
#2571 = CARTESIAN_POINT('',(-200.3828733839,137.3273072753,
    735.81998638801));
#2572 = CARTESIAN_POINT('',(-198.2009141515,135.63543796966,
    734.95842144327));
#2573 = CARTESIAN_POINT('',(-196.1370892546,133.70920139924,
    734.95842144327));
#2574 = PCURVE('',#1852,#2575);
#2575 = DEFINITIONAL_REPRESENTATION('',(#2576),#2619);
#2576 = B_SPLINE_CURVE_WITH_KNOTS('',11,(#2577,#2578,#2579,#2580,#2581,
    #2582,#2583,#2584,#2585,#2586,#2587,#2588,#2589,#2590,#2591,#2592,
    #2593,#2594,#2595,#2596,#2597,#2598,#2599,#2600,#2601,#2602,#2603,
    #2604,#2605,#2606,#2607,#2608,#2609,#2610,#2611,#2612,#2613,#2614,
    #2615,#2616,#2617,#2618),.UNSPECIFIED.,.F.,.F.,(12,10,10,10,12),(0.,
    0.392699081699,0.785398163397,1.178097245096,1.570796326795),
  .UNSPECIFIED.);
#2577 = CARTESIAN_POINT('',(-7.46704760933,-2.568850207222));
#2578 = CARTESIAN_POINT('',(-7.218305099387,-2.423910314789));
#2579 = CARTESIAN_POINT('',(-7.450184451532,-2.55652785533));
#2580 = CARTESIAN_POINT('',(-5.73115521396,-1.605935723562));
#2581 = CARTESIAN_POINT('',(-7.61974686876,-2.689648665356));
#2582 = CARTESIAN_POINT('',(-4.759640114513,-1.142120705856));
#2583 = CARTESIAN_POINT('',(-5.944657770301,-1.937189262382));
#2584 = CARTESIAN_POINT('',(-4.80548826421,-1.373068909221));
#2585 = CARTESIAN_POINT('',(-4.68214837407,-1.404268764648));
#2586 = CARTESIAN_POINT('',(-4.313083817159,-1.296418253821));
#2587 = CARTESIAN_POINT('',(-3.99542472899,-1.220746013389));
#2588 = CARTESIAN_POINT('',(-3.372121826686,-1.085558232275));
#2589 = CARTESIAN_POINT('',(-3.068063786461,-1.025734324571));
#2590 = CARTESIAN_POINT('',(-2.764378155439,-0.972648631838));
#2591 = CARTESIAN_POINT('',(-2.455414296638,-0.925572082998));
#2592 = CARTESIAN_POINT('',(-2.137091937855,-0.884078303785));
#2593 = CARTESIAN_POINT('',(-1.806901171602,-0.848043616731));
#2594 = CARTESIAN_POINT('',(-1.463902455192,-0.817647041182));
#2595 = CARTESIAN_POINT('',(-1.108726610647,-0.793370293282));
#2596 = CARTESIAN_POINT('',(-0.743574824778,-0.775997785987));
#2597 = CARTESIAN_POINT('',(-0.372218649129,-0.766616629057));
#2598 = CARTESIAN_POINT('',(0.372218649114,-0.766616629057));
#2599 = CARTESIAN_POINT('',(0.743574824767,-0.775997785987));
#2600 = CARTESIAN_POINT('',(1.108726610643,-0.793370293282));
#2601 = CARTESIAN_POINT('',(1.463902455191,-0.817647041181));
#2602 = CARTESIAN_POINT('',(1.806901171615,-0.848043616732));
#2603 = CARTESIAN_POINT('',(2.137091937866,-0.884078303786));
#2604 = CARTESIAN_POINT('',(2.455414296663,-0.925572083001));
#2605 = CARTESIAN_POINT('',(2.764378155463,-0.972648631841));
#2606 = CARTESIAN_POINT('',(3.068063786491,-1.025734324576));
#2607 = CARTESIAN_POINT('',(3.372121826716,-1.085558232281));
#2608 = CARTESIAN_POINT('',(3.995424729021,-1.220746013396));
#2609 = CARTESIAN_POINT('',(4.313083817177,-1.296418253834));
#2610 = CARTESIAN_POINT('',(4.68214837413,-1.404268764639));
#2611 = CARTESIAN_POINT('',(4.805488264204,-1.373068909288));
#2612 = CARTESIAN_POINT('',(5.944657770176,-1.9371892622));
#2613 = CARTESIAN_POINT('',(4.759640114972,-1.142120706238));
#2614 = CARTESIAN_POINT('',(7.619746868001,-2.689648664836));
#2615 = CARTESIAN_POINT('',(5.731155214655,-1.605935724006));
#2616 = CARTESIAN_POINT('',(7.450184451116,-2.556527855082));
#2617 = CARTESIAN_POINT('',(7.218305099411,-2.423910314803));
#2618 = CARTESIAN_POINT('',(7.46704760933,-2.568850207222));
#2619 = ( GEOMETRIC_REPRESENTATION_CONTEXT(2)
PARAMETRIC_REPRESENTATION_CONTEXT() REPRESENTATION_CONTEXT('2D SPACE',''
  ) );
#2620 = PCURVE('',#1825,#2621);
#2621 = DEFINITIONAL_REPRESENTATION('',(#2622),#2631);
#2622 = B_SPLINE_CURVE_WITH_KNOTS('',7,(#2623,#2624,#2625,#2626,#2627,
    #2628,#2629,#2630),.UNSPECIFIED.,.F.,.F.,(8,8),(0.,1.570796326795),
  .PIECEWISE_BEZIER_KNOTS.);
#2623 = CARTESIAN_POINT('',(-1.110223024625E-16,8.526512829121E-14));
#2624 = CARTESIAN_POINT('',(0.224398447986,7.714467705703E-14));
#2625 = CARTESIAN_POINT('',(0.448800639355,6.902409035861E-14));
#2626 = CARTESIAN_POINT('',(0.673196425682,6.090373544359E-14));
#2627 = CARTESIAN_POINT('',(0.897599901113,5.278310227803E-14));
#2628 = CARTESIAN_POINT('',(1.12199568744,4.4662747363E-14));
#2629 = CARTESIAN_POINT('',(1.346397878809,3.654216066458E-14));
#2630 = CARTESIAN_POINT('',(1.570796326795,2.84217094304E-14));
#2631 = ( GEOMETRIC_REPRESENTATION_CONTEXT(2)
PARAMETRIC_REPRESENTATION_CONTEXT() REPRESENTATION_CONTEXT('2D SPACE',''
  ) );
#2632 = ORIENTED_EDGE('',*,*,#2633,.F.);
#2633 = EDGE_CURVE('',#2634,#2563,#2636,.T.);
#2634 = VERTEX_POINT('',#2635);
#2635 = CARTESIAN_POINT('',(-212.7949892911,131.33810026176,
    742.130105051));
#2636 = SURFACE_CURVE('',#2637,(#2641,#2695),.PCURVE_S1.);
#2637 = LINE('',#2638,#2639);
#2638 = CARTESIAN_POINT('',(-212.7949892911,131.33810026176,
    742.130105051));
#2639 = VECTOR('',#2640,1.);
#2640 = DIRECTION('',(0.654892377615,0.701670404587,0.280668161835));
#2641 = PCURVE('',#1852,#2642);
#2642 = DEFINITIONAL_REPRESENTATION('',(#2643),#2694);
#2643 = B_SPLINE_CURVE_WITH_KNOTS('',9,(#2644,#2645,#2646,#2647,#2648,
    #2649,#2650,#2651,#2652,#2653,#2654,#2655,#2656,#2657,#2658,#2659,
    #2660,#2661,#2662,#2663,#2664,#2665,#2666,#2667,#2668,#2669,#2670,
    #2671,#2672,#2673,#2674,#2675,#2676,#2677,#2678,#2679,#2680,#2681,
    #2682,#2683,#2684,#2685,#2686,#2687,#2688,#2689,#2690,#2691,#2692,
    #2693),.UNSPECIFIED.,.F.,.F.,(10,8,8,8,8,8,10),(0.,2.64,5.28,7.92,
    9.24,9.9,10.56),.UNSPECIFIED.);
#2644 = CARTESIAN_POINT('',(-7.46704760933,6.013200169192));
#2645 = CARTESIAN_POINT('',(-7.46704760933,5.76878420029));
#2646 = CARTESIAN_POINT('',(-7.467047609329,5.457580222056));
#2647 = CARTESIAN_POINT('',(-7.46704760933,5.37730779507));
#2648 = CARTESIAN_POINT('',(-7.467047609329,4.853487312388));
#2649 = CARTESIAN_POINT('',(-7.46704760933,4.843997386895));
#2650 = CARTESIAN_POINT('',(-7.467047609329,4.417735335692));
#2651 = CARTESIAN_POINT('',(-7.46704760933,4.210056586281));
#2652 = CARTESIAN_POINT('',(-7.46704760933,3.933603212603));
#2653 = CARTESIAN_POINT('',(-7.46704760933,3.408597030419));
#2654 = CARTESIAN_POINT('',(-7.46704760933,3.14968200605));
#2655 = CARTESIAN_POINT('',(-7.467047609329,2.895569230032));
#2656 = CARTESIAN_POINT('',(-7.467047609331,2.647085023877));
#2657 = CARTESIAN_POINT('',(-7.467047609328,2.404667848968));
#2658 = CARTESIAN_POINT('',(-7.467047609331,2.168368306572));
#2659 = CARTESIAN_POINT('',(-7.467047609329,1.937849137832));
#2660 = CARTESIAN_POINT('',(-7.46704760933,1.71238522377));
#2661 = CARTESIAN_POINT('',(-7.46704760933,1.269341946803));
#2662 = CARTESIAN_POINT('',(-7.46704760933,1.052179365153));
#2663 = CARTESIAN_POINT('',(-7.467047609329,0.83856136947));
#2664 = CARTESIAN_POINT('',(-7.467047609331,0.627673488884));
#2665 = CARTESIAN_POINT('',(-7.467047609328,0.418701252527));
#2666 = CARTESIAN_POINT('',(-7.467047609331,0.210830189532));
#2667 = CARTESIAN_POINT('',(-7.467047609329,3.245829030018E-03));
#2668 = CARTESIAN_POINT('',(-7.46704760933,-0.204866299847));
#2669 = CARTESIAN_POINT('',(-7.46704760933,-0.519047852027));
#2670 = CARTESIAN_POINT('',(-7.467047609331,-0.624136029148));
#2671 = CARTESIAN_POINT('',(-7.467047609327,-0.729746740377));
#2672 = CARTESIAN_POINT('',(-7.467047609333,-0.836041526762));
#2673 = CARTESIAN_POINT('',(-7.467047609327,-0.943181929349));
#2674 = CARTESIAN_POINT('',(-7.467047609332,-1.051329489186));
#2675 = CARTESIAN_POINT('',(-7.467047609329,-1.160645747321));
#2676 = CARTESIAN_POINT('',(-7.46704760933,-1.2712922448));
#2677 = CARTESIAN_POINT('',(-7.46704760933,-1.439499661606));
#2678 = CARTESIAN_POINT('',(-7.46704760933,-1.496577996026));
#2679 = CARTESIAN_POINT('',(-7.467047609328,-1.554099572228));
#2680 = CARTESIAN_POINT('',(-7.467047609332,-1.611714083555));
#2681 = CARTESIAN_POINT('',(-7.467047609328,-1.669286870395));
#2682 = CARTESIAN_POINT('',(-7.467047609331,-1.726898920182));
#2683 = CARTESIAN_POINT('',(-7.467047609329,-1.784846867396));
#2684 = CARTESIAN_POINT('',(-7.46704760933,-1.843642993561));
#2685 = CARTESIAN_POINT('',(-7.46704760933,-1.964387460932));
#2686 = CARTESIAN_POINT('',(-7.46704760933,-2.018607170377));
#2687 = CARTESIAN_POINT('',(-7.467047609328,-2.143130067952));
#2688 = CARTESIAN_POINT('',(-7.467047609331,-2.073548730048));
#2689 = CARTESIAN_POINT('',(-7.467047609328,-2.408269365079));
#2690 = CARTESIAN_POINT('',(-7.467047609331,-2.073630566969));
#2691 = CARTESIAN_POINT('',(-7.467047609329,-2.271537030237));
#2692 = CARTESIAN_POINT('',(-7.46704760933,-2.501156972617));
#2693 = CARTESIAN_POINT('',(-7.46704760933,-2.568850207222));
#2694 = ( GEOMETRIC_REPRESENTATION_CONTEXT(2)
PARAMETRIC_REPRESENTATION_CONTEXT() REPRESENTATION_CONTEXT('2D SPACE',''
  ) );
#2695 = PCURVE('',#2417,#2696);
#2696 = DEFINITIONAL_REPRESENTATION('',(#2697),#2700);
#2697 = B_SPLINE_CURVE_WITH_KNOTS('',1,(#2698,#2699),.UNSPECIFIED.,.F.,
  .F.,(2,2),(0.,10.56),.PIECEWISE_BEZIER_KNOTS.);
#2698 = CARTESIAN_POINT('',(10.56,-55.44));
#2699 = CARTESIAN_POINT('',(0.,-55.44));
#2700 = ( GEOMETRIC_REPRESENTATION_CONTEXT(2)
PARAMETRIC_REPRESENTATION_CONTEXT() REPRESENTATION_CONTEXT('2D SPACE',''
  ) );
#2701 = ORIENTED_EDGE('',*,*,#2702,.F.);
#2702 = EDGE_CURVE('',#2103,#2634,#2703,.T.);
#2703 = SURFACE_CURVE('',#2704,(#2712,#2734),.PCURVE_S1.);
#2704 = ( BOUNDED_CURVE() B_SPLINE_CURVE(6,(#2705,#2706,#2707,#2708,
#2709,#2710,#2711),.UNSPECIFIED.,.F.,.F.) B_SPLINE_CURVE_WITH_KNOTS((7,7
),(0.,1.570796326795),.PIECEWISE_BEZIER_KNOTS.) CURVE()
GEOMETRIC_REPRESENTATION_ITEM() RATIONAL_B_SPLINE_CURVE((1.031393471788,
    1.010025407661,0.997924642725,0.993958444137,0.997924642725,
1.010025407661,1.031393471788)) REPRESENTATION_ITEM('') );
#2705 = CARTESIAN_POINT('',(-198.1593821509,131.5424590104,
    745.09396083998));
#2706 = CARTESIAN_POINT('',(-200.2232070478,133.46869558081,
    745.09396083998));
#2707 = CARTESIAN_POINT('',(-202.8211240714,134.71489582442,
    744.84202020327));
#2708 = CARTESIAN_POINT('',(-205.6797995786,135.12206321741,
    744.35868605305));
#2709 = CARTESIAN_POINT('',(-208.4893055777,134.63575032205,
    743.69415715874));
#2710 = CARTESIAN_POINT('',(-210.9461780557,133.31896944264,
    742.92245272336));
#2711 = CARTESIAN_POINT('',(-212.7949892911,131.33810026176,
    742.130105051));
#2712 = PCURVE('',#1852,#2713);
#2713 = DEFINITIONAL_REPRESENTATION('',(#2714),#2733);
#2714 = B_SPLINE_CURVE_WITH_KNOTS('',9,(#2715,#2716,#2717,#2718,#2719,
    #2720,#2721,#2722,#2723,#2724,#2725,#2726,#2727,#2728,#2729,#2730,
    #2731,#2732),.UNSPECIFIED.,.F.,.F.,(10,8,10),(0.,0.785398163397,
    1.570796326795),.UNSPECIFIED.);
#2715 = CARTESIAN_POINT('',(1.283417816467E-13,-6.91982776041));
#2716 = CARTESIAN_POINT('',(-0.677599059779,-6.524997239245));
#2717 = CARTESIAN_POINT('',(-1.637219865731,-5.880260317495));
#2718 = CARTESIAN_POINT('',(-1.32068209186,-5.905119465769));
#2719 = CARTESIAN_POINT('',(-3.6121656908,-4.340787398132));
#2720 = CARTESIAN_POINT('',(-2.265658779114,-4.882689963054));
#2721 = CARTESIAN_POINT('',(-3.915685214843,-3.640045839587));
#2722 = CARTESIAN_POINT('',(-3.882820629439,-3.459286366911));
#2723 = CARTESIAN_POINT('',(-4.686242077305,-2.361045148543));
#2724 = CARTESIAN_POINT('',(-5.89705855153,-0.257732641662));
#2725 = CARTESIAN_POINT('',(-6.371616489276,0.770577162767));
#2726 = CARTESIAN_POINT('',(-6.664383443748,1.53128232838));
#2727 = CARTESIAN_POINT('',(-6.864264912934,2.159165379677));
#2728 = CARTESIAN_POINT('',(-7.059117899854,2.843422796651));
#2729 = CARTESIAN_POINT('',(-7.264480780365,3.650177357162));
#2730 = CARTESIAN_POINT('',(-7.421927715645,4.492129580479));
#2731 = CARTESIAN_POINT('',(-7.46704760933,5.245348272008));
#2732 = CARTESIAN_POINT('',(-7.46704760933,6.013200169192));
#2733 = ( GEOMETRIC_REPRESENTATION_CONTEXT(2)
PARAMETRIC_REPRESENTATION_CONTEXT() REPRESENTATION_CONTEXT('2D SPACE',''
  ) );
#2734 = PCURVE('',#2118,#2735);
#2735 = DEFINITIONAL_REPRESENTATION('',(#2736),#2745);
#2736 = B_SPLINE_CURVE_WITH_KNOTS('',7,(#2737,#2738,#2739,#2740,#2741,
    #2742,#2743,#2744),.UNSPECIFIED.,.F.,.F.,(8,8),(0.,1.570796326795),
  .PIECEWISE_BEZIER_KNOTS.);
#2737 = CARTESIAN_POINT('',(1.570796326795,55.44));
#2738 = CARTESIAN_POINT('',(1.346397878809,55.44));
#2739 = CARTESIAN_POINT('',(1.12199568744,55.439999999999));
#2740 = CARTESIAN_POINT('',(0.897599901113,55.440000000001));
#2741 = CARTESIAN_POINT('',(0.673196425682,55.439999999999));
#2742 = CARTESIAN_POINT('',(0.448800639355,55.44));
#2743 = CARTESIAN_POINT('',(0.224398447986,55.44));
#2744 = CARTESIAN_POINT('',(-1.110223024625E-16,55.44));
#2745 = ( GEOMETRIC_REPRESENTATION_CONTEXT(2)
PARAMETRIC_REPRESENTATION_CONTEXT() REPRESENTATION_CONTEXT('2D SPACE',''
  ) );
#2746 = ORIENTED_EDGE('',*,*,#2156,.F.);
#2747 = ORIENTED_EDGE('',*,*,#1837,.F.);
#2748 = ADVANCED_FACE('',(#2749),#1825,.T.);
#2749 = FACE_BOUND('',#2750,.T.);
#2750 = EDGE_LOOP('',(#2751,#2752,#2753,#2773));
#2751 = ORIENTED_EDGE('',*,*,#2562,.T.);
#2752 = ORIENTED_EDGE('',*,*,#1809,.T.);
#2753 = ORIENTED_EDGE('',*,*,#2754,.T.);
#2754 = EDGE_CURVE('',#1787,#2515,#2755,.T.);
#2755 = SURFACE_CURVE('',#2756,(#2761,#2767),.PCURVE_S1.);
#2756 = CIRCLE('',#2757,10.56);
#2757 = AXIS2_PLACEMENT_3D('',#2758,#2759,#2760);
#2758 = CARTESIAN_POINT('',(-203.5263015805,125.79218819294,
    742.793852513));
#2759 = DIRECTION('',(0.654892377615,0.701670404587,0.280668161835));
#2760 = DIRECTION('',(-0.731055268243,0.68231825036,-1.665334536938E-15)
  );
#2761 = PCURVE('',#1825,#2762);
#2762 = DEFINITIONAL_REPRESENTATION('',(#2763),#2766);
#2763 = B_SPLINE_CURVE_WITH_KNOTS('',1,(#2764,#2765),.UNSPECIFIED.,.F.,
  .F.,(2,2),(4.712388980385,6.28318530718),.PIECEWISE_BEZIER_KNOTS.);
#2764 = CARTESIAN_POINT('',(1.570796326795,8.195116652864));
#2765 = CARTESIAN_POINT('',(0.,8.195116652864));
#2766 = ( GEOMETRIC_REPRESENTATION_CONTEXT(2)
PARAMETRIC_REPRESENTATION_CONTEXT() REPRESENTATION_CONTEXT('2D SPACE',''
  ) );
#2767 = PCURVE('',#2497,#2768);
#2768 = DEFINITIONAL_REPRESENTATION('',(#2769),#2772);
#2769 = B_SPLINE_CURVE_WITH_KNOTS('',1,(#2770,#2771),.UNSPECIFIED.,.F.,
  .F.,(2,2),(4.712388980385,6.28318530718),.PIECEWISE_BEZIER_KNOTS.);
#2770 = CARTESIAN_POINT('',(0.,-1.570796326795));
#2771 = CARTESIAN_POINT('',(0.,0.));
#2772 = ( GEOMETRIC_REPRESENTATION_CONTEXT(2)
PARAMETRIC_REPRESENTATION_CONTEXT() REPRESENTATION_CONTEXT('2D SPACE',''
  ) );
#2773 = ORIENTED_EDGE('',*,*,#2774,.F.);
#2774 = EDGE_CURVE('',#2563,#2515,#2775,.T.);
#2775 = SURFACE_CURVE('',#2776,(#2780,#2787),.PCURVE_S1.);
#2776 = LINE('',#2777,#2778);
#2777 = CARTESIAN_POINT('',(-205.8793257835,138.7477397342,
    745.09396083998));
#2778 = VECTOR('',#2779,1.);
#2779 = DIRECTION('',(-0.654892377615,-0.701670404587,-0.280668161835));
#2780 = PCURVE('',#1825,#2781);
#2781 = DEFINITIONAL_REPRESENTATION('',(#2782),#2786);
#2782 = LINE('',#2783,#2784);
#2783 = CARTESIAN_POINT('',(0.,0.));
#2784 = VECTOR('',#2785,1.);
#2785 = DIRECTION('',(0.,1.));
#2786 = ( GEOMETRIC_REPRESENTATION_CONTEXT(2)
PARAMETRIC_REPRESENTATION_CONTEXT() REPRESENTATION_CONTEXT('2D SPACE',''
  ) );
#2787 = PCURVE('',#2417,#2788);
#2788 = DEFINITIONAL_REPRESENTATION('',(#2789),#2793);
#2789 = LINE('',#2790,#2791);
#2790 = CARTESIAN_POINT('',(-8.526512829121E-14,-55.44));
#2791 = VECTOR('',#2792,1.);
#2792 = DIRECTION('',(1.,0.));
#2793 = ( GEOMETRIC_REPRESENTATION_CONTEXT(2)
PARAMETRIC_REPRESENTATION_CONTEXT() REPRESENTATION_CONTEXT('2D SPACE',''
  ) );
#2794 = ADVANCED_FACE('',(#2795),#2118,.T.);
#2795 = FACE_BOUND('',#2796,.T.);
#2796 = EDGE_LOOP('',(#2797,#2817,#2818,#2819));
#2797 = ORIENTED_EDGE('',*,*,#2798,.F.);
#2798 = EDGE_CURVE('',#2080,#2432,#2799,.T.);
#2799 = SURFACE_CURVE('',#2800,(#2805,#2811),.PCURVE_S1.);
#2800 = CIRCLE('',#2801,10.56);
#2801 = AXIS2_PLACEMENT_3D('',#2802,#2803,#2804);
#2802 = CARTESIAN_POINT('',(-213.6697904676,114.92416438537,
    785.20614748699));
#2803 = DIRECTION('',(-0.191505009115,-0.205183938338,0.959804867112));
#2804 = DIRECTION('',(-0.731055268243,0.68231825036,-1.304512053935E-15)
  );
#2805 = PCURVE('',#2118,#2806);
#2806 = DEFINITIONAL_REPRESENTATION('',(#2807),#2810);
#2807 = B_SPLINE_CURVE_WITH_KNOTS('',1,(#2808,#2809),.UNSPECIFIED.,.F.,
  .F.,(2,2),(4.712388980385,6.28318530718),.PIECEWISE_BEZIER_KNOTS.);
#2808 = CARTESIAN_POINT('',(1.570796326795,10.56));
#2809 = CARTESIAN_POINT('',(0.,10.56));
#2810 = ( GEOMETRIC_REPRESENTATION_CONTEXT(2)
PARAMETRIC_REPRESENTATION_CONTEXT() REPRESENTATION_CONTEXT('2D SPACE',''
  ) );
#2811 = PCURVE('',#2221,#2812);
#2812 = DEFINITIONAL_REPRESENTATION('',(#2813),#2816);
#2813 = B_SPLINE_CURVE_WITH_KNOTS('',1,(#2814,#2815),.UNSPECIFIED.,.F.,
  .F.,(2,2),(4.712388980385,6.28318530718),.PIECEWISE_BEZIER_KNOTS.);
#2814 = CARTESIAN_POINT('',(0.,-1.570796326795));
#2815 = CARTESIAN_POINT('',(0.,0.));
#2816 = ( GEOMETRIC_REPRESENTATION_CONTEXT(2)
PARAMETRIC_REPRESENTATION_CONTEXT() REPRESENTATION_CONTEXT('2D SPACE',''
  ) );
#2817 = ORIENTED_EDGE('',*,*,#2102,.T.);
#2818 = ORIENTED_EDGE('',*,*,#2702,.T.);
#2819 = ORIENTED_EDGE('',*,*,#2820,.F.);
#2820 = EDGE_CURVE('',#2432,#2634,#2821,.T.);
#2821 = SURFACE_CURVE('',#2822,(#2826,#2833),.PCURVE_S1.);
#2822 = LINE('',#2823,#2824);
#2823 = CARTESIAN_POINT('',(-223.4120269965,119.96270272032,
    795.3416868837));
#2824 = VECTOR('',#2825,1.);
#2825 = DIRECTION('',(0.191505009115,0.205183938338,-0.959804867112));
#2826 = PCURVE('',#2118,#2827);
#2827 = DEFINITIONAL_REPRESENTATION('',(#2828),#2832);
#2828 = LINE('',#2829,#2830);
#2829 = CARTESIAN_POINT('',(0.,0.));
#2830 = VECTOR('',#2831,1.);
#2831 = DIRECTION('',(0.,1.));
#2832 = ( GEOMETRIC_REPRESENTATION_CONTEXT(2)
PARAMETRIC_REPRESENTATION_CONTEXT() REPRESENTATION_CONTEXT('2D SPACE',''
  ) );
#2833 = PCURVE('',#2417,#2834);
#2834 = DEFINITIONAL_REPRESENTATION('',(#2835),#2839);
#2835 = LINE('',#2836,#2837);
#2836 = CARTESIAN_POINT('',(10.56,0.));
#2837 = VECTOR('',#2838,1.);
#2838 = DIRECTION('',(0.,-1.));
#2839 = ( GEOMETRIC_REPRESENTATION_CONTEXT(2)
PARAMETRIC_REPRESENTATION_CONTEXT() REPRESENTATION_CONTEXT('2D SPACE',''
  ) );
#2840 = ADVANCED_FACE('',(#2841),#2221,.T.);
#2841 = FACE_BOUND('',#2842,.F.);
#2842 = EDGE_LOOP('',(#2843,#2844,#2845));
#2843 = ORIENTED_EDGE('',*,*,#2798,.F.);
#2844 = ORIENTED_EDGE('',*,*,#2207,.T.);
#2845 = ORIENTED_EDGE('',*,*,#2454,.F.);
#2846 = ADVANCED_FACE('',(#2847),#2417,.T.);
#2847 = FACE_BOUND('',#2848,.T.);
#2848 = EDGE_LOOP('',(#2849,#2850,#2851,#2852,#2853,#2854));
#2849 = ORIENTED_EDGE('',*,*,#2354,.T.);
#2850 = ORIENTED_EDGE('',*,*,#2431,.F.);
#2851 = ORIENTED_EDGE('',*,*,#2820,.T.);
#2852 = ORIENTED_EDGE('',*,*,#2633,.T.);
#2853 = ORIENTED_EDGE('',*,*,#2774,.T.);
#2854 = ORIENTED_EDGE('',*,*,#2538,.F.);
#2855 = ADVANCED_FACE('',(#2856),#2497,.T.);
#2856 = FACE_BOUND('',#2857,.T.);
#2857 = EDGE_LOOP('',(#2858,#2859,#2860));
#2858 = ORIENTED_EDGE('',*,*,#2754,.F.);
#2859 = ORIENTED_EDGE('',*,*,#2483,.T.);
#2860 = ORIENTED_EDGE('',*,*,#2514,.F.);
#2861 = ( GEOMETRIC_REPRESENTATION_CONTEXT(3)
GLOBAL_UNCERTAINTY_ASSIGNED_CONTEXT((#2865))
GLOBAL_UNIT_ASSIGNED_CONTEXT((#2862,#2863,#2864)) REPRESENTATION_CONTEXT
('Context #1','3D Context with UNIT and UNCERTAINTY') );
#2862 = ( LENGTH_UNIT() NAMED_UNIT(*) SI_UNIT(.MILLI.,.METRE.) );
#2863 = ( NAMED_UNIT(*) PLANE_ANGLE_UNIT() SI_UNIT($,.RADIAN.) );
#2864 = ( NAMED_UNIT(*) SI_UNIT($,.STERADIAN.) SOLID_ANGLE_UNIT() );
#2865 = UNCERTAINTY_MEASURE_WITH_UNIT(LENGTH_MEASURE(2.),#2862,
  'distance_accuracy_value','confusion accuracy');
#2866 = CONTEXT_DEPENDENT_SHAPE_REPRESENTATION(#2867,#2869);
#2867 = ( REPRESENTATION_RELATIONSHIP('','',#144,#10)
REPRESENTATION_RELATIONSHIP_WITH_TRANSFORMATION(#2868)
SHAPE_REPRESENTATION_RELATIONSHIP() );
#2868 = ITEM_DEFINED_TRANSFORMATION('','',#11,#15);
#2869 = PRODUCT_DEFINITION_SHAPE('Placement','Placement of an item',
  #2870);
#2870 = NEXT_ASSEMBLY_USAGE_OCCURRENCE('1','','',#5,#139,$);
#2871 = PRODUCT_RELATED_PRODUCT_CATEGORY('part',$,(#141));
#2872 = SHAPE_DEFINITION_REPRESENTATION(#2873,#2879);
#2873 = PRODUCT_DEFINITION_SHAPE('','',#2874);
#2874 = PRODUCT_DEFINITION('design','',#2875,#2878);
#2875 = PRODUCT_DEFINITION_FORMATION('','',#2876);
#2876 = PRODUCT('Open CASCADE STEP translator 7.7 4.2',
  'Open CASCADE STEP translator 7.7 4.2','',(#2877));
#2877 = PRODUCT_CONTEXT('',#2,'mechanical');
#2878 = PRODUCT_DEFINITION_CONTEXT('part definition',#2,'design');
#2879 = ADVANCED_BREP_SHAPE_REPRESENTATION('',(#11,#2880),#4186);
#2880 = MANIFOLD_SOLID_BREP('',#2881);
#2881 = CLOSED_SHELL('',(#2882,#3002,#3090,#3169,#3250,#3326,#3356,#3386
    ,#3462,#3543,#3568,#3649,#3674,#3750,#3781,#3812,#3890,#3921,#3988,
    #4019,#4088,#4155,#4161,#4167,#4174,#4180));
#2882 = ADVANCED_FACE('',(#2883),#2897,.F.);
#2883 = FACE_BOUND('',#2884,.F.);
#2884 = EDGE_LOOP('',(#2885,#2920,#2948,#2976));
#2885 = ORIENTED_EDGE('',*,*,#2886,.F.);
#2886 = EDGE_CURVE('',#2887,#2889,#2891,.T.);
#2887 = VERTEX_POINT('',#2888);
#2888 = CARTESIAN_POINT('',(-234.0401859552,105.60955756814,
    730.44622149273));
#2889 = VERTEX_POINT('',#2890);
#2890 = CARTESIAN_POINT('',(-250.4167573893,91.369060668939,
    720.47787366328));
#2891 = SURFACE_CURVE('',#2892,(#2896,#2908),.PCURVE_S1.);
#2892 = LINE('',#2893,#2894);
#2893 = CARTESIAN_POINT('',(-227.4572018295,111.33389159054,
    734.4532553084));
#2894 = VECTOR('',#2895,1.);
#2895 = DIRECTION('',(-0.6857275131,-0.596284794,-0.4173993558));
#2896 = PCURVE('',#2897,#2902);
#2897 = PLANE('',#2898);
#2898 = AXIS2_PLACEMENT_3D('',#2899,#2900,#2901);
#2899 = CARTESIAN_POINT('',(-224.4334719846,113.96322189037,
    725.72951299217));
#2900 = DIRECTION('',(0.656178714925,-0.754605522164,0.));
#2901 = DIRECTION('',(-0.6857275131,-0.596284794,-0.4173993558));
#2902 = DEFINITIONAL_REPRESENTATION('',(#2903),#2907);
#2903 = LINE('',#2904,#2905);
#2904 = CARTESIAN_POINT('',(0.,-9.6));
#2905 = VECTOR('',#2906,1.);
#2906 = DIRECTION('',(1.,-5.551115123126E-17));
#2907 = ( GEOMETRIC_REPRESENTATION_CONTEXT(2)
PARAMETRIC_REPRESENTATION_CONTEXT() REPRESENTATION_CONTEXT('2D SPACE',''
  ) );
#2908 = PCURVE('',#2909,#2914);
#2909 = CYLINDRICAL_SURFACE('',#2910,9.6);
#2910 = AXIS2_PLACEMENT_3D('',#2911,#2912,#2913);
#2911 = CARTESIAN_POINT('',(-221.1578861662,104.08967857777,
    734.4532553084));
#2912 = DIRECTION('',(-0.6857275131,-0.596284794,-0.4173993558));
#2913 = DIRECTION('',(-0.656178714925,0.754605522164,0.));
#2914 = DEFINITIONAL_REPRESENTATION('',(#2915),#2919);
#2915 = LINE('',#2916,#2917);
#2916 = CARTESIAN_POINT('',(0.,0.));
#2917 = VECTOR('',#2918,1.);
#2918 = DIRECTION('',(0.,1.));
#2919 = ( GEOMETRIC_REPRESENTATION_CONTEXT(2)
PARAMETRIC_REPRESENTATION_CONTEXT() REPRESENTATION_CONTEXT('2D SPACE',''
  ) );
#2920 = ORIENTED_EDGE('',*,*,#2921,.T.);
#2921 = EDGE_CURVE('',#2887,#2922,#2924,.T.);
#2922 = VERTEX_POINT('',#2923);
#2923 = CARTESIAN_POINT('',(-246.8910377956,94.434903793852,
    767.52212633671));
#2924 = SURFACE_CURVE('',#2925,(#2929,#2936),.PCURVE_S1.);
#2925 = LINE('',#2926,#2927);
#2926 = CARTESIAN_POINT('',(-231.0164561104,108.23888786797,
    721.72247917649));
#2927 = VECTOR('',#2928,1.);
#2928 = DIRECTION('',(-0.314971858834,-0.273888572899,0.908723157941));
#2929 = PCURVE('',#2897,#2930);
#2930 = DEFINITIONAL_REPRESENTATION('',(#2931),#2935);
#2931 = LINE('',#2932,#2933);
#2932 = CARTESIAN_POINT('',(9.6,0.));
#2933 = VECTOR('',#2934,1.);
#2934 = DIRECTION('',(5.551115123126E-17,-1.));
#2935 = ( GEOMETRIC_REPRESENTATION_CONTEXT(2)
PARAMETRIC_REPRESENTATION_CONTEXT() REPRESENTATION_CONTEXT('2D SPACE',''
  ) );
#2936 = PCURVE('',#2937,#2942);
#2937 = CYLINDRICAL_SURFACE('',#2938,9.6);
#2938 = AXIS2_PLACEMENT_3D('',#2939,#2940,#2941);
#2939 = CARTESIAN_POINT('',(-224.7171404471,100.9946748552,
    721.72247917649));
#2940 = DIRECTION('',(-0.314971858834,-0.273888572899,0.908723157941));
#2941 = DIRECTION('',(-0.656178714925,0.754605522164,2.775557561563E-17)
  );
#2942 = DEFINITIONAL_REPRESENTATION('',(#2943),#2947);
#2943 = LINE('',#2944,#2945);
#2944 = CARTESIAN_POINT('',(-0.,0.));
#2945 = VECTOR('',#2946,1.);
#2946 = DIRECTION('',(-0.,1.));
#2947 = ( GEOMETRIC_REPRESENTATION_CONTEXT(2)
PARAMETRIC_REPRESENTATION_CONTEXT() REPRESENTATION_CONTEXT('2D SPACE',''
  ) );
#2948 = ORIENTED_EDGE('',*,*,#2949,.T.);
#2949 = EDGE_CURVE('',#2922,#2950,#2952,.T.);
#2950 = VERTEX_POINT('',#2951);
#2951 = CARTESIAN_POINT('',(-263.2676092297,80.19440689465,
    757.55377850727));
#2952 = SURFACE_CURVE('',#2953,(#2957,#2964),.PCURVE_S1.);
#2953 = LINE('',#2954,#2955);
#2954 = CARTESIAN_POINT('',(-240.3080536699,100.15923781625,
    771.52916015239));
#2955 = VECTOR('',#2956,1.);
#2956 = DIRECTION('',(-0.6857275131,-0.596284794,-0.4173993558));
#2957 = PCURVE('',#2897,#2958);
#2958 = DEFINITIONAL_REPRESENTATION('',(#2959),#2963);
#2959 = LINE('',#2960,#2961);
#2960 = CARTESIAN_POINT('',(-2.84217094304E-14,-50.4));
#2961 = VECTOR('',#2962,1.);
#2962 = DIRECTION('',(1.,-5.551115123126E-17));
#2963 = ( GEOMETRIC_REPRESENTATION_CONTEXT(2)
PARAMETRIC_REPRESENTATION_CONTEXT() REPRESENTATION_CONTEXT('2D SPACE',''
  ) );
#2964 = PCURVE('',#2965,#2970);
#2965 = CYLINDRICAL_SURFACE('',#2966,9.6);
#2966 = AXIS2_PLACEMENT_3D('',#2967,#2968,#2969);
#2967 = CARTESIAN_POINT('',(-234.0087380066,92.915024803482,
    771.52916015239));
#2968 = DIRECTION('',(-0.6857275131,-0.596284794,-0.4173993558));
#2969 = DIRECTION('',(-0.656178714925,0.754605522164,0.));
#2970 = DEFINITIONAL_REPRESENTATION('',(#2971),#2975);
#2971 = LINE('',#2972,#2973);
#2972 = CARTESIAN_POINT('',(-0.,0.));
#2973 = VECTOR('',#2974,1.);
#2974 = DIRECTION('',(-0.,1.));
#2975 = ( GEOMETRIC_REPRESENTATION_CONTEXT(2)
PARAMETRIC_REPRESENTATION_CONTEXT() REPRESENTATION_CONTEXT('2D SPACE',''
  ) );
#2976 = ORIENTED_EDGE('',*,*,#2977,.F.);
#2977 = EDGE_CURVE('',#2889,#2950,#2978,.T.);
#2978 = SURFACE_CURVE('',#2979,(#2983,#2990),.PCURVE_S1.);
#2979 = LINE('',#2980,#2981);
#2980 = CARTESIAN_POINT('',(-247.3930275445,93.998390968772,
    711.75413134705));
#2981 = VECTOR('',#2982,1.);
#2982 = DIRECTION('',(-0.314971858834,-0.273888572899,0.908723157941));
#2983 = PCURVE('',#2897,#2984);
#2984 = DEFINITIONAL_REPRESENTATION('',(#2985),#2989);
#2985 = LINE('',#2986,#2987);
#2986 = CARTESIAN_POINT('',(33.482039324994,0.));
#2987 = VECTOR('',#2988,1.);
#2988 = DIRECTION('',(5.551115123126E-17,-1.));
#2989 = ( GEOMETRIC_REPRESENTATION_CONTEXT(2)
PARAMETRIC_REPRESENTATION_CONTEXT() REPRESENTATION_CONTEXT('2D SPACE',''
  ) );
#2990 = PCURVE('',#2991,#2996);
#2991 = CYLINDRICAL_SURFACE('',#2992,9.6);
#2992 = AXIS2_PLACEMENT_3D('',#2993,#2994,#2995);
#2993 = CARTESIAN_POINT('',(-241.0937118812,86.754177956002,
    711.75413134705));
#2994 = DIRECTION('',(-0.314971858834,-0.273888572899,0.908723157941));
#2995 = DIRECTION('',(-0.656178714925,0.754605522164,2.775557561563E-17)
  );
#2996 = DEFINITIONAL_REPRESENTATION('',(#2997),#3001);
#2997 = LINE('',#2998,#2999);
#2998 = CARTESIAN_POINT('',(0.,0.));
#2999 = VECTOR('',#3000,1.);
#3000 = DIRECTION('',(0.,1.));
#3001 = ( GEOMETRIC_REPRESENTATION_CONTEXT(2)
PARAMETRIC_REPRESENTATION_CONTEXT() REPRESENTATION_CONTEXT('2D SPACE',''
  ) );
#3002 = ADVANCED_FACE('',(#3003),#2909,.T.);
#3003 = FACE_BOUND('',#3004,.T.);
#3004 = EDGE_LOOP('',(#3005,#3006,#3035,#3063));
#3005 = ORIENTED_EDGE('',*,*,#2886,.F.);
#3006 = ORIENTED_EDGE('',*,*,#3007,.T.);
#3007 = EDGE_CURVE('',#2887,#3008,#3010,.T.);
#3008 = VERTEX_POINT('',#3009);
#3009 = CARTESIAN_POINT('',(-224.7171404471,100.9946748552,
    721.72247917649));
#3010 = SURFACE_CURVE('',#3011,(#3016,#3023),.PCURVE_S1.);
#3011 = CIRCLE('',#3012,9.6);
#3012 = AXIS2_PLACEMENT_3D('',#3013,#3014,#3015);
#3013 = CARTESIAN_POINT('',(-227.7408702919,98.365344555372,
    730.44622149273));
#3014 = DIRECTION('',(-0.6857275131,-0.596284794,-0.4173993558));
#3015 = DIRECTION('',(-0.656178714925,0.754605522164,-8.743006318923E-15
    ));
#3016 = PCURVE('',#2909,#3017);
#3017 = DEFINITIONAL_REPRESENTATION('',(#3018),#3022);
#3018 = LINE('',#3019,#3020);
#3019 = CARTESIAN_POINT('',(1.184237892933E-14,9.6));
#3020 = VECTOR('',#3021,1.);
#3021 = DIRECTION('',(1.,0.));
#3022 = ( GEOMETRIC_REPRESENTATION_CONTEXT(2)
PARAMETRIC_REPRESENTATION_CONTEXT() REPRESENTATION_CONTEXT('2D SPACE',''
  ) );
#3023 = PCURVE('',#3024,#3029);
#3024 = SPHERICAL_SURFACE('',#3025,9.6);
#3025 = AXIS2_PLACEMENT_3D('',#3026,#3027,#3028);
#3026 = CARTESIAN_POINT('',(-227.7408702919,98.365344555372,
    730.44622149273));
#3027 = DIRECTION('',(-0.6857275131,-0.596284794,-0.4173993558));
#3028 = DIRECTION('',(-0.656178714925,0.754605522164,-8.743006318923E-15
    ));
#3029 = DEFINITIONAL_REPRESENTATION('',(#3030),#3034);
#3030 = LINE('',#3031,#3032);
#3031 = CARTESIAN_POINT('',(0.,0.));
#3032 = VECTOR('',#3033,1.);
#3033 = DIRECTION('',(1.,0.));
#3034 = ( GEOMETRIC_REPRESENTATION_CONTEXT(2)
PARAMETRIC_REPRESENTATION_CONTEXT() REPRESENTATION_CONTEXT('2D SPACE',''
  ) );
#3035 = ORIENTED_EDGE('',*,*,#3036,.T.);
#3036 = EDGE_CURVE('',#3008,#3037,#3039,.T.);
#3037 = VERTEX_POINT('',#3038);
#3038 = CARTESIAN_POINT('',(-241.0937118812,86.754177956002,
    711.75413134705));
#3039 = SURFACE_CURVE('',#3040,(#3044,#3051),.PCURVE_S1.);
#3040 = LINE('',#3041,#3042);
#3041 = CARTESIAN_POINT('',(-218.1341563214,106.7190088776,
    725.72951299217));
#3042 = VECTOR('',#3043,1.);
#3043 = DIRECTION('',(-0.6857275131,-0.596284794,-0.4173993558));
#3044 = PCURVE('',#2909,#3045);
#3045 = DEFINITIONAL_REPRESENTATION('',(#3046),#3050);
#3046 = LINE('',#3047,#3048);
#3047 = CARTESIAN_POINT('',(1.570796326795,0.));
#3048 = VECTOR('',#3049,1.);
#3049 = DIRECTION('',(0.,1.));
#3050 = ( GEOMETRIC_REPRESENTATION_CONTEXT(2)
PARAMETRIC_REPRESENTATION_CONTEXT() REPRESENTATION_CONTEXT('2D SPACE',''
  ) );
#3051 = PCURVE('',#3052,#3057);
#3052 = PLANE('',#3053);
#3053 = AXIS2_PLACEMENT_3D('',#3054,#3055,#3056);
#3054 = CARTESIAN_POINT('',(-224.4334719846,113.96322189037,
    725.72951299217));
#3055 = DIRECTION('',(-0.314971858834,-0.273888572899,0.908723157941));
#3056 = DIRECTION('',(-0.6857275131,-0.596284794,-0.4173993558));
#3057 = DEFINITIONAL_REPRESENTATION('',(#3058),#3062);
#3058 = LINE('',#3059,#3060);
#3059 = CARTESIAN_POINT('',(0.,9.6));
#3060 = VECTOR('',#3061,1.);
#3061 = DIRECTION('',(1.,-5.551115123126E-17));
#3062 = ( GEOMETRIC_REPRESENTATION_CONTEXT(2)
PARAMETRIC_REPRESENTATION_CONTEXT() REPRESENTATION_CONTEXT('2D SPACE',''
  ) );
#3063 = ORIENTED_EDGE('',*,*,#3064,.F.);
#3064 = EDGE_CURVE('',#2889,#3037,#3065,.T.);
#3065 = SURFACE_CURVE('',#3066,(#3071,#3078),.PCURVE_S1.);
#3066 = CIRCLE('',#3067,9.6);
#3067 = AXIS2_PLACEMENT_3D('',#3068,#3069,#3070);
#3068 = CARTESIAN_POINT('',(-244.117441726,84.12484765617,
    720.47787366328));
#3069 = DIRECTION('',(-0.6857275131,-0.596284794,-0.4173993558));
#3070 = DIRECTION('',(-0.656178714925,0.754605522164,2.6645352591E-15));
#3071 = PCURVE('',#2909,#3072);
#3072 = DEFINITIONAL_REPRESENTATION('',(#3073),#3077);
#3073 = LINE('',#3074,#3075);
#3074 = CARTESIAN_POINT('',(0.,33.482039324994));
#3075 = VECTOR('',#3076,1.);
#3076 = DIRECTION('',(1.,0.));
#3077 = ( GEOMETRIC_REPRESENTATION_CONTEXT(2)
PARAMETRIC_REPRESENTATION_CONTEXT() REPRESENTATION_CONTEXT('2D SPACE',''
  ) );
#3078 = PCURVE('',#3079,#3084);
#3079 = SPHERICAL_SURFACE('',#3080,9.6);
#3080 = AXIS2_PLACEMENT_3D('',#3081,#3082,#3083);
#3081 = CARTESIAN_POINT('',(-244.117441726,84.12484765617,
    720.47787366328));
#3082 = DIRECTION('',(0.6857275131,0.596284794,0.4173993558));
#3083 = DIRECTION('',(-0.656178714925,0.754605522164,2.636779683485E-15)
  );
#3084 = DEFINITIONAL_REPRESENTATION('',(#3085),#3089);
#3085 = LINE('',#3086,#3087);
#3086 = CARTESIAN_POINT('',(-0.,0.));
#3087 = VECTOR('',#3088,1.);
#3088 = DIRECTION('',(-1.,0.));
#3089 = ( GEOMETRIC_REPRESENTATION_CONTEXT(2)
PARAMETRIC_REPRESENTATION_CONTEXT() REPRESENTATION_CONTEXT('2D SPACE',''
  ) );
#3090 = ADVANCED_FACE('',(#3091),#2937,.T.);
#3091 = FACE_BOUND('',#3092,.F.);
#3092 = EDGE_LOOP('',(#3093,#3115,#3143,#3168));
#3093 = ORIENTED_EDGE('',*,*,#3094,.F.);
#3094 = EDGE_CURVE('',#3095,#2887,#3097,.T.);
#3095 = VERTEX_POINT('',#3096);
#3096 = CARTESIAN_POINT('',(-221.1578861662,104.08967857777,
    734.45325530841));
#3097 = SURFACE_CURVE('',#3098,(#3103,#3109),.PCURVE_S1.);
#3098 = CIRCLE('',#3099,9.6);
#3099 = AXIS2_PLACEMENT_3D('',#3100,#3101,#3102);
#3100 = CARTESIAN_POINT('',(-227.7408702919,98.365344555372,
    730.44622149273));
#3101 = DIRECTION('',(-0.314971858834,-0.273888572899,0.908723157941));
#3102 = DIRECTION('',(-0.656178714925,0.754605522164,-8.798517470154E-15
    ));
#3103 = PCURVE('',#2937,#3104);
#3104 = DEFINITIONAL_REPRESENTATION('',(#3105),#3108);
#3105 = B_SPLINE_CURVE_WITH_KNOTS('',1,(#3106,#3107),.UNSPECIFIED.,.F.,
  .F.,(2,2),(4.712388980385,6.28318530718),.PIECEWISE_BEZIER_KNOTS.);
#3106 = CARTESIAN_POINT('',(-1.570796326795,9.6));
#3107 = CARTESIAN_POINT('',(0.,9.6));
#3108 = ( GEOMETRIC_REPRESENTATION_CONTEXT(2)
PARAMETRIC_REPRESENTATION_CONTEXT() REPRESENTATION_CONTEXT('2D SPACE',''
  ) );
#3109 = PCURVE('',#3024,#3110);
#3110 = DEFINITIONAL_REPRESENTATION('',(#3111),#3114);
#3111 = B_SPLINE_CURVE_WITH_KNOTS('',1,(#3112,#3113),.UNSPECIFIED.,.F.,
  .F.,(2,2),(4.712388980385,6.28318530718),.PIECEWISE_BEZIER_KNOTS.);
#3112 = CARTESIAN_POINT('',(0.,-1.570796326795));
#3113 = CARTESIAN_POINT('',(0.,0.));
#3114 = ( GEOMETRIC_REPRESENTATION_CONTEXT(2)
PARAMETRIC_REPRESENTATION_CONTEXT() REPRESENTATION_CONTEXT('2D SPACE',''
  ) );
#3115 = ORIENTED_EDGE('',*,*,#3116,.T.);
#3116 = EDGE_CURVE('',#3095,#3117,#3119,.T.);
#3117 = VERTEX_POINT('',#3118);
#3118 = CARTESIAN_POINT('',(-234.0087380066,92.915024803482,
    771.52916015239));
#3119 = SURFACE_CURVE('',#3120,(#3124,#3131),.PCURVE_S1.);
#3120 = LINE('',#3121,#3122);
#3121 = CARTESIAN_POINT('',(-218.1341563214,106.7190088776,
    725.72951299217));
#3122 = VECTOR('',#3123,1.);
#3123 = DIRECTION('',(-0.314971858834,-0.273888572899,0.908723157941));
#3124 = PCURVE('',#2937,#3125);
#3125 = DEFINITIONAL_REPRESENTATION('',(#3126),#3130);
#3126 = LINE('',#3127,#3128);
#3127 = CARTESIAN_POINT('',(-1.570796326795,0.));
#3128 = VECTOR('',#3129,1.);
#3129 = DIRECTION('',(-0.,1.));
#3130 = ( GEOMETRIC_REPRESENTATION_CONTEXT(2)
PARAMETRIC_REPRESENTATION_CONTEXT() REPRESENTATION_CONTEXT('2D SPACE',''
  ) );
#3131 = PCURVE('',#3132,#3137);
#3132 = PLANE('',#3133);
#3133 = AXIS2_PLACEMENT_3D('',#3134,#3135,#3136);
#3134 = CARTESIAN_POINT('',(-224.4334719846,113.96322189037,
    725.72951299217));
#3135 = DIRECTION('',(-0.6857275131,-0.596284794,-0.4173993558));
#3136 = DIRECTION('',(0.656178714925,-0.754605522164,0.));
#3137 = DEFINITIONAL_REPRESENTATION('',(#3138),#3142);
#3138 = LINE('',#3139,#3140);
#3139 = CARTESIAN_POINT('',(9.6,1.136868377216E-13));
#3140 = VECTOR('',#3141,1.);
#3141 = DIRECTION('',(0.,1.));
#3142 = ( GEOMETRIC_REPRESENTATION_CONTEXT(2)
PARAMETRIC_REPRESENTATION_CONTEXT() REPRESENTATION_CONTEXT('2D SPACE',''
  ) );
#3143 = ORIENTED_EDGE('',*,*,#3144,.T.);
#3144 = EDGE_CURVE('',#3117,#2922,#3145,.T.);
#3145 = SURFACE_CURVE('',#3146,(#3151,#3157),.PCURVE_S1.);
#3146 = CIRCLE('',#3147,9.6);
#3147 = AXIS2_PLACEMENT_3D('',#3148,#3149,#3150);
#3148 = CARTESIAN_POINT('',(-240.5917221324,87.190690781082,
    767.52212633671));
#3149 = DIRECTION('',(-0.314971858834,-0.273888572899,0.908723157941));
#3150 = DIRECTION('',(-0.656178714925,0.754605522164,-9.992007221626E-16
    ));
#3151 = PCURVE('',#2937,#3152);
#3152 = DEFINITIONAL_REPRESENTATION('',(#3153),#3156);
#3153 = B_SPLINE_CURVE_WITH_KNOTS('',1,(#3154,#3155),.UNSPECIFIED.,.F.,
  .F.,(2,2),(4.712388980385,6.28318530718),.PIECEWISE_BEZIER_KNOTS.);
#3154 = CARTESIAN_POINT('',(-1.570796326795,50.4));
#3155 = CARTESIAN_POINT('',(0.,50.4));
#3156 = ( GEOMETRIC_REPRESENTATION_CONTEXT(2)
PARAMETRIC_REPRESENTATION_CONTEXT() REPRESENTATION_CONTEXT('2D SPACE',''
  ) );
#3157 = PCURVE('',#3158,#3163);
#3158 = SPHERICAL_SURFACE('',#3159,9.6);
#3159 = AXIS2_PLACEMENT_3D('',#3160,#3161,#3162);
#3160 = CARTESIAN_POINT('',(-240.5917221324,87.190690781082,
    767.52212633671));
#3161 = DIRECTION('',(-0.6857275131,-0.596284794,-0.4173993558));
#3162 = DIRECTION('',(-0.656178714925,0.754605522164,-9.436895709314E-16
    ));
#3163 = DEFINITIONAL_REPRESENTATION('',(#3164),#3167);
#3164 = B_SPLINE_CURVE_WITH_KNOTS('',1,(#3165,#3166),.UNSPECIFIED.,.F.,
  .F.,(2,2),(4.712388980385,6.28318530718),.PIECEWISE_BEZIER_KNOTS.);
#3165 = CARTESIAN_POINT('',(0.,-1.570796326795));
#3166 = CARTESIAN_POINT('',(0.,0.));
#3167 = ( GEOMETRIC_REPRESENTATION_CONTEXT(2)
PARAMETRIC_REPRESENTATION_CONTEXT() REPRESENTATION_CONTEXT('2D SPACE',''
  ) );
#3168 = ORIENTED_EDGE('',*,*,#2921,.F.);
#3169 = ADVANCED_FACE('',(#3170),#2991,.T.);
#3170 = FACE_BOUND('',#3171,.T.);
#3171 = EDGE_LOOP('',(#3172,#3194,#3222,#3249));
#3172 = ORIENTED_EDGE('',*,*,#3173,.F.);
#3173 = EDGE_CURVE('',#3174,#2889,#3176,.T.);
#3174 = VERTEX_POINT('',#3175);
#3175 = CARTESIAN_POINT('',(-250.7004258518,78.40051363377,
    716.4708398476));
#3176 = SURFACE_CURVE('',#3177,(#3182,#3188),.PCURVE_S1.);
#3177 = CIRCLE('',#3178,9.6);
#3178 = AXIS2_PLACEMENT_3D('',#3179,#3180,#3181);
#3179 = CARTESIAN_POINT('',(-244.117441726,84.12484765617,
    720.47787366328));
#3180 = DIRECTION('',(0.314971858834,0.273888572899,-0.908723157941));
#3181 = DIRECTION('',(-0.656178714925,0.754605522164,2.636779683485E-15)
  );
#3182 = PCURVE('',#2991,#3183);
#3183 = DEFINITIONAL_REPRESENTATION('',(#3184),#3187);
#3184 = B_SPLINE_CURVE_WITH_KNOTS('',1,(#3185,#3186),.UNSPECIFIED.,.F.,
  .F.,(2,2),(4.712388980385,6.28318530718),.PIECEWISE_BEZIER_KNOTS.);
#3185 = CARTESIAN_POINT('',(1.570796326795,9.6));
#3186 = CARTESIAN_POINT('',(0.,9.6));
#3187 = ( GEOMETRIC_REPRESENTATION_CONTEXT(2)
PARAMETRIC_REPRESENTATION_CONTEXT() REPRESENTATION_CONTEXT('2D SPACE',''
  ) );
#3188 = PCURVE('',#3079,#3189);
#3189 = DEFINITIONAL_REPRESENTATION('',(#3190),#3193);
#3190 = B_SPLINE_CURVE_WITH_KNOTS('',1,(#3191,#3192),.UNSPECIFIED.,.F.,
  .F.,(2,2),(4.712388980385,6.28318530718),.PIECEWISE_BEZIER_KNOTS.);
#3191 = CARTESIAN_POINT('',(0.,-1.570796326795));
#3192 = CARTESIAN_POINT('',(0.,0.));
#3193 = ( GEOMETRIC_REPRESENTATION_CONTEXT(2)
PARAMETRIC_REPRESENTATION_CONTEXT() REPRESENTATION_CONTEXT('2D SPACE',''
  ) );
#3194 = ORIENTED_EDGE('',*,*,#3195,.T.);
#3195 = EDGE_CURVE('',#3174,#3196,#3198,.T.);
#3196 = VERTEX_POINT('',#3197);
#3197 = CARTESIAN_POINT('',(-263.5512776922,67.225859859481,
    753.54674469159));
#3198 = SURFACE_CURVE('',#3199,(#3203,#3210),.PCURVE_S1.);
#3199 = LINE('',#3200,#3201);
#3200 = CARTESIAN_POINT('',(-247.676696007,81.029843933603,
    707.74709753137));
#3201 = VECTOR('',#3202,1.);
#3202 = DIRECTION('',(-0.314971858834,-0.273888572899,0.908723157941));
#3203 = PCURVE('',#2991,#3204);
#3204 = DEFINITIONAL_REPRESENTATION('',(#3205),#3209);
#3205 = LINE('',#3206,#3207);
#3206 = CARTESIAN_POINT('',(1.570796326795,0.));
#3207 = VECTOR('',#3208,1.);
#3208 = DIRECTION('',(0.,1.));
#3209 = ( GEOMETRIC_REPRESENTATION_CONTEXT(2)
PARAMETRIC_REPRESENTATION_CONTEXT() REPRESENTATION_CONTEXT('2D SPACE',''
  ) );
#3210 = PCURVE('',#3211,#3216);
#3211 = PLANE('',#3212);
#3212 = AXIS2_PLACEMENT_3D('',#3213,#3214,#3215);
#3213 = CARTESIAN_POINT('',(-253.9760116702,88.274056946373,
    707.74709753137));
#3214 = DIRECTION('',(-0.6857275131,-0.596284794,-0.4173993558));
#3215 = DIRECTION('',(0.656178714925,-0.754605522164,0.));
#3216 = DEFINITIONAL_REPRESENTATION('',(#3217),#3221);
#3217 = LINE('',#3218,#3219);
#3218 = CARTESIAN_POINT('',(9.6,0.));
#3219 = VECTOR('',#3220,1.);
#3220 = DIRECTION('',(0.,1.));
#3221 = ( GEOMETRIC_REPRESENTATION_CONTEXT(2)
PARAMETRIC_REPRESENTATION_CONTEXT() REPRESENTATION_CONTEXT('2D SPACE',''
  ) );
#3222 = ORIENTED_EDGE('',*,*,#3223,.F.);
#3223 = EDGE_CURVE('',#2950,#3196,#3224,.T.);
#3224 = SURFACE_CURVE('',#3225,(#3230,#3237),.PCURVE_S1.);
#3225 = CIRCLE('',#3226,9.6);
#3226 = AXIS2_PLACEMENT_3D('',#3227,#3228,#3229);
#3227 = CARTESIAN_POINT('',(-256.9682935664,72.95019388188,
    757.55377850727));
#3228 = DIRECTION('',(-0.314971858834,-0.273888572899,0.908723157941));
#3229 = DIRECTION('',(-0.656178714925,0.754605522164,2.331468351713E-15)
  );
#3230 = PCURVE('',#2991,#3231);
#3231 = DEFINITIONAL_REPRESENTATION('',(#3232),#3236);
#3232 = LINE('',#3233,#3234);
#3233 = CARTESIAN_POINT('',(0.,50.4));
#3234 = VECTOR('',#3235,1.);
#3235 = DIRECTION('',(1.,0.));
#3236 = ( GEOMETRIC_REPRESENTATION_CONTEXT(2)
PARAMETRIC_REPRESENTATION_CONTEXT() REPRESENTATION_CONTEXT('2D SPACE',''
  ) );
#3237 = PCURVE('',#3238,#3243);
#3238 = SPHERICAL_SURFACE('',#3239,9.6);
#3239 = AXIS2_PLACEMENT_3D('',#3240,#3241,#3242);
#3240 = CARTESIAN_POINT('',(-256.9682935664,72.95019388188,
    757.55377850727));
#3241 = DIRECTION('',(0.314971858834,0.273888572899,-0.908723157941));
#3242 = DIRECTION('',(-0.656178714925,0.754605522164,2.331468351713E-15)
  );
#3243 = DEFINITIONAL_REPRESENTATION('',(#3244),#3248);
#3244 = LINE('',#3245,#3246);
#3245 = CARTESIAN_POINT('',(-0.,0.));
#3246 = VECTOR('',#3247,1.);
#3247 = DIRECTION('',(-1.,0.));
#3248 = ( GEOMETRIC_REPRESENTATION_CONTEXT(2)
PARAMETRIC_REPRESENTATION_CONTEXT() REPRESENTATION_CONTEXT('2D SPACE',''
  ) );
#3249 = ORIENTED_EDGE('',*,*,#2977,.F.);
#3250 = ADVANCED_FACE('',(#3251),#2965,.T.);
#3251 = FACE_BOUND('',#3252,.F.);
#3252 = EDGE_LOOP('',(#3253,#3254,#3278,#3306));
#3253 = ORIENTED_EDGE('',*,*,#2949,.F.);
#3254 = ORIENTED_EDGE('',*,*,#3255,.T.);
#3255 = EDGE_CURVE('',#2922,#3256,#3258,.T.);
#3256 = VERTEX_POINT('',#3257);
#3257 = CARTESIAN_POINT('',(-243.6154519772,84.56136048125,
    776.24586865294));
#3258 = SURFACE_CURVE('',#3259,(#3264,#3271),.PCURVE_S1.);
#3259 = CIRCLE('',#3260,9.6);
#3260 = AXIS2_PLACEMENT_3D('',#3261,#3262,#3263);
#3261 = CARTESIAN_POINT('',(-240.5917221324,87.190690781082,
    767.52212633671));
#3262 = DIRECTION('',(0.6857275131,0.596284794,0.4173993558));
#3263 = DIRECTION('',(-0.656178714925,0.754605522164,-9.436895709314E-16
    ));
#3264 = PCURVE('',#2965,#3265);
#3265 = DEFINITIONAL_REPRESENTATION('',(#3266),#3270);
#3266 = LINE('',#3267,#3268);
#3267 = CARTESIAN_POINT('',(-0.,9.6));
#3268 = VECTOR('',#3269,1.);
#3269 = DIRECTION('',(-1.,0.));
#3270 = ( GEOMETRIC_REPRESENTATION_CONTEXT(2)
PARAMETRIC_REPRESENTATION_CONTEXT() REPRESENTATION_CONTEXT('2D SPACE',''
  ) );
#3271 = PCURVE('',#3158,#3272);
#3272 = DEFINITIONAL_REPRESENTATION('',(#3273),#3277);
#3273 = LINE('',#3274,#3275);
#3274 = CARTESIAN_POINT('',(-0.,0.));
#3275 = VECTOR('',#3276,1.);
#3276 = DIRECTION('',(-1.,0.));
#3277 = ( GEOMETRIC_REPRESENTATION_CONTEXT(2)
PARAMETRIC_REPRESENTATION_CONTEXT() REPRESENTATION_CONTEXT('2D SPACE',''
  ) );
#3278 = ORIENTED_EDGE('',*,*,#3279,.T.);
#3279 = EDGE_CURVE('',#3256,#3280,#3282,.T.);
#3280 = VERTEX_POINT('',#3281);
#3281 = CARTESIAN_POINT('',(-259.9920234113,70.320863582047,
    766.2775208235));
#3282 = SURFACE_CURVE('',#3283,(#3287,#3294),.PCURVE_S1.);
#3283 = LINE('',#3284,#3285);
#3284 = CARTESIAN_POINT('',(-237.0324678514,90.285694503649,
    780.25290246862));
#3285 = VECTOR('',#3286,1.);
#3286 = DIRECTION('',(-0.6857275131,-0.596284794,-0.4173993558));
#3287 = PCURVE('',#2965,#3288);
#3288 = DEFINITIONAL_REPRESENTATION('',(#3289),#3293);
#3289 = LINE('',#3290,#3291);
#3290 = CARTESIAN_POINT('',(-1.570796326795,0.));
#3291 = VECTOR('',#3292,1.);
#3292 = DIRECTION('',(-0.,1.));
#3293 = ( GEOMETRIC_REPRESENTATION_CONTEXT(2)
PARAMETRIC_REPRESENTATION_CONTEXT() REPRESENTATION_CONTEXT('2D SPACE',''
  ) );
#3294 = PCURVE('',#3295,#3300);
#3295 = PLANE('',#3296);
#3296 = AXIS2_PLACEMENT_3D('',#3297,#3298,#3299);
#3297 = CARTESIAN_POINT('',(-243.3317835147,97.529907516419,
    780.25290246862));
#3298 = DIRECTION('',(-0.314971858834,-0.273888572899,0.908723157941));
#3299 = DIRECTION('',(-0.6857275131,-0.596284794,-0.4173993558));
#3300 = DEFINITIONAL_REPRESENTATION('',(#3301),#3305);
#3301 = LINE('',#3302,#3303);
#3302 = CARTESIAN_POINT('',(-2.84217094304E-14,9.6));
#3303 = VECTOR('',#3304,1.);
#3304 = DIRECTION('',(1.,-5.551115123126E-17));
#3305 = ( GEOMETRIC_REPRESENTATION_CONTEXT(2)
PARAMETRIC_REPRESENTATION_CONTEXT() REPRESENTATION_CONTEXT('2D SPACE',''
  ) );
#3306 = ORIENTED_EDGE('',*,*,#3307,.T.);
#3307 = EDGE_CURVE('',#3280,#2950,#3308,.T.);
#3308 = SURFACE_CURVE('',#3309,(#3314,#3320),.PCURVE_S1.);
#3309 = CIRCLE('',#3310,9.6);
#3310 = AXIS2_PLACEMENT_3D('',#3311,#3312,#3313);
#3311 = CARTESIAN_POINT('',(-256.9682935664,72.95019388188,
    757.55377850727));
#3312 = DIRECTION('',(-0.6857275131,-0.596284794,-0.4173993558));
#3313 = DIRECTION('',(-0.656178714925,0.754605522164,2.359223927328E-15)
  );
#3314 = PCURVE('',#2965,#3315);
#3315 = DEFINITIONAL_REPRESENTATION('',(#3316),#3319);
#3316 = B_SPLINE_CURVE_WITH_KNOTS('',1,(#3317,#3318),.UNSPECIFIED.,.F.,
  .F.,(2,2),(4.712388980385,6.28318530718),.PIECEWISE_BEZIER_KNOTS.);
#3317 = CARTESIAN_POINT('',(-1.570796326795,33.482039324994));
#3318 = CARTESIAN_POINT('',(0.,33.482039324994));
#3319 = ( GEOMETRIC_REPRESENTATION_CONTEXT(2)
PARAMETRIC_REPRESENTATION_CONTEXT() REPRESENTATION_CONTEXT('2D SPACE',''
  ) );
#3320 = PCURVE('',#3238,#3321);
#3321 = DEFINITIONAL_REPRESENTATION('',(#3322),#3325);
#3322 = B_SPLINE_CURVE_WITH_KNOTS('',1,(#3323,#3324),.UNSPECIFIED.,.F.,
  .F.,(2,2),(4.712388980385,6.28318530718),.PIECEWISE_BEZIER_KNOTS.);
#3323 = CARTESIAN_POINT('',(0.,-1.570796326795));
#3324 = CARTESIAN_POINT('',(0.,0.));
#3325 = ( GEOMETRIC_REPRESENTATION_CONTEXT(2)
PARAMETRIC_REPRESENTATION_CONTEXT() REPRESENTATION_CONTEXT('2D SPACE',''
  ) );
#3326 = ADVANCED_FACE('',(#3327),#3024,.T.);
#3327 = FACE_BOUND('',#3328,.T.);
#3328 = EDGE_LOOP('',(#3329,#3330,#3355));
#3329 = ORIENTED_EDGE('',*,*,#3094,.F.);
#3330 = ORIENTED_EDGE('',*,*,#3331,.T.);
#3331 = EDGE_CURVE('',#3095,#3008,#3332,.T.);
#3332 = SURFACE_CURVE('',#3333,(#3338,#3344),.PCURVE_S1.);
#3333 = CIRCLE('',#3334,9.6);
#3334 = AXIS2_PLACEMENT_3D('',#3335,#3336,#3337);
#3335 = CARTESIAN_POINT('',(-227.7408702919,98.365344555372,
    730.44622149273));
#3336 = DIRECTION('',(-0.656178714925,0.754605522164,2.803313137179E-15)
  );
#3337 = DIRECTION('',(0.314971858834,0.273888572899,-0.908723157941));
#3338 = PCURVE('',#3024,#3339);
#3339 = DEFINITIONAL_REPRESENTATION('',(#3340),#3343);
#3340 = B_SPLINE_CURVE_WITH_KNOTS('',1,(#3341,#3342),.UNSPECIFIED.,.F.,
  .F.,(2,2),(4.712388980385,6.28318530718),.PIECEWISE_BEZIER_KNOTS.);
#3341 = CARTESIAN_POINT('',(1.570796326795,-1.570796326795));
#3342 = CARTESIAN_POINT('',(1.570796326795,0.));
#3343 = ( GEOMETRIC_REPRESENTATION_CONTEXT(2)
PARAMETRIC_REPRESENTATION_CONTEXT() REPRESENTATION_CONTEXT('2D SPACE',''
  ) );
#3344 = PCURVE('',#3345,#3350);
#3345 = CYLINDRICAL_SURFACE('',#3346,9.6);
#3346 = AXIS2_PLACEMENT_3D('',#3347,#3348,#3349);
#3347 = CARTESIAN_POINT('',(-234.0401859552,105.60955756814,
    730.44622149273));
#3348 = DIRECTION('',(0.656178714925,-0.754605522164,0.));
#3349 = DIRECTION('',(0.314971858834,0.273888572899,-0.908723157941));
#3350 = DEFINITIONAL_REPRESENTATION('',(#3351),#3354);
#3351 = B_SPLINE_CURVE_WITH_KNOTS('',1,(#3352,#3353),.UNSPECIFIED.,.F.,
  .F.,(2,2),(4.712388980385,6.28318530718),.PIECEWISE_BEZIER_KNOTS.);
#3352 = CARTESIAN_POINT('',(1.570796326795,9.6));
#3353 = CARTESIAN_POINT('',(0.,9.6));
#3354 = ( GEOMETRIC_REPRESENTATION_CONTEXT(2)
PARAMETRIC_REPRESENTATION_CONTEXT() REPRESENTATION_CONTEXT('2D SPACE',''
  ) );
#3355 = ORIENTED_EDGE('',*,*,#3007,.F.);
#3356 = ADVANCED_FACE('',(#3357),#3079,.T.);
#3357 = FACE_BOUND('',#3358,.F.);
#3358 = EDGE_LOOP('',(#3359,#3360,#3385));
#3359 = ORIENTED_EDGE('',*,*,#3173,.F.);
#3360 = ORIENTED_EDGE('',*,*,#3361,.T.);
#3361 = EDGE_CURVE('',#3174,#3037,#3362,.T.);
#3362 = SURFACE_CURVE('',#3363,(#3368,#3374),.PCURVE_S1.);
#3363 = CIRCLE('',#3364,9.6);
#3364 = AXIS2_PLACEMENT_3D('',#3365,#3366,#3367);
#3365 = CARTESIAN_POINT('',(-244.117441726,84.12484765617,
    720.47787366328));
#3366 = DIRECTION('',(0.656178714925,-0.754605522164,1.110223024625E-14)
  );
#3367 = DIRECTION('',(0.314971858834,0.273888572899,-0.908723157941));
#3368 = PCURVE('',#3079,#3369);
#3369 = DEFINITIONAL_REPRESENTATION('',(#3370),#3373);
#3370 = B_SPLINE_CURVE_WITH_KNOTS('',1,(#3371,#3372),.UNSPECIFIED.,.F.,
  .F.,(2,2),(4.712388980385,6.28318530718),.PIECEWISE_BEZIER_KNOTS.);
#3371 = CARTESIAN_POINT('',(-1.570796326795,-1.570796326795));
#3372 = CARTESIAN_POINT('',(-1.570796326795,0.));
#3373 = ( GEOMETRIC_REPRESENTATION_CONTEXT(2)
PARAMETRIC_REPRESENTATION_CONTEXT() REPRESENTATION_CONTEXT('2D SPACE',''
  ) );
#3374 = PCURVE('',#3375,#3380);
#3375 = CYLINDRICAL_SURFACE('',#3376,9.6);
#3376 = AXIS2_PLACEMENT_3D('',#3377,#3378,#3379);
#3377 = CARTESIAN_POINT('',(-250.4167573893,91.369060668939,
    720.47787366328));
#3378 = DIRECTION('',(0.656178714925,-0.754605522164,0.));
#3379 = DIRECTION('',(0.314971858834,0.273888572899,-0.908723157941));
#3380 = DEFINITIONAL_REPRESENTATION('',(#3381),#3384);
#3381 = B_SPLINE_CURVE_WITH_KNOTS('',1,(#3382,#3383),.UNSPECIFIED.,.F.,
  .F.,(2,2),(4.712388980385,6.28318530718),.PIECEWISE_BEZIER_KNOTS.);
#3382 = CARTESIAN_POINT('',(-1.570796326795,9.6));
#3383 = CARTESIAN_POINT('',(0.,9.6));
#3384 = ( GEOMETRIC_REPRESENTATION_CONTEXT(2)
PARAMETRIC_REPRESENTATION_CONTEXT() REPRESENTATION_CONTEXT('2D SPACE',''
  ) );
#3385 = ORIENTED_EDGE('',*,*,#3064,.F.);
#3386 = ADVANCED_FACE('',(#3387),#3052,.F.);
#3387 = FACE_BOUND('',#3388,.F.);
#3388 = EDGE_LOOP('',(#3389,#3390,#3413,#3441));
#3389 = ORIENTED_EDGE('',*,*,#3036,.T.);
#3390 = ORIENTED_EDGE('',*,*,#3391,.T.);
#3391 = EDGE_CURVE('',#3037,#3392,#3394,.T.);
#3392 = VERTEX_POINT('',#3393);
#3393 = CARTESIAN_POINT('',(-210.3845480227,51.43863951875,
    711.75413134705));
#3394 = SURFACE_CURVE('',#3395,(#3399,#3406),.PCURVE_S1.);
#3395 = LINE('',#3396,#3397);
#3396 = CARTESIAN_POINT('',(-247.3930275445,93.998390968772,
    711.75413134705));
#3397 = VECTOR('',#3398,1.);
#3398 = DIRECTION('',(0.656178714925,-0.754605522164,0.));
#3399 = PCURVE('',#3052,#3400);
#3400 = DEFINITIONAL_REPRESENTATION('',(#3401),#3405);
#3401 = LINE('',#3402,#3403);
#3402 = CARTESIAN_POINT('',(33.482039324994,0.));
#3403 = VECTOR('',#3404,1.);
#3404 = DIRECTION('',(-5.551115123126E-17,1.));
#3405 = ( GEOMETRIC_REPRESENTATION_CONTEXT(2)
PARAMETRIC_REPRESENTATION_CONTEXT() REPRESENTATION_CONTEXT('2D SPACE',''
  ) );
#3406 = PCURVE('',#3375,#3407);
#3407 = DEFINITIONAL_REPRESENTATION('',(#3408),#3412);
#3408 = LINE('',#3409,#3410);
#3409 = CARTESIAN_POINT('',(-0.,0.));
#3410 = VECTOR('',#3411,1.);
#3411 = DIRECTION('',(-0.,1.));
#3412 = ( GEOMETRIC_REPRESENTATION_CONTEXT(2)
PARAMETRIC_REPRESENTATION_CONTEXT() REPRESENTATION_CONTEXT('2D SPACE',''
  ) );
#3413 = ORIENTED_EDGE('',*,*,#3414,.F.);
#3414 = EDGE_CURVE('',#3415,#3392,#3417,.T.);
#3415 = VERTEX_POINT('',#3416);
#3416 = CARTESIAN_POINT('',(-194.0079765886,65.679136417953,
    721.72247917649));
#3417 = SURFACE_CURVE('',#3418,(#3422,#3429),.PCURVE_S1.);
#3418 = LINE('',#3419,#3420);
#3419 = CARTESIAN_POINT('',(-187.4249924629,71.403470440352,
    725.72951299217));
#3420 = VECTOR('',#3421,1.);
#3421 = DIRECTION('',(-0.6857275131,-0.596284794,-0.4173993558));
#3422 = PCURVE('',#3052,#3423);
#3423 = DEFINITIONAL_REPRESENTATION('',(#3424),#3428);
#3424 = LINE('',#3425,#3426);
#3425 = CARTESIAN_POINT('',(0.,56.4));
#3426 = VECTOR('',#3427,1.);
#3427 = DIRECTION('',(1.,-5.551115123126E-17));
#3428 = ( GEOMETRIC_REPRESENTATION_CONTEXT(2)
PARAMETRIC_REPRESENTATION_CONTEXT() REPRESENTATION_CONTEXT('2D SPACE',''
  ) );
#3429 = PCURVE('',#3430,#3435);
#3430 = CYLINDRICAL_SURFACE('',#3431,9.6);
#3431 = AXIS2_PLACEMENT_3D('',#3432,#3433,#3434);
#3432 = CARTESIAN_POINT('',(-190.4487223077,68.774140140519,
    734.4532553084));
#3433 = DIRECTION('',(-0.6857275131,-0.596284794,-0.4173993558));
#3434 = DIRECTION('',(0.656178714925,-0.754605522164,0.));
#3435 = DEFINITIONAL_REPRESENTATION('',(#3436),#3440);
#3436 = LINE('',#3437,#3438);
#3437 = CARTESIAN_POINT('',(-1.570796326795,0.));
#3438 = VECTOR('',#3439,1.);
#3439 = DIRECTION('',(-0.,1.));
#3440 = ( GEOMETRIC_REPRESENTATION_CONTEXT(2)
PARAMETRIC_REPRESENTATION_CONTEXT() REPRESENTATION_CONTEXT('2D SPACE',''
  ) );
#3441 = ORIENTED_EDGE('',*,*,#3442,.F.);
#3442 = EDGE_CURVE('',#3008,#3415,#3443,.T.);
#3443 = SURFACE_CURVE('',#3444,(#3448,#3455),.PCURVE_S1.);
#3444 = LINE('',#3445,#3446);
#3445 = CARTESIAN_POINT('',(-231.0164561104,108.23888786797,
    721.72247917649));
#3446 = VECTOR('',#3447,1.);
#3447 = DIRECTION('',(0.656178714925,-0.754605522164,0.));
#3448 = PCURVE('',#3052,#3449);
#3449 = DEFINITIONAL_REPRESENTATION('',(#3450),#3454);
#3450 = LINE('',#3451,#3452);
#3451 = CARTESIAN_POINT('',(9.6,0.));
#3452 = VECTOR('',#3453,1.);
#3453 = DIRECTION('',(-5.551115123126E-17,1.));
#3454 = ( GEOMETRIC_REPRESENTATION_CONTEXT(2)
PARAMETRIC_REPRESENTATION_CONTEXT() REPRESENTATION_CONTEXT('2D SPACE',''
  ) );
#3455 = PCURVE('',#3345,#3456);
#3456 = DEFINITIONAL_REPRESENTATION('',(#3457),#3461);
#3457 = LINE('',#3458,#3459);
#3458 = CARTESIAN_POINT('',(0.,0.));
#3459 = VECTOR('',#3460,1.);
#3460 = DIRECTION('',(0.,1.));
#3461 = ( GEOMETRIC_REPRESENTATION_CONTEXT(2)
PARAMETRIC_REPRESENTATION_CONTEXT() REPRESENTATION_CONTEXT('2D SPACE',''
  ) );
#3462 = ADVANCED_FACE('',(#3463),#3132,.F.);
#3463 = FACE_BOUND('',#3464,.F.);
#3464 = EDGE_LOOP('',(#3465,#3466,#3489,#3517));
#3465 = ORIENTED_EDGE('',*,*,#3116,.F.);
#3466 = ORIENTED_EDGE('',*,*,#3467,.T.);
#3467 = EDGE_CURVE('',#3095,#3468,#3470,.T.);
#3468 = VERTEX_POINT('',#3469);
#3469 = CARTESIAN_POINT('',(-190.4487223077,68.774140140519,
    734.4532553084));
#3470 = SURFACE_CURVE('',#3471,(#3475,#3482),.PCURVE_S1.);
#3471 = LINE('',#3472,#3473);
#3472 = CARTESIAN_POINT('',(-227.4572018295,111.33389159054,
    734.4532553084));
#3473 = VECTOR('',#3474,1.);
#3474 = DIRECTION('',(0.656178714925,-0.754605522164,0.));
#3475 = PCURVE('',#3132,#3476);
#3476 = DEFINITIONAL_REPRESENTATION('',(#3477),#3481);
#3477 = LINE('',#3478,#3479);
#3478 = CARTESIAN_POINT('',(0.,9.6));
#3479 = VECTOR('',#3480,1.);
#3480 = DIRECTION('',(1.,0.));
#3481 = ( GEOMETRIC_REPRESENTATION_CONTEXT(2)
PARAMETRIC_REPRESENTATION_CONTEXT() REPRESENTATION_CONTEXT('2D SPACE',''
  ) );
#3482 = PCURVE('',#3345,#3483);
#3483 = DEFINITIONAL_REPRESENTATION('',(#3484),#3488);
#3484 = LINE('',#3485,#3486);
#3485 = CARTESIAN_POINT('',(1.570796326795,0.));
#3486 = VECTOR('',#3487,1.);
#3487 = DIRECTION('',(0.,1.));
#3488 = ( GEOMETRIC_REPRESENTATION_CONTEXT(2)
PARAMETRIC_REPRESENTATION_CONTEXT() REPRESENTATION_CONTEXT('2D SPACE',''
  ) );
#3489 = ORIENTED_EDGE('',*,*,#3490,.T.);
#3490 = EDGE_CURVE('',#3468,#3491,#3493,.T.);
#3491 = VERTEX_POINT('',#3492);
#3492 = CARTESIAN_POINT('',(-203.2995741481,57.59948636623,
    771.52916015239));
#3493 = SURFACE_CURVE('',#3494,(#3498,#3505),.PCURVE_S1.);
#3494 = LINE('',#3495,#3496);
#3495 = CARTESIAN_POINT('',(-187.4249924629,71.403470440352,
    725.72951299217));
#3496 = VECTOR('',#3497,1.);
#3497 = DIRECTION('',(-0.314971858834,-0.273888572899,0.908723157941));
#3498 = PCURVE('',#3132,#3499);
#3499 = DEFINITIONAL_REPRESENTATION('',(#3500),#3504);
#3500 = LINE('',#3501,#3502);
#3501 = CARTESIAN_POINT('',(56.4,1.136868377216E-13));
#3502 = VECTOR('',#3503,1.);
#3503 = DIRECTION('',(0.,1.));
#3504 = ( GEOMETRIC_REPRESENTATION_CONTEXT(2)
PARAMETRIC_REPRESENTATION_CONTEXT() REPRESENTATION_CONTEXT('2D SPACE',''
  ) );
#3505 = PCURVE('',#3506,#3511);
#3506 = CYLINDRICAL_SURFACE('',#3507,9.6);
#3507 = AXIS2_PLACEMENT_3D('',#3508,#3509,#3510);
#3508 = CARTESIAN_POINT('',(-194.0079765886,65.679136417953,
    721.72247917649));
#3509 = DIRECTION('',(-0.314971858834,-0.273888572899,0.908723157941));
#3510 = DIRECTION('',(0.656178714925,-0.754605522164,-2.775557561563E-17
    ));
#3511 = DEFINITIONAL_REPRESENTATION('',(#3512),#3516);
#3512 = LINE('',#3513,#3514);
#3513 = CARTESIAN_POINT('',(1.570796326795,0.));
#3514 = VECTOR('',#3515,1.);
#3515 = DIRECTION('',(0.,1.));
#3516 = ( GEOMETRIC_REPRESENTATION_CONTEXT(2)
PARAMETRIC_REPRESENTATION_CONTEXT() REPRESENTATION_CONTEXT('2D SPACE',''
  ) );
#3517 = ORIENTED_EDGE('',*,*,#3518,.F.);
#3518 = EDGE_CURVE('',#3117,#3491,#3519,.T.);
#3519 = SURFACE_CURVE('',#3520,(#3524,#3531),.PCURVE_S1.);
#3520 = LINE('',#3521,#3522);
#3521 = CARTESIAN_POINT('',(-240.3080536699,100.15923781625,
    771.52916015239));
#3522 = VECTOR('',#3523,1.);
#3523 = DIRECTION('',(0.656178714925,-0.754605522164,0.));
#3524 = PCURVE('',#3132,#3525);
#3525 = DEFINITIONAL_REPRESENTATION('',(#3526),#3530);
#3526 = LINE('',#3527,#3528);
#3527 = CARTESIAN_POINT('',(0.,50.4));
#3528 = VECTOR('',#3529,1.);
#3529 = DIRECTION('',(1.,0.));
#3530 = ( GEOMETRIC_REPRESENTATION_CONTEXT(2)
PARAMETRIC_REPRESENTATION_CONTEXT() REPRESENTATION_CONTEXT('2D SPACE',''
  ) );
#3531 = PCURVE('',#3532,#3537);
#3532 = CYLINDRICAL_SURFACE('',#3533,9.6);
#3533 = AXIS2_PLACEMENT_3D('',#3534,#3535,#3536);
#3534 = CARTESIAN_POINT('',(-246.8910377956,94.434903793852,
    767.52212633671));
#3535 = DIRECTION('',(0.656178714925,-0.754605522164,0.));
#3536 = DIRECTION('',(-0.314971858834,-0.273888572899,0.908723157941));
#3537 = DEFINITIONAL_REPRESENTATION('',(#3538),#3542);
#3538 = LINE('',#3539,#3540);
#3539 = CARTESIAN_POINT('',(-1.570796326795,0.));
#3540 = VECTOR('',#3541,1.);
#3541 = DIRECTION('',(-0.,1.));
#3542 = ( GEOMETRIC_REPRESENTATION_CONTEXT(2)
PARAMETRIC_REPRESENTATION_CONTEXT() REPRESENTATION_CONTEXT('2D SPACE',''
  ) );
#3543 = ADVANCED_FACE('',(#3544),#3158,.T.);
#3544 = FACE_BOUND('',#3545,.F.);
#3545 = EDGE_LOOP('',(#3546,#3547,#3567));
#3546 = ORIENTED_EDGE('',*,*,#3144,.F.);
#3547 = ORIENTED_EDGE('',*,*,#3548,.T.);
#3548 = EDGE_CURVE('',#3117,#3256,#3549,.T.);
#3549 = SURFACE_CURVE('',#3550,(#3555,#3561),.PCURVE_S1.);
#3550 = CIRCLE('',#3551,9.6);
#3551 = AXIS2_PLACEMENT_3D('',#3552,#3553,#3554);
#3552 = CARTESIAN_POINT('',(-240.5917221324,87.190690781082,
    767.52212633671));
#3553 = DIRECTION('',(0.656178714925,-0.754605522164,-1.254552017826E-14
    ));
#3554 = DIRECTION('',(-0.314971858834,-0.273888572899,0.908723157941));
#3555 = PCURVE('',#3158,#3556);
#3556 = DEFINITIONAL_REPRESENTATION('',(#3557),#3560);
#3557 = B_SPLINE_CURVE_WITH_KNOTS('',1,(#3558,#3559),.UNSPECIFIED.,.F.,
  .F.,(2,2),(4.712388980385,6.28318530718),.PIECEWISE_BEZIER_KNOTS.);
#3558 = CARTESIAN_POINT('',(-1.570796326795,-1.570796326795));
#3559 = CARTESIAN_POINT('',(-1.570796326795,0.));
#3560 = ( GEOMETRIC_REPRESENTATION_CONTEXT(2)
PARAMETRIC_REPRESENTATION_CONTEXT() REPRESENTATION_CONTEXT('2D SPACE',''
  ) );
#3561 = PCURVE('',#3532,#3562);
#3562 = DEFINITIONAL_REPRESENTATION('',(#3563),#3566);
#3563 = B_SPLINE_CURVE_WITH_KNOTS('',1,(#3564,#3565),.UNSPECIFIED.,.F.,
  .F.,(2,2),(4.712388980385,6.28318530718),.PIECEWISE_BEZIER_KNOTS.);
#3564 = CARTESIAN_POINT('',(-1.570796326795,9.6));
#3565 = CARTESIAN_POINT('',(0.,9.6));
#3566 = ( GEOMETRIC_REPRESENTATION_CONTEXT(2)
PARAMETRIC_REPRESENTATION_CONTEXT() REPRESENTATION_CONTEXT('2D SPACE',''
  ) );
#3567 = ORIENTED_EDGE('',*,*,#3255,.F.);
#3568 = ADVANCED_FACE('',(#3569),#3211,.T.);
#3569 = FACE_BOUND('',#3570,.T.);
#3570 = EDGE_LOOP('',(#3571,#3572,#3595,#3623));
#3571 = ORIENTED_EDGE('',*,*,#3195,.F.);
#3572 = ORIENTED_EDGE('',*,*,#3573,.T.);
#3573 = EDGE_CURVE('',#3174,#3574,#3576,.T.);
#3574 = VERTEX_POINT('',#3575);
#3575 = CARTESIAN_POINT('',(-219.9912619933,43.084975196518,
    716.4708398476));
#3576 = SURFACE_CURVE('',#3577,(#3581,#3588),.PCURVE_S1.);
#3577 = LINE('',#3578,#3579);
#3578 = CARTESIAN_POINT('',(-256.9997415151,85.64472664654,
    716.4708398476));
#3579 = VECTOR('',#3580,1.);
#3580 = DIRECTION('',(0.656178714925,-0.754605522164,0.));
#3581 = PCURVE('',#3211,#3582);
#3582 = DEFINITIONAL_REPRESENTATION('',(#3583),#3587);
#3583 = LINE('',#3584,#3585);
#3584 = CARTESIAN_POINT('',(0.,9.6));
#3585 = VECTOR('',#3586,1.);
#3586 = DIRECTION('',(1.,0.));
#3587 = ( GEOMETRIC_REPRESENTATION_CONTEXT(2)
PARAMETRIC_REPRESENTATION_CONTEXT() REPRESENTATION_CONTEXT('2D SPACE',''
  ) );
#3588 = PCURVE('',#3375,#3589);
#3589 = DEFINITIONAL_REPRESENTATION('',(#3590),#3594);
#3590 = LINE('',#3591,#3592);
#3591 = CARTESIAN_POINT('',(-1.570796326795,0.));
#3592 = VECTOR('',#3593,1.);
#3593 = DIRECTION('',(-0.,1.));
#3594 = ( GEOMETRIC_REPRESENTATION_CONTEXT(2)
PARAMETRIC_REPRESENTATION_CONTEXT() REPRESENTATION_CONTEXT('2D SPACE',''
  ) );
#3595 = ORIENTED_EDGE('',*,*,#3596,.T.);
#3596 = EDGE_CURVE('',#3574,#3597,#3599,.T.);
#3597 = VERTEX_POINT('',#3598);
#3598 = CARTESIAN_POINT('',(-232.8421138337,31.910321422229,
    753.54674469159));
#3599 = SURFACE_CURVE('',#3600,(#3604,#3611),.PCURVE_S1.);
#3600 = LINE('',#3601,#3602);
#3601 = CARTESIAN_POINT('',(-216.9675321485,45.714305496351,
    707.74709753137));
#3602 = VECTOR('',#3603,1.);
#3603 = DIRECTION('',(-0.314971858834,-0.273888572899,0.908723157941));
#3604 = PCURVE('',#3211,#3605);
#3605 = DEFINITIONAL_REPRESENTATION('',(#3606),#3610);
#3606 = LINE('',#3607,#3608);
#3607 = CARTESIAN_POINT('',(56.4,0.));
#3608 = VECTOR('',#3609,1.);
#3609 = DIRECTION('',(0.,1.));
#3610 = ( GEOMETRIC_REPRESENTATION_CONTEXT(2)
PARAMETRIC_REPRESENTATION_CONTEXT() REPRESENTATION_CONTEXT('2D SPACE',''
  ) );
#3611 = PCURVE('',#3612,#3617);
#3612 = CYLINDRICAL_SURFACE('',#3613,9.6);
#3613 = AXIS2_PLACEMENT_3D('',#3614,#3615,#3616);
#3614 = CARTESIAN_POINT('',(-210.3845480227,51.43863951875,
    711.75413134705));
#3615 = DIRECTION('',(-0.314971858834,-0.273888572899,0.908723157941));
#3616 = DIRECTION('',(0.656178714925,-0.754605522164,-2.775557561563E-17
    ));
#3617 = DEFINITIONAL_REPRESENTATION('',(#3618),#3622);
#3618 = LINE('',#3619,#3620);
#3619 = CARTESIAN_POINT('',(-1.570796326795,0.));
#3620 = VECTOR('',#3621,1.);
#3621 = DIRECTION('',(-0.,1.));
#3622 = ( GEOMETRIC_REPRESENTATION_CONTEXT(2)
PARAMETRIC_REPRESENTATION_CONTEXT() REPRESENTATION_CONTEXT('2D SPACE',''
  ) );
#3623 = ORIENTED_EDGE('',*,*,#3624,.F.);
#3624 = EDGE_CURVE('',#3196,#3597,#3625,.T.);
#3625 = SURFACE_CURVE('',#3626,(#3630,#3637),.PCURVE_S1.);
#3626 = LINE('',#3627,#3628);
#3627 = CARTESIAN_POINT('',(-269.8505933555,74.47007287225,
    753.54674469159));
#3628 = VECTOR('',#3629,1.);
#3629 = DIRECTION('',(0.656178714925,-0.754605522164,0.));
#3630 = PCURVE('',#3211,#3631);
#3631 = DEFINITIONAL_REPRESENTATION('',(#3632),#3636);
#3632 = LINE('',#3633,#3634);
#3633 = CARTESIAN_POINT('',(0.,50.4));
#3634 = VECTOR('',#3635,1.);
#3635 = DIRECTION('',(1.,0.));
#3636 = ( GEOMETRIC_REPRESENTATION_CONTEXT(2)
PARAMETRIC_REPRESENTATION_CONTEXT() REPRESENTATION_CONTEXT('2D SPACE',''
  ) );
#3637 = PCURVE('',#3638,#3643);
#3638 = CYLINDRICAL_SURFACE('',#3639,9.6);
#3639 = AXIS2_PLACEMENT_3D('',#3640,#3641,#3642);
#3640 = CARTESIAN_POINT('',(-263.2676092297,80.19440689465,
    757.55377850727));
#3641 = DIRECTION('',(0.656178714925,-0.754605522164,0.));
#3642 = DIRECTION('',(-0.314971858834,-0.273888572899,0.908723157941));
#3643 = DEFINITIONAL_REPRESENTATION('',(#3644),#3648);
#3644 = LINE('',#3645,#3646);
#3645 = CARTESIAN_POINT('',(1.570796326795,0.));
#3646 = VECTOR('',#3647,1.);
#3647 = DIRECTION('',(0.,1.));
#3648 = ( GEOMETRIC_REPRESENTATION_CONTEXT(2)
PARAMETRIC_REPRESENTATION_CONTEXT() REPRESENTATION_CONTEXT('2D SPACE',''
  ) );
#3649 = ADVANCED_FACE('',(#3650),#3238,.T.);
#3650 = FACE_BOUND('',#3651,.F.);
#3651 = EDGE_LOOP('',(#3652,#3653,#3673));
#3652 = ORIENTED_EDGE('',*,*,#3307,.F.);
#3653 = ORIENTED_EDGE('',*,*,#3654,.T.);
#3654 = EDGE_CURVE('',#3280,#3196,#3655,.T.);
#3655 = SURFACE_CURVE('',#3656,(#3661,#3667),.PCURVE_S1.);
#3656 = CIRCLE('',#3657,9.6);
#3657 = AXIS2_PLACEMENT_3D('',#3658,#3659,#3660);
#3658 = CARTESIAN_POINT('',(-256.9682935664,72.95019388188,
    757.55377850727));
#3659 = DIRECTION('',(0.656178714925,-0.754605522164,-1.387778780781E-15
    ));
#3660 = DIRECTION('',(-0.6857275131,-0.596284794,-0.4173993558));
#3661 = PCURVE('',#3238,#3662);
#3662 = DEFINITIONAL_REPRESENTATION('',(#3663),#3666);
#3663 = B_SPLINE_CURVE_WITH_KNOTS('',1,(#3664,#3665),.UNSPECIFIED.,.F.,
  .F.,(2,2),(4.712388980385,6.28318530718),.PIECEWISE_BEZIER_KNOTS.);
#3664 = CARTESIAN_POINT('',(-1.570796326795,-1.570796326795));
#3665 = CARTESIAN_POINT('',(-1.570796326795,0.));
#3666 = ( GEOMETRIC_REPRESENTATION_CONTEXT(2)
PARAMETRIC_REPRESENTATION_CONTEXT() REPRESENTATION_CONTEXT('2D SPACE',''
  ) );
#3667 = PCURVE('',#3638,#3668);
#3668 = DEFINITIONAL_REPRESENTATION('',(#3669),#3672);
#3669 = B_SPLINE_CURVE_WITH_KNOTS('',1,(#3670,#3671),.UNSPECIFIED.,.F.,
  .F.,(2,2),(4.712388980385,6.28318530718),.PIECEWISE_BEZIER_KNOTS.);
#3670 = CARTESIAN_POINT('',(0.,9.6));
#3671 = CARTESIAN_POINT('',(1.570796326795,9.6));
#3672 = ( GEOMETRIC_REPRESENTATION_CONTEXT(2)
PARAMETRIC_REPRESENTATION_CONTEXT() REPRESENTATION_CONTEXT('2D SPACE',''
  ) );
#3673 = ORIENTED_EDGE('',*,*,#3223,.F.);
#3674 = ADVANCED_FACE('',(#3675),#3295,.T.);
#3675 = FACE_BOUND('',#3676,.T.);
#3676 = EDGE_LOOP('',(#3677,#3678,#3701,#3729));
#3677 = ORIENTED_EDGE('',*,*,#3279,.T.);
#3678 = ORIENTED_EDGE('',*,*,#3679,.T.);
#3679 = EDGE_CURVE('',#3280,#3680,#3682,.T.);
#3680 = VERTEX_POINT('',#3681);
#3681 = CARTESIAN_POINT('',(-229.2828595528,35.005325144795,
    766.2775208235));
#3682 = SURFACE_CURVE('',#3683,(#3687,#3694),.PCURVE_S1.);
#3683 = LINE('',#3684,#3685);
#3684 = CARTESIAN_POINT('',(-266.2913390745,77.565076594817,
    766.2775208235));
#3685 = VECTOR('',#3686,1.);
#3686 = DIRECTION('',(0.656178714925,-0.754605522164,0.));
#3687 = PCURVE('',#3295,#3688);
#3688 = DEFINITIONAL_REPRESENTATION('',(#3689),#3693);
#3689 = LINE('',#3690,#3691);
#3690 = CARTESIAN_POINT('',(33.482039324994,-2.84217094304E-14));
#3691 = VECTOR('',#3692,1.);
#3692 = DIRECTION('',(-5.551115123126E-17,1.));
#3693 = ( GEOMETRIC_REPRESENTATION_CONTEXT(2)
PARAMETRIC_REPRESENTATION_CONTEXT() REPRESENTATION_CONTEXT('2D SPACE',''
  ) );
#3694 = PCURVE('',#3638,#3695);
#3695 = DEFINITIONAL_REPRESENTATION('',(#3696),#3700);
#3696 = LINE('',#3697,#3698);
#3697 = CARTESIAN_POINT('',(0.,0.));
#3698 = VECTOR('',#3699,1.);
#3699 = DIRECTION('',(0.,1.));
#3700 = ( GEOMETRIC_REPRESENTATION_CONTEXT(2)
PARAMETRIC_REPRESENTATION_CONTEXT() REPRESENTATION_CONTEXT('2D SPACE',''
  ) );
#3701 = ORIENTED_EDGE('',*,*,#3702,.F.);
#3702 = EDGE_CURVE('',#3703,#3680,#3705,.T.);
#3703 = VERTEX_POINT('',#3704);
#3704 = CARTESIAN_POINT('',(-212.9062881187,49.245822043998,
    776.24586865294));
#3705 = SURFACE_CURVE('',#3706,(#3710,#3717),.PCURVE_S1.);
#3706 = LINE('',#3707,#3708);
#3707 = CARTESIAN_POINT('',(-206.3233039929,54.970156066397,
    780.25290246862));
#3708 = VECTOR('',#3709,1.);
#3709 = DIRECTION('',(-0.6857275131,-0.596284794,-0.4173993558));
#3710 = PCURVE('',#3295,#3711);
#3711 = DEFINITIONAL_REPRESENTATION('',(#3712),#3716);
#3712 = LINE('',#3713,#3714);
#3713 = CARTESIAN_POINT('',(0.,56.4));
#3714 = VECTOR('',#3715,1.);
#3715 = DIRECTION('',(1.,-5.551115123126E-17));
#3716 = ( GEOMETRIC_REPRESENTATION_CONTEXT(2)
PARAMETRIC_REPRESENTATION_CONTEXT() REPRESENTATION_CONTEXT('2D SPACE',''
  ) );
#3717 = PCURVE('',#3718,#3723);
#3718 = CYLINDRICAL_SURFACE('',#3719,9.6);
#3719 = AXIS2_PLACEMENT_3D('',#3720,#3721,#3722);
#3720 = CARTESIAN_POINT('',(-203.2995741481,57.59948636623,
    771.52916015239));
#3721 = DIRECTION('',(-0.6857275131,-0.596284794,-0.4173993558));
#3722 = DIRECTION('',(0.656178714925,-0.754605522164,0.));
#3723 = DEFINITIONAL_REPRESENTATION('',(#3724),#3728);
#3724 = LINE('',#3725,#3726);
#3725 = CARTESIAN_POINT('',(1.570796326795,0.));
#3726 = VECTOR('',#3727,1.);
#3727 = DIRECTION('',(0.,1.));
#3728 = ( GEOMETRIC_REPRESENTATION_CONTEXT(2)
PARAMETRIC_REPRESENTATION_CONTEXT() REPRESENTATION_CONTEXT('2D SPACE',''
  ) );
#3729 = ORIENTED_EDGE('',*,*,#3730,.F.);
#3730 = EDGE_CURVE('',#3256,#3703,#3731,.T.);
#3731 = SURFACE_CURVE('',#3732,(#3736,#3743),.PCURVE_S1.);
#3732 = LINE('',#3733,#3734);
#3733 = CARTESIAN_POINT('',(-249.9147676405,91.805573494019,
    776.24586865294));
#3734 = VECTOR('',#3735,1.);
#3735 = DIRECTION('',(0.656178714925,-0.754605522164,0.));
#3736 = PCURVE('',#3295,#3737);
#3737 = DEFINITIONAL_REPRESENTATION('',(#3738),#3742);
#3738 = LINE('',#3739,#3740);
#3739 = CARTESIAN_POINT('',(9.6,-5.684341886081E-14));
#3740 = VECTOR('',#3741,1.);
#3741 = DIRECTION('',(-5.551115123126E-17,1.));
#3742 = ( GEOMETRIC_REPRESENTATION_CONTEXT(2)
PARAMETRIC_REPRESENTATION_CONTEXT() REPRESENTATION_CONTEXT('2D SPACE',''
  ) );
#3743 = PCURVE('',#3532,#3744);
#3744 = DEFINITIONAL_REPRESENTATION('',(#3745),#3749);
#3745 = LINE('',#3746,#3747);
#3746 = CARTESIAN_POINT('',(-0.,0.));
#3747 = VECTOR('',#3748,1.);
#3748 = DIRECTION('',(-0.,1.));
#3749 = ( GEOMETRIC_REPRESENTATION_CONTEXT(2)
PARAMETRIC_REPRESENTATION_CONTEXT() REPRESENTATION_CONTEXT('2D SPACE',''
  ) );
#3750 = ADVANCED_FACE('',(#3751),#3345,.T.);
#3751 = FACE_BOUND('',#3752,.T.);
#3752 = EDGE_LOOP('',(#3753,#3754,#3755,#3780));
#3753 = ORIENTED_EDGE('',*,*,#3331,.F.);
#3754 = ORIENTED_EDGE('',*,*,#3467,.T.);
#3755 = ORIENTED_EDGE('',*,*,#3756,.T.);
#3756 = EDGE_CURVE('',#3468,#3415,#3757,.T.);
#3757 = SURFACE_CURVE('',#3758,(#3763,#3769),.PCURVE_S1.);
#3758 = CIRCLE('',#3759,9.6);
#3759 = AXIS2_PLACEMENT_3D('',#3760,#3761,#3762);
#3760 = CARTESIAN_POINT('',(-197.0317064335,63.04980611812,
    730.44622149273));
#3761 = DIRECTION('',(-0.656178714925,0.754605522164,-1.068589661202E-14
    ));
#3762 = DIRECTION('',(0.314971858834,0.273888572899,-0.908723157941));
#3763 = PCURVE('',#3345,#3764);
#3764 = DEFINITIONAL_REPRESENTATION('',(#3765),#3768);
#3765 = B_SPLINE_CURVE_WITH_KNOTS('',1,(#3766,#3767),.UNSPECIFIED.,.F.,
  .F.,(2,2),(4.712388980385,6.28318530718),.PIECEWISE_BEZIER_KNOTS.);
#3766 = CARTESIAN_POINT('',(1.570796326795,56.4));
#3767 = CARTESIAN_POINT('',(0.,56.4));
#3768 = ( GEOMETRIC_REPRESENTATION_CONTEXT(2)
PARAMETRIC_REPRESENTATION_CONTEXT() REPRESENTATION_CONTEXT('2D SPACE',''
  ) );
#3769 = PCURVE('',#3770,#3775);
#3770 = SPHERICAL_SURFACE('',#3771,9.6);
#3771 = AXIS2_PLACEMENT_3D('',#3772,#3773,#3774);
#3772 = CARTESIAN_POINT('',(-197.0317064335,63.04980611812,
    730.44622149273));
#3773 = DIRECTION('',(-0.6857275131,-0.596284794,-0.4173993558));
#3774 = DIRECTION('',(0.656178714925,-0.754605522164,6.106226635438E-16)
  );
#3775 = DEFINITIONAL_REPRESENTATION('',(#3776),#3779);
#3776 = B_SPLINE_CURVE_WITH_KNOTS('',1,(#3777,#3778),.UNSPECIFIED.,.F.,
  .F.,(2,2),(4.712388980385,6.28318530718),.PIECEWISE_BEZIER_KNOTS.);
#3777 = CARTESIAN_POINT('',(-1.570796326795,-1.570796326795));
#3778 = CARTESIAN_POINT('',(-1.570796326795,0.));
#3779 = ( GEOMETRIC_REPRESENTATION_CONTEXT(2)
PARAMETRIC_REPRESENTATION_CONTEXT() REPRESENTATION_CONTEXT('2D SPACE',''
  ) );
#3780 = ORIENTED_EDGE('',*,*,#3442,.F.);
#3781 = ADVANCED_FACE('',(#3782),#3375,.T.);
#3782 = FACE_BOUND('',#3783,.F.);
#3783 = EDGE_LOOP('',(#3784,#3785,#3786,#3811));
#3784 = ORIENTED_EDGE('',*,*,#3361,.F.);
#3785 = ORIENTED_EDGE('',*,*,#3573,.T.);
#3786 = ORIENTED_EDGE('',*,*,#3787,.T.);
#3787 = EDGE_CURVE('',#3574,#3392,#3788,.T.);
#3788 = SURFACE_CURVE('',#3789,(#3794,#3800),.PCURVE_S1.);
#3789 = CIRCLE('',#3790,9.6);
#3790 = AXIS2_PLACEMENT_3D('',#3791,#3792,#3793);
#3791 = CARTESIAN_POINT('',(-213.4082778675,48.809309218918,
    720.47787366328));
#3792 = DIRECTION('',(0.656178714925,-0.754605522164,1.137978600241E-15)
  );
#3793 = DIRECTION('',(0.314971858834,0.273888572899,-0.908723157941));
#3794 = PCURVE('',#3375,#3795);
#3795 = DEFINITIONAL_REPRESENTATION('',(#3796),#3799);
#3796 = B_SPLINE_CURVE_WITH_KNOTS('',1,(#3797,#3798),.UNSPECIFIED.,.F.,
  .F.,(2,2),(4.712388980385,6.28318530718),.PIECEWISE_BEZIER_KNOTS.);
#3797 = CARTESIAN_POINT('',(-1.570796326795,56.4));
#3798 = CARTESIAN_POINT('',(0.,56.4));
#3799 = ( GEOMETRIC_REPRESENTATION_CONTEXT(2)
PARAMETRIC_REPRESENTATION_CONTEXT() REPRESENTATION_CONTEXT('2D SPACE',''
  ) );
#3800 = PCURVE('',#3801,#3806);
#3801 = SPHERICAL_SURFACE('',#3802,9.6);
#3802 = AXIS2_PLACEMENT_3D('',#3803,#3804,#3805);
#3803 = CARTESIAN_POINT('',(-213.4082778675,48.809309218918,
    720.47787366328));
#3804 = DIRECTION('',(0.6857275131,0.596284794,0.4173993558));
#3805 = DIRECTION('',(0.656178714925,-0.754605522164,1.52655665886E-15)
  );
#3806 = DEFINITIONAL_REPRESENTATION('',(#3807),#3810);
#3807 = B_SPLINE_CURVE_WITH_KNOTS('',1,(#3808,#3809),.UNSPECIFIED.,.F.,
  .F.,(2,2),(4.712388980385,6.28318530718),.PIECEWISE_BEZIER_KNOTS.);
#3808 = CARTESIAN_POINT('',(1.570796326795,-1.570796326795));
#3809 = CARTESIAN_POINT('',(1.570796326795,0.));
#3810 = ( GEOMETRIC_REPRESENTATION_CONTEXT(2)
PARAMETRIC_REPRESENTATION_CONTEXT() REPRESENTATION_CONTEXT('2D SPACE',''
  ) );
#3811 = ORIENTED_EDGE('',*,*,#3391,.F.);
#3812 = ADVANCED_FACE('',(#3813),#3430,.T.);
#3813 = FACE_BOUND('',#3814,.F.);
#3814 = EDGE_LOOP('',(#3815,#3845,#3867,#3868));
#3815 = ORIENTED_EDGE('',*,*,#3816,.F.);
#3816 = EDGE_CURVE('',#3817,#3819,#3821,.T.);
#3817 = VERTEX_POINT('',#3818);
#3818 = CARTESIAN_POINT('',(-190.7323907702,55.80559310535,
    730.44622149273));
#3819 = VERTEX_POINT('',#3820);
#3820 = CARTESIAN_POINT('',(-207.1089622043,41.565096206148,
    720.47787366328));
#3821 = SURFACE_CURVE('',#3822,(#3826,#3833),.PCURVE_S1.);
#3822 = LINE('',#3823,#3824);
#3823 = CARTESIAN_POINT('',(-184.1494066444,61.52992712775,
    734.4532553084));
#3824 = VECTOR('',#3825,1.);
#3825 = DIRECTION('',(-0.6857275131,-0.596284794,-0.4173993558));
#3826 = PCURVE('',#3430,#3827);
#3827 = DEFINITIONAL_REPRESENTATION('',(#3828),#3832);
#3828 = LINE('',#3829,#3830);
#3829 = CARTESIAN_POINT('',(-0.,0.));
#3830 = VECTOR('',#3831,1.);
#3831 = DIRECTION('',(-0.,1.));
#3832 = ( GEOMETRIC_REPRESENTATION_CONTEXT(2)
PARAMETRIC_REPRESENTATION_CONTEXT() REPRESENTATION_CONTEXT('2D SPACE',''
  ) );
#3833 = PCURVE('',#3834,#3839);
#3834 = PLANE('',#3835);
#3835 = AXIS2_PLACEMENT_3D('',#3836,#3837,#3838);
#3836 = CARTESIAN_POINT('',(-181.1256767996,64.159257427583,
    725.72951299217));
#3837 = DIRECTION('',(0.656178714925,-0.754605522164,0.));
#3838 = DIRECTION('',(-0.6857275131,-0.596284794,-0.4173993558));
#3839 = DEFINITIONAL_REPRESENTATION('',(#3840),#3844);
#3840 = LINE('',#3841,#3842);
#3841 = CARTESIAN_POINT('',(2.84217094304E-14,-9.6));
#3842 = VECTOR('',#3843,1.);
#3843 = DIRECTION('',(1.,-5.551115123126E-17));
#3844 = ( GEOMETRIC_REPRESENTATION_CONTEXT(2)
PARAMETRIC_REPRESENTATION_CONTEXT() REPRESENTATION_CONTEXT('2D SPACE',''
  ) );
#3845 = ORIENTED_EDGE('',*,*,#3846,.T.);
#3846 = EDGE_CURVE('',#3817,#3415,#3847,.T.);
#3847 = SURFACE_CURVE('',#3848,(#3853,#3860),.PCURVE_S1.);
#3848 = CIRCLE('',#3849,9.6);
#3849 = AXIS2_PLACEMENT_3D('',#3850,#3851,#3852);
#3850 = CARTESIAN_POINT('',(-197.0317064335,63.04980611812,
    730.44622149273));
#3851 = DIRECTION('',(0.6857275131,0.596284794,0.4173993558));
#3852 = DIRECTION('',(0.656178714925,-0.754605522164,6.106226635438E-16)
  );
#3853 = PCURVE('',#3430,#3854);
#3854 = DEFINITIONAL_REPRESENTATION('',(#3855),#3859);
#3855 = LINE('',#3856,#3857);
#3856 = CARTESIAN_POINT('',(-0.,9.6));
#3857 = VECTOR('',#3858,1.);
#3858 = DIRECTION('',(-1.,0.));
#3859 = ( GEOMETRIC_REPRESENTATION_CONTEXT(2)
PARAMETRIC_REPRESENTATION_CONTEXT() REPRESENTATION_CONTEXT('2D SPACE',''
  ) );
#3860 = PCURVE('',#3770,#3861);
#3861 = DEFINITIONAL_REPRESENTATION('',(#3862),#3866);
#3862 = LINE('',#3863,#3864);
#3863 = CARTESIAN_POINT('',(-0.,0.));
#3864 = VECTOR('',#3865,1.);
#3865 = DIRECTION('',(-1.,0.));
#3866 = ( GEOMETRIC_REPRESENTATION_CONTEXT(2)
PARAMETRIC_REPRESENTATION_CONTEXT() REPRESENTATION_CONTEXT('2D SPACE',''
  ) );
#3867 = ORIENTED_EDGE('',*,*,#3414,.T.);
#3868 = ORIENTED_EDGE('',*,*,#3869,.F.);
#3869 = EDGE_CURVE('',#3819,#3392,#3870,.T.);
#3870 = SURFACE_CURVE('',#3871,(#3876,#3883),.PCURVE_S1.);
#3871 = CIRCLE('',#3872,9.6);
#3872 = AXIS2_PLACEMENT_3D('',#3873,#3874,#3875);
#3873 = CARTESIAN_POINT('',(-213.4082778675,48.809309218918,
    720.47787366328));
#3874 = DIRECTION('',(0.6857275131,0.596284794,0.4173993558));
#3875 = DIRECTION('',(0.656178714925,-0.754605522164,1.498801083244E-15)
  );
#3876 = PCURVE('',#3430,#3877);
#3877 = DEFINITIONAL_REPRESENTATION('',(#3878),#3882);
#3878 = LINE('',#3879,#3880);
#3879 = CARTESIAN_POINT('',(-0.,33.482039324994));
#3880 = VECTOR('',#3881,1.);
#3881 = DIRECTION('',(-1.,0.));
#3882 = ( GEOMETRIC_REPRESENTATION_CONTEXT(2)
PARAMETRIC_REPRESENTATION_CONTEXT() REPRESENTATION_CONTEXT('2D SPACE',''
  ) );
#3883 = PCURVE('',#3801,#3884);
#3884 = DEFINITIONAL_REPRESENTATION('',(#3885),#3889);
#3885 = LINE('',#3886,#3887);
#3886 = CARTESIAN_POINT('',(0.,0.));
#3887 = VECTOR('',#3888,1.);
#3888 = DIRECTION('',(1.,0.));
#3889 = ( GEOMETRIC_REPRESENTATION_CONTEXT(2)
PARAMETRIC_REPRESENTATION_CONTEXT() REPRESENTATION_CONTEXT('2D SPACE',''
  ) );
#3890 = ADVANCED_FACE('',(#3891),#3532,.T.);
#3891 = FACE_BOUND('',#3892,.F.);
#3892 = EDGE_LOOP('',(#3893,#3894,#3895,#3920));
#3893 = ORIENTED_EDGE('',*,*,#3548,.F.);
#3894 = ORIENTED_EDGE('',*,*,#3518,.T.);
#3895 = ORIENTED_EDGE('',*,*,#3896,.T.);
#3896 = EDGE_CURVE('',#3491,#3703,#3897,.T.);
#3897 = SURFACE_CURVE('',#3898,(#3903,#3909),.PCURVE_S1.);
#3898 = CIRCLE('',#3899,9.6);
#3899 = AXIS2_PLACEMENT_3D('',#3900,#3901,#3902);
#3900 = CARTESIAN_POINT('',(-209.8825582739,51.875152343831,
    767.52212633671));
#3901 = DIRECTION('',(0.656178714925,-0.754605522164,1.221245327088E-14)
  );
#3902 = DIRECTION('',(-0.314971858834,-0.273888572899,0.908723157941));
#3903 = PCURVE('',#3532,#3904);
#3904 = DEFINITIONAL_REPRESENTATION('',(#3905),#3908);
#3905 = B_SPLINE_CURVE_WITH_KNOTS('',1,(#3906,#3907),.UNSPECIFIED.,.F.,
  .F.,(2,2),(4.712388980385,6.28318530718),.PIECEWISE_BEZIER_KNOTS.);
#3906 = CARTESIAN_POINT('',(-1.570796326795,56.4));
#3907 = CARTESIAN_POINT('',(0.,56.4));
#3908 = ( GEOMETRIC_REPRESENTATION_CONTEXT(2)
PARAMETRIC_REPRESENTATION_CONTEXT() REPRESENTATION_CONTEXT('2D SPACE',''
  ) );
#3909 = PCURVE('',#3910,#3915);
#3910 = SPHERICAL_SURFACE('',#3911,9.6);
#3911 = AXIS2_PLACEMENT_3D('',#3912,#3913,#3914);
#3912 = CARTESIAN_POINT('',(-209.8825582739,51.875152343831,
    767.52212633671));
#3913 = DIRECTION('',(-0.6857275131,-0.596284794,-0.4173993558));
#3914 = DIRECTION('',(0.656178714925,-0.754605522164,1.015854067532E-14)
  );
#3915 = DEFINITIONAL_REPRESENTATION('',(#3916),#3919);
#3916 = B_SPLINE_CURVE_WITH_KNOTS('',1,(#3917,#3918),.UNSPECIFIED.,.F.,
  .F.,(2,2),(4.712388980385,6.28318530718),.PIECEWISE_BEZIER_KNOTS.);
#3917 = CARTESIAN_POINT('',(1.570796326795,-1.570796326795));
#3918 = CARTESIAN_POINT('',(1.570796326795,0.));
#3919 = ( GEOMETRIC_REPRESENTATION_CONTEXT(2)
PARAMETRIC_REPRESENTATION_CONTEXT() REPRESENTATION_CONTEXT('2D SPACE',''
  ) );
#3920 = ORIENTED_EDGE('',*,*,#3730,.F.);
#3921 = ADVANCED_FACE('',(#3922),#3506,.T.);
#3922 = FACE_BOUND('',#3923,.T.);
#3923 = EDGE_LOOP('',(#3924,#3944,#3945,#3967));
#3924 = ORIENTED_EDGE('',*,*,#3925,.F.);
#3925 = EDGE_CURVE('',#3468,#3817,#3926,.T.);
#3926 = SURFACE_CURVE('',#3927,(#3932,#3938),.PCURVE_S1.);
#3927 = CIRCLE('',#3928,9.6);
#3928 = AXIS2_PLACEMENT_3D('',#3929,#3930,#3931);
#3929 = CARTESIAN_POINT('',(-197.0317064335,63.04980611812,
    730.44622149273));
#3930 = DIRECTION('',(0.314971858834,0.273888572899,-0.908723157941));
#3931 = DIRECTION('',(0.656178714925,-0.754605522164,6.661338147751E-16)
  );
#3932 = PCURVE('',#3506,#3933);
#3933 = DEFINITIONAL_REPRESENTATION('',(#3934),#3937);
#3934 = B_SPLINE_CURVE_WITH_KNOTS('',1,(#3935,#3936),.UNSPECIFIED.,.F.,
  .F.,(2,2),(4.712388980385,6.28318530718),.PIECEWISE_BEZIER_KNOTS.);
#3935 = CARTESIAN_POINT('',(1.570796326795,9.6));
#3936 = CARTESIAN_POINT('',(0.,9.6));
#3937 = ( GEOMETRIC_REPRESENTATION_CONTEXT(2)
PARAMETRIC_REPRESENTATION_CONTEXT() REPRESENTATION_CONTEXT('2D SPACE',''
  ) );
#3938 = PCURVE('',#3770,#3939);
#3939 = DEFINITIONAL_REPRESENTATION('',(#3940),#3943);
#3940 = B_SPLINE_CURVE_WITH_KNOTS('',1,(#3941,#3942),.UNSPECIFIED.,.F.,
  .F.,(2,2),(4.712388980385,6.28318530718),.PIECEWISE_BEZIER_KNOTS.);
#3941 = CARTESIAN_POINT('',(0.,-1.570796326795));
#3942 = CARTESIAN_POINT('',(0.,0.));
#3943 = ( GEOMETRIC_REPRESENTATION_CONTEXT(2)
PARAMETRIC_REPRESENTATION_CONTEXT() REPRESENTATION_CONTEXT('2D SPACE',''
  ) );
#3944 = ORIENTED_EDGE('',*,*,#3490,.T.);
#3945 = ORIENTED_EDGE('',*,*,#3946,.T.);
#3946 = EDGE_CURVE('',#3491,#3947,#3949,.T.);
#3947 = VERTEX_POINT('',#3948);
#3948 = CARTESIAN_POINT('',(-203.5832426106,44.630939331061,
    767.52212633671));
#3949 = SURFACE_CURVE('',#3950,(#3955,#3961),.PCURVE_S1.);
#3950 = CIRCLE('',#3951,9.6);
#3951 = AXIS2_PLACEMENT_3D('',#3952,#3953,#3954);
#3952 = CARTESIAN_POINT('',(-209.8825582739,51.875152343831,
    767.52212633671));
#3953 = DIRECTION('',(0.314971858834,0.273888572899,-0.908723157941));
#3954 = DIRECTION('',(0.656178714925,-0.754605522164,1.01307850997E-14)
  );
#3955 = PCURVE('',#3506,#3956);
#3956 = DEFINITIONAL_REPRESENTATION('',(#3957),#3960);
#3957 = B_SPLINE_CURVE_WITH_KNOTS('',1,(#3958,#3959),.UNSPECIFIED.,.F.,
  .F.,(2,2),(4.712388980385,6.28318530718),.PIECEWISE_BEZIER_KNOTS.);
#3958 = CARTESIAN_POINT('',(1.570796326795,50.4));
#3959 = CARTESIAN_POINT('',(0.,50.4));
#3960 = ( GEOMETRIC_REPRESENTATION_CONTEXT(2)
PARAMETRIC_REPRESENTATION_CONTEXT() REPRESENTATION_CONTEXT('2D SPACE',''
  ) );
#3961 = PCURVE('',#3910,#3962);
#3962 = DEFINITIONAL_REPRESENTATION('',(#3963),#3966);
#3963 = B_SPLINE_CURVE_WITH_KNOTS('',1,(#3964,#3965),.UNSPECIFIED.,.F.,
  .F.,(2,2),(4.712388980385,6.28318530718),.PIECEWISE_BEZIER_KNOTS.);
#3964 = CARTESIAN_POINT('',(0.,-1.570796326795));
#3965 = CARTESIAN_POINT('',(0.,0.));
#3966 = ( GEOMETRIC_REPRESENTATION_CONTEXT(2)
PARAMETRIC_REPRESENTATION_CONTEXT() REPRESENTATION_CONTEXT('2D SPACE',''
  ) );
#3967 = ORIENTED_EDGE('',*,*,#3968,.F.);
#3968 = EDGE_CURVE('',#3817,#3947,#3969,.T.);
#3969 = SURFACE_CURVE('',#3970,(#3974,#3981),.PCURVE_S1.);
#3970 = LINE('',#3971,#3972);
#3971 = CARTESIAN_POINT('',(-187.7086609254,58.434923405183,
    721.72247917649));
#3972 = VECTOR('',#3973,1.);
#3973 = DIRECTION('',(-0.314971858834,-0.273888572899,0.908723157941));
#3974 = PCURVE('',#3506,#3975);
#3975 = DEFINITIONAL_REPRESENTATION('',(#3976),#3980);
#3976 = LINE('',#3977,#3978);
#3977 = CARTESIAN_POINT('',(0.,0.));
#3978 = VECTOR('',#3979,1.);
#3979 = DIRECTION('',(0.,1.));
#3980 = ( GEOMETRIC_REPRESENTATION_CONTEXT(2)
PARAMETRIC_REPRESENTATION_CONTEXT() REPRESENTATION_CONTEXT('2D SPACE',''
  ) );
#3981 = PCURVE('',#3834,#3982);
#3982 = DEFINITIONAL_REPRESENTATION('',(#3983),#3987);
#3983 = LINE('',#3984,#3985);
#3984 = CARTESIAN_POINT('',(9.6,1.136868377216E-13));
#3985 = VECTOR('',#3986,1.);
#3986 = DIRECTION('',(5.551115123126E-17,-1.));
#3987 = ( GEOMETRIC_REPRESENTATION_CONTEXT(2)
PARAMETRIC_REPRESENTATION_CONTEXT() REPRESENTATION_CONTEXT('2D SPACE',''
  ) );
#3988 = ADVANCED_FACE('',(#3989),#3638,.T.);
#3989 = FACE_BOUND('',#3990,.T.);
#3990 = EDGE_LOOP('',(#3991,#3992,#3993,#4018));
#3991 = ORIENTED_EDGE('',*,*,#3654,.T.);
#3992 = ORIENTED_EDGE('',*,*,#3624,.T.);
#3993 = ORIENTED_EDGE('',*,*,#3994,.F.);
#3994 = EDGE_CURVE('',#3680,#3597,#3995,.T.);
#3995 = SURFACE_CURVE('',#3996,(#4001,#4007),.PCURVE_S1.);
#3996 = CIRCLE('',#3997,9.6);
#3997 = AXIS2_PLACEMENT_3D('',#3998,#3999,#4000);
#3998 = CARTESIAN_POINT('',(-226.259129708,37.634655444628,
    757.55377850727));
#3999 = DIRECTION('',(0.656178714925,-0.754605522164,-1.915134717478E-15
    ));
#4000 = DIRECTION('',(-0.6857275131,-0.596284794,-0.4173993558));
#4001 = PCURVE('',#3638,#4002);
#4002 = DEFINITIONAL_REPRESENTATION('',(#4003),#4006);
#4003 = B_SPLINE_CURVE_WITH_KNOTS('',1,(#4004,#4005),.UNSPECIFIED.,.F.,
  .F.,(2,2),(4.712388980385,6.28318530718),.PIECEWISE_BEZIER_KNOTS.);
#4004 = CARTESIAN_POINT('',(0.,56.4));
#4005 = CARTESIAN_POINT('',(1.570796326795,56.4));
#4006 = ( GEOMETRIC_REPRESENTATION_CONTEXT(2)
PARAMETRIC_REPRESENTATION_CONTEXT() REPRESENTATION_CONTEXT('2D SPACE',''
  ) );
#4007 = PCURVE('',#4008,#4013);
#4008 = SPHERICAL_SURFACE('',#4009,9.6);
#4009 = AXIS2_PLACEMENT_3D('',#4010,#4011,#4012);
#4010 = CARTESIAN_POINT('',(-226.259129708,37.634655444628,
    757.55377850727));
#4011 = DIRECTION('',(0.314971858834,0.273888572899,-0.908723157941));
#4012 = DIRECTION('',(0.656178714925,-0.754605522164,3.053113317719E-16)
  );
#4013 = DEFINITIONAL_REPRESENTATION('',(#4014),#4017);
#4014 = B_SPLINE_CURVE_WITH_KNOTS('',1,(#4015,#4016),.UNSPECIFIED.,.F.,
  .F.,(2,2),(4.712388980385,6.28318530718),.PIECEWISE_BEZIER_KNOTS.);
#4015 = CARTESIAN_POINT('',(1.570796326795,-1.570796326795));
#4016 = CARTESIAN_POINT('',(1.570796326795,0.));
#4017 = ( GEOMETRIC_REPRESENTATION_CONTEXT(2)
PARAMETRIC_REPRESENTATION_CONTEXT() REPRESENTATION_CONTEXT('2D SPACE',''
  ) );
#4018 = ORIENTED_EDGE('',*,*,#3679,.F.);
#4019 = ADVANCED_FACE('',(#4020),#3612,.T.);
#4020 = FACE_BOUND('',#4021,.F.);
#4021 = EDGE_LOOP('',(#4022,#4042,#4043,#4067));
#4022 = ORIENTED_EDGE('',*,*,#4023,.F.);
#4023 = EDGE_CURVE('',#3574,#3819,#4024,.T.);
#4024 = SURFACE_CURVE('',#4025,(#4030,#4036),.PCURVE_S1.);
#4025 = CIRCLE('',#4026,9.6);
#4026 = AXIS2_PLACEMENT_3D('',#4027,#4028,#4029);
#4027 = CARTESIAN_POINT('',(-213.4082778675,48.809309218918,
    720.47787366328));
#4028 = DIRECTION('',(-0.314971858834,-0.273888572899,0.908723157941));
#4029 = DIRECTION('',(0.656178714925,-0.754605522164,1.52655665886E-15)
  );
#4030 = PCURVE('',#3612,#4031);
#4031 = DEFINITIONAL_REPRESENTATION('',(#4032),#4035);
#4032 = B_SPLINE_CURVE_WITH_KNOTS('',1,(#4033,#4034),.UNSPECIFIED.,.F.,
  .F.,(2,2),(4.712388980385,6.28318530718),.PIECEWISE_BEZIER_KNOTS.);
#4033 = CARTESIAN_POINT('',(-1.570796326795,9.6));
#4034 = CARTESIAN_POINT('',(0.,9.6));
#4035 = ( GEOMETRIC_REPRESENTATION_CONTEXT(2)
PARAMETRIC_REPRESENTATION_CONTEXT() REPRESENTATION_CONTEXT('2D SPACE',''
  ) );
#4036 = PCURVE('',#3801,#4037);
#4037 = DEFINITIONAL_REPRESENTATION('',(#4038),#4041);
#4038 = B_SPLINE_CURVE_WITH_KNOTS('',1,(#4039,#4040),.UNSPECIFIED.,.F.,
  .F.,(2,2),(4.712388980385,6.28318530718),.PIECEWISE_BEZIER_KNOTS.);
#4039 = CARTESIAN_POINT('',(0.,-1.570796326795));
#4040 = CARTESIAN_POINT('',(0.,0.));
#4041 = ( GEOMETRIC_REPRESENTATION_CONTEXT(2)
PARAMETRIC_REPRESENTATION_CONTEXT() REPRESENTATION_CONTEXT('2D SPACE',''
  ) );
#4042 = ORIENTED_EDGE('',*,*,#3596,.T.);
#4043 = ORIENTED_EDGE('',*,*,#4044,.F.);
#4044 = EDGE_CURVE('',#4045,#3597,#4047,.T.);
#4045 = VERTEX_POINT('',#4046);
#4046 = CARTESIAN_POINT('',(-219.9598140447,30.390442431858,
    757.55377850727));
#4047 = SURFACE_CURVE('',#4048,(#4053,#4060),.PCURVE_S1.);
#4048 = CIRCLE('',#4049,9.6);
#4049 = AXIS2_PLACEMENT_3D('',#4050,#4051,#4052);
#4050 = CARTESIAN_POINT('',(-226.259129708,37.634655444628,
    757.55377850727));
#4051 = DIRECTION('',(0.314971858834,0.273888572899,-0.908723157941));
#4052 = DIRECTION('',(0.656178714925,-0.754605522164,3.608224830032E-16)
  );
#4053 = PCURVE('',#3612,#4054);
#4054 = DEFINITIONAL_REPRESENTATION('',(#4055),#4059);
#4055 = LINE('',#4056,#4057);
#4056 = CARTESIAN_POINT('',(-0.,50.4));
#4057 = VECTOR('',#4058,1.);
#4058 = DIRECTION('',(-1.,0.));
#4059 = ( GEOMETRIC_REPRESENTATION_CONTEXT(2)
PARAMETRIC_REPRESENTATION_CONTEXT() REPRESENTATION_CONTEXT('2D SPACE',''
  ) );
#4060 = PCURVE('',#4008,#4061);
#4061 = DEFINITIONAL_REPRESENTATION('',(#4062),#4066);
#4062 = LINE('',#4063,#4064);
#4063 = CARTESIAN_POINT('',(0.,0.));
#4064 = VECTOR('',#4065,1.);
#4065 = DIRECTION('',(1.,0.));
#4066 = ( GEOMETRIC_REPRESENTATION_CONTEXT(2)
PARAMETRIC_REPRESENTATION_CONTEXT() REPRESENTATION_CONTEXT('2D SPACE',''
  ) );
#4067 = ORIENTED_EDGE('',*,*,#4068,.F.);
#4068 = EDGE_CURVE('',#3819,#4045,#4069,.T.);
#4069 = SURFACE_CURVE('',#4070,(#4074,#4081),.PCURVE_S1.);
#4070 = LINE('',#4071,#4072);
#4071 = CARTESIAN_POINT('',(-204.0852323594,44.194426505981,
    711.75413134705));
#4072 = VECTOR('',#4073,1.);
#4073 = DIRECTION('',(-0.314971858834,-0.273888572899,0.908723157941));
#4074 = PCURVE('',#3612,#4075);
#4075 = DEFINITIONAL_REPRESENTATION('',(#4076),#4080);
#4076 = LINE('',#4077,#4078);
#4077 = CARTESIAN_POINT('',(-0.,0.));
#4078 = VECTOR('',#4079,1.);
#4079 = DIRECTION('',(-0.,1.));
#4080 = ( GEOMETRIC_REPRESENTATION_CONTEXT(2)
PARAMETRIC_REPRESENTATION_CONTEXT() REPRESENTATION_CONTEXT('2D SPACE',''
  ) );
#4081 = PCURVE('',#3834,#4082);
#4082 = DEFINITIONAL_REPRESENTATION('',(#4083),#4087);
#4083 = LINE('',#4084,#4085);
#4084 = CARTESIAN_POINT('',(33.482039324994,1.136868377216E-13));
#4085 = VECTOR('',#4086,1.);
#4086 = DIRECTION('',(5.551115123126E-17,-1.));
#4087 = ( GEOMETRIC_REPRESENTATION_CONTEXT(2)
PARAMETRIC_REPRESENTATION_CONTEXT() REPRESENTATION_CONTEXT('2D SPACE',''
  ) );
#4088 = ADVANCED_FACE('',(#4089),#3718,.T.);
#4089 = FACE_BOUND('',#4090,.T.);
#4090 = EDGE_LOOP('',(#4091,#4112,#4134,#4135));
#4091 = ORIENTED_EDGE('',*,*,#4092,.F.);
#4092 = EDGE_CURVE('',#3947,#4045,#4093,.T.);
#4093 = SURFACE_CURVE('',#4094,(#4098,#4105),.PCURVE_S1.);
#4094 = LINE('',#4095,#4096);
#4095 = CARTESIAN_POINT('',(-197.0002584848,50.35527335346,
    771.52916015239));
#4096 = VECTOR('',#4097,1.);
#4097 = DIRECTION('',(-0.6857275131,-0.596284794,-0.4173993558));
#4098 = PCURVE('',#3718,#4099);
#4099 = DEFINITIONAL_REPRESENTATION('',(#4100),#4104);
#4100 = LINE('',#4101,#4102);
#4101 = CARTESIAN_POINT('',(0.,0.));
#4102 = VECTOR('',#4103,1.);
#4103 = DIRECTION('',(0.,1.));
#4104 = ( GEOMETRIC_REPRESENTATION_CONTEXT(2)
PARAMETRIC_REPRESENTATION_CONTEXT() REPRESENTATION_CONTEXT('2D SPACE',''
  ) );
#4105 = PCURVE('',#3834,#4106);
#4106 = DEFINITIONAL_REPRESENTATION('',(#4107),#4111);
#4107 = LINE('',#4108,#4109);
#4108 = CARTESIAN_POINT('',(0.,-50.4));
#4109 = VECTOR('',#4110,1.);
#4110 = DIRECTION('',(1.,-5.551115123126E-17));
#4111 = ( GEOMETRIC_REPRESENTATION_CONTEXT(2)
PARAMETRIC_REPRESENTATION_CONTEXT() REPRESENTATION_CONTEXT('2D SPACE',''
  ) );
#4112 = ORIENTED_EDGE('',*,*,#4113,.T.);
#4113 = EDGE_CURVE('',#3947,#3703,#4114,.T.);
#4114 = SURFACE_CURVE('',#4115,(#4120,#4127),.PCURVE_S1.);
#4115 = CIRCLE('',#4116,9.6);
#4116 = AXIS2_PLACEMENT_3D('',#4117,#4118,#4119);
#4117 = CARTESIAN_POINT('',(-209.8825582739,51.875152343831,
    767.52212633671));
#4118 = DIRECTION('',(-0.6857275131,-0.596284794,-0.4173993558));
#4119 = DIRECTION('',(0.656178714925,-0.754605522164,1.010302952409E-14)
  );
#4120 = PCURVE('',#3718,#4121);
#4121 = DEFINITIONAL_REPRESENTATION('',(#4122),#4126);
#4122 = LINE('',#4123,#4124);
#4123 = CARTESIAN_POINT('',(1.184237892934E-14,9.6));
#4124 = VECTOR('',#4125,1.);
#4125 = DIRECTION('',(1.,0.));
#4126 = ( GEOMETRIC_REPRESENTATION_CONTEXT(2)
PARAMETRIC_REPRESENTATION_CONTEXT() REPRESENTATION_CONTEXT('2D SPACE',''
  ) );
#4127 = PCURVE('',#3910,#4128);
#4128 = DEFINITIONAL_REPRESENTATION('',(#4129),#4133);
#4129 = LINE('',#4130,#4131);
#4130 = CARTESIAN_POINT('',(0.,0.));
#4131 = VECTOR('',#4132,1.);
#4132 = DIRECTION('',(1.,0.));
#4133 = ( GEOMETRIC_REPRESENTATION_CONTEXT(2)
PARAMETRIC_REPRESENTATION_CONTEXT() REPRESENTATION_CONTEXT('2D SPACE',''
  ) );
#4134 = ORIENTED_EDGE('',*,*,#3702,.T.);
#4135 = ORIENTED_EDGE('',*,*,#4136,.T.);
#4136 = EDGE_CURVE('',#3680,#4045,#4137,.T.);
#4137 = SURFACE_CURVE('',#4138,(#4143,#4149),.PCURVE_S1.);
#4138 = CIRCLE('',#4139,9.6);
#4139 = AXIS2_PLACEMENT_3D('',#4140,#4141,#4142);
#4140 = CARTESIAN_POINT('',(-226.259129708,37.634655444628,
    757.55377850727));
#4141 = DIRECTION('',(0.6857275131,0.596284794,0.4173993558));
#4142 = DIRECTION('',(0.656178714925,-0.754605522164,3.608224830032E-16)
  );
#4143 = PCURVE('',#3718,#4144);
#4144 = DEFINITIONAL_REPRESENTATION('',(#4145),#4148);
#4145 = B_SPLINE_CURVE_WITH_KNOTS('',1,(#4146,#4147),.UNSPECIFIED.,.F.,
  .F.,(2,2),(4.712388980385,6.28318530718),.PIECEWISE_BEZIER_KNOTS.);
#4146 = CARTESIAN_POINT('',(1.570796326795,33.482039324994));
#4147 = CARTESIAN_POINT('',(0.,33.482039324994));
#4148 = ( GEOMETRIC_REPRESENTATION_CONTEXT(2)
PARAMETRIC_REPRESENTATION_CONTEXT() REPRESENTATION_CONTEXT('2D SPACE',''
  ) );
#4149 = PCURVE('',#4008,#4150);
#4150 = DEFINITIONAL_REPRESENTATION('',(#4151),#4154);
#4151 = B_SPLINE_CURVE_WITH_KNOTS('',1,(#4152,#4153),.UNSPECIFIED.,.F.,
  .F.,(2,2),(4.712388980385,6.28318530718),.PIECEWISE_BEZIER_KNOTS.);
#4152 = CARTESIAN_POINT('',(0.,-1.570796326795));
#4153 = CARTESIAN_POINT('',(0.,0.));
#4154 = ( GEOMETRIC_REPRESENTATION_CONTEXT(2)
PARAMETRIC_REPRESENTATION_CONTEXT() REPRESENTATION_CONTEXT('2D SPACE',''
  ) );
#4155 = ADVANCED_FACE('',(#4156),#3770,.T.);
#4156 = FACE_BOUND('',#4157,.F.);
#4157 = EDGE_LOOP('',(#4158,#4159,#4160));
#4158 = ORIENTED_EDGE('',*,*,#3925,.F.);
#4159 = ORIENTED_EDGE('',*,*,#3756,.T.);
#4160 = ORIENTED_EDGE('',*,*,#3846,.F.);
#4161 = ADVANCED_FACE('',(#4162),#3801,.T.);
#4162 = FACE_BOUND('',#4163,.T.);
#4163 = EDGE_LOOP('',(#4164,#4165,#4166));
#4164 = ORIENTED_EDGE('',*,*,#4023,.F.);
#4165 = ORIENTED_EDGE('',*,*,#3787,.T.);
#4166 = ORIENTED_EDGE('',*,*,#3869,.F.);
#4167 = ADVANCED_FACE('',(#4168),#3834,.T.);
#4168 = FACE_BOUND('',#4169,.T.);
#4169 = EDGE_LOOP('',(#4170,#4171,#4172,#4173));
#4170 = ORIENTED_EDGE('',*,*,#3816,.F.);
#4171 = ORIENTED_EDGE('',*,*,#3968,.T.);
#4172 = ORIENTED_EDGE('',*,*,#4092,.T.);
#4173 = ORIENTED_EDGE('',*,*,#4068,.F.);
#4174 = ADVANCED_FACE('',(#4175),#3910,.T.);
#4175 = FACE_BOUND('',#4176,.T.);
#4176 = EDGE_LOOP('',(#4177,#4178,#4179));
#4177 = ORIENTED_EDGE('',*,*,#3946,.F.);
#4178 = ORIENTED_EDGE('',*,*,#3896,.T.);
#4179 = ORIENTED_EDGE('',*,*,#4113,.F.);
#4180 = ADVANCED_FACE('',(#4181),#4008,.T.);
#4181 = FACE_BOUND('',#4182,.T.);
#4182 = EDGE_LOOP('',(#4183,#4184,#4185));
#4183 = ORIENTED_EDGE('',*,*,#4136,.F.);
#4184 = ORIENTED_EDGE('',*,*,#3994,.T.);
#4185 = ORIENTED_EDGE('',*,*,#4044,.F.);
#4186 = ( GEOMETRIC_REPRESENTATION_CONTEXT(3)
GLOBAL_UNCERTAINTY_ASSIGNED_CONTEXT((#4190))
GLOBAL_UNIT_ASSIGNED_CONTEXT((#4187,#4188,#4189)) REPRESENTATION_CONTEXT
('Context #1','3D Context with UNIT and UNCERTAINTY') );
#4187 = ( LENGTH_UNIT() NAMED_UNIT(*) SI_UNIT(.MILLI.,.METRE.) );
#4188 = ( NAMED_UNIT(*) PLANE_ANGLE_UNIT() SI_UNIT($,.RADIAN.) );
#4189 = ( NAMED_UNIT(*) SI_UNIT($,.STERADIAN.) SOLID_ANGLE_UNIT() );
#4190 = UNCERTAINTY_MEASURE_WITH_UNIT(LENGTH_MEASURE(1.E-07),#4187,
  'distance_accuracy_value','confusion accuracy');
#4191 = CONTEXT_DEPENDENT_SHAPE_REPRESENTATION(#4192,#4194);
#4192 = ( REPRESENTATION_RELATIONSHIP('','',#2879,#10)
REPRESENTATION_RELATIONSHIP_WITH_TRANSFORMATION(#4193)
SHAPE_REPRESENTATION_RELATIONSHIP() );
#4193 = ITEM_DEFINED_TRANSFORMATION('','',#11,#19);
#4194 = PRODUCT_DEFINITION_SHAPE('Placement','Placement of an item',
  #4195);
#4195 = NEXT_ASSEMBLY_USAGE_OCCURRENCE('2','','',#5,#2874,$);
#4196 = PRODUCT_RELATED_PRODUCT_CATEGORY('part',$,(#2876));
#4197 = SHAPE_DEFINITION_REPRESENTATION(#4198,#4204);
#4198 = PRODUCT_DEFINITION_SHAPE('','',#4199);
#4199 = PRODUCT_DEFINITION('design','',#4200,#4203);
#4200 = PRODUCT_DEFINITION_FORMATION('','',#4201);
#4201 = PRODUCT('Open CASCADE STEP translator 7.7 4.3',
  'Open CASCADE STEP translator 7.7 4.3','',(#4202));
#4202 = PRODUCT_CONTEXT('',#2,'mechanical');
#4203 = PRODUCT_DEFINITION_CONTEXT('part definition',#2,'design');
#4204 = ADVANCED_BREP_SHAPE_REPRESENTATION('',(#11,#4205),#5511);
#4205 = MANIFOLD_SOLID_BREP('',#4206);
#4206 = CLOSED_SHELL('',(#4207,#4327,#4415,#4494,#4575,#4651,#4681,#4711
    ,#4787,#4868,#4893,#4974,#4999,#5075,#5106,#5137,#5215,#5246,#5313,
    #5344,#5413,#5480,#5486,#5492,#5499,#5505));
#4207 = ADVANCED_FACE('',(#4208),#4222,.F.);
#4208 = FACE_BOUND('',#4209,.F.);
#4209 = EDGE_LOOP('',(#4210,#4245,#4273,#4301));
#4210 = ORIENTED_EDGE('',*,*,#4211,.F.);
#4211 = EDGE_CURVE('',#4212,#4214,#4216,.T.);
#4212 = VERTEX_POINT('',#4213);
#4213 = CARTESIAN_POINT('',(-246.149848741,-8.929329949325,
    734.04679216219));
#4214 = VERTEX_POINT('',#4215);
#4215 = CARTESIAN_POINT('',(-332.1758111162,-114.2251078965,
    661.78498376705));
#4216 = SURFACE_CURVE('',#4217,(#4221,#4233),.PCURVE_S1.);
#4217 = LINE('',#4218,#4219);
#4218 = CARTESIAN_POINT('',(-240.0713291114,-1.489221922743,
    739.15274865102));
#4219 = VECTOR('',#4220,1.);
#4220 = DIRECTION('',(-0.558687465952,-0.683833458326,-0.4692974714));
#4221 = PCURVE('',#4222,#4227);
#4222 = PLANE('',#4223);
#4223 = AXIS2_PLACEMENT_3D('',#4224,#4225,#4226);
#4224 = CARTESIAN_POINT('',(-243.3017982293,-5.443316122992,
    748.76022534025));
#4225 = DIRECTION('',(-0.774408126841,0.632686378138,-2.775557561563E-17
    ));
#4226 = DIRECTION('',(-0.558687465952,-0.683833458326,-0.4692974714));
#4227 = DEFINITIONAL_REPRESENTATION('',(#4228),#4232);
#4228 = LINE('',#4229,#4230);
#4229 = CARTESIAN_POINT('',(-2.84217094304E-14,-10.88));
#4230 = VECTOR('',#4231,1.);
#4231 = DIRECTION('',(1.,5.551115123126E-17));
#4232 = ( GEOMETRIC_REPRESENTATION_CONTEXT(2)
PARAMETRIC_REPRESENTATION_CONTEXT() REPRESENTATION_CONTEXT('2D SPACE',''
  ) );
#4233 = PCURVE('',#4234,#4239);
#4234 = CYLINDRICAL_SURFACE('',#4235,10.88);
#4235 = AXIS2_PLACEMENT_3D('',#4236,#4237,#4238);
#4236 = CARTESIAN_POINT('',(-248.4968895315,5.394405871404,
    739.15274865102));
#4237 = DIRECTION('',(-0.558687465952,-0.683833458326,-0.4692974714));
#4238 = DIRECTION('',(0.774408126841,-0.632686378138,2.775557561563E-17)
  );
#4239 = DEFINITIONAL_REPRESENTATION('',(#4240),#4244);
#4240 = LINE('',#4241,#4242);
#4241 = CARTESIAN_POINT('',(0.,0.));
#4242 = VECTOR('',#4243,1.);
#4243 = DIRECTION('',(0.,1.));
#4244 = ( GEOMETRIC_REPRESENTATION_CONTEXT(2)
PARAMETRIC_REPRESENTATION_CONTEXT() REPRESENTATION_CONTEXT('2D SPACE',''
  ) );
#4245 = ORIENTED_EDGE('',*,*,#4246,.T.);
#4246 = EDGE_CURVE('',#4212,#4247,#4249,.T.);
#4247 = VERTEX_POINT('',#4248);
#4248 = CARTESIAN_POINT('',(-232.4203549901,7.875570401735,
    693.21501623295));
#4249 = SURFACE_CURVE('',#4250,(#4254,#4261),.PCURVE_S1.);
#4250 = LINE('',#4251,#4252);
#4251 = CARTESIAN_POINT('',(-249.3803178588,-12.88342414957,
    743.65426885142));
#4252 = VECTOR('',#4253,1.);
#4253 = DIRECTION('',(0.29691811745,0.363427775758,-0.883040136878));
#4254 = PCURVE('',#4222,#4255);
#4255 = DEFINITIONAL_REPRESENTATION('',(#4256),#4260);
#4256 = LINE('',#4257,#4258);
#4257 = CARTESIAN_POINT('',(10.88,1.136868377216E-13));
#4258 = VECTOR('',#4259,1.);
#4259 = DIRECTION('',(-5.551115123126E-17,-1.));
#4260 = ( GEOMETRIC_REPRESENTATION_CONTEXT(2)
PARAMETRIC_REPRESENTATION_CONTEXT() REPRESENTATION_CONTEXT('2D SPACE',''
  ) );
#4261 = PCURVE('',#4262,#4267);
#4262 = CYLINDRICAL_SURFACE('',#4263,10.88);
#4263 = AXIS2_PLACEMENT_3D('',#4264,#4265,#4266);
#4264 = CARTESIAN_POINT('',(-257.8058782789,-5.999796355428,
    743.65426885142));
#4265 = DIRECTION('',(0.29691811745,0.363427775758,-0.883040136878));
#4266 = DIRECTION('',(0.774408126841,-0.632686378138,2.775557561563E-17)
  );
#4267 = DEFINITIONAL_REPRESENTATION('',(#4268),#4272);
#4268 = LINE('',#4269,#4270);
#4269 = CARTESIAN_POINT('',(-0.,0.));
#4270 = VECTOR('',#4271,1.);
#4271 = DIRECTION('',(-0.,1.));
#4272 = ( GEOMETRIC_REPRESENTATION_CONTEXT(2)
PARAMETRIC_REPRESENTATION_CONTEXT() REPRESENTATION_CONTEXT('2D SPACE',''
  ) );
#4273 = ORIENTED_EDGE('',*,*,#4274,.T.);
#4274 = EDGE_CURVE('',#4247,#4275,#4277,.T.);
#4275 = VERTEX_POINT('',#4276);
#4276 = CARTESIAN_POINT('',(-318.4463173653,-97.42020754547,
    620.9532078378));
#4277 = SURFACE_CURVE('',#4278,(#4282,#4289),.PCURVE_S1.);
#4278 = LINE('',#4279,#4280);
#4279 = CARTESIAN_POINT('',(-226.3418353606,15.315678428318,
    698.32097272178));
#4280 = VECTOR('',#4281,1.);
#4281 = DIRECTION('',(-0.558687465952,-0.683833458326,-0.4692974714));
#4282 = PCURVE('',#4222,#4283);
#4283 = DEFINITIONAL_REPRESENTATION('',(#4284),#4288);
#4284 = LINE('',#4285,#4286);
#4285 = CARTESIAN_POINT('',(0.,-57.12));
#4286 = VECTOR('',#4287,1.);
#4287 = DIRECTION('',(1.,5.551115123126E-17));
#4288 = ( GEOMETRIC_REPRESENTATION_CONTEXT(2)
PARAMETRIC_REPRESENTATION_CONTEXT() REPRESENTATION_CONTEXT('2D SPACE',''
  ) );
#4289 = PCURVE('',#4290,#4295);
#4290 = CYLINDRICAL_SURFACE('',#4291,10.88);
#4291 = AXIS2_PLACEMENT_3D('',#4292,#4293,#4294);
#4292 = CARTESIAN_POINT('',(-234.7673957806,22.199306222464,
    698.32097272178));
#4293 = DIRECTION('',(-0.558687465952,-0.683833458326,-0.4692974714));
#4294 = DIRECTION('',(0.774408126841,-0.632686378138,2.775557561563E-17)
  );
#4295 = DEFINITIONAL_REPRESENTATION('',(#4296),#4300);
#4296 = LINE('',#4297,#4298);
#4297 = CARTESIAN_POINT('',(-0.,0.));
#4298 = VECTOR('',#4299,1.);
#4299 = DIRECTION('',(-0.,1.));
#4300 = ( GEOMETRIC_REPRESENTATION_CONTEXT(2)
PARAMETRIC_REPRESENTATION_CONTEXT() REPRESENTATION_CONTEXT('2D SPACE',''
  ) );
#4301 = ORIENTED_EDGE('',*,*,#4302,.F.);
#4302 = EDGE_CURVE('',#4214,#4275,#4303,.T.);
#4303 = SURFACE_CURVE('',#4304,(#4308,#4315),.PCURVE_S1.);
#4304 = LINE('',#4305,#4306);
#4305 = CARTESIAN_POINT('',(-335.406280234,-118.1792020967,
    671.39246045628));
#4306 = VECTOR('',#4307,1.);
#4307 = DIRECTION('',(0.29691811745,0.363427775758,-0.883040136878));
#4308 = PCURVE('',#4222,#4309);
#4309 = DEFINITIONAL_REPRESENTATION('',(#4310),#4314);
#4310 = LINE('',#4311,#4312);
#4311 = CARTESIAN_POINT('',(164.85868686483,1.136868377216E-13));
#4312 = VECTOR('',#4313,1.);
#4313 = DIRECTION('',(-5.551115123126E-17,-1.));
#4314 = ( GEOMETRIC_REPRESENTATION_CONTEXT(2)
PARAMETRIC_REPRESENTATION_CONTEXT() REPRESENTATION_CONTEXT('2D SPACE',''
  ) );
#4315 = PCURVE('',#4316,#4321);
#4316 = CYLINDRICAL_SURFACE('',#4317,10.88);
#4317 = AXIS2_PLACEMENT_3D('',#4318,#4319,#4320);
#4318 = CARTESIAN_POINT('',(-343.831840654,-111.2955743026,
    671.39246045628));
#4319 = DIRECTION('',(0.29691811745,0.363427775758,-0.883040136878));
#4320 = DIRECTION('',(0.774408126841,-0.632686378138,2.775557561563E-17)
  );
#4321 = DEFINITIONAL_REPRESENTATION('',(#4322),#4326);
#4322 = LINE('',#4323,#4324);
#4323 = CARTESIAN_POINT('',(0.,0.));
#4324 = VECTOR('',#4325,1.);
#4325 = DIRECTION('',(0.,1.));
#4326 = ( GEOMETRIC_REPRESENTATION_CONTEXT(2)
PARAMETRIC_REPRESENTATION_CONTEXT() REPRESENTATION_CONTEXT('2D SPACE',''
  ) );
#4327 = ADVANCED_FACE('',(#4328),#4234,.T.);
#4328 = FACE_BOUND('',#4329,.T.);
#4329 = EDGE_LOOP('',(#4330,#4331,#4360,#4388));
#4330 = ORIENTED_EDGE('',*,*,#4211,.F.);
#4331 = ORIENTED_EDGE('',*,*,#4332,.T.);
#4332 = EDGE_CURVE('',#4212,#4333,#4335,.T.);
#4333 = VERTEX_POINT('',#4334);
#4334 = CARTESIAN_POINT('',(-257.8058782789,-5.999796355428,
    743.65426885142));
#4335 = SURFACE_CURVE('',#4336,(#4341,#4348),.PCURVE_S1.);
#4336 = CIRCLE('',#4337,10.88);
#4337 = AXIS2_PLACEMENT_3D('',#4338,#4339,#4340);
#4338 = CARTESIAN_POINT('',(-254.575409161,-2.045702155179,
    734.04679216219));
#4339 = DIRECTION('',(-0.558687465952,-0.683833458326,-0.4692974714));
#4340 = DIRECTION('',(0.774408126841,-0.632686378138,2.109423746788E-15)
  );
#4341 = PCURVE('',#4234,#4342);
#4342 = DEFINITIONAL_REPRESENTATION('',(#4343),#4347);
#4343 = LINE('',#4344,#4345);
#4344 = CARTESIAN_POINT('',(0.,10.88));
#4345 = VECTOR('',#4346,1.);
#4346 = DIRECTION('',(1.,0.));
#4347 = ( GEOMETRIC_REPRESENTATION_CONTEXT(2)
PARAMETRIC_REPRESENTATION_CONTEXT() REPRESENTATION_CONTEXT('2D SPACE',''
  ) );
#4348 = PCURVE('',#4349,#4354);
#4349 = SPHERICAL_SURFACE('',#4350,10.88);
#4350 = AXIS2_PLACEMENT_3D('',#4351,#4352,#4353);
#4351 = CARTESIAN_POINT('',(-254.575409161,-2.045702155179,
    734.04679216219));
#4352 = DIRECTION('',(-0.558687465952,-0.683833458326,-0.4692974714));
#4353 = DIRECTION('',(0.774408126841,-0.632686378138,2.109423746788E-15)
  );
#4354 = DEFINITIONAL_REPRESENTATION('',(#4355),#4359);
#4355 = LINE('',#4356,#4357);
#4356 = CARTESIAN_POINT('',(0.,0.));
#4357 = VECTOR('',#4358,1.);
#4358 = DIRECTION('',(1.,0.));
#4359 = ( GEOMETRIC_REPRESENTATION_CONTEXT(2)
PARAMETRIC_REPRESENTATION_CONTEXT() REPRESENTATION_CONTEXT('2D SPACE',''
  ) );
#4360 = ORIENTED_EDGE('',*,*,#4361,.T.);
#4361 = EDGE_CURVE('',#4333,#4362,#4364,.T.);
#4362 = VERTEX_POINT('',#4363);
#4363 = CARTESIAN_POINT('',(-343.831840654,-111.2955743026,
    671.39246045628));
#4364 = SURFACE_CURVE('',#4365,(#4369,#4376),.PCURVE_S1.);
#4365 = LINE('',#4366,#4367);
#4366 = CARTESIAN_POINT('',(-251.7273586493,1.440311671154,
    748.76022534025));
#4367 = VECTOR('',#4368,1.);
#4368 = DIRECTION('',(-0.558687465952,-0.683833458326,-0.4692974714));
#4369 = PCURVE('',#4234,#4370);
#4370 = DEFINITIONAL_REPRESENTATION('',(#4371),#4375);
#4371 = LINE('',#4372,#4373);
#4372 = CARTESIAN_POINT('',(1.570796326795,0.));
#4373 = VECTOR('',#4374,1.);
#4374 = DIRECTION('',(0.,1.));
#4375 = ( GEOMETRIC_REPRESENTATION_CONTEXT(2)
PARAMETRIC_REPRESENTATION_CONTEXT() REPRESENTATION_CONTEXT('2D SPACE',''
  ) );
#4376 = PCURVE('',#4377,#4382);
#4377 = PLANE('',#4378);
#4378 = AXIS2_PLACEMENT_3D('',#4379,#4380,#4381);
#4379 = CARTESIAN_POINT('',(-243.3017982293,-5.443316122992,
    748.76022534025));
#4380 = DIRECTION('',(0.29691811745,0.363427775758,-0.883040136878));
#4381 = DIRECTION('',(-0.558687465952,-0.683833458326,-0.4692974714));
#4382 = DEFINITIONAL_REPRESENTATION('',(#4383),#4387);
#4383 = LINE('',#4384,#4385);
#4384 = CARTESIAN_POINT('',(0.,10.88));
#4385 = VECTOR('',#4386,1.);
#4386 = DIRECTION('',(1.,-9.799668100885E-17));
#4387 = ( GEOMETRIC_REPRESENTATION_CONTEXT(2)
PARAMETRIC_REPRESENTATION_CONTEXT() REPRESENTATION_CONTEXT('2D SPACE',''
  ) );
#4388 = ORIENTED_EDGE('',*,*,#4389,.F.);
#4389 = EDGE_CURVE('',#4214,#4362,#4390,.T.);
#4390 = SURFACE_CURVE('',#4391,(#4396,#4403),.PCURVE_S1.);
#4391 = CIRCLE('',#4392,10.88);
#4392 = AXIS2_PLACEMENT_3D('',#4393,#4394,#4395);
#4393 = CARTESIAN_POINT('',(-340.6013715362,-107.3414801023,
    661.78498376705));
#4394 = DIRECTION('',(-0.558687465952,-0.683833458326,-0.4692974714));
#4395 = DIRECTION('',(0.774408126841,-0.632686378138,3.858025010572E-15)
  );
#4396 = PCURVE('',#4234,#4397);
#4397 = DEFINITIONAL_REPRESENTATION('',(#4398),#4402);
#4398 = LINE('',#4399,#4400);
#4399 = CARTESIAN_POINT('',(0.,164.85868686483));
#4400 = VECTOR('',#4401,1.);
#4401 = DIRECTION('',(1.,0.));
#4402 = ( GEOMETRIC_REPRESENTATION_CONTEXT(2)
PARAMETRIC_REPRESENTATION_CONTEXT() REPRESENTATION_CONTEXT('2D SPACE',''
  ) );
#4403 = PCURVE('',#4404,#4409);
#4404 = SPHERICAL_SURFACE('',#4405,10.88);
#4405 = AXIS2_PLACEMENT_3D('',#4406,#4407,#4408);
#4406 = CARTESIAN_POINT('',(-340.6013715362,-107.3414801023,
    661.78498376705));
#4407 = DIRECTION('',(0.558687465952,0.683833458326,0.4692974714));
#4408 = DIRECTION('',(0.774408126841,-0.632686378138,3.830269434957E-15)
  );
#4409 = DEFINITIONAL_REPRESENTATION('',(#4410),#4414);
#4410 = LINE('',#4411,#4412);
#4411 = CARTESIAN_POINT('',(-0.,0.));
#4412 = VECTOR('',#4413,1.);
#4413 = DIRECTION('',(-1.,0.));
#4414 = ( GEOMETRIC_REPRESENTATION_CONTEXT(2)
PARAMETRIC_REPRESENTATION_CONTEXT() REPRESENTATION_CONTEXT('2D SPACE',''
  ) );
#4415 = ADVANCED_FACE('',(#4416),#4262,.T.);
#4416 = FACE_BOUND('',#4417,.F.);
#4417 = EDGE_LOOP('',(#4418,#4440,#4468,#4493));
#4418 = ORIENTED_EDGE('',*,*,#4419,.F.);
#4419 = EDGE_CURVE('',#4420,#4212,#4422,.T.);
#4420 = VERTEX_POINT('',#4421);
#4421 = CARTESIAN_POINT('',(-248.4968895315,5.394405871404,
    739.15274865102));
#4422 = SURFACE_CURVE('',#4423,(#4428,#4434),.PCURVE_S1.);
#4423 = CIRCLE('',#4424,10.88);
#4424 = AXIS2_PLACEMENT_3D('',#4425,#4426,#4427);
#4425 = CARTESIAN_POINT('',(-254.575409161,-2.045702155179,
    734.04679216219));
#4426 = DIRECTION('',(0.29691811745,0.363427775758,-0.883040136878));
#4427 = DIRECTION('',(0.774408126841,-0.632686378138,2.137179322403E-15)
  );
#4428 = PCURVE('',#4262,#4429);
#4429 = DEFINITIONAL_REPRESENTATION('',(#4430),#4433);
#4430 = B_SPLINE_CURVE_WITH_KNOTS('',1,(#4431,#4432),.UNSPECIFIED.,.F.,
  .F.,(2,2),(4.712388980385,6.28318530718),.PIECEWISE_BEZIER_KNOTS.);
#4431 = CARTESIAN_POINT('',(-1.570796326795,10.88));
#4432 = CARTESIAN_POINT('',(0.,10.88));
#4433 = ( GEOMETRIC_REPRESENTATION_CONTEXT(2)
PARAMETRIC_REPRESENTATION_CONTEXT() REPRESENTATION_CONTEXT('2D SPACE',''
  ) );
#4434 = PCURVE('',#4349,#4435);
#4435 = DEFINITIONAL_REPRESENTATION('',(#4436),#4439);
#4436 = B_SPLINE_CURVE_WITH_KNOTS('',1,(#4437,#4438),.UNSPECIFIED.,.F.,
  .F.,(2,2),(4.712388980385,6.28318530718),.PIECEWISE_BEZIER_KNOTS.);
#4437 = CARTESIAN_POINT('',(0.,-1.570796326795));
#4438 = CARTESIAN_POINT('',(0.,0.));
#4439 = ( GEOMETRIC_REPRESENTATION_CONTEXT(2)
PARAMETRIC_REPRESENTATION_CONTEXT() REPRESENTATION_CONTEXT('2D SPACE',''
  ) );
#4440 = ORIENTED_EDGE('',*,*,#4441,.T.);
#4441 = EDGE_CURVE('',#4420,#4442,#4444,.T.);
#4442 = VERTEX_POINT('',#4443);
#4443 = CARTESIAN_POINT('',(-234.7673957806,22.199306222464,
    698.32097272178));
#4444 = SURFACE_CURVE('',#4445,(#4449,#4456),.PCURVE_S1.);
#4445 = LINE('',#4446,#4447);
#4446 = CARTESIAN_POINT('',(-251.7273586493,1.440311671154,
    748.76022534025));
#4447 = VECTOR('',#4448,1.);
#4448 = DIRECTION('',(0.29691811745,0.363427775758,-0.883040136878));
#4449 = PCURVE('',#4262,#4450);
#4450 = DEFINITIONAL_REPRESENTATION('',(#4451),#4455);
#4451 = LINE('',#4452,#4453);
#4452 = CARTESIAN_POINT('',(-1.570796326795,0.));
#4453 = VECTOR('',#4454,1.);
#4454 = DIRECTION('',(-0.,1.));
#4455 = ( GEOMETRIC_REPRESENTATION_CONTEXT(2)
PARAMETRIC_REPRESENTATION_CONTEXT() REPRESENTATION_CONTEXT('2D SPACE',''
  ) );
#4456 = PCURVE('',#4457,#4462);
#4457 = PLANE('',#4458);
#4458 = AXIS2_PLACEMENT_3D('',#4459,#4460,#4461);
#4459 = CARTESIAN_POINT('',(-243.3017982293,-5.443316122992,
    748.76022534025));
#4460 = DIRECTION('',(-0.558687465952,-0.683833458326,-0.4692974714));
#4461 = DIRECTION('',(-0.774408126841,0.632686378138,-2.775557561563E-17
    ));
#4462 = DEFINITIONAL_REPRESENTATION('',(#4463),#4467);
#4463 = LINE('',#4464,#4465);
#4464 = CARTESIAN_POINT('',(10.88,0.));
#4465 = VECTOR('',#4466,1.);
#4466 = DIRECTION('',(5.226486290638E-17,1.));
#4467 = ( GEOMETRIC_REPRESENTATION_CONTEXT(2)
PARAMETRIC_REPRESENTATION_CONTEXT() REPRESENTATION_CONTEXT('2D SPACE',''
  ) );
#4468 = ORIENTED_EDGE('',*,*,#4469,.T.);
#4469 = EDGE_CURVE('',#4442,#4247,#4470,.T.);
#4470 = SURFACE_CURVE('',#4471,(#4476,#4482),.PCURVE_S1.);
#4471 = CIRCLE('',#4472,10.88);
#4472 = AXIS2_PLACEMENT_3D('',#4473,#4474,#4475);
#4473 = CARTESIAN_POINT('',(-240.8459154102,14.759198195882,
    693.21501623295));
#4474 = DIRECTION('',(0.29691811745,0.363427775758,-0.883040136878));
#4475 = DIRECTION('',(0.774408126841,-0.632686378138,-1.665334536938E-16
    ));
#4476 = PCURVE('',#4262,#4477);
#4477 = DEFINITIONAL_REPRESENTATION('',(#4478),#4481);
#4478 = B_SPLINE_CURVE_WITH_KNOTS('',1,(#4479,#4480),.UNSPECIFIED.,.F.,
  .F.,(2,2),(4.712388980385,6.28318530718),.PIECEWISE_BEZIER_KNOTS.);
#4479 = CARTESIAN_POINT('',(-1.570796326795,57.12));
#4480 = CARTESIAN_POINT('',(0.,57.12));
#4481 = ( GEOMETRIC_REPRESENTATION_CONTEXT(2)
PARAMETRIC_REPRESENTATION_CONTEXT() REPRESENTATION_CONTEXT('2D SPACE',''
  ) );
#4482 = PCURVE('',#4483,#4488);
#4483 = SPHERICAL_SURFACE('',#4484,10.88);
#4484 = AXIS2_PLACEMENT_3D('',#4485,#4486,#4487);
#4485 = CARTESIAN_POINT('',(-240.8459154102,14.759198195882,
    693.21501623295));
#4486 = DIRECTION('',(-0.558687465952,-0.683833458326,-0.4692974714));
#4487 = DIRECTION('',(0.774408126841,-0.632686378138,-1.665334536938E-16
    ));
#4488 = DEFINITIONAL_REPRESENTATION('',(#4489),#4492);
#4489 = B_SPLINE_CURVE_WITH_KNOTS('',1,(#4490,#4491),.UNSPECIFIED.,.F.,
  .F.,(2,2),(4.712388980385,6.28318530718),.PIECEWISE_BEZIER_KNOTS.);
#4490 = CARTESIAN_POINT('',(0.,-1.570796326795));
#4491 = CARTESIAN_POINT('',(0.,0.));
#4492 = ( GEOMETRIC_REPRESENTATION_CONTEXT(2)
PARAMETRIC_REPRESENTATION_CONTEXT() REPRESENTATION_CONTEXT('2D SPACE',''
  ) );
#4493 = ORIENTED_EDGE('',*,*,#4246,.F.);
#4494 = ADVANCED_FACE('',(#4495),#4316,.T.);
#4495 = FACE_BOUND('',#4496,.T.);
#4496 = EDGE_LOOP('',(#4497,#4519,#4547,#4574));
#4497 = ORIENTED_EDGE('',*,*,#4498,.F.);
#4498 = EDGE_CURVE('',#4499,#4214,#4501,.T.);
#4499 = VERTEX_POINT('',#4500);
#4500 = CARTESIAN_POINT('',(-346.6798911657,-114.7815881289,
    656.67902727821));
#4501 = SURFACE_CURVE('',#4502,(#4507,#4513),.PCURVE_S1.);
#4502 = CIRCLE('',#4503,10.88);
#4503 = AXIS2_PLACEMENT_3D('',#4504,#4505,#4506);
#4504 = CARTESIAN_POINT('',(-340.6013715362,-107.3414801023,
    661.78498376705));
#4505 = DIRECTION('',(-0.29691811745,-0.363427775758,0.883040136878));
#4506 = DIRECTION('',(0.774408126841,-0.632686378138,3.830269434957E-15)
  );
#4507 = PCURVE('',#4316,#4508);
#4508 = DEFINITIONAL_REPRESENTATION('',(#4509),#4512);
#4509 = B_SPLINE_CURVE_WITH_KNOTS('',1,(#4510,#4511),.UNSPECIFIED.,.F.,
  .F.,(2,2),(4.712388980385,6.28318530718),.PIECEWISE_BEZIER_KNOTS.);
#4510 = CARTESIAN_POINT('',(1.570796326795,10.88));
#4511 = CARTESIAN_POINT('',(0.,10.88));
#4512 = ( GEOMETRIC_REPRESENTATION_CONTEXT(2)
PARAMETRIC_REPRESENTATION_CONTEXT() REPRESENTATION_CONTEXT('2D SPACE',''
  ) );
#4513 = PCURVE('',#4404,#4514);
#4514 = DEFINITIONAL_REPRESENTATION('',(#4515),#4518);
#4515 = B_SPLINE_CURVE_WITH_KNOTS('',1,(#4516,#4517),.UNSPECIFIED.,.F.,
  .F.,(2,2),(4.712388980385,6.28318530718),.PIECEWISE_BEZIER_KNOTS.);
#4516 = CARTESIAN_POINT('',(0.,-1.570796326795));
#4517 = CARTESIAN_POINT('',(0.,0.));
#4518 = ( GEOMETRIC_REPRESENTATION_CONTEXT(2)
PARAMETRIC_REPRESENTATION_CONTEXT() REPRESENTATION_CONTEXT('2D SPACE',''
  ) );
#4519 = ORIENTED_EDGE('',*,*,#4520,.T.);
#4520 = EDGE_CURVE('',#4499,#4521,#4523,.T.);
#4521 = VERTEX_POINT('',#4522);
#4522 = CARTESIAN_POINT('',(-332.9503974149,-97.9766877779,
    615.84725134897));
#4523 = SURFACE_CURVE('',#4524,(#4528,#4535),.PCURVE_S1.);
#4524 = LINE('',#4525,#4526);
#4525 = CARTESIAN_POINT('',(-349.9103602836,-118.7356823292,
    666.28650396745));
#4526 = VECTOR('',#4527,1.);
#4527 = DIRECTION('',(0.29691811745,0.363427775758,-0.883040136878));
#4528 = PCURVE('',#4316,#4529);
#4529 = DEFINITIONAL_REPRESENTATION('',(#4530),#4534);
#4530 = LINE('',#4531,#4532);
#4531 = CARTESIAN_POINT('',(1.570796326795,0.));
#4532 = VECTOR('',#4533,1.);
#4533 = DIRECTION('',(0.,1.));
#4534 = ( GEOMETRIC_REPRESENTATION_CONTEXT(2)
PARAMETRIC_REPRESENTATION_CONTEXT() REPRESENTATION_CONTEXT('2D SPACE',''
  ) );
#4535 = PCURVE('',#4536,#4541);
#4536 = PLANE('',#4537);
#4537 = AXIS2_PLACEMENT_3D('',#4538,#4539,#4540);
#4538 = CARTESIAN_POINT('',(-341.4847998636,-125.6193101233,
    666.28650396745));
#4539 = DIRECTION('',(-0.558687465952,-0.683833458326,-0.4692974714));
#4540 = DIRECTION('',(-0.774408126841,0.632686378138,-2.775557561563E-17
    ));
#4541 = DEFINITIONAL_REPRESENTATION('',(#4542),#4546);
#4542 = LINE('',#4543,#4544);
#4543 = CARTESIAN_POINT('',(10.88,0.));
#4544 = VECTOR('',#4545,1.);
#4545 = DIRECTION('',(5.226486290638E-17,1.));
#4546 = ( GEOMETRIC_REPRESENTATION_CONTEXT(2)
PARAMETRIC_REPRESENTATION_CONTEXT() REPRESENTATION_CONTEXT('2D SPACE',''
  ) );
#4547 = ORIENTED_EDGE('',*,*,#4548,.F.);
#4548 = EDGE_CURVE('',#4275,#4521,#4549,.T.);
#4549 = SURFACE_CURVE('',#4550,(#4555,#4562),.PCURVE_S1.);
#4550 = CIRCLE('',#4551,10.88);
#4551 = AXIS2_PLACEMENT_3D('',#4552,#4553,#4554);
#4552 = CARTESIAN_POINT('',(-326.8718777853,-90.53657975132,
    620.9532078378));
#4553 = DIRECTION('',(0.29691811745,0.363427775758,-0.883040136878));
#4554 = DIRECTION('',(0.774408126841,-0.632686378138,2.386979502944E-15)
  );
#4555 = PCURVE('',#4316,#4556);
#4556 = DEFINITIONAL_REPRESENTATION('',(#4557),#4561);
#4557 = LINE('',#4558,#4559);
#4558 = CARTESIAN_POINT('',(5.224578939412E-15,57.12));
#4559 = VECTOR('',#4560,1.);
#4560 = DIRECTION('',(1.,0.));
#4561 = ( GEOMETRIC_REPRESENTATION_CONTEXT(2)
PARAMETRIC_REPRESENTATION_CONTEXT() REPRESENTATION_CONTEXT('2D SPACE',''
  ) );
#4562 = PCURVE('',#4563,#4568);
#4563 = SPHERICAL_SURFACE('',#4564,10.88);
#4564 = AXIS2_PLACEMENT_3D('',#4565,#4566,#4567);
#4565 = CARTESIAN_POINT('',(-326.8718777853,-90.53657975132,
    620.9532078378));
#4566 = DIRECTION('',(-0.29691811745,-0.363427775758,0.883040136878));
#4567 = DIRECTION('',(0.774408126841,-0.632686378138,2.386979502944E-15)
  );
#4568 = DEFINITIONAL_REPRESENTATION('',(#4569),#4573);
#4569 = LINE('',#4570,#4571);
#4570 = CARTESIAN_POINT('',(-0.,0.));
#4571 = VECTOR('',#4572,1.);
#4572 = DIRECTION('',(-1.,0.));
#4573 = ( GEOMETRIC_REPRESENTATION_CONTEXT(2)
PARAMETRIC_REPRESENTATION_CONTEXT() REPRESENTATION_CONTEXT('2D SPACE',''
  ) );
#4574 = ORIENTED_EDGE('',*,*,#4302,.F.);
#4575 = ADVANCED_FACE('',(#4576),#4290,.T.);
#4576 = FACE_BOUND('',#4577,.F.);
#4577 = EDGE_LOOP('',(#4578,#4579,#4603,#4631));
#4578 = ORIENTED_EDGE('',*,*,#4274,.F.);
#4579 = ORIENTED_EDGE('',*,*,#4580,.T.);
#4580 = EDGE_CURVE('',#4247,#4581,#4583,.T.);
#4581 = VERTEX_POINT('',#4582);
#4582 = CARTESIAN_POINT('',(-237.6154462923,18.713292396131,
    683.60753954371));
#4583 = SURFACE_CURVE('',#4584,(#4589,#4596),.PCURVE_S1.);
#4584 = CIRCLE('',#4585,10.88);
#4585 = AXIS2_PLACEMENT_3D('',#4586,#4587,#4588);
#4586 = CARTESIAN_POINT('',(-240.8459154102,14.759198195882,
    693.21501623295));
#4587 = DIRECTION('',(0.558687465952,0.683833458326,0.4692974714));
#4588 = DIRECTION('',(0.774408126841,-0.632686378138,-1.665334536938E-16
    ));
#4589 = PCURVE('',#4290,#4590);
#4590 = DEFINITIONAL_REPRESENTATION('',(#4591),#4595);
#4591 = LINE('',#4592,#4593);
#4592 = CARTESIAN_POINT('',(-0.,10.88));
#4593 = VECTOR('',#4594,1.);
#4594 = DIRECTION('',(-1.,0.));
#4595 = ( GEOMETRIC_REPRESENTATION_CONTEXT(2)
PARAMETRIC_REPRESENTATION_CONTEXT() REPRESENTATION_CONTEXT('2D SPACE',''
  ) );
#4596 = PCURVE('',#4483,#4597);
#4597 = DEFINITIONAL_REPRESENTATION('',(#4598),#4602);
#4598 = LINE('',#4599,#4600);
#4599 = CARTESIAN_POINT('',(-0.,0.));
#4600 = VECTOR('',#4601,1.);
#4601 = DIRECTION('',(-1.,0.));
#4602 = ( GEOMETRIC_REPRESENTATION_CONTEXT(2)
PARAMETRIC_REPRESENTATION_CONTEXT() REPRESENTATION_CONTEXT('2D SPACE',''
  ) );
#4603 = ORIENTED_EDGE('',*,*,#4604,.T.);
#4604 = EDGE_CURVE('',#4581,#4605,#4607,.T.);
#4605 = VERTEX_POINT('',#4606);
#4606 = CARTESIAN_POINT('',(-323.6414086675,-86.58248555107,
    611.34573114857));
#4607 = SURFACE_CURVE('',#4608,(#4612,#4619),.PCURVE_S1.);
#4608 = LINE('',#4609,#4610);
#4609 = CARTESIAN_POINT('',(-231.5369266627,26.153400422713,
    688.71349603254));
#4610 = VECTOR('',#4611,1.);
#4611 = DIRECTION('',(-0.558687465952,-0.683833458326,-0.4692974714));
#4612 = PCURVE('',#4290,#4613);
#4613 = DEFINITIONAL_REPRESENTATION('',(#4614),#4618);
#4614 = LINE('',#4615,#4616);
#4615 = CARTESIAN_POINT('',(-1.570796326795,0.));
#4616 = VECTOR('',#4617,1.);
#4617 = DIRECTION('',(-0.,1.));
#4618 = ( GEOMETRIC_REPRESENTATION_CONTEXT(2)
PARAMETRIC_REPRESENTATION_CONTEXT() REPRESENTATION_CONTEXT('2D SPACE',''
  ) );
#4619 = PCURVE('',#4620,#4625);
#4620 = PLANE('',#4621);
#4621 = AXIS2_PLACEMENT_3D('',#4622,#4623,#4624);
#4622 = CARTESIAN_POINT('',(-223.1113662427,19.269772628567,
    688.71349603254));
#4623 = DIRECTION('',(0.29691811745,0.363427775758,-0.883040136878));
#4624 = DIRECTION('',(-0.558687465952,-0.683833458326,-0.4692974714));
#4625 = DEFINITIONAL_REPRESENTATION('',(#4626),#4630);
#4626 = LINE('',#4627,#4628);
#4627 = CARTESIAN_POINT('',(2.84217094304E-14,10.88));
#4628 = VECTOR('',#4629,1.);
#4629 = DIRECTION('',(1.,-9.799668100885E-17));
#4630 = ( GEOMETRIC_REPRESENTATION_CONTEXT(2)
PARAMETRIC_REPRESENTATION_CONTEXT() REPRESENTATION_CONTEXT('2D SPACE',''
  ) );
#4631 = ORIENTED_EDGE('',*,*,#4632,.T.);
#4632 = EDGE_CURVE('',#4605,#4275,#4633,.T.);
#4633 = SURFACE_CURVE('',#4634,(#4639,#4645),.PCURVE_S1.);
#4634 = CIRCLE('',#4635,10.88);
#4635 = AXIS2_PLACEMENT_3D('',#4636,#4637,#4638);
#4636 = CARTESIAN_POINT('',(-326.8718777853,-90.53657975132,
    620.9532078378));
#4637 = DIRECTION('',(-0.558687465952,-0.683833458326,-0.4692974714));
#4638 = DIRECTION('',(0.774408126841,-0.632686378138,2.386979502944E-15)
  );
#4639 = PCURVE('',#4290,#4640);
#4640 = DEFINITIONAL_REPRESENTATION('',(#4641),#4644);
#4641 = B_SPLINE_CURVE_WITH_KNOTS('',1,(#4642,#4643),.UNSPECIFIED.,.F.,
  .F.,(2,2),(4.712388980385,6.28318530718),.PIECEWISE_BEZIER_KNOTS.);
#4642 = CARTESIAN_POINT('',(-1.570796326795,164.85868686483));
#4643 = CARTESIAN_POINT('',(0.,164.85868686483));
#4644 = ( GEOMETRIC_REPRESENTATION_CONTEXT(2)
PARAMETRIC_REPRESENTATION_CONTEXT() REPRESENTATION_CONTEXT('2D SPACE',''
  ) );
#4645 = PCURVE('',#4563,#4646);
#4646 = DEFINITIONAL_REPRESENTATION('',(#4647),#4650);
#4647 = B_SPLINE_CURVE_WITH_KNOTS('',1,(#4648,#4649),.UNSPECIFIED.,.F.,
  .F.,(2,2),(4.712388980385,6.28318530718),.PIECEWISE_BEZIER_KNOTS.);
#4648 = CARTESIAN_POINT('',(0.,-1.570796326795));
#4649 = CARTESIAN_POINT('',(0.,0.));
#4650 = ( GEOMETRIC_REPRESENTATION_CONTEXT(2)
PARAMETRIC_REPRESENTATION_CONTEXT() REPRESENTATION_CONTEXT('2D SPACE',''
  ) );
#4651 = ADVANCED_FACE('',(#4652),#4349,.T.);
#4652 = FACE_BOUND('',#4653,.T.);
#4653 = EDGE_LOOP('',(#4654,#4655,#4680));
#4654 = ORIENTED_EDGE('',*,*,#4419,.F.);
#4655 = ORIENTED_EDGE('',*,*,#4656,.T.);
#4656 = EDGE_CURVE('',#4420,#4333,#4657,.T.);
#4657 = SURFACE_CURVE('',#4658,(#4663,#4669),.PCURVE_S1.);
#4658 = CIRCLE('',#4659,10.88);
#4659 = AXIS2_PLACEMENT_3D('',#4660,#4661,#4662);
#4660 = CARTESIAN_POINT('',(-254.575409161,-2.045702155179,
    734.04679216219));
#4661 = DIRECTION('',(0.774408126841,-0.632686378138,-1.038058528025E-14
    ));
#4662 = DIRECTION('',(-0.29691811745,-0.363427775758,0.883040136878));
#4663 = PCURVE('',#4349,#4664);
#4664 = DEFINITIONAL_REPRESENTATION('',(#4665),#4668);
#4665 = B_SPLINE_CURVE_WITH_KNOTS('',1,(#4666,#4667),.UNSPECIFIED.,.F.,
  .F.,(2,2),(4.712388980385,6.28318530718),.PIECEWISE_BEZIER_KNOTS.);
#4666 = CARTESIAN_POINT('',(1.570796326795,-1.570796326795));
#4667 = CARTESIAN_POINT('',(1.570796326795,0.));
#4668 = ( GEOMETRIC_REPRESENTATION_CONTEXT(2)
PARAMETRIC_REPRESENTATION_CONTEXT() REPRESENTATION_CONTEXT('2D SPACE',''
  ) );
#4669 = PCURVE('',#4670,#4675);
#4670 = CYLINDRICAL_SURFACE('',#4671,10.88);
#4671 = AXIS2_PLACEMENT_3D('',#4672,#4673,#4674);
#4672 = CARTESIAN_POINT('',(-246.149848741,-8.929329949325,
    734.04679216219));
#4673 = DIRECTION('',(-0.774408126841,0.632686378138,-2.775557561563E-17
    ));
#4674 = DIRECTION('',(-0.29691811745,-0.363427775758,0.883040136878));
#4675 = DEFINITIONAL_REPRESENTATION('',(#4676),#4679);
#4676 = B_SPLINE_CURVE_WITH_KNOTS('',1,(#4677,#4678),.UNSPECIFIED.,.F.,
  .F.,(2,2),(4.712388980385,6.28318530718),.PIECEWISE_BEZIER_KNOTS.);
#4677 = CARTESIAN_POINT('',(1.570796326795,10.88));
#4678 = CARTESIAN_POINT('',(0.,10.88));
#4679 = ( GEOMETRIC_REPRESENTATION_CONTEXT(2)
PARAMETRIC_REPRESENTATION_CONTEXT() REPRESENTATION_CONTEXT('2D SPACE',''
  ) );
#4680 = ORIENTED_EDGE('',*,*,#4332,.F.);
#4681 = ADVANCED_FACE('',(#4682),#4404,.T.);
#4682 = FACE_BOUND('',#4683,.F.);
#4683 = EDGE_LOOP('',(#4684,#4685,#4710));
#4684 = ORIENTED_EDGE('',*,*,#4498,.F.);
#4685 = ORIENTED_EDGE('',*,*,#4686,.T.);
#4686 = EDGE_CURVE('',#4499,#4362,#4687,.T.);
#4687 = SURFACE_CURVE('',#4688,(#4693,#4699),.PCURVE_S1.);
#4688 = CIRCLE('',#4689,10.88);
#4689 = AXIS2_PLACEMENT_3D('',#4690,#4691,#4692);
#4690 = CARTESIAN_POINT('',(-340.6013715362,-107.3414801023,
    661.78498376705));
#4691 = DIRECTION('',(-0.774408126841,0.632686378138,-1.554312234475E-15
    ));
#4692 = DIRECTION('',(-0.29691811745,-0.363427775758,0.883040136878));
#4693 = PCURVE('',#4404,#4694);
#4694 = DEFINITIONAL_REPRESENTATION('',(#4695),#4698);
#4695 = B_SPLINE_CURVE_WITH_KNOTS('',1,(#4696,#4697),.UNSPECIFIED.,.F.,
  .F.,(2,2),(4.712388980385,6.28318530718),.PIECEWISE_BEZIER_KNOTS.);
#4696 = CARTESIAN_POINT('',(-1.570796326795,-1.570796326795));
#4697 = CARTESIAN_POINT('',(-1.570796326795,0.));
#4698 = ( GEOMETRIC_REPRESENTATION_CONTEXT(2)
PARAMETRIC_REPRESENTATION_CONTEXT() REPRESENTATION_CONTEXT('2D SPACE',''
  ) );
#4699 = PCURVE('',#4700,#4705);
#4700 = CYLINDRICAL_SURFACE('',#4701,10.88);
#4701 = AXIS2_PLACEMENT_3D('',#4702,#4703,#4704);
#4702 = CARTESIAN_POINT('',(-332.1758111162,-114.2251078965,
    661.78498376705));
#4703 = DIRECTION('',(-0.774408126841,0.632686378138,-2.775557561563E-17
    ));
#4704 = DIRECTION('',(-0.29691811745,-0.363427775758,0.883040136878));
#4705 = DEFINITIONAL_REPRESENTATION('',(#4706),#4709);
#4706 = B_SPLINE_CURVE_WITH_KNOTS('',1,(#4707,#4708),.UNSPECIFIED.,.F.,
  .F.,(2,2),(4.712388980385,6.28318530718),.PIECEWISE_BEZIER_KNOTS.);
#4707 = CARTESIAN_POINT('',(-1.570796326795,10.88));
#4708 = CARTESIAN_POINT('',(0.,10.88));
#4709 = ( GEOMETRIC_REPRESENTATION_CONTEXT(2)
PARAMETRIC_REPRESENTATION_CONTEXT() REPRESENTATION_CONTEXT('2D SPACE',''
  ) );
#4710 = ORIENTED_EDGE('',*,*,#4389,.F.);
#4711 = ADVANCED_FACE('',(#4712),#4377,.F.);
#4712 = FACE_BOUND('',#4713,.F.);
#4713 = EDGE_LOOP('',(#4714,#4715,#4738,#4766));
#4714 = ORIENTED_EDGE('',*,*,#4361,.T.);
#4715 = ORIENTED_EDGE('',*,*,#4716,.T.);
#4716 = EDGE_CURVE('',#4362,#4717,#4719,.T.);
#4717 = VERTEX_POINT('',#4718);
#4718 = CARTESIAN_POINT('',(-387.3845537076,-75.71329239613,
    671.39246045628));
#4719 = SURFACE_CURVE('',#4720,(#4724,#4731),.PCURVE_S1.);
#4720 = LINE('',#4721,#4722);
#4721 = CARTESIAN_POINT('',(-335.406280234,-118.1792020967,
    671.39246045628));
#4722 = VECTOR('',#4723,1.);
#4723 = DIRECTION('',(-0.774408126841,0.632686378138,-2.775557561563E-17
    ));
#4724 = PCURVE('',#4377,#4725);
#4725 = DEFINITIONAL_REPRESENTATION('',(#4726),#4730);
#4726 = LINE('',#4727,#4728);
#4727 = CARTESIAN_POINT('',(164.85868686483,-2.84217094304E-14));
#4728 = VECTOR('',#4729,1.);
#4729 = DIRECTION('',(-9.799668100885E-17,1.));
#4730 = ( GEOMETRIC_REPRESENTATION_CONTEXT(2)
PARAMETRIC_REPRESENTATION_CONTEXT() REPRESENTATION_CONTEXT('2D SPACE',''
  ) );
#4731 = PCURVE('',#4700,#4732);
#4732 = DEFINITIONAL_REPRESENTATION('',(#4733),#4737);
#4733 = LINE('',#4734,#4735);
#4734 = CARTESIAN_POINT('',(-0.,0.));
#4735 = VECTOR('',#4736,1.);
#4736 = DIRECTION('',(-0.,1.));
#4737 = ( GEOMETRIC_REPRESENTATION_CONTEXT(2)
PARAMETRIC_REPRESENTATION_CONTEXT() REPRESENTATION_CONTEXT('2D SPACE',''
  ) );
#4738 = ORIENTED_EDGE('',*,*,#4739,.F.);
#4739 = EDGE_CURVE('',#4740,#4717,#4742,.T.);
#4740 = VERTEX_POINT('',#4741);
#4741 = CARTESIAN_POINT('',(-301.3585913324,29.582485551077,
    743.65426885142));
#4742 = SURFACE_CURVE('',#4743,(#4747,#4754),.PCURVE_S1.);
#4743 = LINE('',#4744,#4745);
#4744 = CARTESIAN_POINT('',(-295.2800717029,37.02259357766,
    748.76022534025));
#4745 = VECTOR('',#4746,1.);
#4746 = DIRECTION('',(-0.558687465952,-0.683833458326,-0.4692974714));
#4747 = PCURVE('',#4377,#4748);
#4748 = DEFINITIONAL_REPRESENTATION('',(#4749),#4753);
#4749 = LINE('',#4750,#4751);
#4750 = CARTESIAN_POINT('',(0.,67.12));
#4751 = VECTOR('',#4752,1.);
#4752 = DIRECTION('',(1.,-9.799668100885E-17));
#4753 = ( GEOMETRIC_REPRESENTATION_CONTEXT(2)
PARAMETRIC_REPRESENTATION_CONTEXT() REPRESENTATION_CONTEXT('2D SPACE',''
  ) );
#4754 = PCURVE('',#4755,#4760);
#4755 = CYLINDRICAL_SURFACE('',#4756,10.88);
#4756 = AXIS2_PLACEMENT_3D('',#4757,#4758,#4759);
#4757 = CARTESIAN_POINT('',(-292.049602585,40.976687777909,
    739.15274865102));
#4758 = DIRECTION('',(-0.558687465952,-0.683833458326,-0.4692974714));
#4759 = DIRECTION('',(-0.774408126841,0.632686378138,-2.775557561563E-17
    ));
#4760 = DEFINITIONAL_REPRESENTATION('',(#4761),#4765);
#4761 = LINE('',#4762,#4763);
#4762 = CARTESIAN_POINT('',(-1.570796326795,0.));
#4763 = VECTOR('',#4764,1.);
#4764 = DIRECTION('',(-0.,1.));
#4765 = ( GEOMETRIC_REPRESENTATION_CONTEXT(2)
PARAMETRIC_REPRESENTATION_CONTEXT() REPRESENTATION_CONTEXT('2D SPACE',''
  ) );
#4766 = ORIENTED_EDGE('',*,*,#4767,.F.);
#4767 = EDGE_CURVE('',#4333,#4740,#4768,.T.);
#4768 = SURFACE_CURVE('',#4769,(#4773,#4780),.PCURVE_S1.);
#4769 = LINE('',#4770,#4771);
#4770 = CARTESIAN_POINT('',(-249.3803178588,-12.88342414957,
    743.65426885142));
#4771 = VECTOR('',#4772,1.);
#4772 = DIRECTION('',(-0.774408126841,0.632686378138,-2.775557561563E-17
    ));
#4773 = PCURVE('',#4377,#4774);
#4774 = DEFINITIONAL_REPRESENTATION('',(#4775),#4779);
#4775 = LINE('',#4776,#4777);
#4776 = CARTESIAN_POINT('',(10.88,0.));
#4777 = VECTOR('',#4778,1.);
#4778 = DIRECTION('',(-9.799668100885E-17,1.));
#4779 = ( GEOMETRIC_REPRESENTATION_CONTEXT(2)
PARAMETRIC_REPRESENTATION_CONTEXT() REPRESENTATION_CONTEXT('2D SPACE',''
  ) );
#4780 = PCURVE('',#4670,#4781);
#4781 = DEFINITIONAL_REPRESENTATION('',(#4782),#4786);
#4782 = LINE('',#4783,#4784);
#4783 = CARTESIAN_POINT('',(0.,0.));
#4784 = VECTOR('',#4785,1.);
#4785 = DIRECTION('',(0.,1.));
#4786 = ( GEOMETRIC_REPRESENTATION_CONTEXT(2)
PARAMETRIC_REPRESENTATION_CONTEXT() REPRESENTATION_CONTEXT('2D SPACE',''
  ) );
#4787 = ADVANCED_FACE('',(#4788),#4457,.F.);
#4788 = FACE_BOUND('',#4789,.F.);
#4789 = EDGE_LOOP('',(#4790,#4791,#4814,#4842));
#4790 = ORIENTED_EDGE('',*,*,#4441,.F.);
#4791 = ORIENTED_EDGE('',*,*,#4792,.T.);
#4792 = EDGE_CURVE('',#4420,#4793,#4795,.T.);
#4793 = VERTEX_POINT('',#4794);
#4794 = CARTESIAN_POINT('',(-292.049602585,40.976687777909,
    739.15274865102));
#4795 = SURFACE_CURVE('',#4796,(#4800,#4807),.PCURVE_S1.);
#4796 = LINE('',#4797,#4798);
#4797 = CARTESIAN_POINT('',(-240.0713291114,-1.489221922743,
    739.15274865102));
#4798 = VECTOR('',#4799,1.);
#4799 = DIRECTION('',(-0.774408126841,0.632686378138,-2.775557561563E-17
    ));
#4800 = PCURVE('',#4457,#4801);
#4801 = DEFINITIONAL_REPRESENTATION('',(#4802),#4806);
#4802 = LINE('',#4803,#4804);
#4803 = CARTESIAN_POINT('',(0.,10.88));
#4804 = VECTOR('',#4805,1.);
#4805 = DIRECTION('',(1.,5.226486290638E-17));
#4806 = ( GEOMETRIC_REPRESENTATION_CONTEXT(2)
PARAMETRIC_REPRESENTATION_CONTEXT() REPRESENTATION_CONTEXT('2D SPACE',''
  ) );
#4807 = PCURVE('',#4670,#4808);
#4808 = DEFINITIONAL_REPRESENTATION('',(#4809),#4813);
#4809 = LINE('',#4810,#4811);
#4810 = CARTESIAN_POINT('',(1.570796326795,0.));
#4811 = VECTOR('',#4812,1.);
#4812 = DIRECTION('',(0.,1.));
#4813 = ( GEOMETRIC_REPRESENTATION_CONTEXT(2)
PARAMETRIC_REPRESENTATION_CONTEXT() REPRESENTATION_CONTEXT('2D SPACE',''
  ) );
#4814 = ORIENTED_EDGE('',*,*,#4815,.T.);
#4815 = EDGE_CURVE('',#4793,#4816,#4818,.T.);
#4816 = VERTEX_POINT('',#4817);
#4817 = CARTESIAN_POINT('',(-278.3201088342,57.781588128969,
    698.32097272178));
#4818 = SURFACE_CURVE('',#4819,(#4823,#4830),.PCURVE_S1.);
#4819 = LINE('',#4820,#4821);
#4820 = CARTESIAN_POINT('',(-295.2800717029,37.02259357766,
    748.76022534025));
#4821 = VECTOR('',#4822,1.);
#4822 = DIRECTION('',(0.29691811745,0.363427775758,-0.883040136878));
#4823 = PCURVE('',#4457,#4824);
#4824 = DEFINITIONAL_REPRESENTATION('',(#4825),#4829);
#4825 = LINE('',#4826,#4827);
#4826 = CARTESIAN_POINT('',(67.12,0.));
#4827 = VECTOR('',#4828,1.);
#4828 = DIRECTION('',(5.226486290638E-17,1.));
#4829 = ( GEOMETRIC_REPRESENTATION_CONTEXT(2)
PARAMETRIC_REPRESENTATION_CONTEXT() REPRESENTATION_CONTEXT('2D SPACE',''
  ) );
#4830 = PCURVE('',#4831,#4836);
#4831 = CYLINDRICAL_SURFACE('',#4832,10.88);
#4832 = AXIS2_PLACEMENT_3D('',#4833,#4834,#4835);
#4833 = CARTESIAN_POINT('',(-301.3585913324,29.582485551077,
    743.65426885142));
#4834 = DIRECTION('',(0.29691811745,0.363427775758,-0.883040136878));
#4835 = DIRECTION('',(-0.774408126841,0.632686378138,-2.775557561563E-17
    ));
#4836 = DEFINITIONAL_REPRESENTATION('',(#4837),#4841);
#4837 = LINE('',#4838,#4839);
#4838 = CARTESIAN_POINT('',(1.570796326795,0.));
#4839 = VECTOR('',#4840,1.);
#4840 = DIRECTION('',(0.,1.));
#4841 = ( GEOMETRIC_REPRESENTATION_CONTEXT(2)
PARAMETRIC_REPRESENTATION_CONTEXT() REPRESENTATION_CONTEXT('2D SPACE',''
  ) );
#4842 = ORIENTED_EDGE('',*,*,#4843,.F.);
#4843 = EDGE_CURVE('',#4442,#4816,#4844,.T.);
#4844 = SURFACE_CURVE('',#4845,(#4849,#4856),.PCURVE_S1.);
#4845 = LINE('',#4846,#4847);
#4846 = CARTESIAN_POINT('',(-226.3418353606,15.315678428318,
    698.32097272178));
#4847 = VECTOR('',#4848,1.);
#4848 = DIRECTION('',(-0.774408126841,0.632686378138,-2.775557561563E-17
    ));
#4849 = PCURVE('',#4457,#4850);
#4850 = DEFINITIONAL_REPRESENTATION('',(#4851),#4855);
#4851 = LINE('',#4852,#4853);
#4852 = CARTESIAN_POINT('',(-2.84217094304E-14,57.12));
#4853 = VECTOR('',#4854,1.);
#4854 = DIRECTION('',(1.,5.226486290638E-17));
#4855 = ( GEOMETRIC_REPRESENTATION_CONTEXT(2)
PARAMETRIC_REPRESENTATION_CONTEXT() REPRESENTATION_CONTEXT('2D SPACE',''
  ) );
#4856 = PCURVE('',#4857,#4862);
#4857 = CYLINDRICAL_SURFACE('',#4858,10.88);
#4858 = AXIS2_PLACEMENT_3D('',#4859,#4860,#4861);
#4859 = CARTESIAN_POINT('',(-232.4203549901,7.875570401735,
    693.21501623295));
#4860 = DIRECTION('',(-0.774408126841,0.632686378138,-2.775557561563E-17
    ));
#4861 = DIRECTION('',(0.29691811745,0.363427775758,-0.883040136878));
#4862 = DEFINITIONAL_REPRESENTATION('',(#4863),#4867);
#4863 = LINE('',#4864,#4865);
#4864 = CARTESIAN_POINT('',(-1.570796326795,0.));
#4865 = VECTOR('',#4866,1.);
#4866 = DIRECTION('',(-0.,1.));
#4867 = ( GEOMETRIC_REPRESENTATION_CONTEXT(2)
PARAMETRIC_REPRESENTATION_CONTEXT() REPRESENTATION_CONTEXT('2D SPACE',''
  ) );
#4868 = ADVANCED_FACE('',(#4869),#4483,.T.);
#4869 = FACE_BOUND('',#4870,.F.);
#4870 = EDGE_LOOP('',(#4871,#4872,#4892));
#4871 = ORIENTED_EDGE('',*,*,#4469,.F.);
#4872 = ORIENTED_EDGE('',*,*,#4873,.T.);
#4873 = EDGE_CURVE('',#4442,#4581,#4874,.T.);
#4874 = SURFACE_CURVE('',#4875,(#4880,#4886),.PCURVE_S1.);
#4875 = CIRCLE('',#4876,10.88);
#4876 = AXIS2_PLACEMENT_3D('',#4877,#4878,#4879);
#4877 = CARTESIAN_POINT('',(-240.8459154102,14.759198195882,
    693.21501623295));
#4878 = DIRECTION('',(-0.774408126841,0.632686378138,2.636779683485E-15)
  );
#4879 = DIRECTION('',(0.29691811745,0.363427775758,-0.883040136878));
#4880 = PCURVE('',#4483,#4881);
#4881 = DEFINITIONAL_REPRESENTATION('',(#4882),#4885);
#4882 = B_SPLINE_CURVE_WITH_KNOTS('',1,(#4883,#4884),.UNSPECIFIED.,.F.,
  .F.,(2,2),(4.712388980385,6.28318530718),.PIECEWISE_BEZIER_KNOTS.);
#4883 = CARTESIAN_POINT('',(-1.570796326795,-1.570796326795));
#4884 = CARTESIAN_POINT('',(-1.570796326795,0.));
#4885 = ( GEOMETRIC_REPRESENTATION_CONTEXT(2)
PARAMETRIC_REPRESENTATION_CONTEXT() REPRESENTATION_CONTEXT('2D SPACE',''
  ) );
#4886 = PCURVE('',#4857,#4887);
#4887 = DEFINITIONAL_REPRESENTATION('',(#4888),#4891);
#4888 = B_SPLINE_CURVE_WITH_KNOTS('',1,(#4889,#4890),.UNSPECIFIED.,.F.,
  .F.,(2,2),(4.712388980385,6.28318530718),.PIECEWISE_BEZIER_KNOTS.);
#4889 = CARTESIAN_POINT('',(-1.570796326795,10.88));
#4890 = CARTESIAN_POINT('',(0.,10.88));
#4891 = ( GEOMETRIC_REPRESENTATION_CONTEXT(2)
PARAMETRIC_REPRESENTATION_CONTEXT() REPRESENTATION_CONTEXT('2D SPACE',''
  ) );
#4892 = ORIENTED_EDGE('',*,*,#4580,.F.);
#4893 = ADVANCED_FACE('',(#4894),#4536,.T.);
#4894 = FACE_BOUND('',#4895,.T.);
#4895 = EDGE_LOOP('',(#4896,#4897,#4920,#4948));
#4896 = ORIENTED_EDGE('',*,*,#4520,.F.);
#4897 = ORIENTED_EDGE('',*,*,#4898,.T.);
#4898 = EDGE_CURVE('',#4499,#4899,#4901,.T.);
#4899 = VERTEX_POINT('',#4900);
#4900 = CARTESIAN_POINT('',(-390.2326042193,-79.19930622246,
    656.67902727821));
#4901 = SURFACE_CURVE('',#4902,(#4906,#4913),.PCURVE_S1.);
#4902 = LINE('',#4903,#4904);
#4903 = CARTESIAN_POINT('',(-338.2543307457,-121.6652159231,
    656.67902727821));
#4904 = VECTOR('',#4905,1.);
#4905 = DIRECTION('',(-0.774408126841,0.632686378138,-2.775557561563E-17
    ));
#4906 = PCURVE('',#4536,#4907);
#4907 = DEFINITIONAL_REPRESENTATION('',(#4908),#4912);
#4908 = LINE('',#4909,#4910);
#4909 = CARTESIAN_POINT('',(0.,10.88));
#4910 = VECTOR('',#4911,1.);
#4911 = DIRECTION('',(1.,5.226486290638E-17));
#4912 = ( GEOMETRIC_REPRESENTATION_CONTEXT(2)
PARAMETRIC_REPRESENTATION_CONTEXT() REPRESENTATION_CONTEXT('2D SPACE',''
  ) );
#4913 = PCURVE('',#4700,#4914);
#4914 = DEFINITIONAL_REPRESENTATION('',(#4915),#4919);
#4915 = LINE('',#4916,#4917);
#4916 = CARTESIAN_POINT('',(-1.570796326795,0.));
#4917 = VECTOR('',#4918,1.);
#4918 = DIRECTION('',(-0.,1.));
#4919 = ( GEOMETRIC_REPRESENTATION_CONTEXT(2)
PARAMETRIC_REPRESENTATION_CONTEXT() REPRESENTATION_CONTEXT('2D SPACE',''
  ) );
#4920 = ORIENTED_EDGE('',*,*,#4921,.T.);
#4921 = EDGE_CURVE('',#4899,#4922,#4924,.T.);
#4922 = VERTEX_POINT('',#4923);
#4923 = CARTESIAN_POINT('',(-376.5031104684,-62.3944058714,
    615.84725134897));
#4924 = SURFACE_CURVE('',#4925,(#4929,#4936),.PCURVE_S1.);
#4925 = LINE('',#4926,#4927);
#4926 = CARTESIAN_POINT('',(-393.4630733372,-83.15340042271,
    666.28650396745));
#4927 = VECTOR('',#4928,1.);
#4928 = DIRECTION('',(0.29691811745,0.363427775758,-0.883040136878));
#4929 = PCURVE('',#4536,#4930);
#4930 = DEFINITIONAL_REPRESENTATION('',(#4931),#4935);
#4931 = LINE('',#4932,#4933);
#4932 = CARTESIAN_POINT('',(67.12,0.));
#4933 = VECTOR('',#4934,1.);
#4934 = DIRECTION('',(5.226486290638E-17,1.));
#4935 = ( GEOMETRIC_REPRESENTATION_CONTEXT(2)
PARAMETRIC_REPRESENTATION_CONTEXT() REPRESENTATION_CONTEXT('2D SPACE',''
  ) );
#4936 = PCURVE('',#4937,#4942);
#4937 = CYLINDRICAL_SURFACE('',#4938,10.88);
#4938 = AXIS2_PLACEMENT_3D('',#4939,#4940,#4941);
#4939 = CARTESIAN_POINT('',(-387.3845537076,-75.71329239613,
    671.39246045628));
#4940 = DIRECTION('',(0.29691811745,0.363427775758,-0.883040136878));
#4941 = DIRECTION('',(-0.774408126841,0.632686378138,-2.775557561563E-17
    ));
#4942 = DEFINITIONAL_REPRESENTATION('',(#4943),#4947);
#4943 = LINE('',#4944,#4945);
#4944 = CARTESIAN_POINT('',(-1.570796326795,0.));
#4945 = VECTOR('',#4946,1.);
#4946 = DIRECTION('',(-0.,1.));
#4947 = ( GEOMETRIC_REPRESENTATION_CONTEXT(2)
PARAMETRIC_REPRESENTATION_CONTEXT() REPRESENTATION_CONTEXT('2D SPACE',''
  ) );
#4948 = ORIENTED_EDGE('',*,*,#4949,.F.);
#4949 = EDGE_CURVE('',#4521,#4922,#4950,.T.);
#4950 = SURFACE_CURVE('',#4951,(#4955,#4962),.PCURVE_S1.);
#4951 = LINE('',#4952,#4953);
#4952 = CARTESIAN_POINT('',(-324.5248369948,-104.860315572,
    615.84725134897));
#4953 = VECTOR('',#4954,1.);
#4954 = DIRECTION('',(-0.774408126841,0.632686378138,-2.775557561563E-17
    ));
#4955 = PCURVE('',#4536,#4956);
#4956 = DEFINITIONAL_REPRESENTATION('',(#4957),#4961);
#4957 = LINE('',#4958,#4959);
#4958 = CARTESIAN_POINT('',(0.,57.12));
#4959 = VECTOR('',#4960,1.);
#4960 = DIRECTION('',(1.,5.226486290638E-17));
#4961 = ( GEOMETRIC_REPRESENTATION_CONTEXT(2)
PARAMETRIC_REPRESENTATION_CONTEXT() REPRESENTATION_CONTEXT('2D SPACE',''
  ) );
#4962 = PCURVE('',#4963,#4968);
#4963 = CYLINDRICAL_SURFACE('',#4964,10.88);
#4964 = AXIS2_PLACEMENT_3D('',#4965,#4966,#4967);
#4965 = CARTESIAN_POINT('',(-318.4463173653,-97.42020754547,
    620.9532078378));
#4966 = DIRECTION('',(-0.774408126841,0.632686378138,-2.775557561563E-17
    ));
#4967 = DIRECTION('',(0.29691811745,0.363427775758,-0.883040136878));
#4968 = DEFINITIONAL_REPRESENTATION('',(#4969),#4973);
#4969 = LINE('',#4970,#4971);
#4970 = CARTESIAN_POINT('',(1.570796326795,0.));
#4971 = VECTOR('',#4972,1.);
#4972 = DIRECTION('',(0.,1.));
#4973 = ( GEOMETRIC_REPRESENTATION_CONTEXT(2)
PARAMETRIC_REPRESENTATION_CONTEXT() REPRESENTATION_CONTEXT('2D SPACE',''
  ) );
#4974 = ADVANCED_FACE('',(#4975),#4563,.T.);
#4975 = FACE_BOUND('',#4976,.F.);
#4976 = EDGE_LOOP('',(#4977,#4978,#4998));
#4977 = ORIENTED_EDGE('',*,*,#4632,.F.);
#4978 = ORIENTED_EDGE('',*,*,#4979,.T.);
#4979 = EDGE_CURVE('',#4605,#4521,#4980,.T.);
#4980 = SURFACE_CURVE('',#4981,(#4986,#4992),.PCURVE_S1.);
#4981 = CIRCLE('',#4982,10.88);
#4982 = AXIS2_PLACEMENT_3D('',#4983,#4984,#4985);
#4983 = CARTESIAN_POINT('',(-326.8718777853,-90.53657975132,
    620.9532078378));
#4984 = DIRECTION('',(-0.774408126841,0.632686378138,-2.525757381022E-15
    ));
#4985 = DIRECTION('',(-0.558687465952,-0.683833458326,-0.4692974714));
#4986 = PCURVE('',#4563,#4987);
#4987 = DEFINITIONAL_REPRESENTATION('',(#4988),#4991);
#4988 = B_SPLINE_CURVE_WITH_KNOTS('',1,(#4989,#4990),.UNSPECIFIED.,.F.,
  .F.,(2,2),(4.712388980385,6.28318530718),.PIECEWISE_BEZIER_KNOTS.);
#4989 = CARTESIAN_POINT('',(-1.570796326795,-1.570796326795));
#4990 = CARTESIAN_POINT('',(-1.570796326795,0.));
#4991 = ( GEOMETRIC_REPRESENTATION_CONTEXT(2)
PARAMETRIC_REPRESENTATION_CONTEXT() REPRESENTATION_CONTEXT('2D SPACE',''
  ) );
#4992 = PCURVE('',#4963,#4993);
#4993 = DEFINITIONAL_REPRESENTATION('',(#4994),#4997);
#4994 = B_SPLINE_CURVE_WITH_KNOTS('',1,(#4995,#4996),.UNSPECIFIED.,.F.,
  .F.,(2,2),(4.712388980385,6.28318530718),.PIECEWISE_BEZIER_KNOTS.);
#4995 = CARTESIAN_POINT('',(0.,10.88));
#4996 = CARTESIAN_POINT('',(1.570796326795,10.88));
#4997 = ( GEOMETRIC_REPRESENTATION_CONTEXT(2)
PARAMETRIC_REPRESENTATION_CONTEXT() REPRESENTATION_CONTEXT('2D SPACE',''
  ) );
#4998 = ORIENTED_EDGE('',*,*,#4548,.F.);
#4999 = ADVANCED_FACE('',(#5000),#4620,.T.);
#5000 = FACE_BOUND('',#5001,.T.);
#5001 = EDGE_LOOP('',(#5002,#5003,#5026,#5054));
#5002 = ORIENTED_EDGE('',*,*,#4604,.T.);
#5003 = ORIENTED_EDGE('',*,*,#5004,.T.);
#5004 = EDGE_CURVE('',#4605,#5005,#5007,.T.);
#5005 = VERTEX_POINT('',#5006);
#5006 = CARTESIAN_POINT('',(-367.194121721,-51.00020364457,
    611.34573114857));
#5007 = SURFACE_CURVE('',#5008,(#5012,#5019),.PCURVE_S1.);
#5008 = LINE('',#5009,#5010);
#5009 = CARTESIAN_POINT('',(-315.2158482474,-93.46611334522,
    611.34573114857));
#5010 = VECTOR('',#5011,1.);
#5011 = DIRECTION('',(-0.774408126841,0.632686378138,-2.775557561563E-17
    ));
#5012 = PCURVE('',#4620,#5013);
#5013 = DEFINITIONAL_REPRESENTATION('',(#5014),#5018);
#5014 = LINE('',#5015,#5016);
#5015 = CARTESIAN_POINT('',(164.85868686483,-5.684341886081E-14));
#5016 = VECTOR('',#5017,1.);
#5017 = DIRECTION('',(-9.799668100885E-17,1.));
#5018 = ( GEOMETRIC_REPRESENTATION_CONTEXT(2)
PARAMETRIC_REPRESENTATION_CONTEXT() REPRESENTATION_CONTEXT('2D SPACE',''
  ) );
#5019 = PCURVE('',#4963,#5020);
#5020 = DEFINITIONAL_REPRESENTATION('',(#5021),#5025);
#5021 = LINE('',#5022,#5023);
#5022 = CARTESIAN_POINT('',(0.,0.));
#5023 = VECTOR('',#5024,1.);
#5024 = DIRECTION('',(0.,1.));
#5025 = ( GEOMETRIC_REPRESENTATION_CONTEXT(2)
PARAMETRIC_REPRESENTATION_CONTEXT() REPRESENTATION_CONTEXT('2D SPACE',''
  ) );
#5026 = ORIENTED_EDGE('',*,*,#5027,.F.);
#5027 = EDGE_CURVE('',#5028,#5005,#5030,.T.);
#5028 = VERTEX_POINT('',#5029);
#5029 = CARTESIAN_POINT('',(-281.1681593459,54.295574302636,
    683.60753954371));
#5030 = SURFACE_CURVE('',#5031,(#5035,#5042),.PCURVE_S1.);
#5031 = LINE('',#5032,#5033);
#5032 = CARTESIAN_POINT('',(-275.0896397163,61.735682329219,
    688.71349603254));
#5033 = VECTOR('',#5034,1.);
#5034 = DIRECTION('',(-0.558687465952,-0.683833458326,-0.4692974714));
#5035 = PCURVE('',#4620,#5036);
#5036 = DEFINITIONAL_REPRESENTATION('',(#5037),#5041);
#5037 = LINE('',#5038,#5039);
#5038 = CARTESIAN_POINT('',(-2.84217094304E-14,67.12));
#5039 = VECTOR('',#5040,1.);
#5040 = DIRECTION('',(1.,-9.799668100885E-17));
#5041 = ( GEOMETRIC_REPRESENTATION_CONTEXT(2)
PARAMETRIC_REPRESENTATION_CONTEXT() REPRESENTATION_CONTEXT('2D SPACE',''
  ) );
#5042 = PCURVE('',#5043,#5048);
#5043 = CYLINDRICAL_SURFACE('',#5044,10.88);
#5044 = AXIS2_PLACEMENT_3D('',#5045,#5046,#5047);
#5045 = CARTESIAN_POINT('',(-278.3201088342,57.781588128969,
    698.32097272178));
#5046 = DIRECTION('',(-0.558687465952,-0.683833458326,-0.4692974714));
#5047 = DIRECTION('',(-0.774408126841,0.632686378138,-2.775557561563E-17
    ));
#5048 = DEFINITIONAL_REPRESENTATION('',(#5049),#5053);
#5049 = LINE('',#5050,#5051);
#5050 = CARTESIAN_POINT('',(1.570796326795,0.));
#5051 = VECTOR('',#5052,1.);
#5052 = DIRECTION('',(0.,1.));
#5053 = ( GEOMETRIC_REPRESENTATION_CONTEXT(2)
PARAMETRIC_REPRESENTATION_CONTEXT() REPRESENTATION_CONTEXT('2D SPACE',''
  ) );
#5054 = ORIENTED_EDGE('',*,*,#5055,.F.);
#5055 = EDGE_CURVE('',#4581,#5028,#5056,.T.);
#5056 = SURFACE_CURVE('',#5057,(#5061,#5068),.PCURVE_S1.);
#5057 = LINE('',#5058,#5059);
#5058 = CARTESIAN_POINT('',(-229.1898858723,11.829664601985,
    683.60753954371));
#5059 = VECTOR('',#5060,1.);
#5060 = DIRECTION('',(-0.774408126841,0.632686378138,-2.775557561563E-17
    ));
#5061 = PCURVE('',#4620,#5062);
#5062 = DEFINITIONAL_REPRESENTATION('',(#5063),#5067);
#5063 = LINE('',#5064,#5065);
#5064 = CARTESIAN_POINT('',(10.88,0.));
#5065 = VECTOR('',#5066,1.);
#5066 = DIRECTION('',(-9.799668100885E-17,1.));
#5067 = ( GEOMETRIC_REPRESENTATION_CONTEXT(2)
PARAMETRIC_REPRESENTATION_CONTEXT() REPRESENTATION_CONTEXT('2D SPACE',''
  ) );
#5068 = PCURVE('',#4857,#5069);
#5069 = DEFINITIONAL_REPRESENTATION('',(#5070),#5074);
#5070 = LINE('',#5071,#5072);
#5071 = CARTESIAN_POINT('',(-0.,0.));
#5072 = VECTOR('',#5073,1.);
#5073 = DIRECTION('',(-0.,1.));
#5074 = ( GEOMETRIC_REPRESENTATION_CONTEXT(2)
PARAMETRIC_REPRESENTATION_CONTEXT() REPRESENTATION_CONTEXT('2D SPACE',''
  ) );
#5075 = ADVANCED_FACE('',(#5076),#4670,.T.);
#5076 = FACE_BOUND('',#5077,.T.);
#5077 = EDGE_LOOP('',(#5078,#5079,#5080,#5105));
#5078 = ORIENTED_EDGE('',*,*,#4656,.F.);
#5079 = ORIENTED_EDGE('',*,*,#4792,.T.);
#5080 = ORIENTED_EDGE('',*,*,#5081,.T.);
#5081 = EDGE_CURVE('',#4793,#4740,#5082,.T.);
#5082 = SURFACE_CURVE('',#5083,(#5088,#5094),.PCURVE_S1.);
#5083 = CIRCLE('',#5084,10.88);
#5084 = AXIS2_PLACEMENT_3D('',#5085,#5086,#5087);
#5085 = CARTESIAN_POINT('',(-298.1281222146,33.536579751327,
    734.04679216219));
#5086 = DIRECTION('',(0.774408126841,-0.632686378138,1.160183060733E-14)
  );
#5087 = DIRECTION('',(-0.29691811745,-0.363427775758,0.883040136878));
#5088 = PCURVE('',#4670,#5089);
#5089 = DEFINITIONAL_REPRESENTATION('',(#5090),#5093);
#5090 = B_SPLINE_CURVE_WITH_KNOTS('',1,(#5091,#5092),.UNSPECIFIED.,.F.,
  .F.,(2,2),(4.712388980385,6.28318530718),.PIECEWISE_BEZIER_KNOTS.);
#5091 = CARTESIAN_POINT('',(1.570796326795,67.12));
#5092 = CARTESIAN_POINT('',(0.,67.12));
#5093 = ( GEOMETRIC_REPRESENTATION_CONTEXT(2)
PARAMETRIC_REPRESENTATION_CONTEXT() REPRESENTATION_CONTEXT('2D SPACE',''
  ) );
#5094 = PCURVE('',#5095,#5100);
#5095 = SPHERICAL_SURFACE('',#5096,10.88);
#5096 = AXIS2_PLACEMENT_3D('',#5097,#5098,#5099);
#5097 = CARTESIAN_POINT('',(-298.1281222146,33.536579751327,
    734.04679216219));
#5098 = DIRECTION('',(-0.558687465952,-0.683833458326,-0.4692974714));
#5099 = DIRECTION('',(-0.774408126841,0.632686378138,-1.360023205166E-15
    ));
#5100 = DEFINITIONAL_REPRESENTATION('',(#5101),#5104);
#5101 = B_SPLINE_CURVE_WITH_KNOTS('',1,(#5102,#5103),.UNSPECIFIED.,.F.,
  .F.,(2,2),(4.712388980385,6.28318530718),.PIECEWISE_BEZIER_KNOTS.);
#5102 = CARTESIAN_POINT('',(-1.570796326795,-1.570796326795));
#5103 = CARTESIAN_POINT('',(-1.570796326795,0.));
#5104 = ( GEOMETRIC_REPRESENTATION_CONTEXT(2)
PARAMETRIC_REPRESENTATION_CONTEXT() REPRESENTATION_CONTEXT('2D SPACE',''
  ) );
#5105 = ORIENTED_EDGE('',*,*,#4767,.F.);
#5106 = ADVANCED_FACE('',(#5107),#4700,.T.);
#5107 = FACE_BOUND('',#5108,.F.);
#5108 = EDGE_LOOP('',(#5109,#5110,#5111,#5136));
#5109 = ORIENTED_EDGE('',*,*,#4686,.F.);
#5110 = ORIENTED_EDGE('',*,*,#4898,.T.);
#5111 = ORIENTED_EDGE('',*,*,#5112,.T.);
#5112 = EDGE_CURVE('',#4899,#4717,#5113,.T.);
#5113 = SURFACE_CURVE('',#5114,(#5119,#5125),.PCURVE_S1.);
#5114 = CIRCLE('',#5115,10.88);
#5115 = AXIS2_PLACEMENT_3D('',#5116,#5117,#5118);
#5116 = CARTESIAN_POINT('',(-384.1540845898,-71.75919819588,
    661.78498376705));
#5117 = DIRECTION('',(-0.774408126841,0.632686378138,7.216449660064E-16)
  );
#5118 = DIRECTION('',(-0.29691811745,-0.363427775758,0.883040136878));
#5119 = PCURVE('',#4700,#5120);
#5120 = DEFINITIONAL_REPRESENTATION('',(#5121),#5124);
#5121 = B_SPLINE_CURVE_WITH_KNOTS('',1,(#5122,#5123),.UNSPECIFIED.,.F.,
  .F.,(2,2),(4.712388980385,6.28318530718),.PIECEWISE_BEZIER_KNOTS.);
#5122 = CARTESIAN_POINT('',(-1.570796326795,67.12));
#5123 = CARTESIAN_POINT('',(0.,67.12));
#5124 = ( GEOMETRIC_REPRESENTATION_CONTEXT(2)
PARAMETRIC_REPRESENTATION_CONTEXT() REPRESENTATION_CONTEXT('2D SPACE',''
  ) );
#5125 = PCURVE('',#5126,#5131);
#5126 = SPHERICAL_SURFACE('',#5127,10.88);
#5127 = AXIS2_PLACEMENT_3D('',#5128,#5129,#5130);
#5128 = CARTESIAN_POINT('',(-384.1540845898,-71.75919819588,
    661.78498376705));
#5129 = DIRECTION('',(0.558687465952,0.683833458326,0.4692974714));
#5130 = DIRECTION('',(-0.774408126841,0.632686378138,3.719247132494E-15)
  );
#5131 = DEFINITIONAL_REPRESENTATION('',(#5132),#5135);
#5132 = B_SPLINE_CURVE_WITH_KNOTS('',1,(#5133,#5134),.UNSPECIFIED.,.F.,
  .F.,(2,2),(4.712388980385,6.28318530718),.PIECEWISE_BEZIER_KNOTS.);
#5133 = CARTESIAN_POINT('',(1.570796326795,-1.570796326795));
#5134 = CARTESIAN_POINT('',(1.570796326795,0.));
#5135 = ( GEOMETRIC_REPRESENTATION_CONTEXT(2)
PARAMETRIC_REPRESENTATION_CONTEXT() REPRESENTATION_CONTEXT('2D SPACE',''
  ) );
#5136 = ORIENTED_EDGE('',*,*,#4716,.F.);
#5137 = ADVANCED_FACE('',(#5138),#4755,.T.);
#5138 = FACE_BOUND('',#5139,.F.);
#5139 = EDGE_LOOP('',(#5140,#5170,#5192,#5193));
#5140 = ORIENTED_EDGE('',*,*,#5141,.F.);
#5141 = EDGE_CURVE('',#5142,#5144,#5146,.T.);
#5142 = VERTEX_POINT('',#5143);
#5143 = CARTESIAN_POINT('',(-306.5536826346,40.420207545473,
    734.04679216219));
#5144 = VERTEX_POINT('',#5145);
#5145 = CARTESIAN_POINT('',(-392.5796450098,-64.87557040173,
    661.78498376705));
#5146 = SURFACE_CURVE('',#5147,(#5151,#5158),.PCURVE_S1.);
#5147 = LINE('',#5148,#5149);
#5148 = CARTESIAN_POINT('',(-300.4751630051,47.860315572055,
    739.15274865102));
#5149 = VECTOR('',#5150,1.);
#5150 = DIRECTION('',(-0.558687465952,-0.683833458326,-0.4692974714));
#5151 = PCURVE('',#4755,#5152);
#5152 = DEFINITIONAL_REPRESENTATION('',(#5153),#5157);
#5153 = LINE('',#5154,#5155);
#5154 = CARTESIAN_POINT('',(-0.,0.));
#5155 = VECTOR('',#5156,1.);
#5156 = DIRECTION('',(-0.,1.));
#5157 = ( GEOMETRIC_REPRESENTATION_CONTEXT(2)
PARAMETRIC_REPRESENTATION_CONTEXT() REPRESENTATION_CONTEXT('2D SPACE',''
  ) );
#5158 = PCURVE('',#5159,#5164);
#5159 = PLANE('',#5160);
#5160 = AXIS2_PLACEMENT_3D('',#5161,#5162,#5163);
#5161 = CARTESIAN_POINT('',(-303.7056321229,43.906221371806,
    748.76022534025));
#5162 = DIRECTION('',(-0.774408126841,0.632686378138,-2.775557561563E-17
    ));
#5163 = DIRECTION('',(-0.558687465952,-0.683833458326,-0.4692974714));
#5164 = DEFINITIONAL_REPRESENTATION('',(#5165),#5169);
#5165 = LINE('',#5166,#5167);
#5166 = CARTESIAN_POINT('',(0.,-10.88));
#5167 = VECTOR('',#5168,1.);
#5168 = DIRECTION('',(1.,5.551115123126E-17));
#5169 = ( GEOMETRIC_REPRESENTATION_CONTEXT(2)
PARAMETRIC_REPRESENTATION_CONTEXT() REPRESENTATION_CONTEXT('2D SPACE',''
  ) );
#5170 = ORIENTED_EDGE('',*,*,#5171,.T.);
#5171 = EDGE_CURVE('',#5142,#4740,#5172,.T.);
#5172 = SURFACE_CURVE('',#5173,(#5178,#5185),.PCURVE_S1.);
#5173 = CIRCLE('',#5174,10.88);
#5174 = AXIS2_PLACEMENT_3D('',#5175,#5176,#5177);
#5175 = CARTESIAN_POINT('',(-298.1281222146,33.536579751327,
    734.04679216219));
#5176 = DIRECTION('',(0.558687465952,0.683833458326,0.4692974714));
#5177 = DIRECTION('',(-0.774408126841,0.632686378138,-1.360023205166E-15
    ));
#5178 = PCURVE('',#4755,#5179);
#5179 = DEFINITIONAL_REPRESENTATION('',(#5180),#5184);
#5180 = LINE('',#5181,#5182);
#5181 = CARTESIAN_POINT('',(-0.,10.88));
#5182 = VECTOR('',#5183,1.);
#5183 = DIRECTION('',(-1.,0.));
#5184 = ( GEOMETRIC_REPRESENTATION_CONTEXT(2)
PARAMETRIC_REPRESENTATION_CONTEXT() REPRESENTATION_CONTEXT('2D SPACE',''
  ) );
#5185 = PCURVE('',#5095,#5186);
#5186 = DEFINITIONAL_REPRESENTATION('',(#5187),#5191);
#5187 = LINE('',#5188,#5189);
#5188 = CARTESIAN_POINT('',(-0.,0.));
#5189 = VECTOR('',#5190,1.);
#5190 = DIRECTION('',(-1.,0.));
#5191 = ( GEOMETRIC_REPRESENTATION_CONTEXT(2)
PARAMETRIC_REPRESENTATION_CONTEXT() REPRESENTATION_CONTEXT('2D SPACE',''
  ) );
#5192 = ORIENTED_EDGE('',*,*,#4739,.T.);
#5193 = ORIENTED_EDGE('',*,*,#5194,.F.);
#5194 = EDGE_CURVE('',#5144,#4717,#5195,.T.);
#5195 = SURFACE_CURVE('',#5196,(#5201,#5208),.PCURVE_S1.);
#5196 = CIRCLE('',#5197,10.88);
#5197 = AXIS2_PLACEMENT_3D('',#5198,#5199,#5200);
#5198 = CARTESIAN_POINT('',(-384.1540845898,-71.75919819588,
    661.78498376705));
#5199 = DIRECTION('',(0.558687465952,0.683833458326,0.4692974714));
#5200 = DIRECTION('',(-0.774408126841,0.632686378138,3.74700270811E-15)
  );
#5201 = PCURVE('',#4755,#5202);
#5202 = DEFINITIONAL_REPRESENTATION('',(#5203),#5207);
#5203 = LINE('',#5204,#5205);
#5204 = CARTESIAN_POINT('',(-0.,164.85868686483));
#5205 = VECTOR('',#5206,1.);
#5206 = DIRECTION('',(-1.,0.));
#5207 = ( GEOMETRIC_REPRESENTATION_CONTEXT(2)
PARAMETRIC_REPRESENTATION_CONTEXT() REPRESENTATION_CONTEXT('2D SPACE',''
  ) );
#5208 = PCURVE('',#5126,#5209);
#5209 = DEFINITIONAL_REPRESENTATION('',(#5210),#5214);
#5210 = LINE('',#5211,#5212);
#5211 = CARTESIAN_POINT('',(0.,0.));
#5212 = VECTOR('',#5213,1.);
#5213 = DIRECTION('',(1.,0.));
#5214 = ( GEOMETRIC_REPRESENTATION_CONTEXT(2)
PARAMETRIC_REPRESENTATION_CONTEXT() REPRESENTATION_CONTEXT('2D SPACE',''
  ) );
#5215 = ADVANCED_FACE('',(#5216),#4857,.T.);
#5216 = FACE_BOUND('',#5217,.F.);
#5217 = EDGE_LOOP('',(#5218,#5219,#5220,#5245));
#5218 = ORIENTED_EDGE('',*,*,#4873,.F.);
#5219 = ORIENTED_EDGE('',*,*,#4843,.T.);
#5220 = ORIENTED_EDGE('',*,*,#5221,.T.);
#5221 = EDGE_CURVE('',#4816,#5028,#5222,.T.);
#5222 = SURFACE_CURVE('',#5223,(#5228,#5234),.PCURVE_S1.);
#5223 = CIRCLE('',#5224,10.88);
#5224 = AXIS2_PLACEMENT_3D('',#5225,#5226,#5227);
#5225 = CARTESIAN_POINT('',(-284.3986284637,50.341480102387,
    693.21501623295));
#5226 = DIRECTION('',(-0.774408126841,0.632686378138,-1.459943277382E-14
    ));
#5227 = DIRECTION('',(0.29691811745,0.363427775758,-0.883040136878));
#5228 = PCURVE('',#4857,#5229);
#5229 = DEFINITIONAL_REPRESENTATION('',(#5230),#5233);
#5230 = B_SPLINE_CURVE_WITH_KNOTS('',1,(#5231,#5232),.UNSPECIFIED.,.F.,
  .F.,(2,2),(4.712388980385,6.28318530718),.PIECEWISE_BEZIER_KNOTS.);
#5231 = CARTESIAN_POINT('',(-1.570796326795,67.12));
#5232 = CARTESIAN_POINT('',(0.,67.12));
#5233 = ( GEOMETRIC_REPRESENTATION_CONTEXT(2)
PARAMETRIC_REPRESENTATION_CONTEXT() REPRESENTATION_CONTEXT('2D SPACE',''
  ) );
#5234 = PCURVE('',#5235,#5240);
#5235 = SPHERICAL_SURFACE('',#5236,10.88);
#5236 = AXIS2_PLACEMENT_3D('',#5237,#5238,#5239);
#5237 = CARTESIAN_POINT('',(-284.3986284637,50.341480102387,
    693.21501623295));
#5238 = DIRECTION('',(-0.558687465952,-0.683833458326,-0.4692974714));
#5239 = DIRECTION('',(-0.774408126841,0.632686378138,-1.498801083244E-15
    ));
#5240 = DEFINITIONAL_REPRESENTATION('',(#5241),#5244);
#5241 = B_SPLINE_CURVE_WITH_KNOTS('',1,(#5242,#5243),.UNSPECIFIED.,.F.,
  .F.,(2,2),(4.712388980385,6.28318530718),.PIECEWISE_BEZIER_KNOTS.);
#5242 = CARTESIAN_POINT('',(1.570796326795,-1.570796326795));
#5243 = CARTESIAN_POINT('',(1.570796326795,0.));
#5244 = ( GEOMETRIC_REPRESENTATION_CONTEXT(2)
PARAMETRIC_REPRESENTATION_CONTEXT() REPRESENTATION_CONTEXT('2D SPACE',''
  ) );
#5245 = ORIENTED_EDGE('',*,*,#5055,.F.);
#5246 = ADVANCED_FACE('',(#5247),#4831,.T.);
#5247 = FACE_BOUND('',#5248,.T.);
#5248 = EDGE_LOOP('',(#5249,#5269,#5270,#5292));
#5249 = ORIENTED_EDGE('',*,*,#5250,.F.);
#5250 = EDGE_CURVE('',#4793,#5142,#5251,.T.);
#5251 = SURFACE_CURVE('',#5252,(#5257,#5263),.PCURVE_S1.);
#5252 = CIRCLE('',#5253,10.88);
#5253 = AXIS2_PLACEMENT_3D('',#5254,#5255,#5256);
#5254 = CARTESIAN_POINT('',(-298.1281222146,33.536579751327,
    734.04679216219));
#5255 = DIRECTION('',(-0.29691811745,-0.363427775758,0.883040136878));
#5256 = DIRECTION('',(-0.774408126841,0.632686378138,-1.33226762955E-15)
  );
#5257 = PCURVE('',#4831,#5258);
#5258 = DEFINITIONAL_REPRESENTATION('',(#5259),#5262);
#5259 = B_SPLINE_CURVE_WITH_KNOTS('',1,(#5260,#5261),.UNSPECIFIED.,.F.,
  .F.,(2,2),(4.712388980385,6.28318530718),.PIECEWISE_BEZIER_KNOTS.);
#5260 = CARTESIAN_POINT('',(1.570796326795,10.88));
#5261 = CARTESIAN_POINT('',(0.,10.88));
#5262 = ( GEOMETRIC_REPRESENTATION_CONTEXT(2)
PARAMETRIC_REPRESENTATION_CONTEXT() REPRESENTATION_CONTEXT('2D SPACE',''
  ) );
#5263 = PCURVE('',#5095,#5264);
#5264 = DEFINITIONAL_REPRESENTATION('',(#5265),#5268);
#5265 = B_SPLINE_CURVE_WITH_KNOTS('',1,(#5266,#5267),.UNSPECIFIED.,.F.,
  .F.,(2,2),(4.712388980385,6.28318530718),.PIECEWISE_BEZIER_KNOTS.);
#5266 = CARTESIAN_POINT('',(0.,-1.570796326795));
#5267 = CARTESIAN_POINT('',(0.,0.));
#5268 = ( GEOMETRIC_REPRESENTATION_CONTEXT(2)
PARAMETRIC_REPRESENTATION_CONTEXT() REPRESENTATION_CONTEXT('2D SPACE',''
  ) );
#5269 = ORIENTED_EDGE('',*,*,#4815,.T.);
#5270 = ORIENTED_EDGE('',*,*,#5271,.T.);
#5271 = EDGE_CURVE('',#4816,#5272,#5274,.T.);
#5272 = VERTEX_POINT('',#5273);
#5273 = CARTESIAN_POINT('',(-292.8241888837,57.225107896533,
    693.21501623295));
#5274 = SURFACE_CURVE('',#5275,(#5280,#5286),.PCURVE_S1.);
#5275 = CIRCLE('',#5276,10.88);
#5276 = AXIS2_PLACEMENT_3D('',#5277,#5278,#5279);
#5277 = CARTESIAN_POINT('',(-284.3986284637,50.341480102387,
    693.21501623295));
#5278 = DIRECTION('',(-0.29691811745,-0.363427775758,0.883040136878));
#5279 = DIRECTION('',(-0.774408126841,0.632686378138,-1.471045507628E-15
    ));
#5280 = PCURVE('',#4831,#5281);
#5281 = DEFINITIONAL_REPRESENTATION('',(#5282),#5285);
#5282 = B_SPLINE_CURVE_WITH_KNOTS('',1,(#5283,#5284),.UNSPECIFIED.,.F.,
  .F.,(2,2),(4.712388980385,6.28318530718),.PIECEWISE_BEZIER_KNOTS.);
#5283 = CARTESIAN_POINT('',(1.570796326795,57.12));
#5284 = CARTESIAN_POINT('',(0.,57.12));
#5285 = ( GEOMETRIC_REPRESENTATION_CONTEXT(2)
PARAMETRIC_REPRESENTATION_CONTEXT() REPRESENTATION_CONTEXT('2D SPACE',''
  ) );
#5286 = PCURVE('',#5235,#5287);
#5287 = DEFINITIONAL_REPRESENTATION('',(#5288),#5291);
#5288 = B_SPLINE_CURVE_WITH_KNOTS('',1,(#5289,#5290),.UNSPECIFIED.,.F.,
  .F.,(2,2),(4.712388980385,6.28318530718),.PIECEWISE_BEZIER_KNOTS.);
#5289 = CARTESIAN_POINT('',(0.,-1.570796326795));
#5290 = CARTESIAN_POINT('',(0.,0.));
#5291 = ( GEOMETRIC_REPRESENTATION_CONTEXT(2)
PARAMETRIC_REPRESENTATION_CONTEXT() REPRESENTATION_CONTEXT('2D SPACE',''
  ) );
#5292 = ORIENTED_EDGE('',*,*,#5293,.F.);
#5293 = EDGE_CURVE('',#5142,#5272,#5294,.T.);
#5294 = SURFACE_CURVE('',#5295,(#5299,#5306),.PCURVE_S1.);
#5295 = LINE('',#5296,#5297);
#5296 = CARTESIAN_POINT('',(-309.7841517525,36.466113345224,
    743.65426885142));
#5297 = VECTOR('',#5298,1.);
#5298 = DIRECTION('',(0.29691811745,0.363427775758,-0.883040136878));
#5299 = PCURVE('',#4831,#5300);
#5300 = DEFINITIONAL_REPRESENTATION('',(#5301),#5305);
#5301 = LINE('',#5302,#5303);
#5302 = CARTESIAN_POINT('',(0.,0.));
#5303 = VECTOR('',#5304,1.);
#5304 = DIRECTION('',(0.,1.));
#5305 = ( GEOMETRIC_REPRESENTATION_CONTEXT(2)
PARAMETRIC_REPRESENTATION_CONTEXT() REPRESENTATION_CONTEXT('2D SPACE',''
  ) );
#5306 = PCURVE('',#5159,#5307);
#5307 = DEFINITIONAL_REPRESENTATION('',(#5308),#5312);
#5308 = LINE('',#5309,#5310);
#5309 = CARTESIAN_POINT('',(10.88,1.136868377216E-13));
#5310 = VECTOR('',#5311,1.);
#5311 = DIRECTION('',(-5.551115123126E-17,-1.));
#5312 = ( GEOMETRIC_REPRESENTATION_CONTEXT(2)
PARAMETRIC_REPRESENTATION_CONTEXT() REPRESENTATION_CONTEXT('2D SPACE',''
  ) );
#5313 = ADVANCED_FACE('',(#5314),#4963,.T.);
#5314 = FACE_BOUND('',#5315,.T.);
#5315 = EDGE_LOOP('',(#5316,#5317,#5318,#5343));
#5316 = ORIENTED_EDGE('',*,*,#4979,.T.);
#5317 = ORIENTED_EDGE('',*,*,#4949,.T.);
#5318 = ORIENTED_EDGE('',*,*,#5319,.F.);
#5319 = EDGE_CURVE('',#5005,#4922,#5320,.T.);
#5320 = SURFACE_CURVE('',#5321,(#5326,#5332),.PCURVE_S1.);
#5321 = CIRCLE('',#5322,10.88);
#5322 = AXIS2_PLACEMENT_3D('',#5323,#5324,#5325);
#5323 = CARTESIAN_POINT('',(-370.4245908389,-54.95429784482,
    620.9532078378));
#5324 = DIRECTION('',(-0.774408126841,0.632686378138,-1.415534356397E-15
    ));
#5325 = DIRECTION('',(-0.558687465952,-0.683833458326,-0.4692974714));
#5326 = PCURVE('',#4963,#5327);
#5327 = DEFINITIONAL_REPRESENTATION('',(#5328),#5331);
#5328 = B_SPLINE_CURVE_WITH_KNOTS('',1,(#5329,#5330),.UNSPECIFIED.,.F.,
  .F.,(2,2),(4.712388980385,6.28318530718),.PIECEWISE_BEZIER_KNOTS.);
#5329 = CARTESIAN_POINT('',(0.,67.12));
#5330 = CARTESIAN_POINT('',(1.570796326795,67.12));
#5331 = ( GEOMETRIC_REPRESENTATION_CONTEXT(2)
PARAMETRIC_REPRESENTATION_CONTEXT() REPRESENTATION_CONTEXT('2D SPACE',''
  ) );
#5332 = PCURVE('',#5333,#5338);
#5333 = SPHERICAL_SURFACE('',#5334,10.88);
#5334 = AXIS2_PLACEMENT_3D('',#5335,#5336,#5337);
#5335 = CARTESIAN_POINT('',(-370.4245908389,-54.95429784482,
    620.9532078378));
#5336 = DIRECTION('',(-0.29691811745,-0.363427775758,0.883040136878));
#5337 = DIRECTION('',(-0.774408126841,0.632686378138,1.193489751472E-15)
  );
#5338 = DEFINITIONAL_REPRESENTATION('',(#5339),#5342);
#5339 = B_SPLINE_CURVE_WITH_KNOTS('',1,(#5340,#5341),.UNSPECIFIED.,.F.,
  .F.,(2,2),(4.712388980385,6.28318530718),.PIECEWISE_BEZIER_KNOTS.);
#5340 = CARTESIAN_POINT('',(1.570796326795,-1.570796326795));
#5341 = CARTESIAN_POINT('',(1.570796326795,0.));
#5342 = ( GEOMETRIC_REPRESENTATION_CONTEXT(2)
PARAMETRIC_REPRESENTATION_CONTEXT() REPRESENTATION_CONTEXT('2D SPACE',''
  ) );
#5343 = ORIENTED_EDGE('',*,*,#5004,.F.);
#5344 = ADVANCED_FACE('',(#5345),#4937,.T.);
#5345 = FACE_BOUND('',#5346,.F.);
#5346 = EDGE_LOOP('',(#5347,#5367,#5368,#5392));
#5347 = ORIENTED_EDGE('',*,*,#5348,.F.);
#5348 = EDGE_CURVE('',#4899,#5144,#5349,.T.);
#5349 = SURFACE_CURVE('',#5350,(#5355,#5361),.PCURVE_S1.);
#5350 = CIRCLE('',#5351,10.88);
#5351 = AXIS2_PLACEMENT_3D('',#5352,#5353,#5354);
#5352 = CARTESIAN_POINT('',(-384.1540845898,-71.75919819588,
    661.78498376705));
#5353 = DIRECTION('',(0.29691811745,0.363427775758,-0.883040136878));
#5354 = DIRECTION('',(-0.774408126841,0.632686378138,3.74700270811E-15)
  );
#5355 = PCURVE('',#4937,#5356);
#5356 = DEFINITIONAL_REPRESENTATION('',(#5357),#5360);
#5357 = B_SPLINE_CURVE_WITH_KNOTS('',1,(#5358,#5359),.UNSPECIFIED.,.F.,
  .F.,(2,2),(4.712388980385,6.28318530718),.PIECEWISE_BEZIER_KNOTS.);
#5358 = CARTESIAN_POINT('',(-1.570796326795,10.88));
#5359 = CARTESIAN_POINT('',(0.,10.88));
#5360 = ( GEOMETRIC_REPRESENTATION_CONTEXT(2)
PARAMETRIC_REPRESENTATION_CONTEXT() REPRESENTATION_CONTEXT('2D SPACE',''
  ) );
#5361 = PCURVE('',#5126,#5362);
#5362 = DEFINITIONAL_REPRESENTATION('',(#5363),#5366);
#5363 = B_SPLINE_CURVE_WITH_KNOTS('',1,(#5364,#5365),.UNSPECIFIED.,.F.,
  .F.,(2,2),(4.712388980385,6.28318530718),.PIECEWISE_BEZIER_KNOTS.);
#5364 = CARTESIAN_POINT('',(0.,-1.570796326795));
#5365 = CARTESIAN_POINT('',(0.,0.));
#5366 = ( GEOMETRIC_REPRESENTATION_CONTEXT(2)
PARAMETRIC_REPRESENTATION_CONTEXT() REPRESENTATION_CONTEXT('2D SPACE',''
  ) );
#5367 = ORIENTED_EDGE('',*,*,#4921,.T.);
#5368 = ORIENTED_EDGE('',*,*,#5369,.F.);
#5369 = EDGE_CURVE('',#5370,#4922,#5372,.T.);
#5370 = VERTEX_POINT('',#5371);
#5371 = CARTESIAN_POINT('',(-378.8501512589,-48.07067005067,
    620.9532078378));
#5372 = SURFACE_CURVE('',#5373,(#5378,#5385),.PCURVE_S1.);
#5373 = CIRCLE('',#5374,10.88);
#5374 = AXIS2_PLACEMENT_3D('',#5375,#5376,#5377);
#5375 = CARTESIAN_POINT('',(-370.4245908389,-54.95429784482,
    620.9532078378));
#5376 = DIRECTION('',(-0.29691811745,-0.363427775758,0.883040136878));
#5377 = DIRECTION('',(-0.774408126841,0.632686378138,1.193489751472E-15)
  );
#5378 = PCURVE('',#4937,#5379);
#5379 = DEFINITIONAL_REPRESENTATION('',(#5380),#5384);
#5380 = LINE('',#5381,#5382);
#5381 = CARTESIAN_POINT('',(-2.612289469706E-15,57.12));
#5382 = VECTOR('',#5383,1.);
#5383 = DIRECTION('',(-1.,0.));
#5384 = ( GEOMETRIC_REPRESENTATION_CONTEXT(2)
PARAMETRIC_REPRESENTATION_CONTEXT() REPRESENTATION_CONTEXT('2D SPACE',''
  ) );
#5385 = PCURVE('',#5333,#5386);
#5386 = DEFINITIONAL_REPRESENTATION('',(#5387),#5391);
#5387 = LINE('',#5388,#5389);
#5388 = CARTESIAN_POINT('',(0.,0.));
#5389 = VECTOR('',#5390,1.);
#5390 = DIRECTION('',(1.,0.));
#5391 = ( GEOMETRIC_REPRESENTATION_CONTEXT(2)
PARAMETRIC_REPRESENTATION_CONTEXT() REPRESENTATION_CONTEXT('2D SPACE',''
  ) );
#5392 = ORIENTED_EDGE('',*,*,#5393,.F.);
#5393 = EDGE_CURVE('',#5144,#5370,#5394,.T.);
#5394 = SURFACE_CURVE('',#5395,(#5399,#5406),.PCURVE_S1.);
#5395 = LINE('',#5396,#5397);
#5396 = CARTESIAN_POINT('',(-395.8101141276,-68.82966460198,
    671.39246045628));
#5397 = VECTOR('',#5398,1.);
#5398 = DIRECTION('',(0.29691811745,0.363427775758,-0.883040136878));
#5399 = PCURVE('',#4937,#5400);
#5400 = DEFINITIONAL_REPRESENTATION('',(#5401),#5405);
#5401 = LINE('',#5402,#5403);
#5402 = CARTESIAN_POINT('',(-0.,0.));
#5403 = VECTOR('',#5404,1.);
#5404 = DIRECTION('',(-0.,1.));
#5405 = ( GEOMETRIC_REPRESENTATION_CONTEXT(2)
PARAMETRIC_REPRESENTATION_CONTEXT() REPRESENTATION_CONTEXT('2D SPACE',''
  ) );
#5406 = PCURVE('',#5159,#5407);
#5407 = DEFINITIONAL_REPRESENTATION('',(#5408),#5412);
#5408 = LINE('',#5409,#5410);
#5409 = CARTESIAN_POINT('',(164.85868686483,1.136868377216E-13));
#5410 = VECTOR('',#5411,1.);
#5411 = DIRECTION('',(-5.551115123126E-17,-1.));
#5412 = ( GEOMETRIC_REPRESENTATION_CONTEXT(2)
PARAMETRIC_REPRESENTATION_CONTEXT() REPRESENTATION_CONTEXT('2D SPACE',''
  ) );
#5413 = ADVANCED_FACE('',(#5414),#5043,.T.);
#5414 = FACE_BOUND('',#5415,.T.);
#5415 = EDGE_LOOP('',(#5416,#5437,#5459,#5460));
#5416 = ORIENTED_EDGE('',*,*,#5417,.F.);
#5417 = EDGE_CURVE('',#5272,#5370,#5418,.T.);
#5418 = SURFACE_CURVE('',#5419,(#5423,#5430),.PCURVE_S1.);
#5419 = LINE('',#5420,#5421);
#5420 = CARTESIAN_POINT('',(-286.7456692542,64.665215923115,
    698.32097272178));
#5421 = VECTOR('',#5422,1.);
#5422 = DIRECTION('',(-0.558687465952,-0.683833458326,-0.4692974714));
#5423 = PCURVE('',#5043,#5424);
#5424 = DEFINITIONAL_REPRESENTATION('',(#5425),#5429);
#5425 = LINE('',#5426,#5427);
#5426 = CARTESIAN_POINT('',(0.,0.));
#5427 = VECTOR('',#5428,1.);
#5428 = DIRECTION('',(0.,1.));
#5429 = ( GEOMETRIC_REPRESENTATION_CONTEXT(2)
PARAMETRIC_REPRESENTATION_CONTEXT() REPRESENTATION_CONTEXT('2D SPACE',''
  ) );
#5430 = PCURVE('',#5159,#5431);
#5431 = DEFINITIONAL_REPRESENTATION('',(#5432),#5436);
#5432 = LINE('',#5433,#5434);
#5433 = CARTESIAN_POINT('',(-5.684341886081E-14,-57.12));
#5434 = VECTOR('',#5435,1.);
#5435 = DIRECTION('',(1.,5.551115123126E-17));
#5436 = ( GEOMETRIC_REPRESENTATION_CONTEXT(2)
PARAMETRIC_REPRESENTATION_CONTEXT() REPRESENTATION_CONTEXT('2D SPACE',''
  ) );
#5437 = ORIENTED_EDGE('',*,*,#5438,.T.);
#5438 = EDGE_CURVE('',#5272,#5028,#5439,.T.);
#5439 = SURFACE_CURVE('',#5440,(#5445,#5452),.PCURVE_S1.);
#5440 = CIRCLE('',#5441,10.88);
#5441 = AXIS2_PLACEMENT_3D('',#5442,#5443,#5444);
#5442 = CARTESIAN_POINT('',(-284.3986284637,50.341480102387,
    693.21501623295));
#5443 = DIRECTION('',(-0.558687465952,-0.683833458326,-0.4692974714));
#5444 = DIRECTION('',(-0.774408126841,0.632686378138,-1.471045507628E-15
    ));
#5445 = PCURVE('',#5043,#5446);
#5446 = DEFINITIONAL_REPRESENTATION('',(#5447),#5451);
#5447 = LINE('',#5448,#5449);
#5448 = CARTESIAN_POINT('',(0.,10.88));
#5449 = VECTOR('',#5450,1.);
#5450 = DIRECTION('',(1.,0.));
#5451 = ( GEOMETRIC_REPRESENTATION_CONTEXT(2)
PARAMETRIC_REPRESENTATION_CONTEXT() REPRESENTATION_CONTEXT('2D SPACE',''
  ) );
#5452 = PCURVE('',#5235,#5453);
#5453 = DEFINITIONAL_REPRESENTATION('',(#5454),#5458);
#5454 = LINE('',#5455,#5456);
#5455 = CARTESIAN_POINT('',(0.,0.));
#5456 = VECTOR('',#5457,1.);
#5457 = DIRECTION('',(1.,0.));
#5458 = ( GEOMETRIC_REPRESENTATION_CONTEXT(2)
PARAMETRIC_REPRESENTATION_CONTEXT() REPRESENTATION_CONTEXT('2D SPACE',''
  ) );
#5459 = ORIENTED_EDGE('',*,*,#5027,.T.);
#5460 = ORIENTED_EDGE('',*,*,#5461,.T.);
#5461 = EDGE_CURVE('',#5005,#5370,#5462,.T.);
#5462 = SURFACE_CURVE('',#5463,(#5468,#5474),.PCURVE_S1.);
#5463 = CIRCLE('',#5464,10.88);
#5464 = AXIS2_PLACEMENT_3D('',#5465,#5466,#5467);
#5465 = CARTESIAN_POINT('',(-370.4245908389,-54.95429784482,
    620.9532078378));
#5466 = DIRECTION('',(0.558687465952,0.683833458326,0.4692974714));
#5467 = DIRECTION('',(-0.774408126841,0.632686378138,1.249000902703E-15)
  );
#5468 = PCURVE('',#5043,#5469);
#5469 = DEFINITIONAL_REPRESENTATION('',(#5470),#5473);
#5470 = B_SPLINE_CURVE_WITH_KNOTS('',1,(#5471,#5472),.UNSPECIFIED.,.F.,
  .F.,(2,2),(4.712388980385,6.28318530718),.PIECEWISE_BEZIER_KNOTS.);
#5471 = CARTESIAN_POINT('',(1.570796326795,164.85868686483));
#5472 = CARTESIAN_POINT('',(0.,164.85868686483));
#5473 = ( GEOMETRIC_REPRESENTATION_CONTEXT(2)
PARAMETRIC_REPRESENTATION_CONTEXT() REPRESENTATION_CONTEXT('2D SPACE',''
  ) );
#5474 = PCURVE('',#5333,#5475);
#5475 = DEFINITIONAL_REPRESENTATION('',(#5476),#5479);
#5476 = B_SPLINE_CURVE_WITH_KNOTS('',1,(#5477,#5478),.UNSPECIFIED.,.F.,
  .F.,(2,2),(4.712388980385,6.28318530718),.PIECEWISE_BEZIER_KNOTS.);
#5477 = CARTESIAN_POINT('',(0.,-1.570796326795));
#5478 = CARTESIAN_POINT('',(0.,0.));
#5479 = ( GEOMETRIC_REPRESENTATION_CONTEXT(2)
PARAMETRIC_REPRESENTATION_CONTEXT() REPRESENTATION_CONTEXT('2D SPACE',''
  ) );
#5480 = ADVANCED_FACE('',(#5481),#5095,.T.);
#5481 = FACE_BOUND('',#5482,.F.);
#5482 = EDGE_LOOP('',(#5483,#5484,#5485));
#5483 = ORIENTED_EDGE('',*,*,#5250,.F.);
#5484 = ORIENTED_EDGE('',*,*,#5081,.T.);
#5485 = ORIENTED_EDGE('',*,*,#5171,.F.);
#5486 = ADVANCED_FACE('',(#5487),#5126,.T.);
#5487 = FACE_BOUND('',#5488,.T.);
#5488 = EDGE_LOOP('',(#5489,#5490,#5491));
#5489 = ORIENTED_EDGE('',*,*,#5348,.F.);
#5490 = ORIENTED_EDGE('',*,*,#5112,.T.);
#5491 = ORIENTED_EDGE('',*,*,#5194,.F.);
#5492 = ADVANCED_FACE('',(#5493),#5159,.T.);
#5493 = FACE_BOUND('',#5494,.T.);
#5494 = EDGE_LOOP('',(#5495,#5496,#5497,#5498));
#5495 = ORIENTED_EDGE('',*,*,#5141,.F.);
#5496 = ORIENTED_EDGE('',*,*,#5293,.T.);
#5497 = ORIENTED_EDGE('',*,*,#5417,.T.);
#5498 = ORIENTED_EDGE('',*,*,#5393,.F.);
#5499 = ADVANCED_FACE('',(#5500),#5235,.T.);
#5500 = FACE_BOUND('',#5501,.T.);
#5501 = EDGE_LOOP('',(#5502,#5503,#5504));
#5502 = ORIENTED_EDGE('',*,*,#5271,.F.);
#5503 = ORIENTED_EDGE('',*,*,#5221,.T.);
#5504 = ORIENTED_EDGE('',*,*,#5438,.F.);
#5505 = ADVANCED_FACE('',(#5506),#5333,.T.);
#5506 = FACE_BOUND('',#5507,.T.);
#5507 = EDGE_LOOP('',(#5508,#5509,#5510));
#5508 = ORIENTED_EDGE('',*,*,#5461,.F.);
#5509 = ORIENTED_EDGE('',*,*,#5319,.T.);
#5510 = ORIENTED_EDGE('',*,*,#5369,.F.);
#5511 = ( GEOMETRIC_REPRESENTATION_CONTEXT(3)
GLOBAL_UNCERTAINTY_ASSIGNED_CONTEXT((#5515))
GLOBAL_UNIT_ASSIGNED_CONTEXT((#5512,#5513,#5514)) REPRESENTATION_CONTEXT
('Context #1','3D Context with UNIT and UNCERTAINTY') );
#5512 = ( LENGTH_UNIT() NAMED_UNIT(*) SI_UNIT(.MILLI.,.METRE.) );
#5513 = ( NAMED_UNIT(*) PLANE_ANGLE_UNIT() SI_UNIT($,.RADIAN.) );
#5514 = ( NAMED_UNIT(*) SI_UNIT($,.STERADIAN.) SOLID_ANGLE_UNIT() );
#5515 = UNCERTAINTY_MEASURE_WITH_UNIT(LENGTH_MEASURE(1.E-07),#5512,
  'distance_accuracy_value','confusion accuracy');
#5516 = CONTEXT_DEPENDENT_SHAPE_REPRESENTATION(#5517,#5519);
#5517 = ( REPRESENTATION_RELATIONSHIP('','',#4204,#10)
REPRESENTATION_RELATIONSHIP_WITH_TRANSFORMATION(#5518)
SHAPE_REPRESENTATION_RELATIONSHIP() );
#5518 = ITEM_DEFINED_TRANSFORMATION('','',#11,#23);
#5519 = PRODUCT_DEFINITION_SHAPE('Placement','Placement of an item',
  #5520);
#5520 = NEXT_ASSEMBLY_USAGE_OCCURRENCE('3','','',#5,#4199,$);
#5521 = PRODUCT_RELATED_PRODUCT_CATEGORY('part',$,(#4201));
#5522 = SHAPE_DEFINITION_REPRESENTATION(#5523,#5529);
#5523 = PRODUCT_DEFINITION_SHAPE('','',#5524);
#5524 = PRODUCT_DEFINITION('design','',#5525,#5528);
#5525 = PRODUCT_DEFINITION_FORMATION('','',#5526);
#5526 = PRODUCT('Open CASCADE STEP translator 7.7 4.4',
  'Open CASCADE STEP translator 7.7 4.4','',(#5527));
#5527 = PRODUCT_CONTEXT('',#2,'mechanical');
#5528 = PRODUCT_DEFINITION_CONTEXT('part definition',#2,'design');
#5529 = ADVANCED_BREP_SHAPE_REPRESENTATION('',(#11,#5530),#6836);
#5530 = MANIFOLD_SOLID_BREP('',#5531);
#5531 = CLOSED_SHELL('',(#5532,#5652,#5740,#5819,#5900,#5976,#6006,#6036
    ,#6112,#6193,#6218,#6299,#6324,#6400,#6431,#6462,#6540,#6571,#6638,
    #6669,#6738,#6805,#6811,#6817,#6824,#6830));
#5532 = ADVANCED_FACE('',(#5533),#5547,.F.);
#5533 = FACE_BOUND('',#5534,.F.);
#5534 = EDGE_LOOP('',(#5535,#5570,#5598,#5626));
#5535 = ORIENTED_EDGE('',*,*,#5536,.F.);
#5536 = EDGE_CURVE('',#5537,#5539,#5541,.T.);
#5537 = VERTEX_POINT('',#5538);
#5538 = CARTESIAN_POINT('',(-385.1769960592,-151.1401154235,
    639.9611262915));
#5539 = VERTEX_POINT('',#5540);
#5540 = CARTESIAN_POINT('',(-357.686707142,-236.6654587213,
    600.25293118896));
#5541 = SURFACE_CURVE('',#5542,(#5546,#5558),.PCURVE_S1.);
#5542 = LINE('',#5543,#5544);
#5543 = CARTESIAN_POINT('',(-387.7743445062,-143.0594758104,
    643.71285182616));
#5544 = VECTOR('',#5545,1.);
#5545 = DIRECTION('',(0.279886686107,-0.870758579,-0.404280768821));
#5546 = PCURVE('',#5547,#5552);
#5547 = PLANE('',#5548);
#5548 = AXIS2_PLACEMENT_3D('',#5549,#5550,#5551);
#5549 = CARTESIAN_POINT('',(-396.6834511418,-145.4152941443,
    642.6190790283));
#5550 = DIRECTION('',(1.387778780781E-17,0.421111306455,-0.907008967748)
  );
#5551 = DIRECTION('',(0.279886686107,-0.870758579,-0.404280768821));
#5552 = DEFINITIONAL_REPRESENTATION('',(#5553),#5557);
#5553 = LINE('',#5554,#5555);
#5554 = CARTESIAN_POINT('',(2.84217094304E-14,-9.28));
#5555 = VECTOR('',#5556,1.);
#5556 = DIRECTION('',(1.,6.938893903907E-18));
#5557 = ( GEOMETRIC_REPRESENTATION_CONTEXT(2)
PARAMETRIC_REPRESENTATION_CONTEXT() REPRESENTATION_CONTEXT('2D SPACE',''
  ) );
#5558 = PCURVE('',#5559,#5564);
#5559 = CYLINDRICAL_SURFACE('',#5560,9.28);
#5560 = AXIS2_PLACEMENT_3D('',#5561,#5562,#5563);
#5561 = CARTESIAN_POINT('',(-387.7743445062,-139.1515628865,
    635.29580860546));
#5562 = DIRECTION('',(0.279886686107,-0.870758579,-0.404280768821));
#5563 = DIRECTION('',(-1.387778780781E-17,-0.421111306455,0.907008967748
    ));
#5564 = DEFINITIONAL_REPRESENTATION('',(#5565),#5569);
#5565 = LINE('',#5566,#5567);
#5566 = CARTESIAN_POINT('',(0.,0.));
#5567 = VECTOR('',#5568,1.);
#5568 = DIRECTION('',(0.,1.));
#5569 = ( GEOMETRIC_REPRESENTATION_CONTEXT(2)
PARAMETRIC_REPRESENTATION_CONTEXT() REPRESENTATION_CONTEXT('2D SPACE',''
  ) );
#5570 = ORIENTED_EDGE('',*,*,#5571,.T.);
#5571 = EDGE_CURVE('',#5537,#5572,#5574,.T.);
#5572 = VERTEX_POINT('',#5573);
#5573 = CARTESIAN_POINT('',(-347.3132928579,-141.1278875046,
    644.60966068243));
#5574 = SURFACE_CURVE('',#5575,(#5579,#5586),.PCURVE_S1.);
#5575 = LINE('',#5576,#5577);
#5576 = CARTESIAN_POINT('',(-394.0861026948,-153.4959337574,
    638.86735349364));
#5577 = VECTOR('',#5578,1.);
#5578 = DIRECTION('',(0.960033042629,0.253859734252,0.117863448046));
#5579 = PCURVE('',#5547,#5580);
#5580 = DEFINITIONAL_REPRESENTATION('',(#5581),#5585);
#5581 = LINE('',#5582,#5583);
#5582 = CARTESIAN_POINT('',(9.28,0.));
#5583 = VECTOR('',#5584,1.);
#5584 = DIRECTION('',(-6.938893903907E-18,-1.));
#5585 = ( GEOMETRIC_REPRESENTATION_CONTEXT(2)
PARAMETRIC_REPRESENTATION_CONTEXT() REPRESENTATION_CONTEXT('2D SPACE',''
  ) );
#5586 = PCURVE('',#5587,#5592);
#5587 = CYLINDRICAL_SURFACE('',#5588,9.28);
#5588 = AXIS2_PLACEMENT_3D('',#5589,#5590,#5591);
#5589 = CARTESIAN_POINT('',(-394.0861026948,-149.5880208335,
    630.45031027293));
#5590 = DIRECTION('',(0.960033042629,0.253859734252,0.117863448046));
#5591 = DIRECTION('',(0.,-0.421111306455,0.907008967748));
#5592 = DEFINITIONAL_REPRESENTATION('',(#5593),#5597);
#5593 = LINE('',#5594,#5595);
#5594 = CARTESIAN_POINT('',(-0.,0.));
#5595 = VECTOR('',#5596,1.);
#5596 = DIRECTION('',(-0.,1.));
#5597 = ( GEOMETRIC_REPRESENTATION_CONTEXT(2)
PARAMETRIC_REPRESENTATION_CONTEXT() REPRESENTATION_CONTEXT('2D SPACE',''
  ) );
#5598 = ORIENTED_EDGE('',*,*,#5599,.T.);
#5599 = EDGE_CURVE('',#5572,#5600,#5602,.T.);
#5600 = VERTEX_POINT('',#5601);
#5601 = CARTESIAN_POINT('',(-319.8230039407,-226.6532308024,
    604.90146557988));
#5602 = SURFACE_CURVE('',#5603,(#5607,#5614),.PCURVE_S1.);
#5603 = LINE('',#5604,#5605);
#5604 = CARTESIAN_POINT('',(-349.9106413049,-133.0472478915,
    648.36138621709));
#5605 = VECTOR('',#5606,1.);
#5606 = DIRECTION('',(0.279886686107,-0.870758579,-0.404280768821));
#5607 = PCURVE('',#5547,#5608);
#5608 = DEFINITIONAL_REPRESENTATION('',(#5609),#5613);
#5609 = LINE('',#5610,#5611);
#5610 = CARTESIAN_POINT('',(8.526512829121E-14,-48.72));
#5611 = VECTOR('',#5612,1.);
#5612 = DIRECTION('',(1.,6.938893903907E-18));
#5613 = ( GEOMETRIC_REPRESENTATION_CONTEXT(2)
PARAMETRIC_REPRESENTATION_CONTEXT() REPRESENTATION_CONTEXT('2D SPACE',''
  ) );
#5614 = PCURVE('',#5615,#5620);
#5615 = CYLINDRICAL_SURFACE('',#5616,9.28);
#5616 = AXIS2_PLACEMENT_3D('',#5617,#5618,#5619);
#5617 = CARTESIAN_POINT('',(-349.9106413049,-129.1393349676,
    639.94434299638));
#5618 = DIRECTION('',(0.279886686107,-0.870758579,-0.404280768821));
#5619 = DIRECTION('',(-1.387778780781E-17,-0.421111306455,0.907008967748
    ));
#5620 = DEFINITIONAL_REPRESENTATION('',(#5621),#5625);
#5621 = LINE('',#5622,#5623);
#5622 = CARTESIAN_POINT('',(-0.,0.));
#5623 = VECTOR('',#5624,1.);
#5624 = DIRECTION('',(-0.,1.));
#5625 = ( GEOMETRIC_REPRESENTATION_CONTEXT(2)
PARAMETRIC_REPRESENTATION_CONTEXT() REPRESENTATION_CONTEXT('2D SPACE',''
  ) );
#5626 = ORIENTED_EDGE('',*,*,#5627,.F.);
#5627 = EDGE_CURVE('',#5539,#5600,#5628,.T.);
#5628 = SURFACE_CURVE('',#5629,(#5633,#5640),.PCURVE_S1.);
#5629 = LINE('',#5630,#5631);
#5630 = CARTESIAN_POINT('',(-366.5958137776,-239.0212770552,
    599.15915839109));
#5631 = VECTOR('',#5632,1.);
#5632 = DIRECTION('',(0.960033042629,0.253859734252,0.117863448046));
#5633 = PCURVE('',#5547,#5634);
#5634 = DEFINITIONAL_REPRESENTATION('',(#5635),#5639);
#5635 = LINE('',#5636,#5637);
#5636 = CARTESIAN_POINT('',(107.49935190813,-5.684341886081E-14));
#5637 = VECTOR('',#5638,1.);
#5638 = DIRECTION('',(-6.938893903907E-18,-1.));
#5639 = ( GEOMETRIC_REPRESENTATION_CONTEXT(2)
PARAMETRIC_REPRESENTATION_CONTEXT() REPRESENTATION_CONTEXT('2D SPACE',''
  ) );
#5640 = PCURVE('',#5641,#5646);
#5641 = CYLINDRICAL_SURFACE('',#5642,9.28);
#5642 = AXIS2_PLACEMENT_3D('',#5643,#5644,#5645);
#5643 = CARTESIAN_POINT('',(-366.5958137776,-235.1133641313,
    590.74211517039));
#5644 = DIRECTION('',(0.960033042629,0.253859734252,0.117863448046));
#5645 = DIRECTION('',(0.,-0.421111306455,0.907008967748));
#5646 = DEFINITIONAL_REPRESENTATION('',(#5647),#5651);
#5647 = LINE('',#5648,#5649);
#5648 = CARTESIAN_POINT('',(0.,0.));
#5649 = VECTOR('',#5650,1.);
#5650 = DIRECTION('',(0.,1.));
#5651 = ( GEOMETRIC_REPRESENTATION_CONTEXT(2)
PARAMETRIC_REPRESENTATION_CONTEXT() REPRESENTATION_CONTEXT('2D SPACE',''
  ) );
#5652 = ADVANCED_FACE('',(#5653),#5559,.T.);
#5653 = FACE_BOUND('',#5654,.T.);
#5654 = EDGE_LOOP('',(#5655,#5656,#5685,#5713));
#5655 = ORIENTED_EDGE('',*,*,#5536,.F.);
#5656 = ORIENTED_EDGE('',*,*,#5657,.T.);
#5657 = EDGE_CURVE('',#5537,#5658,#5660,.T.);
#5658 = VERTEX_POINT('',#5659);
#5659 = CARTESIAN_POINT('',(-394.0861026948,-149.5880208335,
    630.45031027293));
#5660 = SURFACE_CURVE('',#5661,(#5666,#5673),.PCURVE_S1.);
#5661 = CIRCLE('',#5662,9.28);
#5662 = AXIS2_PLACEMENT_3D('',#5663,#5664,#5665);
#5663 = CARTESIAN_POINT('',(-385.1769960592,-147.2322024996,
    631.5440830708));
#5664 = DIRECTION('',(0.279886686107,-0.870758579,-0.404280768821));
#5665 = DIRECTION('',(-3.219646771413E-15,-0.421111306455,0.907008967748
    ));
#5666 = PCURVE('',#5559,#5667);
#5667 = DEFINITIONAL_REPRESENTATION('',(#5668),#5672);
#5668 = LINE('',#5669,#5670);
#5669 = CARTESIAN_POINT('',(6.125368411725E-15,9.28));
#5670 = VECTOR('',#5671,1.);
#5671 = DIRECTION('',(1.,0.));
#5672 = ( GEOMETRIC_REPRESENTATION_CONTEXT(2)
PARAMETRIC_REPRESENTATION_CONTEXT() REPRESENTATION_CONTEXT('2D SPACE',''
  ) );
#5673 = PCURVE('',#5674,#5679);
#5674 = SPHERICAL_SURFACE('',#5675,9.28);
#5675 = AXIS2_PLACEMENT_3D('',#5676,#5677,#5678);
#5676 = CARTESIAN_POINT('',(-385.1769960592,-147.2322024996,
    631.5440830708));
#5677 = DIRECTION('',(0.279886686107,-0.870758579,-0.404280768821));
#5678 = DIRECTION('',(-3.219646771413E-15,-0.421111306455,0.907008967748
    ));
#5679 = DEFINITIONAL_REPRESENTATION('',(#5680),#5684);
#5680 = LINE('',#5681,#5682);
#5681 = CARTESIAN_POINT('',(0.,0.));
#5682 = VECTOR('',#5683,1.);
#5683 = DIRECTION('',(1.,0.));
#5684 = ( GEOMETRIC_REPRESENTATION_CONTEXT(2)
PARAMETRIC_REPRESENTATION_CONTEXT() REPRESENTATION_CONTEXT('2D SPACE',''
  ) );
#5685 = ORIENTED_EDGE('',*,*,#5686,.T.);
#5686 = EDGE_CURVE('',#5658,#5687,#5689,.T.);
#5687 = VERTEX_POINT('',#5688);
#5688 = CARTESIAN_POINT('',(-366.5958137776,-235.1133641313,
    590.74211517039));
#5689 = SURFACE_CURVE('',#5690,(#5694,#5701),.PCURVE_S1.);
#5690 = LINE('',#5691,#5692);
#5691 = CARTESIAN_POINT('',(-396.6834511418,-141.5073812204,
    634.20203580759));
#5692 = VECTOR('',#5693,1.);
#5693 = DIRECTION('',(0.279886686107,-0.870758579,-0.404280768821));
#5694 = PCURVE('',#5559,#5695);
#5695 = DEFINITIONAL_REPRESENTATION('',(#5696),#5700);
#5696 = LINE('',#5697,#5698);
#5697 = CARTESIAN_POINT('',(1.570796326795,0.));
#5698 = VECTOR('',#5699,1.);
#5699 = DIRECTION('',(0.,1.));
#5700 = ( GEOMETRIC_REPRESENTATION_CONTEXT(2)
PARAMETRIC_REPRESENTATION_CONTEXT() REPRESENTATION_CONTEXT('2D SPACE',''
  ) );
#5701 = PCURVE('',#5702,#5707);
#5702 = PLANE('',#5703);
#5703 = AXIS2_PLACEMENT_3D('',#5704,#5705,#5706);
#5704 = CARTESIAN_POINT('',(-396.6834511418,-145.4152941443,
    642.6190790283));
#5705 = DIRECTION('',(0.960033042629,0.253859734252,0.117863448046));
#5706 = DIRECTION('',(0.279886686107,-0.870758579,-0.404280768821));
#5707 = DEFINITIONAL_REPRESENTATION('',(#5708),#5712);
#5708 = LINE('',#5709,#5710);
#5709 = CARTESIAN_POINT('',(2.84217094304E-14,9.28));
#5710 = VECTOR('',#5711,1.);
#5711 = DIRECTION('',(1.,5.551115123126E-17));
#5712 = ( GEOMETRIC_REPRESENTATION_CONTEXT(2)
PARAMETRIC_REPRESENTATION_CONTEXT() REPRESENTATION_CONTEXT('2D SPACE',''
  ) );
#5713 = ORIENTED_EDGE('',*,*,#5714,.F.);
#5714 = EDGE_CURVE('',#5539,#5687,#5715,.T.);
#5715 = SURFACE_CURVE('',#5716,(#5721,#5728),.PCURVE_S1.);
#5716 = CIRCLE('',#5717,9.28);
#5717 = AXIS2_PLACEMENT_3D('',#5718,#5719,#5720);
#5718 = CARTESIAN_POINT('',(-357.686707142,-232.7575457974,
    591.83588796825));
#5719 = DIRECTION('',(0.279886686107,-0.870758579,-0.404280768821));
#5720 = DIRECTION('',(-2.470246229791E-15,-0.421111306455,0.907008967748
    ));
#5721 = PCURVE('',#5559,#5722);
#5722 = DEFINITIONAL_REPRESENTATION('',(#5723),#5727);
#5723 = LINE('',#5724,#5725);
#5724 = CARTESIAN_POINT('',(1.225073682345E-14,107.49935190813));
#5725 = VECTOR('',#5726,1.);
#5726 = DIRECTION('',(1.,0.));
#5727 = ( GEOMETRIC_REPRESENTATION_CONTEXT(2)
PARAMETRIC_REPRESENTATION_CONTEXT() REPRESENTATION_CONTEXT('2D SPACE',''
  ) );
#5728 = PCURVE('',#5729,#5734);
#5729 = SPHERICAL_SURFACE('',#5730,9.28);
#5730 = AXIS2_PLACEMENT_3D('',#5731,#5732,#5733);
#5731 = CARTESIAN_POINT('',(-357.686707142,-232.7575457974,
    591.83588796825));
#5732 = DIRECTION('',(-0.279886686107,0.870758579,0.404280768821));
#5733 = DIRECTION('',(-2.470246229791E-15,-0.421111306455,0.907008967748
    ));
#5734 = DEFINITIONAL_REPRESENTATION('',(#5735),#5739);
#5735 = LINE('',#5736,#5737);
#5736 = CARTESIAN_POINT('',(-0.,0.));
#5737 = VECTOR('',#5738,1.);
#5738 = DIRECTION('',(-1.,0.));
#5739 = ( GEOMETRIC_REPRESENTATION_CONTEXT(2)
PARAMETRIC_REPRESENTATION_CONTEXT() REPRESENTATION_CONTEXT('2D SPACE',''
  ) );
#5740 = ADVANCED_FACE('',(#5741),#5587,.T.);
#5741 = FACE_BOUND('',#5742,.F.);
#5742 = EDGE_LOOP('',(#5743,#5765,#5793,#5818));
#5743 = ORIENTED_EDGE('',*,*,#5744,.F.);
#5744 = EDGE_CURVE('',#5745,#5537,#5747,.T.);
#5745 = VERTEX_POINT('',#5746);
#5746 = CARTESIAN_POINT('',(-387.7743445062,-139.1515628865,
    635.29580860546));
#5747 = SURFACE_CURVE('',#5748,(#5753,#5759),.PCURVE_S1.);
#5748 = CIRCLE('',#5749,9.28);
#5749 = AXIS2_PLACEMENT_3D('',#5750,#5751,#5752);
#5750 = CARTESIAN_POINT('',(-385.1769960592,-147.2322024996,
    631.5440830708));
#5751 = DIRECTION('',(0.960033042629,0.253859734252,0.117863448046));
#5752 = DIRECTION('',(-3.205768983605E-15,-0.421111306455,0.907008967748
    ));
#5753 = PCURVE('',#5587,#5754);
#5754 = DEFINITIONAL_REPRESENTATION('',(#5755),#5758);
#5755 = B_SPLINE_CURVE_WITH_KNOTS('',1,(#5756,#5757),.UNSPECIFIED.,.F.,
  .F.,(2,2),(4.712388980385,6.28318530718),.PIECEWISE_BEZIER_KNOTS.);
#5756 = CARTESIAN_POINT('',(-1.570796326795,9.28));
#5757 = CARTESIAN_POINT('',(0.,9.28));
#5758 = ( GEOMETRIC_REPRESENTATION_CONTEXT(2)
PARAMETRIC_REPRESENTATION_CONTEXT() REPRESENTATION_CONTEXT('2D SPACE',''
  ) );
#5759 = PCURVE('',#5674,#5760);
#5760 = DEFINITIONAL_REPRESENTATION('',(#5761),#5764);
#5761 = B_SPLINE_CURVE_WITH_KNOTS('',1,(#5762,#5763),.UNSPECIFIED.,.F.,
  .F.,(2,2),(4.712388980385,6.28318530718),.PIECEWISE_BEZIER_KNOTS.);
#5762 = CARTESIAN_POINT('',(0.,-1.570796326795));
#5763 = CARTESIAN_POINT('',(0.,0.));
#5764 = ( GEOMETRIC_REPRESENTATION_CONTEXT(2)
PARAMETRIC_REPRESENTATION_CONTEXT() REPRESENTATION_CONTEXT('2D SPACE',''
  ) );
#5765 = ORIENTED_EDGE('',*,*,#5766,.T.);
#5766 = EDGE_CURVE('',#5745,#5767,#5769,.T.);
#5767 = VERTEX_POINT('',#5768);
#5768 = CARTESIAN_POINT('',(-349.9106413049,-129.1393349676,
    639.94434299638));
#5769 = SURFACE_CURVE('',#5770,(#5774,#5781),.PCURVE_S1.);
#5770 = LINE('',#5771,#5772);
#5771 = CARTESIAN_POINT('',(-396.6834511418,-141.5073812204,
    634.20203580759));
#5772 = VECTOR('',#5773,1.);
#5773 = DIRECTION('',(0.960033042629,0.253859734252,0.117863448046));
#5774 = PCURVE('',#5587,#5775);
#5775 = DEFINITIONAL_REPRESENTATION('',(#5776),#5780);
#5776 = LINE('',#5777,#5778);
#5777 = CARTESIAN_POINT('',(-1.570796326795,0.));
#5778 = VECTOR('',#5779,1.);
#5779 = DIRECTION('',(-0.,1.));
#5780 = ( GEOMETRIC_REPRESENTATION_CONTEXT(2)
PARAMETRIC_REPRESENTATION_CONTEXT() REPRESENTATION_CONTEXT('2D SPACE',''
  ) );
#5781 = PCURVE('',#5782,#5787);
#5782 = PLANE('',#5783);
#5783 = AXIS2_PLACEMENT_3D('',#5784,#5785,#5786);
#5784 = CARTESIAN_POINT('',(-396.6834511418,-145.4152941443,
    642.6190790283));
#5785 = DIRECTION('',(0.279886686107,-0.870758579,-0.404280768821));
#5786 = DIRECTION('',(1.387778780781E-17,0.421111306455,-0.907008967748)
  );
#5787 = DEFINITIONAL_REPRESENTATION('',(#5788),#5792);
#5788 = LINE('',#5789,#5790);
#5789 = CARTESIAN_POINT('',(9.28,0.));
#5790 = VECTOR('',#5791,1.);
#5791 = DIRECTION('',(0.,1.));
#5792 = ( GEOMETRIC_REPRESENTATION_CONTEXT(2)
PARAMETRIC_REPRESENTATION_CONTEXT() REPRESENTATION_CONTEXT('2D SPACE',''
  ) );
#5793 = ORIENTED_EDGE('',*,*,#5794,.T.);
#5794 = EDGE_CURVE('',#5767,#5572,#5795,.T.);
#5795 = SURFACE_CURVE('',#5796,(#5801,#5807),.PCURVE_S1.);
#5796 = CIRCLE('',#5797,9.28);
#5797 = AXIS2_PLACEMENT_3D('',#5798,#5799,#5800);
#5798 = CARTESIAN_POINT('',(-347.3132928579,-137.2199745807,
    636.19261746172));
#5799 = DIRECTION('',(0.960033042629,0.253859734252,0.117863448046));
#5800 = DIRECTION('',(-8.118505867571E-15,-0.421111306455,0.907008967748
    ));
#5801 = PCURVE('',#5587,#5802);
#5802 = DEFINITIONAL_REPRESENTATION('',(#5803),#5806);
#5803 = B_SPLINE_CURVE_WITH_KNOTS('',1,(#5804,#5805),.UNSPECIFIED.,.F.,
  .F.,(2,2),(4.712388980385,6.28318530718),.PIECEWISE_BEZIER_KNOTS.);
#5804 = CARTESIAN_POINT('',(-1.570796326795,48.72));
#5805 = CARTESIAN_POINT('',(0.,48.72));
#5806 = ( GEOMETRIC_REPRESENTATION_CONTEXT(2)
PARAMETRIC_REPRESENTATION_CONTEXT() REPRESENTATION_CONTEXT('2D SPACE',''
  ) );
#5807 = PCURVE('',#5808,#5813);
#5808 = SPHERICAL_SURFACE('',#5809,9.28);
#5809 = AXIS2_PLACEMENT_3D('',#5810,#5811,#5812);
#5810 = CARTESIAN_POINT('',(-347.3132928579,-137.2199745807,
    636.19261746172));
#5811 = DIRECTION('',(0.279886686107,-0.870758579,-0.404280768821));
#5812 = DIRECTION('',(-8.118505867571E-15,-0.421111306455,0.907008967748
    ));
#5813 = DEFINITIONAL_REPRESENTATION('',(#5814),#5817);
#5814 = B_SPLINE_CURVE_WITH_KNOTS('',1,(#5815,#5816),.UNSPECIFIED.,.F.,
  .F.,(2,2),(4.712388980385,6.28318530718),.PIECEWISE_BEZIER_KNOTS.);
#5815 = CARTESIAN_POINT('',(0.,-1.570796326795));
#5816 = CARTESIAN_POINT('',(0.,0.));
#5817 = ( GEOMETRIC_REPRESENTATION_CONTEXT(2)
PARAMETRIC_REPRESENTATION_CONTEXT() REPRESENTATION_CONTEXT('2D SPACE',''
  ) );
#5818 = ORIENTED_EDGE('',*,*,#5571,.F.);
#5819 = ADVANCED_FACE('',(#5820),#5641,.T.);
#5820 = FACE_BOUND('',#5821,.T.);
#5821 = EDGE_LOOP('',(#5822,#5844,#5872,#5899));
#5822 = ORIENTED_EDGE('',*,*,#5823,.F.);
#5823 = EDGE_CURVE('',#5824,#5539,#5826,.T.);
#5824 = VERTEX_POINT('',#5825);
#5825 = CARTESIAN_POINT('',(-355.089358695,-240.8381854105,
    588.08416243359));
#5826 = SURFACE_CURVE('',#5827,(#5832,#5838),.PCURVE_S1.);
#5827 = CIRCLE('',#5828,9.28);
#5828 = AXIS2_PLACEMENT_3D('',#5829,#5830,#5831);
#5829 = CARTESIAN_POINT('',(-357.686707142,-232.7575457974,
    591.83588796825));
#5830 = DIRECTION('',(-0.960033042629,-0.253859734252,-0.117863448046));
#5831 = DIRECTION('',(-2.470246229791E-15,-0.421111306455,0.907008967748
    ));
#5832 = PCURVE('',#5641,#5833);
#5833 = DEFINITIONAL_REPRESENTATION('',(#5834),#5837);
#5834 = B_SPLINE_CURVE_WITH_KNOTS('',1,(#5835,#5836),.UNSPECIFIED.,.F.,
  .F.,(2,2),(4.712388980385,6.28318530718),.PIECEWISE_BEZIER_KNOTS.);
#5835 = CARTESIAN_POINT('',(1.570796326795,9.28));
#5836 = CARTESIAN_POINT('',(0.,9.28));
#5837 = ( GEOMETRIC_REPRESENTATION_CONTEXT(2)
PARAMETRIC_REPRESENTATION_CONTEXT() REPRESENTATION_CONTEXT('2D SPACE',''
  ) );
#5838 = PCURVE('',#5729,#5839);
#5839 = DEFINITIONAL_REPRESENTATION('',(#5840),#5843);
#5840 = B_SPLINE_CURVE_WITH_KNOTS('',1,(#5841,#5842),.UNSPECIFIED.,.F.,
  .F.,(2,2),(4.712388980385,6.28318530718),.PIECEWISE_BEZIER_KNOTS.);
#5841 = CARTESIAN_POINT('',(0.,-1.570796326795));
#5842 = CARTESIAN_POINT('',(0.,0.));
#5843 = ( GEOMETRIC_REPRESENTATION_CONTEXT(2)
PARAMETRIC_REPRESENTATION_CONTEXT() REPRESENTATION_CONTEXT('2D SPACE',''
  ) );
#5844 = ORIENTED_EDGE('',*,*,#5845,.T.);
#5845 = EDGE_CURVE('',#5824,#5846,#5848,.T.);
#5846 = VERTEX_POINT('',#5847);
#5847 = CARTESIAN_POINT('',(-317.2256554937,-230.8259574916,
    592.73269682452));
#5848 = SURFACE_CURVE('',#5849,(#5853,#5860),.PCURVE_S1.);
#5849 = LINE('',#5850,#5851);
#5850 = CARTESIAN_POINT('',(-363.9984653306,-243.1940037444,
    586.99038963573));
#5851 = VECTOR('',#5852,1.);
#5852 = DIRECTION('',(0.960033042629,0.253859734252,0.117863448046));
#5853 = PCURVE('',#5641,#5854);
#5854 = DEFINITIONAL_REPRESENTATION('',(#5855),#5859);
#5855 = LINE('',#5856,#5857);
#5856 = CARTESIAN_POINT('',(1.570796326795,0.));
#5857 = VECTOR('',#5858,1.);
#5858 = DIRECTION('',(0.,1.));
#5859 = ( GEOMETRIC_REPRESENTATION_CONTEXT(2)
PARAMETRIC_REPRESENTATION_CONTEXT() REPRESENTATION_CONTEXT('2D SPACE',''
  ) );
#5860 = PCURVE('',#5861,#5866);
#5861 = PLANE('',#5862);
#5862 = AXIS2_PLACEMENT_3D('',#5863,#5864,#5865);
#5863 = CARTESIAN_POINT('',(-363.9984653306,-247.1019166683,
    595.40743285643));
#5864 = DIRECTION('',(0.279886686107,-0.870758579,-0.404280768821));
#5865 = DIRECTION('',(1.387778780781E-17,0.421111306455,-0.907008967748)
  );
#5866 = DEFINITIONAL_REPRESENTATION('',(#5867),#5871);
#5867 = LINE('',#5868,#5869);
#5868 = CARTESIAN_POINT('',(9.28,0.));
#5869 = VECTOR('',#5870,1.);
#5870 = DIRECTION('',(0.,1.));
#5871 = ( GEOMETRIC_REPRESENTATION_CONTEXT(2)
PARAMETRIC_REPRESENTATION_CONTEXT() REPRESENTATION_CONTEXT('2D SPACE',''
  ) );
#5872 = ORIENTED_EDGE('',*,*,#5873,.F.);
#5873 = EDGE_CURVE('',#5600,#5846,#5874,.T.);
#5874 = SURFACE_CURVE('',#5875,(#5880,#5887),.PCURVE_S1.);
#5875 = CIRCLE('',#5876,9.28);
#5876 = AXIS2_PLACEMENT_3D('',#5877,#5878,#5879);
#5877 = CARTESIAN_POINT('',(-319.8230039407,-222.7453178785,
    596.48442235918));
#5878 = DIRECTION('',(0.960033042629,0.253859734252,0.117863448046));
#5879 = DIRECTION('',(-1.942890293094E-15,-0.421111306455,0.907008967748
    ));
#5880 = PCURVE('',#5641,#5881);
#5881 = DEFINITIONAL_REPRESENTATION('',(#5882),#5886);
#5882 = LINE('',#5883,#5884);
#5883 = CARTESIAN_POINT('',(0.,48.72));
#5884 = VECTOR('',#5885,1.);
#5885 = DIRECTION('',(1.,0.));
#5886 = ( GEOMETRIC_REPRESENTATION_CONTEXT(2)
PARAMETRIC_REPRESENTATION_CONTEXT() REPRESENTATION_CONTEXT('2D SPACE',''
  ) );
#5887 = PCURVE('',#5888,#5893);
#5888 = SPHERICAL_SURFACE('',#5889,9.28);
#5889 = AXIS2_PLACEMENT_3D('',#5890,#5891,#5892);
#5890 = CARTESIAN_POINT('',(-319.8230039407,-222.7453178785,
    596.48442235918));
#5891 = DIRECTION('',(-0.960033042629,-0.253859734252,-0.117863448046));
#5892 = DIRECTION('',(-1.942890293094E-15,-0.421111306455,0.907008967748
    ));
#5893 = DEFINITIONAL_REPRESENTATION('',(#5894),#5898);
#5894 = LINE('',#5895,#5896);
#5895 = CARTESIAN_POINT('',(-0.,0.));
#5896 = VECTOR('',#5897,1.);
#5897 = DIRECTION('',(-1.,0.));
#5898 = ( GEOMETRIC_REPRESENTATION_CONTEXT(2)
PARAMETRIC_REPRESENTATION_CONTEXT() REPRESENTATION_CONTEXT('2D SPACE',''
  ) );
#5899 = ORIENTED_EDGE('',*,*,#5627,.F.);
#5900 = ADVANCED_FACE('',(#5901),#5615,.T.);
#5901 = FACE_BOUND('',#5902,.F.);
#5902 = EDGE_LOOP('',(#5903,#5904,#5928,#5956));
#5903 = ORIENTED_EDGE('',*,*,#5599,.F.);
#5904 = ORIENTED_EDGE('',*,*,#5905,.T.);
#5905 = EDGE_CURVE('',#5572,#5906,#5908,.T.);
#5906 = VERTEX_POINT('',#5907);
#5907 = CARTESIAN_POINT('',(-338.4041862223,-134.8641562468,
    637.28639025959));
#5908 = SURFACE_CURVE('',#5909,(#5914,#5921),.PCURVE_S1.);
#5909 = CIRCLE('',#5910,9.28);
#5910 = AXIS2_PLACEMENT_3D('',#5911,#5912,#5913);
#5911 = CARTESIAN_POINT('',(-347.3132928579,-137.2199745807,
    636.19261746172));
#5912 = DIRECTION('',(-0.279886686107,0.870758579,0.404280768821));
#5913 = DIRECTION('',(-8.118505867571E-15,-0.421111306455,0.907008967748
    ));
#5914 = PCURVE('',#5615,#5915);
#5915 = DEFINITIONAL_REPRESENTATION('',(#5916),#5920);
#5916 = LINE('',#5917,#5918);
#5917 = CARTESIAN_POINT('',(-0.,9.28));
#5918 = VECTOR('',#5919,1.);
#5919 = DIRECTION('',(-1.,0.));
#5920 = ( GEOMETRIC_REPRESENTATION_CONTEXT(2)
PARAMETRIC_REPRESENTATION_CONTEXT() REPRESENTATION_CONTEXT('2D SPACE',''
  ) );
#5921 = PCURVE('',#5808,#5922);
#5922 = DEFINITIONAL_REPRESENTATION('',(#5923),#5927);
#5923 = LINE('',#5924,#5925);
#5924 = CARTESIAN_POINT('',(-0.,0.));
#5925 = VECTOR('',#5926,1.);
#5926 = DIRECTION('',(-1.,0.));
#5927 = ( GEOMETRIC_REPRESENTATION_CONTEXT(2)
PARAMETRIC_REPRESENTATION_CONTEXT() REPRESENTATION_CONTEXT('2D SPACE',''
  ) );
#5928 = ORIENTED_EDGE('',*,*,#5929,.T.);
#5929 = EDGE_CURVE('',#5906,#5930,#5932,.T.);
#5930 = VERTEX_POINT('',#5931);
#5931 = CARTESIAN_POINT('',(-310.9138973051,-220.3894995446,
    597.57819515704));
#5932 = SURFACE_CURVE('',#5933,(#5937,#5944),.PCURVE_S1.);
#5933 = LINE('',#5934,#5935);
#5934 = CARTESIAN_POINT('',(-341.0015346693,-126.7835166337,
    641.03811579425));
#5935 = VECTOR('',#5936,1.);
#5936 = DIRECTION('',(0.279886686107,-0.870758579,-0.404280768821));
#5937 = PCURVE('',#5615,#5938);
#5938 = DEFINITIONAL_REPRESENTATION('',(#5939),#5943);
#5939 = LINE('',#5940,#5941);
#5940 = CARTESIAN_POINT('',(-1.570796326795,0.));
#5941 = VECTOR('',#5942,1.);
#5942 = DIRECTION('',(-0.,1.));
#5943 = ( GEOMETRIC_REPRESENTATION_CONTEXT(2)
PARAMETRIC_REPRESENTATION_CONTEXT() REPRESENTATION_CONTEXT('2D SPACE',''
  ) );
#5944 = PCURVE('',#5945,#5950);
#5945 = PLANE('',#5946);
#5946 = AXIS2_PLACEMENT_3D('',#5947,#5948,#5949);
#5947 = CARTESIAN_POINT('',(-341.0015346693,-130.6914295576,
    649.45515901495));
#5948 = DIRECTION('',(0.960033042629,0.253859734252,0.117863448046));
#5949 = DIRECTION('',(0.279886686107,-0.870758579,-0.404280768821));
#5950 = DEFINITIONAL_REPRESENTATION('',(#5951),#5955);
#5951 = LINE('',#5952,#5953);
#5952 = CARTESIAN_POINT('',(5.684341886081E-14,9.28));
#5953 = VECTOR('',#5954,1.);
#5954 = DIRECTION('',(1.,5.551115123126E-17));
#5955 = ( GEOMETRIC_REPRESENTATION_CONTEXT(2)
PARAMETRIC_REPRESENTATION_CONTEXT() REPRESENTATION_CONTEXT('2D SPACE',''
  ) );
#5956 = ORIENTED_EDGE('',*,*,#5957,.T.);
#5957 = EDGE_CURVE('',#5930,#5600,#5958,.T.);
#5958 = SURFACE_CURVE('',#5959,(#5964,#5970),.PCURVE_S1.);
#5959 = CIRCLE('',#5960,9.28);
#5960 = AXIS2_PLACEMENT_3D('',#5961,#5962,#5963);
#5961 = CARTESIAN_POINT('',(-319.8230039407,-222.7453178785,
    596.48442235918));
#5962 = DIRECTION('',(0.279886686107,-0.870758579,-0.404280768821));
#5963 = DIRECTION('',(-1.97064586871E-15,-0.421111306455,0.907008967748)
  );
#5964 = PCURVE('',#5615,#5965);
#5965 = DEFINITIONAL_REPRESENTATION('',(#5966),#5969);
#5966 = B_SPLINE_CURVE_WITH_KNOTS('',1,(#5967,#5968),.UNSPECIFIED.,.F.,
  .F.,(2,2),(4.712388980385,6.28318530718),.PIECEWISE_BEZIER_KNOTS.);
#5967 = CARTESIAN_POINT('',(-1.570796326795,107.49935190813));
#5968 = CARTESIAN_POINT('',(0.,107.49935190813));
#5969 = ( GEOMETRIC_REPRESENTATION_CONTEXT(2)
PARAMETRIC_REPRESENTATION_CONTEXT() REPRESENTATION_CONTEXT('2D SPACE',''
  ) );
#5970 = PCURVE('',#5888,#5971);
#5971 = DEFINITIONAL_REPRESENTATION('',(#5972),#5975);
#5972 = B_SPLINE_CURVE_WITH_KNOTS('',1,(#5973,#5974),.UNSPECIFIED.,.F.,
  .F.,(2,2),(4.712388980385,6.28318530718),.PIECEWISE_BEZIER_KNOTS.);
#5973 = CARTESIAN_POINT('',(0.,-1.570796326795));
#5974 = CARTESIAN_POINT('',(0.,0.));
#5975 = ( GEOMETRIC_REPRESENTATION_CONTEXT(2)
PARAMETRIC_REPRESENTATION_CONTEXT() REPRESENTATION_CONTEXT('2D SPACE',''
  ) );
#5976 = ADVANCED_FACE('',(#5977),#5674,.T.);
#5977 = FACE_BOUND('',#5978,.T.);
#5978 = EDGE_LOOP('',(#5979,#5980,#6005));
#5979 = ORIENTED_EDGE('',*,*,#5744,.F.);
#5980 = ORIENTED_EDGE('',*,*,#5981,.T.);
#5981 = EDGE_CURVE('',#5745,#5658,#5982,.T.);
#5982 = SURFACE_CURVE('',#5983,(#5988,#5994),.PCURVE_S1.);
#5983 = CIRCLE('',#5984,9.28);
#5984 = AXIS2_PLACEMENT_3D('',#5985,#5986,#5987);
#5985 = CARTESIAN_POINT('',(-385.1769960592,-147.2322024996,
    631.5440830708));
#5986 = DIRECTION('',(-3.400058012915E-15,-0.421111306455,0.907008967748
    ));
#5987 = DIRECTION('',(-0.960033042629,-0.253859734252,-0.117863448046));
#5988 = PCURVE('',#5674,#5989);
#5989 = DEFINITIONAL_REPRESENTATION('',(#5990),#5993);
#5990 = B_SPLINE_CURVE_WITH_KNOTS('',1,(#5991,#5992),.UNSPECIFIED.,.F.,
  .F.,(2,2),(4.712388980385,6.28318530718),.PIECEWISE_BEZIER_KNOTS.);
#5991 = CARTESIAN_POINT('',(1.570796326795,-1.570796326795));
#5992 = CARTESIAN_POINT('',(1.570796326795,0.));
#5993 = ( GEOMETRIC_REPRESENTATION_CONTEXT(2)
PARAMETRIC_REPRESENTATION_CONTEXT() REPRESENTATION_CONTEXT('2D SPACE',''
  ) );
#5994 = PCURVE('',#5995,#6000);
#5995 = CYLINDRICAL_SURFACE('',#5996,9.28);
#5996 = AXIS2_PLACEMENT_3D('',#5997,#5998,#5999);
#5997 = CARTESIAN_POINT('',(-385.1769960592,-151.1401154235,
    639.9611262915));
#5998 = DIRECTION('',(1.387778780781E-17,0.421111306455,-0.907008967748)
  );
#5999 = DIRECTION('',(-0.960033042629,-0.253859734252,-0.117863448046));
#6000 = DEFINITIONAL_REPRESENTATION('',(#6001),#6004);
#6001 = B_SPLINE_CURVE_WITH_KNOTS('',1,(#6002,#6003),.UNSPECIFIED.,.F.,
  .F.,(2,2),(4.712388980385,6.28318530718),.PIECEWISE_BEZIER_KNOTS.);
#6002 = CARTESIAN_POINT('',(1.570796326795,9.28));
#6003 = CARTESIAN_POINT('',(0.,9.28));
#6004 = ( GEOMETRIC_REPRESENTATION_CONTEXT(2)
PARAMETRIC_REPRESENTATION_CONTEXT() REPRESENTATION_CONTEXT('2D SPACE',''
  ) );
#6005 = ORIENTED_EDGE('',*,*,#5657,.F.);
#6006 = ADVANCED_FACE('',(#6007),#5729,.T.);
#6007 = FACE_BOUND('',#6008,.F.);
#6008 = EDGE_LOOP('',(#6009,#6010,#6035));
#6009 = ORIENTED_EDGE('',*,*,#5823,.F.);
#6010 = ORIENTED_EDGE('',*,*,#6011,.T.);
#6011 = EDGE_CURVE('',#5824,#5687,#6012,.T.);
#6012 = SURFACE_CURVE('',#6013,(#6018,#6024),.PCURVE_S1.);
#6013 = CIRCLE('',#6014,9.28);
#6014 = AXIS2_PLACEMENT_3D('',#6015,#6016,#6017);
#6015 = CARTESIAN_POINT('',(-357.686707142,-232.7575457974,
    591.83588796825));
#6016 = DIRECTION('',(7.507883204028E-15,0.421111306455,-0.907008967748)
  );
#6017 = DIRECTION('',(-0.960033042629,-0.253859734252,-0.117863448046));
#6018 = PCURVE('',#5729,#6019);
#6019 = DEFINITIONAL_REPRESENTATION('',(#6020),#6023);
#6020 = B_SPLINE_CURVE_WITH_KNOTS('',1,(#6021,#6022),.UNSPECIFIED.,.F.,
  .F.,(2,2),(4.712388980385,6.28318530718),.PIECEWISE_BEZIER_KNOTS.);
#6021 = CARTESIAN_POINT('',(-1.570796326795,-1.570796326795));
#6022 = CARTESIAN_POINT('',(-1.570796326795,0.));
#6023 = ( GEOMETRIC_REPRESENTATION_CONTEXT(2)
PARAMETRIC_REPRESENTATION_CONTEXT() REPRESENTATION_CONTEXT('2D SPACE',''
  ) );
#6024 = PCURVE('',#6025,#6030);
#6025 = CYLINDRICAL_SURFACE('',#6026,9.28);
#6026 = AXIS2_PLACEMENT_3D('',#6027,#6028,#6029);
#6027 = CARTESIAN_POINT('',(-357.686707142,-236.6654587213,
    600.25293118896));
#6028 = DIRECTION('',(1.387778780781E-17,0.421111306455,-0.907008967748)
  );
#6029 = DIRECTION('',(-0.960033042629,-0.253859734252,-0.117863448046));
#6030 = DEFINITIONAL_REPRESENTATION('',(#6031),#6034);
#6031 = B_SPLINE_CURVE_WITH_KNOTS('',1,(#6032,#6033),.UNSPECIFIED.,.F.,
  .F.,(2,2),(4.712388980385,6.28318530718),.PIECEWISE_BEZIER_KNOTS.);
#6032 = CARTESIAN_POINT('',(-1.570796326795,9.28));
#6033 = CARTESIAN_POINT('',(0.,9.28));
#6034 = ( GEOMETRIC_REPRESENTATION_CONTEXT(2)
PARAMETRIC_REPRESENTATION_CONTEXT() REPRESENTATION_CONTEXT('2D SPACE',''
  ) );
#6035 = ORIENTED_EDGE('',*,*,#5714,.F.);
#6036 = ADVANCED_FACE('',(#6037),#5702,.F.);
#6037 = FACE_BOUND('',#6038,.F.);
#6038 = EDGE_LOOP('',(#6039,#6040,#6063,#6091));
#6039 = ORIENTED_EDGE('',*,*,#5686,.T.);
#6040 = ORIENTED_EDGE('',*,*,#6041,.T.);
#6041 = EDGE_CURVE('',#5687,#6042,#6044,.T.);
#6042 = VERTEX_POINT('',#6043);
#6043 = CARTESIAN_POINT('',(-366.5958137776,-215.1358437531,
    547.7136097404));
#6044 = SURFACE_CURVE('',#6045,(#6049,#6056),.PCURVE_S1.);
#6045 = LINE('',#6046,#6047);
#6046 = CARTESIAN_POINT('',(-366.5958137776,-239.0212770552,
    599.15915839109));
#6047 = VECTOR('',#6048,1.);
#6048 = DIRECTION('',(1.387778780781E-17,0.421111306455,-0.907008967748)
  );
#6049 = PCURVE('',#5702,#6050);
#6050 = DEFINITIONAL_REPRESENTATION('',(#6051),#6055);
#6051 = LINE('',#6052,#6053);
#6052 = CARTESIAN_POINT('',(107.49935190813,2.273736754432E-13));
#6053 = VECTOR('',#6054,1.);
#6054 = DIRECTION('',(5.551115123126E-17,1.));
#6055 = ( GEOMETRIC_REPRESENTATION_CONTEXT(2)
PARAMETRIC_REPRESENTATION_CONTEXT() REPRESENTATION_CONTEXT('2D SPACE',''
  ) );
#6056 = PCURVE('',#6025,#6057);
#6057 = DEFINITIONAL_REPRESENTATION('',(#6058),#6062);
#6058 = LINE('',#6059,#6060);
#6059 = CARTESIAN_POINT('',(-0.,0.));
#6060 = VECTOR('',#6061,1.);
#6061 = DIRECTION('',(-0.,1.));
#6062 = ( GEOMETRIC_REPRESENTATION_CONTEXT(2)
PARAMETRIC_REPRESENTATION_CONTEXT() REPRESENTATION_CONTEXT('2D SPACE',''
  ) );
#6063 = ORIENTED_EDGE('',*,*,#6064,.F.);
#6064 = EDGE_CURVE('',#6065,#6042,#6067,.T.);
#6065 = VERTEX_POINT('',#6066);
#6066 = CARTESIAN_POINT('',(-394.0861026948,-129.6105004553,
    587.42180484295));
#6067 = SURFACE_CURVE('',#6068,(#6072,#6079),.PCURVE_S1.);
#6068 = LINE('',#6069,#6070);
#6069 = CARTESIAN_POINT('',(-396.6834511418,-121.5298608422,
    591.17353037761));
#6070 = VECTOR('',#6071,1.);
#6071 = DIRECTION('',(0.279886686107,-0.870758579,-0.404280768821));
#6072 = PCURVE('',#5702,#6073);
#6073 = DEFINITIONAL_REPRESENTATION('',(#6074),#6078);
#6074 = LINE('',#6075,#6076);
#6075 = CARTESIAN_POINT('',(2.84217094304E-14,56.72));
#6076 = VECTOR('',#6077,1.);
#6077 = DIRECTION('',(1.,5.551115123126E-17));
#6078 = ( GEOMETRIC_REPRESENTATION_CONTEXT(2)
PARAMETRIC_REPRESENTATION_CONTEXT() REPRESENTATION_CONTEXT('2D SPACE',''
  ) );
#6079 = PCURVE('',#6080,#6085);
#6080 = CYLINDRICAL_SURFACE('',#6081,9.28);
#6081 = AXIS2_PLACEMENT_3D('',#6082,#6083,#6084);
#6082 = CARTESIAN_POINT('',(-387.7743445062,-119.1740425083,
    592.26730317547));
#6083 = DIRECTION('',(0.279886686107,-0.870758579,-0.404280768821));
#6084 = DIRECTION('',(1.387778780781E-17,0.421111306455,-0.907008967748)
  );
#6085 = DEFINITIONAL_REPRESENTATION('',(#6086),#6090);
#6086 = LINE('',#6087,#6088);
#6087 = CARTESIAN_POINT('',(-1.570796326795,0.));
#6088 = VECTOR('',#6089,1.);
#6089 = DIRECTION('',(-0.,1.));
#6090 = ( GEOMETRIC_REPRESENTATION_CONTEXT(2)
PARAMETRIC_REPRESENTATION_CONTEXT() REPRESENTATION_CONTEXT('2D SPACE',''
  ) );
#6091 = ORIENTED_EDGE('',*,*,#6092,.F.);
#6092 = EDGE_CURVE('',#5658,#6065,#6093,.T.);
#6093 = SURFACE_CURVE('',#6094,(#6098,#6105),.PCURVE_S1.);
#6094 = LINE('',#6095,#6096);
#6095 = CARTESIAN_POINT('',(-394.0861026948,-153.4959337574,
    638.86735349364));
#6096 = VECTOR('',#6097,1.);
#6097 = DIRECTION('',(1.387778780781E-17,0.421111306455,-0.907008967748)
  );
#6098 = PCURVE('',#5702,#6099);
#6099 = DEFINITIONAL_REPRESENTATION('',(#6100),#6104);
#6100 = LINE('',#6101,#6102);
#6101 = CARTESIAN_POINT('',(9.28,1.136868377216E-13));
#6102 = VECTOR('',#6103,1.);
#6103 = DIRECTION('',(5.551115123126E-17,1.));
#6104 = ( GEOMETRIC_REPRESENTATION_CONTEXT(2)
PARAMETRIC_REPRESENTATION_CONTEXT() REPRESENTATION_CONTEXT('2D SPACE',''
  ) );
#6105 = PCURVE('',#5995,#6106);
#6106 = DEFINITIONAL_REPRESENTATION('',(#6107),#6111);
#6107 = LINE('',#6108,#6109);
#6108 = CARTESIAN_POINT('',(0.,0.));
#6109 = VECTOR('',#6110,1.);
#6110 = DIRECTION('',(0.,1.));
#6111 = ( GEOMETRIC_REPRESENTATION_CONTEXT(2)
PARAMETRIC_REPRESENTATION_CONTEXT() REPRESENTATION_CONTEXT('2D SPACE',''
  ) );
#6112 = ADVANCED_FACE('',(#6113),#5782,.F.);
#6113 = FACE_BOUND('',#6114,.F.);
#6114 = EDGE_LOOP('',(#6115,#6116,#6139,#6167));
#6115 = ORIENTED_EDGE('',*,*,#5766,.F.);
#6116 = ORIENTED_EDGE('',*,*,#6117,.T.);
#6117 = EDGE_CURVE('',#5745,#6118,#6120,.T.);
#6118 = VERTEX_POINT('',#6119);
#6119 = CARTESIAN_POINT('',(-387.7743445062,-119.1740425083,
    592.26730317547));
#6120 = SURFACE_CURVE('',#6121,(#6125,#6132),.PCURVE_S1.);
#6121 = LINE('',#6122,#6123);
#6122 = CARTESIAN_POINT('',(-387.7743445062,-143.0594758104,
    643.71285182616));
#6123 = VECTOR('',#6124,1.);
#6124 = DIRECTION('',(1.387778780781E-17,0.421111306455,-0.907008967748)
  );
#6125 = PCURVE('',#5782,#6126);
#6126 = DEFINITIONAL_REPRESENTATION('',(#6127),#6131);
#6127 = LINE('',#6128,#6129);
#6128 = CARTESIAN_POINT('',(2.273736754432E-13,9.28));
#6129 = VECTOR('',#6130,1.);
#6130 = DIRECTION('',(1.,0.));
#6131 = ( GEOMETRIC_REPRESENTATION_CONTEXT(2)
PARAMETRIC_REPRESENTATION_CONTEXT() REPRESENTATION_CONTEXT('2D SPACE',''
  ) );
#6132 = PCURVE('',#5995,#6133);
#6133 = DEFINITIONAL_REPRESENTATION('',(#6134),#6138);
#6134 = LINE('',#6135,#6136);
#6135 = CARTESIAN_POINT('',(1.570796326795,0.));
#6136 = VECTOR('',#6137,1.);
#6137 = DIRECTION('',(0.,1.));
#6138 = ( GEOMETRIC_REPRESENTATION_CONTEXT(2)
PARAMETRIC_REPRESENTATION_CONTEXT() REPRESENTATION_CONTEXT('2D SPACE',''
  ) );
#6139 = ORIENTED_EDGE('',*,*,#6140,.T.);
#6140 = EDGE_CURVE('',#6118,#6141,#6143,.T.);
#6141 = VERTEX_POINT('',#6142);
#6142 = CARTESIAN_POINT('',(-349.9106413049,-109.1618145894,
    596.9158375664));
#6143 = SURFACE_CURVE('',#6144,(#6148,#6155),.PCURVE_S1.);
#6144 = LINE('',#6145,#6146);
#6145 = CARTESIAN_POINT('',(-396.6834511418,-121.5298608422,
    591.17353037761));
#6146 = VECTOR('',#6147,1.);
#6147 = DIRECTION('',(0.960033042629,0.253859734252,0.117863448046));
#6148 = PCURVE('',#5782,#6149);
#6149 = DEFINITIONAL_REPRESENTATION('',(#6150),#6154);
#6150 = LINE('',#6151,#6152);
#6151 = CARTESIAN_POINT('',(56.72,5.684341886081E-14));
#6152 = VECTOR('',#6153,1.);
#6153 = DIRECTION('',(0.,1.));
#6154 = ( GEOMETRIC_REPRESENTATION_CONTEXT(2)
PARAMETRIC_REPRESENTATION_CONTEXT() REPRESENTATION_CONTEXT('2D SPACE',''
  ) );
#6155 = PCURVE('',#6156,#6161);
#6156 = CYLINDRICAL_SURFACE('',#6157,9.28);
#6157 = AXIS2_PLACEMENT_3D('',#6158,#6159,#6160);
#6158 = CARTESIAN_POINT('',(-394.0861026948,-129.6105004553,
    587.42180484295));
#6159 = DIRECTION('',(0.960033042629,0.253859734252,0.117863448046));
#6160 = DIRECTION('',(0.,0.421111306455,-0.907008967748));
#6161 = DEFINITIONAL_REPRESENTATION('',(#6162),#6166);
#6162 = LINE('',#6163,#6164);
#6163 = CARTESIAN_POINT('',(1.570796326795,0.));
#6164 = VECTOR('',#6165,1.);
#6165 = DIRECTION('',(0.,1.));
#6166 = ( GEOMETRIC_REPRESENTATION_CONTEXT(2)
PARAMETRIC_REPRESENTATION_CONTEXT() REPRESENTATION_CONTEXT('2D SPACE',''
  ) );
#6167 = ORIENTED_EDGE('',*,*,#6168,.F.);
#6168 = EDGE_CURVE('',#5767,#6141,#6169,.T.);
#6169 = SURFACE_CURVE('',#6170,(#6174,#6181),.PCURVE_S1.);
#6170 = LINE('',#6171,#6172);
#6171 = CARTESIAN_POINT('',(-349.9106413049,-133.0472478915,
    648.36138621709));
#6172 = VECTOR('',#6173,1.);
#6173 = DIRECTION('',(1.387778780781E-17,0.421111306455,-0.907008967748)
  );
#6174 = PCURVE('',#5782,#6175);
#6175 = DEFINITIONAL_REPRESENTATION('',(#6176),#6180);
#6176 = LINE('',#6177,#6178);
#6177 = CARTESIAN_POINT('',(1.136868377216E-13,48.72));
#6178 = VECTOR('',#6179,1.);
#6179 = DIRECTION('',(1.,0.));
#6180 = ( GEOMETRIC_REPRESENTATION_CONTEXT(2)
PARAMETRIC_REPRESENTATION_CONTEXT() REPRESENTATION_CONTEXT('2D SPACE',''
  ) );
#6181 = PCURVE('',#6182,#6187);
#6182 = CYLINDRICAL_SURFACE('',#6183,9.28);
#6183 = AXIS2_PLACEMENT_3D('',#6184,#6185,#6186);
#6184 = CARTESIAN_POINT('',(-347.3132928579,-141.1278875046,
    644.60966068243));
#6185 = DIRECTION('',(1.387778780781E-17,0.421111306455,-0.907008967748)
  );
#6186 = DIRECTION('',(0.960033042629,0.253859734252,0.117863448046));
#6187 = DEFINITIONAL_REPRESENTATION('',(#6188),#6192);
#6188 = LINE('',#6189,#6190);
#6189 = CARTESIAN_POINT('',(-1.570796326795,0.));
#6190 = VECTOR('',#6191,1.);
#6191 = DIRECTION('',(-0.,1.));
#6192 = ( GEOMETRIC_REPRESENTATION_CONTEXT(2)
PARAMETRIC_REPRESENTATION_CONTEXT() REPRESENTATION_CONTEXT('2D SPACE',''
  ) );
#6193 = ADVANCED_FACE('',(#6194),#5808,.T.);
#6194 = FACE_BOUND('',#6195,.F.);
#6195 = EDGE_LOOP('',(#6196,#6197,#6217));
#6196 = ORIENTED_EDGE('',*,*,#5794,.F.);
#6197 = ORIENTED_EDGE('',*,*,#6198,.T.);
#6198 = EDGE_CURVE('',#5767,#5906,#6199,.T.);
#6199 = SURFACE_CURVE('',#6200,(#6205,#6211),.PCURVE_S1.);
#6200 = CIRCLE('',#6201,9.28);
#6201 = AXIS2_PLACEMENT_3D('',#6202,#6203,#6204);
#6202 = CARTESIAN_POINT('',(-347.3132928579,-137.2199745807,
    636.19261746172));
#6203 = DIRECTION('',(-8.076872504148E-15,0.421111306455,-0.907008967748
    ));
#6204 = DIRECTION('',(0.960033042629,0.253859734252,0.117863448046));
#6205 = PCURVE('',#5808,#6206);
#6206 = DEFINITIONAL_REPRESENTATION('',(#6207),#6210);
#6207 = B_SPLINE_CURVE_WITH_KNOTS('',1,(#6208,#6209),.UNSPECIFIED.,.F.,
  .F.,(2,2),(4.712388980385,6.28318530718),.PIECEWISE_BEZIER_KNOTS.);
#6208 = CARTESIAN_POINT('',(-1.570796326795,-1.570796326795));
#6209 = CARTESIAN_POINT('',(-1.570796326795,0.));
#6210 = ( GEOMETRIC_REPRESENTATION_CONTEXT(2)
PARAMETRIC_REPRESENTATION_CONTEXT() REPRESENTATION_CONTEXT('2D SPACE',''
  ) );
#6211 = PCURVE('',#6182,#6212);
#6212 = DEFINITIONAL_REPRESENTATION('',(#6213),#6216);
#6213 = B_SPLINE_CURVE_WITH_KNOTS('',1,(#6214,#6215),.UNSPECIFIED.,.F.,
  .F.,(2,2),(4.712388980385,6.28318530718),.PIECEWISE_BEZIER_KNOTS.);
#6214 = CARTESIAN_POINT('',(-1.570796326795,9.28));
#6215 = CARTESIAN_POINT('',(0.,9.28));
#6216 = ( GEOMETRIC_REPRESENTATION_CONTEXT(2)
PARAMETRIC_REPRESENTATION_CONTEXT() REPRESENTATION_CONTEXT('2D SPACE',''
  ) );
#6217 = ORIENTED_EDGE('',*,*,#5905,.F.);
#6218 = ADVANCED_FACE('',(#6219),#5861,.T.);
#6219 = FACE_BOUND('',#6220,.T.);
#6220 = EDGE_LOOP('',(#6221,#6222,#6245,#6273));
#6221 = ORIENTED_EDGE('',*,*,#5845,.F.);
#6222 = ORIENTED_EDGE('',*,*,#6223,.T.);
#6223 = EDGE_CURVE('',#5824,#6224,#6226,.T.);
#6224 = VERTEX_POINT('',#6225);
#6225 = CARTESIAN_POINT('',(-355.089358695,-220.8606650323,
    545.05565700361));
#6226 = SURFACE_CURVE('',#6227,(#6231,#6238),.PCURVE_S1.);
#6227 = LINE('',#6228,#6229);
#6228 = CARTESIAN_POINT('',(-355.089358695,-244.7460983344,
    596.5012056543));
#6229 = VECTOR('',#6230,1.);
#6230 = DIRECTION('',(1.387778780781E-17,0.421111306455,-0.907008967748)
  );
#6231 = PCURVE('',#5861,#6232);
#6232 = DEFINITIONAL_REPRESENTATION('',(#6233),#6237);
#6233 = LINE('',#6234,#6235);
#6234 = CARTESIAN_POINT('',(0.,9.28));
#6235 = VECTOR('',#6236,1.);
#6236 = DIRECTION('',(1.,0.));
#6237 = ( GEOMETRIC_REPRESENTATION_CONTEXT(2)
PARAMETRIC_REPRESENTATION_CONTEXT() REPRESENTATION_CONTEXT('2D SPACE',''
  ) );
#6238 = PCURVE('',#6025,#6239);
#6239 = DEFINITIONAL_REPRESENTATION('',(#6240),#6244);
#6240 = LINE('',#6241,#6242);
#6241 = CARTESIAN_POINT('',(-1.570796326795,0.));
#6242 = VECTOR('',#6243,1.);
#6243 = DIRECTION('',(-0.,1.));
#6244 = ( GEOMETRIC_REPRESENTATION_CONTEXT(2)
PARAMETRIC_REPRESENTATION_CONTEXT() REPRESENTATION_CONTEXT('2D SPACE',''
  ) );
#6245 = ORIENTED_EDGE('',*,*,#6246,.T.);
#6246 = EDGE_CURVE('',#6224,#6247,#6249,.T.);
#6247 = VERTEX_POINT('',#6248);
#6248 = CARTESIAN_POINT('',(-317.2256554937,-210.8484371134,
    549.70419139453));
#6249 = SURFACE_CURVE('',#6250,(#6254,#6261),.PCURVE_S1.);
#6250 = LINE('',#6251,#6252);
#6251 = CARTESIAN_POINT('',(-363.9984653306,-223.2164833662,
    543.96188420574));
#6252 = VECTOR('',#6253,1.);
#6253 = DIRECTION('',(0.960033042629,0.253859734252,0.117863448046));
#6254 = PCURVE('',#5861,#6255);
#6255 = DEFINITIONAL_REPRESENTATION('',(#6256),#6260);
#6256 = LINE('',#6257,#6258);
#6257 = CARTESIAN_POINT('',(56.72,0.));
#6258 = VECTOR('',#6259,1.);
#6259 = DIRECTION('',(0.,1.));
#6260 = ( GEOMETRIC_REPRESENTATION_CONTEXT(2)
PARAMETRIC_REPRESENTATION_CONTEXT() REPRESENTATION_CONTEXT('2D SPACE',''
  ) );
#6261 = PCURVE('',#6262,#6267);
#6262 = CYLINDRICAL_SURFACE('',#6263,9.28);
#6263 = AXIS2_PLACEMENT_3D('',#6264,#6265,#6266);
#6264 = CARTESIAN_POINT('',(-366.5958137776,-215.1358437531,
    547.7136097404));
#6265 = DIRECTION('',(0.960033042629,0.253859734252,0.117863448046));
#6266 = DIRECTION('',(0.,0.421111306455,-0.907008967748));
#6267 = DEFINITIONAL_REPRESENTATION('',(#6268),#6272);
#6268 = LINE('',#6269,#6270);
#6269 = CARTESIAN_POINT('',(-1.570796326795,0.));
#6270 = VECTOR('',#6271,1.);
#6271 = DIRECTION('',(-0.,1.));
#6272 = ( GEOMETRIC_REPRESENTATION_CONTEXT(2)
PARAMETRIC_REPRESENTATION_CONTEXT() REPRESENTATION_CONTEXT('2D SPACE',''
  ) );
#6273 = ORIENTED_EDGE('',*,*,#6274,.F.);
#6274 = EDGE_CURVE('',#5846,#6247,#6275,.T.);
#6275 = SURFACE_CURVE('',#6276,(#6280,#6287),.PCURVE_S1.);
#6276 = LINE('',#6277,#6278);
#6277 = CARTESIAN_POINT('',(-317.2256554937,-234.7338704155,
    601.14974004522));
#6278 = VECTOR('',#6279,1.);
#6279 = DIRECTION('',(1.387778780781E-17,0.421111306455,-0.907008967748)
  );
#6280 = PCURVE('',#5861,#6281);
#6281 = DEFINITIONAL_REPRESENTATION('',(#6282),#6286);
#6282 = LINE('',#6283,#6284);
#6283 = CARTESIAN_POINT('',(-1.136868377216E-13,48.72));
#6284 = VECTOR('',#6285,1.);
#6285 = DIRECTION('',(1.,0.));
#6286 = ( GEOMETRIC_REPRESENTATION_CONTEXT(2)
PARAMETRIC_REPRESENTATION_CONTEXT() REPRESENTATION_CONTEXT('2D SPACE',''
  ) );
#6287 = PCURVE('',#6288,#6293);
#6288 = CYLINDRICAL_SURFACE('',#6289,9.28);
#6289 = AXIS2_PLACEMENT_3D('',#6290,#6291,#6292);
#6290 = CARTESIAN_POINT('',(-319.8230039407,-226.6532308024,
    604.90146557988));
#6291 = DIRECTION('',(1.387778780781E-17,0.421111306455,-0.907008967748)
  );
#6292 = DIRECTION('',(0.960033042629,0.253859734252,0.117863448046));
#6293 = DEFINITIONAL_REPRESENTATION('',(#6294),#6298);
#6294 = LINE('',#6295,#6296);
#6295 = CARTESIAN_POINT('',(1.570796326795,0.));
#6296 = VECTOR('',#6297,1.);
#6297 = DIRECTION('',(0.,1.));
#6298 = ( GEOMETRIC_REPRESENTATION_CONTEXT(2)
PARAMETRIC_REPRESENTATION_CONTEXT() REPRESENTATION_CONTEXT('2D SPACE',''
  ) );
#6299 = ADVANCED_FACE('',(#6300),#5888,.T.);
#6300 = FACE_BOUND('',#6301,.F.);
#6301 = EDGE_LOOP('',(#6302,#6303,#6323));
#6302 = ORIENTED_EDGE('',*,*,#5957,.F.);
#6303 = ORIENTED_EDGE('',*,*,#6304,.T.);
#6304 = EDGE_CURVE('',#5930,#5846,#6305,.T.);
#6305 = SURFACE_CURVE('',#6306,(#6311,#6317),.PCURVE_S1.);
#6306 = CIRCLE('',#6307,9.28);
#6307 = AXIS2_PLACEMENT_3D('',#6308,#6309,#6310);
#6308 = CARTESIAN_POINT('',(-319.8230039407,-222.7453178785,
    596.48442235918));
#6309 = DIRECTION('',(1.831867990632E-15,0.421111306455,-0.907008967748)
  );
#6310 = DIRECTION('',(0.279886686107,-0.870758579,-0.404280768821));
#6311 = PCURVE('',#5888,#6312);
#6312 = DEFINITIONAL_REPRESENTATION('',(#6313),#6316);
#6313 = B_SPLINE_CURVE_WITH_KNOTS('',1,(#6314,#6315),.UNSPECIFIED.,.F.,
  .F.,(2,2),(4.712388980385,6.28318530718),.PIECEWISE_BEZIER_KNOTS.);
#6314 = CARTESIAN_POINT('',(-1.570796326795,-1.570796326795));
#6315 = CARTESIAN_POINT('',(-1.570796326795,0.));
#6316 = ( GEOMETRIC_REPRESENTATION_CONTEXT(2)
PARAMETRIC_REPRESENTATION_CONTEXT() REPRESENTATION_CONTEXT('2D SPACE',''
  ) );
#6317 = PCURVE('',#6288,#6318);
#6318 = DEFINITIONAL_REPRESENTATION('',(#6319),#6322);
#6319 = B_SPLINE_CURVE_WITH_KNOTS('',1,(#6320,#6321),.UNSPECIFIED.,.F.,
  .F.,(2,2),(4.712388980385,6.28318530718),.PIECEWISE_BEZIER_KNOTS.);
#6320 = CARTESIAN_POINT('',(0.,9.28));
#6321 = CARTESIAN_POINT('',(1.570796326795,9.28));
#6322 = ( GEOMETRIC_REPRESENTATION_CONTEXT(2)
PARAMETRIC_REPRESENTATION_CONTEXT() REPRESENTATION_CONTEXT('2D SPACE',''
  ) );
#6323 = ORIENTED_EDGE('',*,*,#5873,.F.);
#6324 = ADVANCED_FACE('',(#6325),#5945,.T.);
#6325 = FACE_BOUND('',#6326,.T.);
#6326 = EDGE_LOOP('',(#6327,#6328,#6351,#6379));
#6327 = ORIENTED_EDGE('',*,*,#5929,.T.);
#6328 = ORIENTED_EDGE('',*,*,#6329,.T.);
#6329 = EDGE_CURVE('',#5930,#6330,#6332,.T.);
#6330 = VERTEX_POINT('',#6331);
#6331 = CARTESIAN_POINT('',(-310.9138973051,-200.4119791664,
    554.54968972706));
#6332 = SURFACE_CURVE('',#6333,(#6337,#6344),.PCURVE_S1.);
#6333 = LINE('',#6334,#6335);
#6334 = CARTESIAN_POINT('',(-310.9138973051,-224.2974124685,
    605.99523837775));
#6335 = VECTOR('',#6336,1.);
#6336 = DIRECTION('',(1.387778780781E-17,0.421111306455,-0.907008967748)
  );
#6337 = PCURVE('',#5945,#6338);
#6338 = DEFINITIONAL_REPRESENTATION('',(#6339),#6343);
#6339 = LINE('',#6340,#6341);
#6340 = CARTESIAN_POINT('',(107.49935190813,-1.136868377216E-13));
#6341 = VECTOR('',#6342,1.);
#6342 = DIRECTION('',(5.551115123126E-17,1.));
#6343 = ( GEOMETRIC_REPRESENTATION_CONTEXT(2)
PARAMETRIC_REPRESENTATION_CONTEXT() REPRESENTATION_CONTEXT('2D SPACE',''
  ) );
#6344 = PCURVE('',#6288,#6345);
#6345 = DEFINITIONAL_REPRESENTATION('',(#6346),#6350);
#6346 = LINE('',#6347,#6348);
#6347 = CARTESIAN_POINT('',(0.,0.));
#6348 = VECTOR('',#6349,1.);
#6349 = DIRECTION('',(0.,1.));
#6350 = ( GEOMETRIC_REPRESENTATION_CONTEXT(2)
PARAMETRIC_REPRESENTATION_CONTEXT() REPRESENTATION_CONTEXT('2D SPACE',''
  ) );
#6351 = ORIENTED_EDGE('',*,*,#6352,.F.);
#6352 = EDGE_CURVE('',#6353,#6330,#6355,.T.);
#6353 = VERTEX_POINT('',#6354);
#6354 = CARTESIAN_POINT('',(-338.4041862223,-114.8866358686,
    594.2578848296));
#6355 = SURFACE_CURVE('',#6356,(#6360,#6367),.PCURVE_S1.);
#6356 = LINE('',#6357,#6358);
#6357 = CARTESIAN_POINT('',(-341.0015346693,-106.8059962555,
    598.00961036426));
#6358 = VECTOR('',#6359,1.);
#6359 = DIRECTION('',(0.279886686107,-0.870758579,-0.404280768821));
#6360 = PCURVE('',#5945,#6361);
#6361 = DEFINITIONAL_REPRESENTATION('',(#6362),#6366);
#6362 = LINE('',#6363,#6364);
#6363 = CARTESIAN_POINT('',(0.,56.72));
#6364 = VECTOR('',#6365,1.);
#6365 = DIRECTION('',(1.,5.551115123126E-17));
#6366 = ( GEOMETRIC_REPRESENTATION_CONTEXT(2)
PARAMETRIC_REPRESENTATION_CONTEXT() REPRESENTATION_CONTEXT('2D SPACE',''
  ) );
#6367 = PCURVE('',#6368,#6373);
#6368 = CYLINDRICAL_SURFACE('',#6369,9.28);
#6369 = AXIS2_PLACEMENT_3D('',#6370,#6371,#6372);
#6370 = CARTESIAN_POINT('',(-349.9106413049,-109.1618145894,
    596.9158375664));
#6371 = DIRECTION('',(0.279886686107,-0.870758579,-0.404280768821));
#6372 = DIRECTION('',(1.387778780781E-17,0.421111306455,-0.907008967748)
  );
#6373 = DEFINITIONAL_REPRESENTATION('',(#6374),#6378);
#6374 = LINE('',#6375,#6376);
#6375 = CARTESIAN_POINT('',(1.570796326795,0.));
#6376 = VECTOR('',#6377,1.);
#6377 = DIRECTION('',(0.,1.));
#6378 = ( GEOMETRIC_REPRESENTATION_CONTEXT(2)
PARAMETRIC_REPRESENTATION_CONTEXT() REPRESENTATION_CONTEXT('2D SPACE',''
  ) );
#6379 = ORIENTED_EDGE('',*,*,#6380,.F.);
#6380 = EDGE_CURVE('',#5906,#6353,#6381,.T.);
#6381 = SURFACE_CURVE('',#6382,(#6386,#6393),.PCURVE_S1.);
#6382 = LINE('',#6383,#6384);
#6383 = CARTESIAN_POINT('',(-338.4041862223,-138.7720691707,
    645.70343348029));
#6384 = VECTOR('',#6385,1.);
#6385 = DIRECTION('',(1.387778780781E-17,0.421111306455,-0.907008967748)
  );
#6386 = PCURVE('',#5945,#6387);
#6387 = DEFINITIONAL_REPRESENTATION('',(#6388),#6392);
#6388 = LINE('',#6389,#6390);
#6389 = CARTESIAN_POINT('',(9.28,0.));
#6390 = VECTOR('',#6391,1.);
#6391 = DIRECTION('',(5.551115123126E-17,1.));
#6392 = ( GEOMETRIC_REPRESENTATION_CONTEXT(2)
PARAMETRIC_REPRESENTATION_CONTEXT() REPRESENTATION_CONTEXT('2D SPACE',''
  ) );
#6393 = PCURVE('',#6182,#6394);
#6394 = DEFINITIONAL_REPRESENTATION('',(#6395),#6399);
#6395 = LINE('',#6396,#6397);
#6396 = CARTESIAN_POINT('',(-0.,0.));
#6397 = VECTOR('',#6398,1.);
#6398 = DIRECTION('',(-0.,1.));
#6399 = ( GEOMETRIC_REPRESENTATION_CONTEXT(2)
PARAMETRIC_REPRESENTATION_CONTEXT() REPRESENTATION_CONTEXT('2D SPACE',''
  ) );
#6400 = ADVANCED_FACE('',(#6401),#5995,.T.);
#6401 = FACE_BOUND('',#6402,.T.);
#6402 = EDGE_LOOP('',(#6403,#6404,#6405,#6430));
#6403 = ORIENTED_EDGE('',*,*,#5981,.F.);
#6404 = ORIENTED_EDGE('',*,*,#6117,.T.);
#6405 = ORIENTED_EDGE('',*,*,#6406,.T.);
#6406 = EDGE_CURVE('',#6118,#6065,#6407,.T.);
#6407 = SURFACE_CURVE('',#6408,(#6413,#6419),.PCURVE_S1.);
#6408 = CIRCLE('',#6409,9.28);
#6409 = AXIS2_PLACEMENT_3D('',#6410,#6411,#6412);
#6410 = CARTESIAN_POINT('',(-385.1769960592,-127.2546821214,
    588.51557764081));
#6411 = DIRECTION('',(-5.634381849973E-15,-0.421111306455,0.907008967748
    ));
#6412 = DIRECTION('',(-0.960033042629,-0.253859734252,-0.117863448046));
#6413 = PCURVE('',#5995,#6414);
#6414 = DEFINITIONAL_REPRESENTATION('',(#6415),#6418);
#6415 = B_SPLINE_CURVE_WITH_KNOTS('',1,(#6416,#6417),.UNSPECIFIED.,.F.,
  .F.,(2,2),(4.712388980385,6.28318530718),.PIECEWISE_BEZIER_KNOTS.);
#6416 = CARTESIAN_POINT('',(1.570796326795,56.72));
#6417 = CARTESIAN_POINT('',(0.,56.72));
#6418 = ( GEOMETRIC_REPRESENTATION_CONTEXT(2)
PARAMETRIC_REPRESENTATION_CONTEXT() REPRESENTATION_CONTEXT('2D SPACE',''
  ) );
#6419 = PCURVE('',#6420,#6425);
#6420 = SPHERICAL_SURFACE('',#6421,9.28);
#6421 = AXIS2_PLACEMENT_3D('',#6422,#6423,#6424);
#6422 = CARTESIAN_POINT('',(-385.1769960592,-127.2546821214,
    588.51557764081));
#6423 = DIRECTION('',(0.279886686107,-0.870758579,-0.404280768821));
#6424 = DIRECTION('',(-5.065392549852E-15,0.421111306455,-0.907008967748
    ));
#6425 = DEFINITIONAL_REPRESENTATION('',(#6426),#6429);
#6426 = B_SPLINE_CURVE_WITH_KNOTS('',1,(#6427,#6428),.UNSPECIFIED.,.F.,
  .F.,(2,2),(4.712388980385,6.28318530718),.PIECEWISE_BEZIER_KNOTS.);
#6427 = CARTESIAN_POINT('',(-1.570796326795,-1.570796326795));
#6428 = CARTESIAN_POINT('',(-1.570796326795,0.));
#6429 = ( GEOMETRIC_REPRESENTATION_CONTEXT(2)
PARAMETRIC_REPRESENTATION_CONTEXT() REPRESENTATION_CONTEXT('2D SPACE',''
  ) );
#6430 = ORIENTED_EDGE('',*,*,#6092,.F.);
#6431 = ADVANCED_FACE('',(#6432),#6025,.T.);
#6432 = FACE_BOUND('',#6433,.F.);
#6433 = EDGE_LOOP('',(#6434,#6435,#6436,#6461));
#6434 = ORIENTED_EDGE('',*,*,#6011,.F.);
#6435 = ORIENTED_EDGE('',*,*,#6223,.T.);
#6436 = ORIENTED_EDGE('',*,*,#6437,.T.);
#6437 = EDGE_CURVE('',#6224,#6042,#6438,.T.);
#6438 = SURFACE_CURVE('',#6439,(#6444,#6450),.PCURVE_S1.);
#6439 = CIRCLE('',#6440,9.28);
#6440 = AXIS2_PLACEMENT_3D('',#6441,#6442,#6443);
#6441 = CARTESIAN_POINT('',(-357.686707142,-212.7800254192,
    548.80738253827));
#6442 = DIRECTION('',(-1.121325254871E-14,0.421111306455,-0.907008967748
    ));
#6443 = DIRECTION('',(-0.960033042629,-0.253859734252,-0.117863448046));
#6444 = PCURVE('',#6025,#6445);
#6445 = DEFINITIONAL_REPRESENTATION('',(#6446),#6449);
#6446 = B_SPLINE_CURVE_WITH_KNOTS('',1,(#6447,#6448),.UNSPECIFIED.,.F.,
  .F.,(2,2),(4.712388980385,6.28318530718),.PIECEWISE_BEZIER_KNOTS.);
#6447 = CARTESIAN_POINT('',(-1.570796326795,56.72));
#6448 = CARTESIAN_POINT('',(0.,56.72));
#6449 = ( GEOMETRIC_REPRESENTATION_CONTEXT(2)
PARAMETRIC_REPRESENTATION_CONTEXT() REPRESENTATION_CONTEXT('2D SPACE',''
  ) );
#6450 = PCURVE('',#6451,#6456);
#6451 = SPHERICAL_SURFACE('',#6452,9.28);
#6452 = AXIS2_PLACEMENT_3D('',#6453,#6454,#6455);
#6453 = CARTESIAN_POINT('',(-357.686707142,-212.7800254192,
    548.80738253827));
#6454 = DIRECTION('',(-0.279886686107,0.870758579,0.404280768821));
#6455 = DIRECTION('',(-4.163336342344E-16,0.421111306455,-0.907008967748
    ));
#6456 = DEFINITIONAL_REPRESENTATION('',(#6457),#6460);
#6457 = B_SPLINE_CURVE_WITH_KNOTS('',1,(#6458,#6459),.UNSPECIFIED.,.F.,
  .F.,(2,2),(4.712388980385,6.28318530718),.PIECEWISE_BEZIER_KNOTS.);
#6458 = CARTESIAN_POINT('',(1.570796326795,-1.570796326795));
#6459 = CARTESIAN_POINT('',(1.570796326795,0.));
#6460 = ( GEOMETRIC_REPRESENTATION_CONTEXT(2)
PARAMETRIC_REPRESENTATION_CONTEXT() REPRESENTATION_CONTEXT('2D SPACE',''
  ) );
#6461 = ORIENTED_EDGE('',*,*,#6041,.F.);
#6462 = ADVANCED_FACE('',(#6463),#6080,.T.);
#6463 = FACE_BOUND('',#6464,.F.);
#6464 = EDGE_LOOP('',(#6465,#6495,#6517,#6518));
#6465 = ORIENTED_EDGE('',*,*,#6466,.F.);
#6466 = EDGE_CURVE('',#6467,#6469,#6471,.T.);
#6467 = VERTEX_POINT('',#6468);
#6468 = CARTESIAN_POINT('',(-385.1769960592,-123.3467691975,
    580.09853442011));
#6469 = VERTEX_POINT('',#6470);
#6470 = CARTESIAN_POINT('',(-357.686707142,-208.8721124953,
    540.39033931756));
#6471 = SURFACE_CURVE('',#6472,(#6476,#6483),.PCURVE_S1.);
#6472 = LINE('',#6473,#6474);
#6473 = CARTESIAN_POINT('',(-387.7743445062,-115.2661295844,
    583.85025995477));
#6474 = VECTOR('',#6475,1.);
#6475 = DIRECTION('',(0.279886686107,-0.870758579,-0.404280768821));
#6476 = PCURVE('',#6080,#6477);
#6477 = DEFINITIONAL_REPRESENTATION('',(#6478),#6482);
#6478 = LINE('',#6479,#6480);
#6479 = CARTESIAN_POINT('',(-0.,0.));
#6480 = VECTOR('',#6481,1.);
#6481 = DIRECTION('',(-0.,1.));
#6482 = ( GEOMETRIC_REPRESENTATION_CONTEXT(2)
PARAMETRIC_REPRESENTATION_CONTEXT() REPRESENTATION_CONTEXT('2D SPACE',''
  ) );
#6483 = PCURVE('',#6484,#6489);
#6484 = PLANE('',#6485);
#6485 = AXIS2_PLACEMENT_3D('',#6486,#6487,#6488);
#6486 = CARTESIAN_POINT('',(-396.6834511418,-117.6219479183,
    582.7564871569));
#6487 = DIRECTION('',(1.387778780781E-17,0.421111306455,-0.907008967748)
  );
#6488 = DIRECTION('',(0.279886686107,-0.870758579,-0.404280768821));
#6489 = DEFINITIONAL_REPRESENTATION('',(#6490),#6494);
#6490 = LINE('',#6491,#6492);
#6491 = CARTESIAN_POINT('',(0.,-9.28));
#6492 = VECTOR('',#6493,1.);
#6493 = DIRECTION('',(1.,6.938893903907E-18));
#6494 = ( GEOMETRIC_REPRESENTATION_CONTEXT(2)
PARAMETRIC_REPRESENTATION_CONTEXT() REPRESENTATION_CONTEXT('2D SPACE',''
  ) );
#6495 = ORIENTED_EDGE('',*,*,#6496,.T.);
#6496 = EDGE_CURVE('',#6467,#6065,#6497,.T.);
#6497 = SURFACE_CURVE('',#6498,(#6503,#6510),.PCURVE_S1.);
#6498 = CIRCLE('',#6499,9.28);
#6499 = AXIS2_PLACEMENT_3D('',#6500,#6501,#6502);
#6500 = CARTESIAN_POINT('',(-385.1769960592,-127.2546821214,
    588.51557764081));
#6501 = DIRECTION('',(-0.279886686107,0.870758579,0.404280768821));
#6502 = DIRECTION('',(-5.07927033766E-15,0.421111306455,-0.907008967748)
  );
#6503 = PCURVE('',#6080,#6504);
#6504 = DEFINITIONAL_REPRESENTATION('',(#6505),#6509);
#6505 = LINE('',#6506,#6507);
#6506 = CARTESIAN_POINT('',(-6.125368411725E-15,9.28));
#6507 = VECTOR('',#6508,1.);
#6508 = DIRECTION('',(-1.,0.));
#6509 = ( GEOMETRIC_REPRESENTATION_CONTEXT(2)
PARAMETRIC_REPRESENTATION_CONTEXT() REPRESENTATION_CONTEXT('2D SPACE',''
  ) );
#6510 = PCURVE('',#6420,#6511);
#6511 = DEFINITIONAL_REPRESENTATION('',(#6512),#6516);
#6512 = LINE('',#6513,#6514);
#6513 = CARTESIAN_POINT('',(-0.,0.));
#6514 = VECTOR('',#6515,1.);
#6515 = DIRECTION('',(-1.,0.));
#6516 = ( GEOMETRIC_REPRESENTATION_CONTEXT(2)
PARAMETRIC_REPRESENTATION_CONTEXT() REPRESENTATION_CONTEXT('2D SPACE',''
  ) );
#6517 = ORIENTED_EDGE('',*,*,#6064,.T.);
#6518 = ORIENTED_EDGE('',*,*,#6519,.F.);
#6519 = EDGE_CURVE('',#6469,#6042,#6520,.T.);
#6520 = SURFACE_CURVE('',#6521,(#6526,#6533),.PCURVE_S1.);
#6521 = CIRCLE('',#6522,9.28);
#6522 = AXIS2_PLACEMENT_3D('',#6523,#6524,#6525);
#6523 = CARTESIAN_POINT('',(-357.686707142,-212.7800254192,
    548.80738253827));
#6524 = DIRECTION('',(-0.279886686107,0.870758579,0.404280768821));
#6525 = DIRECTION('',(-4.024558464266E-16,0.421111306455,-0.907008967748
    ));
#6526 = PCURVE('',#6080,#6527);
#6527 = DEFINITIONAL_REPRESENTATION('',(#6528),#6532);
#6528 = LINE('',#6529,#6530);
#6529 = CARTESIAN_POINT('',(-6.125368411725E-15,107.49935190813));
#6530 = VECTOR('',#6531,1.);
#6531 = DIRECTION('',(-1.,0.));
#6532 = ( GEOMETRIC_REPRESENTATION_CONTEXT(2)
PARAMETRIC_REPRESENTATION_CONTEXT() REPRESENTATION_CONTEXT('2D SPACE',''
  ) );
#6533 = PCURVE('',#6451,#6534);
#6534 = DEFINITIONAL_REPRESENTATION('',(#6535),#6539);
#6535 = LINE('',#6536,#6537);
#6536 = CARTESIAN_POINT('',(0.,0.));
#6537 = VECTOR('',#6538,1.);
#6538 = DIRECTION('',(1.,0.));
#6539 = ( GEOMETRIC_REPRESENTATION_CONTEXT(2)
PARAMETRIC_REPRESENTATION_CONTEXT() REPRESENTATION_CONTEXT('2D SPACE',''
  ) );
#6540 = ADVANCED_FACE('',(#6541),#6182,.T.);
#6541 = FACE_BOUND('',#6542,.F.);
#6542 = EDGE_LOOP('',(#6543,#6544,#6545,#6570));
#6543 = ORIENTED_EDGE('',*,*,#6198,.F.);
#6544 = ORIENTED_EDGE('',*,*,#6168,.T.);
#6545 = ORIENTED_EDGE('',*,*,#6546,.T.);
#6546 = EDGE_CURVE('',#6141,#6353,#6547,.T.);
#6547 = SURFACE_CURVE('',#6548,(#6553,#6559),.PCURVE_S1.);
#6548 = CIRCLE('',#6549,9.28);
#6549 = AXIS2_PLACEMENT_3D('',#6550,#6551,#6552);
#6550 = CARTESIAN_POINT('',(-347.3132928579,-117.2424542025,
    593.16411203174));
#6551 = DIRECTION('',(4.690692279041E-15,0.421111306455,-0.907008967748)
  );
#6552 = DIRECTION('',(0.960033042629,0.253859734252,0.117863448046));
#6553 = PCURVE('',#6182,#6554);
#6554 = DEFINITIONAL_REPRESENTATION('',(#6555),#6558);
#6555 = B_SPLINE_CURVE_WITH_KNOTS('',1,(#6556,#6557),.UNSPECIFIED.,.F.,
  .F.,(2,2),(4.712388980385,6.28318530718),.PIECEWISE_BEZIER_KNOTS.);
#6556 = CARTESIAN_POINT('',(-1.570796326795,56.72));
#6557 = CARTESIAN_POINT('',(0.,56.72));
#6558 = ( GEOMETRIC_REPRESENTATION_CONTEXT(2)
PARAMETRIC_REPRESENTATION_CONTEXT() REPRESENTATION_CONTEXT('2D SPACE',''
  ) );
#6559 = PCURVE('',#6560,#6565);
#6560 = SPHERICAL_SURFACE('',#6561,9.28);
#6561 = AXIS2_PLACEMENT_3D('',#6562,#6563,#6564);
#6562 = CARTESIAN_POINT('',(-347.3132928579,-117.2424542025,
    593.16411203174));
#6563 = DIRECTION('',(0.279886686107,-0.870758579,-0.404280768821));
#6564 = DIRECTION('',(-4.662936703426E-15,0.421111306455,-0.907008967748
    ));
#6565 = DEFINITIONAL_REPRESENTATION('',(#6566),#6569);
#6566 = B_SPLINE_CURVE_WITH_KNOTS('',1,(#6567,#6568),.UNSPECIFIED.,.F.,
  .F.,(2,2),(4.712388980385,6.28318530718),.PIECEWISE_BEZIER_KNOTS.);
#6567 = CARTESIAN_POINT('',(1.570796326795,-1.570796326795));
#6568 = CARTESIAN_POINT('',(1.570796326795,0.));
#6569 = ( GEOMETRIC_REPRESENTATION_CONTEXT(2)
PARAMETRIC_REPRESENTATION_CONTEXT() REPRESENTATION_CONTEXT('2D SPACE',''
  ) );
#6570 = ORIENTED_EDGE('',*,*,#6380,.F.);
#6571 = ADVANCED_FACE('',(#6572),#6156,.T.);
#6572 = FACE_BOUND('',#6573,.T.);
#6573 = EDGE_LOOP('',(#6574,#6594,#6595,#6617));
#6574 = ORIENTED_EDGE('',*,*,#6575,.F.);
#6575 = EDGE_CURVE('',#6118,#6467,#6576,.T.);
#6576 = SURFACE_CURVE('',#6577,(#6582,#6588),.PCURVE_S1.);
#6577 = CIRCLE('',#6578,9.28);
#6578 = AXIS2_PLACEMENT_3D('',#6579,#6580,#6581);
#6579 = CARTESIAN_POINT('',(-385.1769960592,-127.2546821214,
    588.51557764081));
#6580 = DIRECTION('',(-0.960033042629,-0.253859734252,-0.117863448046));
#6581 = DIRECTION('',(-5.051514762044E-15,0.421111306455,-0.907008967748
    ));
#6582 = PCURVE('',#6156,#6583);
#6583 = DEFINITIONAL_REPRESENTATION('',(#6584),#6587);
#6584 = B_SPLINE_CURVE_WITH_KNOTS('',1,(#6585,#6586),.UNSPECIFIED.,.F.,
  .F.,(2,2),(4.712388980385,6.28318530718),.PIECEWISE_BEZIER_KNOTS.);
#6585 = CARTESIAN_POINT('',(1.570796326795,9.28));
#6586 = CARTESIAN_POINT('',(0.,9.28));
#6587 = ( GEOMETRIC_REPRESENTATION_CONTEXT(2)
PARAMETRIC_REPRESENTATION_CONTEXT() REPRESENTATION_CONTEXT('2D SPACE',''
  ) );
#6588 = PCURVE('',#6420,#6589);
#6589 = DEFINITIONAL_REPRESENTATION('',(#6590),#6593);
#6590 = B_SPLINE_CURVE_WITH_KNOTS('',1,(#6591,#6592),.UNSPECIFIED.,.F.,
  .F.,(2,2),(4.712388980385,6.28318530718),.PIECEWISE_BEZIER_KNOTS.);
#6591 = CARTESIAN_POINT('',(0.,-1.570796326795));
#6592 = CARTESIAN_POINT('',(0.,0.));
#6593 = ( GEOMETRIC_REPRESENTATION_CONTEXT(2)
PARAMETRIC_REPRESENTATION_CONTEXT() REPRESENTATION_CONTEXT('2D SPACE',''
  ) );
#6594 = ORIENTED_EDGE('',*,*,#6140,.T.);
#6595 = ORIENTED_EDGE('',*,*,#6596,.T.);
#6596 = EDGE_CURVE('',#6141,#6597,#6599,.T.);
#6597 = VERTEX_POINT('',#6598);
#6598 = CARTESIAN_POINT('',(-347.3132928579,-113.3345412786,
    584.74706881103));
#6599 = SURFACE_CURVE('',#6600,(#6605,#6611),.PCURVE_S1.);
#6600 = CIRCLE('',#6601,9.28);
#6601 = AXIS2_PLACEMENT_3D('',#6602,#6603,#6604);
#6602 = CARTESIAN_POINT('',(-347.3132928579,-117.2424542025,
    593.16411203174));
#6603 = DIRECTION('',(-0.960033042629,-0.253859734252,-0.117863448046));
#6604 = DIRECTION('',(-4.662936703426E-15,0.421111306455,-0.907008967748
    ));
#6605 = PCURVE('',#6156,#6606);
#6606 = DEFINITIONAL_REPRESENTATION('',(#6607),#6610);
#6607 = B_SPLINE_CURVE_WITH_KNOTS('',1,(#6608,#6609),.UNSPECIFIED.,.F.,
  .F.,(2,2),(4.712388980385,6.28318530718),.PIECEWISE_BEZIER_KNOTS.);
#6608 = CARTESIAN_POINT('',(1.570796326795,48.72));
#6609 = CARTESIAN_POINT('',(0.,48.72));
#6610 = ( GEOMETRIC_REPRESENTATION_CONTEXT(2)
PARAMETRIC_REPRESENTATION_CONTEXT() REPRESENTATION_CONTEXT('2D SPACE',''
  ) );
#6611 = PCURVE('',#6560,#6612);
#6612 = DEFINITIONAL_REPRESENTATION('',(#6613),#6616);
#6613 = B_SPLINE_CURVE_WITH_KNOTS('',1,(#6614,#6615),.UNSPECIFIED.,.F.,
  .F.,(2,2),(4.712388980385,6.28318530718),.PIECEWISE_BEZIER_KNOTS.);
#6614 = CARTESIAN_POINT('',(0.,-1.570796326795));
#6615 = CARTESIAN_POINT('',(0.,0.));
#6616 = ( GEOMETRIC_REPRESENTATION_CONTEXT(2)
PARAMETRIC_REPRESENTATION_CONTEXT() REPRESENTATION_CONTEXT('2D SPACE',''
  ) );
#6617 = ORIENTED_EDGE('',*,*,#6618,.F.);
#6618 = EDGE_CURVE('',#6467,#6597,#6619,.T.);
#6619 = SURFACE_CURVE('',#6620,(#6624,#6631),.PCURVE_S1.);
#6620 = LINE('',#6621,#6622);
#6621 = CARTESIAN_POINT('',(-394.0861026948,-125.7025875314,
    579.00476162224));
#6622 = VECTOR('',#6623,1.);
#6623 = DIRECTION('',(0.960033042629,0.253859734252,0.117863448046));
#6624 = PCURVE('',#6156,#6625);
#6625 = DEFINITIONAL_REPRESENTATION('',(#6626),#6630);
#6626 = LINE('',#6627,#6628);
#6627 = CARTESIAN_POINT('',(0.,0.));
#6628 = VECTOR('',#6629,1.);
#6629 = DIRECTION('',(0.,1.));
#6630 = ( GEOMETRIC_REPRESENTATION_CONTEXT(2)
PARAMETRIC_REPRESENTATION_CONTEXT() REPRESENTATION_CONTEXT('2D SPACE',''
  ) );
#6631 = PCURVE('',#6484,#6632);
#6632 = DEFINITIONAL_REPRESENTATION('',(#6633),#6637);
#6633 = LINE('',#6634,#6635);
#6634 = CARTESIAN_POINT('',(9.28,0.));
#6635 = VECTOR('',#6636,1.);
#6636 = DIRECTION('',(-6.938893903907E-18,-1.));
#6637 = ( GEOMETRIC_REPRESENTATION_CONTEXT(2)
PARAMETRIC_REPRESENTATION_CONTEXT() REPRESENTATION_CONTEXT('2D SPACE',''
  ) );
#6638 = ADVANCED_FACE('',(#6639),#6288,.T.);
#6639 = FACE_BOUND('',#6640,.T.);
#6640 = EDGE_LOOP('',(#6641,#6642,#6643,#6668));
#6641 = ORIENTED_EDGE('',*,*,#6304,.T.);
#6642 = ORIENTED_EDGE('',*,*,#6274,.T.);
#6643 = ORIENTED_EDGE('',*,*,#6644,.F.);
#6644 = EDGE_CURVE('',#6330,#6247,#6645,.T.);
#6645 = SURFACE_CURVE('',#6646,(#6651,#6657),.PCURVE_S1.);
#6646 = CIRCLE('',#6647,9.28);
#6647 = AXIS2_PLACEMENT_3D('',#6648,#6649,#6650);
#6648 = CARTESIAN_POINT('',(-319.8230039407,-202.7677975003,
    553.45591692919));
#6649 = DIRECTION('',(7.216449660064E-16,0.421111306455,-0.907008967748)
  );
#6650 = DIRECTION('',(0.279886686107,-0.870758579,-0.404280768821));
#6651 = PCURVE('',#6288,#6652);
#6652 = DEFINITIONAL_REPRESENTATION('',(#6653),#6656);
#6653 = B_SPLINE_CURVE_WITH_KNOTS('',1,(#6654,#6655),.UNSPECIFIED.,.F.,
  .F.,(2,2),(4.712388980385,6.28318530718),.PIECEWISE_BEZIER_KNOTS.);
#6654 = CARTESIAN_POINT('',(0.,56.72));
#6655 = CARTESIAN_POINT('',(1.570796326795,56.72));
#6656 = ( GEOMETRIC_REPRESENTATION_CONTEXT(2)
PARAMETRIC_REPRESENTATION_CONTEXT() REPRESENTATION_CONTEXT('2D SPACE',''
  ) );
#6657 = PCURVE('',#6658,#6663);
#6658 = SPHERICAL_SURFACE('',#6659,9.28);
#6659 = AXIS2_PLACEMENT_3D('',#6660,#6661,#6662);
#6660 = CARTESIAN_POINT('',(-319.8230039407,-202.7677975003,
    553.45591692919));
#6661 = DIRECTION('',(-0.960033042629,-0.253859734252,-0.117863448046));
#6662 = DIRECTION('',(-1.706967900361E-15,0.421111306455,-0.907008967748
    ));
#6663 = DEFINITIONAL_REPRESENTATION('',(#6664),#6667);
#6664 = B_SPLINE_CURVE_WITH_KNOTS('',1,(#6665,#6666),.UNSPECIFIED.,.F.,
  .F.,(2,2),(4.712388980385,6.28318530718),.PIECEWISE_BEZIER_KNOTS.);
#6665 = CARTESIAN_POINT('',(1.570796326795,-1.570796326795));
#6666 = CARTESIAN_POINT('',(1.570796326795,0.));
#6667 = ( GEOMETRIC_REPRESENTATION_CONTEXT(2)
PARAMETRIC_REPRESENTATION_CONTEXT() REPRESENTATION_CONTEXT('2D SPACE',''
  ) );
#6668 = ORIENTED_EDGE('',*,*,#6329,.F.);
#6669 = ADVANCED_FACE('',(#6670),#6262,.T.);
#6670 = FACE_BOUND('',#6671,.F.);
#6671 = EDGE_LOOP('',(#6672,#6692,#6693,#6717));
#6672 = ORIENTED_EDGE('',*,*,#6673,.F.);
#6673 = EDGE_CURVE('',#6224,#6469,#6674,.T.);
#6674 = SURFACE_CURVE('',#6675,(#6680,#6686),.PCURVE_S1.);
#6675 = CIRCLE('',#6676,9.28);
#6676 = AXIS2_PLACEMENT_3D('',#6677,#6678,#6679);
#6677 = CARTESIAN_POINT('',(-357.686707142,-212.7800254192,
    548.80738253827));
#6678 = DIRECTION('',(0.960033042629,0.253859734252,0.117863448046));
#6679 = DIRECTION('',(-4.163336342344E-16,0.421111306455,-0.907008967748
    ));
#6680 = PCURVE('',#6262,#6681);
#6681 = DEFINITIONAL_REPRESENTATION('',(#6682),#6685);
#6682 = B_SPLINE_CURVE_WITH_KNOTS('',1,(#6683,#6684),.UNSPECIFIED.,.F.,
  .F.,(2,2),(4.712388980385,6.28318530718),.PIECEWISE_BEZIER_KNOTS.);
#6683 = CARTESIAN_POINT('',(-1.570796326795,9.28));
#6684 = CARTESIAN_POINT('',(0.,9.28));
#6685 = ( GEOMETRIC_REPRESENTATION_CONTEXT(2)
PARAMETRIC_REPRESENTATION_CONTEXT() REPRESENTATION_CONTEXT('2D SPACE',''
  ) );
#6686 = PCURVE('',#6451,#6687);
#6687 = DEFINITIONAL_REPRESENTATION('',(#6688),#6691);
#6688 = B_SPLINE_CURVE_WITH_KNOTS('',1,(#6689,#6690),.UNSPECIFIED.,.F.,
  .F.,(2,2),(4.712388980385,6.28318530718),.PIECEWISE_BEZIER_KNOTS.);
#6689 = CARTESIAN_POINT('',(0.,-1.570796326795));
#6690 = CARTESIAN_POINT('',(0.,0.));
#6691 = ( GEOMETRIC_REPRESENTATION_CONTEXT(2)
PARAMETRIC_REPRESENTATION_CONTEXT() REPRESENTATION_CONTEXT('2D SPACE',''
  ) );
#6692 = ORIENTED_EDGE('',*,*,#6246,.T.);
#6693 = ORIENTED_EDGE('',*,*,#6694,.F.);
#6694 = EDGE_CURVE('',#6695,#6247,#6697,.T.);
#6695 = VERTEX_POINT('',#6696);
#6696 = CARTESIAN_POINT('',(-319.8230039407,-198.8598845764,
    545.03887370849));
#6697 = SURFACE_CURVE('',#6698,(#6703,#6710),.PCURVE_S1.);
#6698 = CIRCLE('',#6699,9.28);
#6699 = AXIS2_PLACEMENT_3D('',#6700,#6701,#6702);
#6700 = CARTESIAN_POINT('',(-319.8230039407,-202.7677975003,
    553.45591692919));
#6701 = DIRECTION('',(-0.960033042629,-0.253859734252,-0.117863448046));
#6702 = DIRECTION('',(-1.706967900361E-15,0.421111306455,-0.907008967748
    ));
#6703 = PCURVE('',#6262,#6704);
#6704 = DEFINITIONAL_REPRESENTATION('',(#6705),#6709);
#6705 = LINE('',#6706,#6707);
#6706 = CARTESIAN_POINT('',(-0.,48.72));
#6707 = VECTOR('',#6708,1.);
#6708 = DIRECTION('',(-1.,0.));
#6709 = ( GEOMETRIC_REPRESENTATION_CONTEXT(2)
PARAMETRIC_REPRESENTATION_CONTEXT() REPRESENTATION_CONTEXT('2D SPACE',''
  ) );
#6710 = PCURVE('',#6658,#6711);
#6711 = DEFINITIONAL_REPRESENTATION('',(#6712),#6716);
#6712 = LINE('',#6713,#6714);
#6713 = CARTESIAN_POINT('',(0.,0.));
#6714 = VECTOR('',#6715,1.);
#6715 = DIRECTION('',(1.,0.));
#6716 = ( GEOMETRIC_REPRESENTATION_CONTEXT(2)
PARAMETRIC_REPRESENTATION_CONTEXT() REPRESENTATION_CONTEXT('2D SPACE',''
  ) );
#6717 = ORIENTED_EDGE('',*,*,#6718,.F.);
#6718 = EDGE_CURVE('',#6469,#6695,#6719,.T.);
#6719 = SURFACE_CURVE('',#6720,(#6724,#6731),.PCURVE_S1.);
#6720 = LINE('',#6721,#6722);
#6721 = CARTESIAN_POINT('',(-366.5958137776,-211.2279308292,
    539.2965665197));
#6722 = VECTOR('',#6723,1.);
#6723 = DIRECTION('',(0.960033042629,0.253859734252,0.117863448046));
#6724 = PCURVE('',#6262,#6725);
#6725 = DEFINITIONAL_REPRESENTATION('',(#6726),#6730);
#6726 = LINE('',#6727,#6728);
#6727 = CARTESIAN_POINT('',(-0.,0.));
#6728 = VECTOR('',#6729,1.);
#6729 = DIRECTION('',(-0.,1.));
#6730 = ( GEOMETRIC_REPRESENTATION_CONTEXT(2)
PARAMETRIC_REPRESENTATION_CONTEXT() REPRESENTATION_CONTEXT('2D SPACE',''
  ) );
#6731 = PCURVE('',#6484,#6732);
#6732 = DEFINITIONAL_REPRESENTATION('',(#6733),#6737);
#6733 = LINE('',#6734,#6735);
#6734 = CARTESIAN_POINT('',(107.49935190813,-5.684341886081E-14));
#6735 = VECTOR('',#6736,1.);
#6736 = DIRECTION('',(-6.938893903907E-18,-1.));
#6737 = ( GEOMETRIC_REPRESENTATION_CONTEXT(2)
PARAMETRIC_REPRESENTATION_CONTEXT() REPRESENTATION_CONTEXT('2D SPACE',''
  ) );
#6738 = ADVANCED_FACE('',(#6739),#6368,.T.);
#6739 = FACE_BOUND('',#6740,.T.);
#6740 = EDGE_LOOP('',(#6741,#6762,#6784,#6785));
#6741 = ORIENTED_EDGE('',*,*,#6742,.F.);
#6742 = EDGE_CURVE('',#6597,#6695,#6743,.T.);
#6743 = SURFACE_CURVE('',#6744,(#6748,#6755),.PCURVE_S1.);
#6744 = LINE('',#6745,#6746);
#6745 = CARTESIAN_POINT('',(-349.9106413049,-105.2539016655,
    588.49879434569));
#6746 = VECTOR('',#6747,1.);
#6747 = DIRECTION('',(0.279886686107,-0.870758579,-0.404280768821));
#6748 = PCURVE('',#6368,#6749);
#6749 = DEFINITIONAL_REPRESENTATION('',(#6750),#6754);
#6750 = LINE('',#6751,#6752);
#6751 = CARTESIAN_POINT('',(0.,0.));
#6752 = VECTOR('',#6753,1.);
#6753 = DIRECTION('',(0.,1.));
#6754 = ( GEOMETRIC_REPRESENTATION_CONTEXT(2)
PARAMETRIC_REPRESENTATION_CONTEXT() REPRESENTATION_CONTEXT('2D SPACE',''
  ) );
#6755 = PCURVE('',#6484,#6756);
#6756 = DEFINITIONAL_REPRESENTATION('',(#6757),#6761);
#6757 = LINE('',#6758,#6759);
#6758 = CARTESIAN_POINT('',(0.,-48.72));
#6759 = VECTOR('',#6760,1.);
#6760 = DIRECTION('',(1.,6.938893903907E-18));
#6761 = ( GEOMETRIC_REPRESENTATION_CONTEXT(2)
PARAMETRIC_REPRESENTATION_CONTEXT() REPRESENTATION_CONTEXT('2D SPACE',''
  ) );
#6762 = ORIENTED_EDGE('',*,*,#6763,.T.);
#6763 = EDGE_CURVE('',#6597,#6353,#6764,.T.);
#6764 = SURFACE_CURVE('',#6765,(#6770,#6777),.PCURVE_S1.);
#6765 = CIRCLE('',#6766,9.28);
#6766 = AXIS2_PLACEMENT_3D('',#6767,#6768,#6769);
#6767 = CARTESIAN_POINT('',(-347.3132928579,-117.2424542025,
    593.16411203174));
#6768 = DIRECTION('',(0.279886686107,-0.870758579,-0.404280768821));
#6769 = DIRECTION('',(-4.662936703426E-15,0.421111306455,-0.907008967748
    ));
#6770 = PCURVE('',#6368,#6771);
#6771 = DEFINITIONAL_REPRESENTATION('',(#6772),#6776);
#6772 = LINE('',#6773,#6774);
#6773 = CARTESIAN_POINT('',(0.,9.28));
#6774 = VECTOR('',#6775,1.);
#6775 = DIRECTION('',(1.,0.));
#6776 = ( GEOMETRIC_REPRESENTATION_CONTEXT(2)
PARAMETRIC_REPRESENTATION_CONTEXT() REPRESENTATION_CONTEXT('2D SPACE',''
  ) );
#6777 = PCURVE('',#6560,#6778);
#6778 = DEFINITIONAL_REPRESENTATION('',(#6779),#6783);
#6779 = LINE('',#6780,#6781);
#6780 = CARTESIAN_POINT('',(0.,0.));
#6781 = VECTOR('',#6782,1.);
#6782 = DIRECTION('',(1.,0.));
#6783 = ( GEOMETRIC_REPRESENTATION_CONTEXT(2)
PARAMETRIC_REPRESENTATION_CONTEXT() REPRESENTATION_CONTEXT('2D SPACE',''
  ) );
#6784 = ORIENTED_EDGE('',*,*,#6352,.T.);
#6785 = ORIENTED_EDGE('',*,*,#6786,.T.);
#6786 = EDGE_CURVE('',#6330,#6695,#6787,.T.);
#6787 = SURFACE_CURVE('',#6788,(#6793,#6799),.PCURVE_S1.);
#6788 = CIRCLE('',#6789,9.28);
#6789 = AXIS2_PLACEMENT_3D('',#6790,#6791,#6792);
#6790 = CARTESIAN_POINT('',(-319.8230039407,-202.7677975003,
    553.45591692919));
#6791 = DIRECTION('',(-0.279886686107,0.870758579,0.404280768821));
#6792 = DIRECTION('',(-1.693090112553E-15,0.421111306455,-0.907008967748
    ));
#6793 = PCURVE('',#6368,#6794);
#6794 = DEFINITIONAL_REPRESENTATION('',(#6795),#6798);
#6795 = B_SPLINE_CURVE_WITH_KNOTS('',1,(#6796,#6797),.UNSPECIFIED.,.F.,
  .F.,(2,2),(4.712388980385,6.28318530718),.PIECEWISE_BEZIER_KNOTS.);
#6796 = CARTESIAN_POINT('',(1.570796326795,107.49935190813));
#6797 = CARTESIAN_POINT('',(0.,107.49935190813));
#6798 = ( GEOMETRIC_REPRESENTATION_CONTEXT(2)
PARAMETRIC_REPRESENTATION_CONTEXT() REPRESENTATION_CONTEXT('2D SPACE',''
  ) );
#6799 = PCURVE('',#6658,#6800);
#6800 = DEFINITIONAL_REPRESENTATION('',(#6801),#6804);
#6801 = B_SPLINE_CURVE_WITH_KNOTS('',1,(#6802,#6803),.UNSPECIFIED.,.F.,
  .F.,(2,2),(4.712388980385,6.28318530718),.PIECEWISE_BEZIER_KNOTS.);
#6802 = CARTESIAN_POINT('',(0.,-1.570796326795));
#6803 = CARTESIAN_POINT('',(0.,0.));
#6804 = ( GEOMETRIC_REPRESENTATION_CONTEXT(2)
PARAMETRIC_REPRESENTATION_CONTEXT() REPRESENTATION_CONTEXT('2D SPACE',''
  ) );
#6805 = ADVANCED_FACE('',(#6806),#6420,.T.);
#6806 = FACE_BOUND('',#6807,.F.);
#6807 = EDGE_LOOP('',(#6808,#6809,#6810));
#6808 = ORIENTED_EDGE('',*,*,#6575,.F.);
#6809 = ORIENTED_EDGE('',*,*,#6406,.T.);
#6810 = ORIENTED_EDGE('',*,*,#6496,.F.);
#6811 = ADVANCED_FACE('',(#6812),#6451,.T.);
#6812 = FACE_BOUND('',#6813,.T.);
#6813 = EDGE_LOOP('',(#6814,#6815,#6816));
#6814 = ORIENTED_EDGE('',*,*,#6673,.F.);
#6815 = ORIENTED_EDGE('',*,*,#6437,.T.);
#6816 = ORIENTED_EDGE('',*,*,#6519,.F.);
#6817 = ADVANCED_FACE('',(#6818),#6484,.T.);
#6818 = FACE_BOUND('',#6819,.T.);
#6819 = EDGE_LOOP('',(#6820,#6821,#6822,#6823));
#6820 = ORIENTED_EDGE('',*,*,#6466,.F.);
#6821 = ORIENTED_EDGE('',*,*,#6618,.T.);
#6822 = ORIENTED_EDGE('',*,*,#6742,.T.);
#6823 = ORIENTED_EDGE('',*,*,#6718,.F.);
#6824 = ADVANCED_FACE('',(#6825),#6560,.T.);
#6825 = FACE_BOUND('',#6826,.T.);
#6826 = EDGE_LOOP('',(#6827,#6828,#6829));
#6827 = ORIENTED_EDGE('',*,*,#6596,.F.);
#6828 = ORIENTED_EDGE('',*,*,#6546,.T.);
#6829 = ORIENTED_EDGE('',*,*,#6763,.F.);
#6830 = ADVANCED_FACE('',(#6831),#6658,.T.);
#6831 = FACE_BOUND('',#6832,.T.);
#6832 = EDGE_LOOP('',(#6833,#6834,#6835));
#6833 = ORIENTED_EDGE('',*,*,#6786,.F.);
#6834 = ORIENTED_EDGE('',*,*,#6644,.T.);
#6835 = ORIENTED_EDGE('',*,*,#6694,.F.);
#6836 = ( GEOMETRIC_REPRESENTATION_CONTEXT(3)
GLOBAL_UNCERTAINTY_ASSIGNED_CONTEXT((#6840))
GLOBAL_UNIT_ASSIGNED_CONTEXT((#6837,#6838,#6839)) REPRESENTATION_CONTEXT
('Context #1','3D Context with UNIT and UNCERTAINTY') );
#6837 = ( LENGTH_UNIT() NAMED_UNIT(*) SI_UNIT(.MILLI.,.METRE.) );
#6838 = ( NAMED_UNIT(*) PLANE_ANGLE_UNIT() SI_UNIT($,.RADIAN.) );
#6839 = ( NAMED_UNIT(*) SI_UNIT($,.STERADIAN.) SOLID_ANGLE_UNIT() );
#6840 = UNCERTAINTY_MEASURE_WITH_UNIT(LENGTH_MEASURE(1.E-07),#6837,
  'distance_accuracy_value','confusion accuracy');
#6841 = CONTEXT_DEPENDENT_SHAPE_REPRESENTATION(#6842,#6844);
#6842 = ( REPRESENTATION_RELATIONSHIP('','',#5529,#10)
REPRESENTATION_RELATIONSHIP_WITH_TRANSFORMATION(#6843)
SHAPE_REPRESENTATION_RELATIONSHIP() );
#6843 = ITEM_DEFINED_TRANSFORMATION('','',#11,#27);
#6844 = PRODUCT_DEFINITION_SHAPE('Placement','Placement of an item',
  #6845);
#6845 = NEXT_ASSEMBLY_USAGE_OCCURRENCE('4','','',#5,#5524,$);
#6846 = PRODUCT_RELATED_PRODUCT_CATEGORY('part',$,(#5526));
#6847 = SHAPE_DEFINITION_REPRESENTATION(#6848,#6854);
#6848 = PRODUCT_DEFINITION_SHAPE('','',#6849);
#6849 = PRODUCT_DEFINITION('design','',#6850,#6853);
#6850 = PRODUCT_DEFINITION_FORMATION('','',#6851);
#6851 = PRODUCT('Open CASCADE STEP translator 7.7 4.5',
  'Open CASCADE STEP translator 7.7 4.5','',(#6852));
#6852 = PRODUCT_CONTEXT('',#2,'mechanical');
#6853 = PRODUCT_DEFINITION_CONTEXT('part definition',#2,'design');
#6854 = ADVANCED_BREP_SHAPE_REPRESENTATION('',(#11,#6855),#8161);
#6855 = MANIFOLD_SOLID_BREP('',#6856);
#6856 = CLOSED_SHELL('',(#6857,#6977,#7065,#7144,#7225,#7301,#7331,#7361
    ,#7437,#7518,#7543,#7624,#7649,#7725,#7756,#7787,#7865,#7896,#7963,
    #7994,#8063,#8130,#8136,#8142,#8149,#8155));
#6857 = ADVANCED_FACE('',(#6858),#6872,.F.);
#6858 = FACE_BOUND('',#6859,.F.);
#6859 = EDGE_LOOP('',(#6860,#6895,#6923,#6951));
#6860 = ORIENTED_EDGE('',*,*,#6861,.F.);
#6861 = EDGE_CURVE('',#6862,#6864,#6866,.T.);
#6862 = VERTEX_POINT('',#6863);
#6863 = CARTESIAN_POINT('',(-329.8970134326,-273.7234042844,
    540.53022239271));
#6864 = VERTEX_POINT('',#6865);
#6865 = CARTESIAN_POINT('',(-303.713843471,-295.5427125858,
    531.80249907218));
#6866 = SURFACE_CURVE('',#6867,(#6871,#6883),.PCURVE_S1.);
#6867 = LINE('',#6868,#6869);
#6868 = CARTESIAN_POINT('',(-334.8980939312,-269.5558372022,
    542.19724922559));
#6869 = VECTOR('',#6870,1.);
#6870 = DIRECTION('',(0.744208407535,-0.620173672946,-0.248069469178));
#6871 = PCURVE('',#6872,#6877);
#6872 = PLANE('',#6873);
#6873 = AXIS2_PLACEMENT_3D('',#6874,#6875,#6876);
#6874 = CARTESIAN_POINT('',(-336.1787394179,-268.48863263,
    535.68730133498));
#6875 = DIRECTION('',(0.640184399664,0.768221279597,1.387778780781E-17)
  );
#6876 = DIRECTION('',(0.744208407535,-0.620173672946,-0.248069469178));
#6877 = DEFINITIONAL_REPRESENTATION('',(#6878),#6882);
#6878 = LINE('',#6879,#6880);
#6879 = CARTESIAN_POINT('',(0.,-6.72));
#6880 = VECTOR('',#6881,1.);
#6881 = DIRECTION('',(1.,-2.775557561563E-17));
#6882 = ( GEOMETRIC_REPRESENTATION_CONTEXT(2)
PARAMETRIC_REPRESENTATION_CONTEXT() REPRESENTATION_CONTEXT('2D SPACE',''
  ) );
#6883 = PCURVE('',#6884,#6889);
#6884 = CYLINDRICAL_SURFACE('',#6885,6.72);
#6885 = AXIS2_PLACEMENT_3D('',#6886,#6887,#6888);
#6886 = CARTESIAN_POINT('',(-330.5960547654,-264.3933902033,
    542.19724922559));
#6887 = DIRECTION('',(0.744208407535,-0.620173672946,-0.248069469178));
#6888 = DIRECTION('',(-0.640184399664,-0.768221279597,1.387778780781E-17
    ));
#6889 = DEFINITIONAL_REPRESENTATION('',(#6890),#6894);
#6890 = LINE('',#6891,#6892);
#6891 = CARTESIAN_POINT('',(0.,0.));
#6892 = VECTOR('',#6893,1.);
#6893 = DIRECTION('',(0.,1.));
#6894 = ( GEOMETRIC_REPRESENTATION_CONTEXT(2)
PARAMETRIC_REPRESENTATION_CONTEXT() REPRESENTATION_CONTEXT('2D SPACE',''
  ) );
#6895 = ORIENTED_EDGE('',*,*,#6896,.T.);
#6896 = EDGE_CURVE('',#6862,#6897,#6899,.T.);
#6897 = VERTEX_POINT('',#6898);
#6898 = CARTESIAN_POINT('',(-324.4542701142,-278.2590237164,
    568.19750092781));
#6899 = SURFACE_CURVE('',#6900,(#6904,#6911),.PCURVE_S1.);
#6900 = LINE('',#6901,#6902);
#6901 = CARTESIAN_POINT('',(-331.1776589192,-272.6561997122,
    534.0202745021));
#6902 = VECTOR('',#6903,1.);
#6903 = DIRECTION('',(0.190572245041,-0.158810204201,0.968742245627));
#6904 = PCURVE('',#6872,#6905);
#6905 = DEFINITIONAL_REPRESENTATION('',(#6906),#6910);
#6906 = LINE('',#6907,#6908);
#6907 = CARTESIAN_POINT('',(6.72,1.136868377216E-13));
#6908 = VECTOR('',#6909,1.);
#6909 = DIRECTION('',(2.775557561563E-17,-1.));
#6910 = ( GEOMETRIC_REPRESENTATION_CONTEXT(2)
PARAMETRIC_REPRESENTATION_CONTEXT() REPRESENTATION_CONTEXT('2D SPACE',''
  ) );
#6911 = PCURVE('',#6912,#6917);
#6912 = CYLINDRICAL_SURFACE('',#6913,6.72);
#6913 = AXIS2_PLACEMENT_3D('',#6914,#6915,#6916);
#6914 = CARTESIAN_POINT('',(-326.8756197535,-267.4937527133,
    534.0202745021));
#6915 = DIRECTION('',(0.190572245041,-0.158810204201,0.968742245627));
#6916 = DIRECTION('',(-0.640184399664,-0.768221279597,
    -1.387778780781E-17));
#6917 = DEFINITIONAL_REPRESENTATION('',(#6918),#6922);
#6918 = LINE('',#6919,#6920);
#6919 = CARTESIAN_POINT('',(-0.,0.));
#6920 = VECTOR('',#6921,1.);
#6921 = DIRECTION('',(-0.,1.));
#6922 = ( GEOMETRIC_REPRESENTATION_CONTEXT(2)
PARAMETRIC_REPRESENTATION_CONTEXT() REPRESENTATION_CONTEXT('2D SPACE',''
  ) );
#6923 = ORIENTED_EDGE('',*,*,#6924,.T.);
#6924 = EDGE_CURVE('',#6897,#6925,#6927,.T.);
#6925 = VERTEX_POINT('',#6926);
#6926 = CARTESIAN_POINT('',(-298.2711001526,-300.0783320178,
    559.46977760728));
#6927 = SURFACE_CURVE('',#6928,(#6932,#6939),.PCURVE_S1.);
#6928 = LINE('',#6929,#6930);
#6929 = CARTESIAN_POINT('',(-329.4553506128,-274.0914566342,
    569.86452776069));
#6930 = VECTOR('',#6931,1.);
#6931 = DIRECTION('',(0.744208407535,-0.620173672946,-0.248069469178));
#6932 = PCURVE('',#6872,#6933);
#6933 = DEFINITIONAL_REPRESENTATION('',(#6934),#6938);
#6934 = LINE('',#6935,#6936);
#6935 = CARTESIAN_POINT('',(-5.684341886081E-14,-35.28));
#6936 = VECTOR('',#6937,1.);
#6937 = DIRECTION('',(1.,-2.775557561563E-17));
#6938 = ( GEOMETRIC_REPRESENTATION_CONTEXT(2)
PARAMETRIC_REPRESENTATION_CONTEXT() REPRESENTATION_CONTEXT('2D SPACE',''
  ) );
#6939 = PCURVE('',#6940,#6945);
#6940 = CYLINDRICAL_SURFACE('',#6941,6.72);
#6941 = AXIS2_PLACEMENT_3D('',#6942,#6943,#6944);
#6942 = CARTESIAN_POINT('',(-325.1533114471,-268.9290096353,
    569.86452776069));
#6943 = DIRECTION('',(0.744208407535,-0.620173672946,-0.248069469178));
#6944 = DIRECTION('',(-0.640184399664,-0.768221279597,1.387778780781E-17
    ));
#6945 = DEFINITIONAL_REPRESENTATION('',(#6946),#6950);
#6946 = LINE('',#6947,#6948);
#6947 = CARTESIAN_POINT('',(-0.,0.));
#6948 = VECTOR('',#6949,1.);
#6949 = DIRECTION('',(-0.,1.));
#6950 = ( GEOMETRIC_REPRESENTATION_CONTEXT(2)
PARAMETRIC_REPRESENTATION_CONTEXT() REPRESENTATION_CONTEXT('2D SPACE',''
  ) );
#6951 = ORIENTED_EDGE('',*,*,#6952,.F.);
#6952 = EDGE_CURVE('',#6864,#6925,#6953,.T.);
#6953 = SURFACE_CURVE('',#6954,(#6958,#6965),.PCURVE_S1.);
#6954 = LINE('',#6955,#6956);
#6955 = CARTESIAN_POINT('',(-304.9944889576,-294.4755080135,
    525.29255118157));
#6956 = VECTOR('',#6957,1.);
#6957 = DIRECTION('',(0.190572245041,-0.158810204201,0.968742245627));
#6958 = PCURVE('',#6872,#6959);
#6959 = DEFINITIONAL_REPRESENTATION('',(#6960),#6964);
#6960 = LINE('',#6961,#6962);
#6961 = CARTESIAN_POINT('',(41.902577482985,5.684341886081E-14));
#6962 = VECTOR('',#6963,1.);
#6963 = DIRECTION('',(2.775557561563E-17,-1.));
#6964 = ( GEOMETRIC_REPRESENTATION_CONTEXT(2)
PARAMETRIC_REPRESENTATION_CONTEXT() REPRESENTATION_CONTEXT('2D SPACE',''
  ) );
#6965 = PCURVE('',#6966,#6971);
#6966 = CYLINDRICAL_SURFACE('',#6967,6.72);
#6967 = AXIS2_PLACEMENT_3D('',#6968,#6969,#6970);
#6968 = CARTESIAN_POINT('',(-300.6924497919,-289.3130610146,
    525.29255118157));
#6969 = DIRECTION('',(0.190572245041,-0.158810204201,0.968742245627));
#6970 = DIRECTION('',(-0.640184399664,-0.768221279597,
    -1.387778780781E-17));
#6971 = DEFINITIONAL_REPRESENTATION('',(#6972),#6976);
#6972 = LINE('',#6973,#6974);
#6973 = CARTESIAN_POINT('',(0.,0.));
#6974 = VECTOR('',#6975,1.);
#6975 = DIRECTION('',(0.,1.));
#6976 = ( GEOMETRIC_REPRESENTATION_CONTEXT(2)
PARAMETRIC_REPRESENTATION_CONTEXT() REPRESENTATION_CONTEXT('2D SPACE',''
  ) );
#6977 = ADVANCED_FACE('',(#6978),#6884,.T.);
#6978 = FACE_BOUND('',#6979,.T.);
#6979 = EDGE_LOOP('',(#6980,#6981,#7010,#7038));
#6980 = ORIENTED_EDGE('',*,*,#6861,.F.);
#6981 = ORIENTED_EDGE('',*,*,#6982,.T.);
#6982 = EDGE_CURVE('',#6862,#6983,#6985,.T.);
#6983 = VERTEX_POINT('',#6984);
#6984 = CARTESIAN_POINT('',(-326.8756197535,-267.4937527133,
    534.0202745021));
#6985 = SURFACE_CURVE('',#6986,(#6991,#6998),.PCURVE_S1.);
#6986 = CIRCLE('',#6987,6.72);
#6987 = AXIS2_PLACEMENT_3D('',#6988,#6989,#6990);
#6988 = CARTESIAN_POINT('',(-325.5949742668,-268.5609572855,
    540.53022239271));
#6989 = DIRECTION('',(0.744208407535,-0.620173672946,-0.248069469178));
#6990 = DIRECTION('',(-0.640184399664,-0.768221279597,1.404432126151E-14
    ));
#6991 = PCURVE('',#6884,#6992);
#6992 = DEFINITIONAL_REPRESENTATION('',(#6993),#6997);
#6993 = LINE('',#6994,#6995);
#6994 = CARTESIAN_POINT('',(0.,6.72));
#6995 = VECTOR('',#6996,1.);
#6996 = DIRECTION('',(1.,0.));
#6997 = ( GEOMETRIC_REPRESENTATION_CONTEXT(2)
PARAMETRIC_REPRESENTATION_CONTEXT() REPRESENTATION_CONTEXT('2D SPACE',''
  ) );
#6998 = PCURVE('',#6999,#7004);
#6999 = SPHERICAL_SURFACE('',#7000,6.72);
#7000 = AXIS2_PLACEMENT_3D('',#7001,#7002,#7003);
#7001 = CARTESIAN_POINT('',(-325.5949742668,-268.5609572855,
    540.53022239271));
#7002 = DIRECTION('',(0.744208407535,-0.620173672946,-0.248069469178));
#7003 = DIRECTION('',(-0.640184399664,-0.768221279597,1.404432126151E-14
    ));
#7004 = DEFINITIONAL_REPRESENTATION('',(#7005),#7009);
#7005 = LINE('',#7006,#7007);
#7006 = CARTESIAN_POINT('',(0.,0.));
#7007 = VECTOR('',#7008,1.);
#7008 = DIRECTION('',(1.,0.));
#7009 = ( GEOMETRIC_REPRESENTATION_CONTEXT(2)
PARAMETRIC_REPRESENTATION_CONTEXT() REPRESENTATION_CONTEXT('2D SPACE',''
  ) );
#7010 = ORIENTED_EDGE('',*,*,#7011,.T.);
#7011 = EDGE_CURVE('',#6983,#7012,#7014,.T.);
#7012 = VERTEX_POINT('',#7013);
#7013 = CARTESIAN_POINT('',(-300.6924497919,-289.3130610146,
    525.29255118157));
#7014 = SURFACE_CURVE('',#7015,(#7019,#7026),.PCURVE_S1.);
#7015 = LINE('',#7016,#7017);
#7016 = CARTESIAN_POINT('',(-331.8767002521,-263.3261856311,
    535.68730133498));
#7017 = VECTOR('',#7018,1.);
#7018 = DIRECTION('',(0.744208407535,-0.620173672946,-0.248069469178));
#7019 = PCURVE('',#6884,#7020);
#7020 = DEFINITIONAL_REPRESENTATION('',(#7021),#7025);
#7021 = LINE('',#7022,#7023);
#7022 = CARTESIAN_POINT('',(1.570796326795,0.));
#7023 = VECTOR('',#7024,1.);
#7024 = DIRECTION('',(0.,1.));
#7025 = ( GEOMETRIC_REPRESENTATION_CONTEXT(2)
PARAMETRIC_REPRESENTATION_CONTEXT() REPRESENTATION_CONTEXT('2D SPACE',''
  ) );
#7026 = PCURVE('',#7027,#7032);
#7027 = PLANE('',#7028);
#7028 = AXIS2_PLACEMENT_3D('',#7029,#7030,#7031);
#7029 = CARTESIAN_POINT('',(-336.1787394179,-268.48863263,
    535.68730133498));
#7030 = DIRECTION('',(0.190572245041,-0.158810204201,0.968742245627));
#7031 = DIRECTION('',(0.744208407535,-0.620173672946,-0.248069469178));
#7032 = DEFINITIONAL_REPRESENTATION('',(#7033),#7037);
#7033 = LINE('',#7034,#7035);
#7034 = CARTESIAN_POINT('',(0.,6.72));
#7035 = VECTOR('',#7036,1.);
#7036 = DIRECTION('',(1.,-5.895380668611E-17));
#7037 = ( GEOMETRIC_REPRESENTATION_CONTEXT(2)
PARAMETRIC_REPRESENTATION_CONTEXT() REPRESENTATION_CONTEXT('2D SPACE',''
  ) );
#7038 = ORIENTED_EDGE('',*,*,#7039,.F.);
#7039 = EDGE_CURVE('',#6864,#7012,#7040,.T.);
#7040 = SURFACE_CURVE('',#7041,(#7046,#7053),.PCURVE_S1.);
#7041 = CIRCLE('',#7042,6.72);
#7042 = AXIS2_PLACEMENT_3D('',#7043,#7044,#7045);
#7043 = CARTESIAN_POINT('',(-299.4118043052,-290.3802655869,
    531.80249907218));
#7044 = DIRECTION('',(0.744208407535,-0.620173672946,-0.248069469178));
#7045 = DIRECTION('',(-0.640184399664,-0.768221279597,1.276756478319E-15
    ));
#7046 = PCURVE('',#6884,#7047);
#7047 = DEFINITIONAL_REPRESENTATION('',(#7048),#7052);
#7048 = LINE('',#7049,#7050);
#7049 = CARTESIAN_POINT('',(8.458842092382E-15,41.902577482985));
#7050 = VECTOR('',#7051,1.);
#7051 = DIRECTION('',(1.,0.));
#7052 = ( GEOMETRIC_REPRESENTATION_CONTEXT(2)
PARAMETRIC_REPRESENTATION_CONTEXT() REPRESENTATION_CONTEXT('2D SPACE',''
  ) );
#7053 = PCURVE('',#7054,#7059);
#7054 = SPHERICAL_SURFACE('',#7055,6.72);
#7055 = AXIS2_PLACEMENT_3D('',#7056,#7057,#7058);
#7056 = CARTESIAN_POINT('',(-299.4118043052,-290.3802655869,
    531.80249907218));
#7057 = DIRECTION('',(-0.744208407535,0.620173672946,0.248069469178));
#7058 = DIRECTION('',(-0.640184399664,-0.768221279597,1.276756478319E-15
    ));
#7059 = DEFINITIONAL_REPRESENTATION('',(#7060),#7064);
#7060 = LINE('',#7061,#7062);
#7061 = CARTESIAN_POINT('',(-0.,0.));
#7062 = VECTOR('',#7063,1.);
#7063 = DIRECTION('',(-1.,0.));
#7064 = ( GEOMETRIC_REPRESENTATION_CONTEXT(2)
PARAMETRIC_REPRESENTATION_CONTEXT() REPRESENTATION_CONTEXT('2D SPACE',''
  ) );
#7065 = ADVANCED_FACE('',(#7066),#6912,.T.);
#7066 = FACE_BOUND('',#7067,.F.);
#7067 = EDGE_LOOP('',(#7068,#7090,#7118,#7143));
#7068 = ORIENTED_EDGE('',*,*,#7069,.F.);
#7069 = EDGE_CURVE('',#7070,#6862,#7072,.T.);
#7070 = VERTEX_POINT('',#7071);
#7071 = CARTESIAN_POINT('',(-330.5960547654,-264.3933902033,
    542.19724922559));
#7072 = SURFACE_CURVE('',#7073,(#7078,#7084),.PCURVE_S1.);
#7073 = CIRCLE('',#7074,6.72);
#7074 = AXIS2_PLACEMENT_3D('',#7075,#7076,#7077);
#7075 = CARTESIAN_POINT('',(-325.5949742668,-268.5609572855,
    540.53022239271));
#7076 = DIRECTION('',(0.190572245041,-0.158810204201,0.968742245627));
#7077 = DIRECTION('',(-0.640184399664,-0.768221279597,1.404432126151E-14
    ));
#7078 = PCURVE('',#6912,#7079);
#7079 = DEFINITIONAL_REPRESENTATION('',(#7080),#7083);
#7080 = B_SPLINE_CURVE_WITH_KNOTS('',1,(#7081,#7082),.UNSPECIFIED.,.F.,
  .F.,(2,2),(4.712388980385,6.28318530718),.PIECEWISE_BEZIER_KNOTS.);
#7081 = CARTESIAN_POINT('',(-1.570796326795,6.72));
#7082 = CARTESIAN_POINT('',(0.,6.72));
#7083 = ( GEOMETRIC_REPRESENTATION_CONTEXT(2)
PARAMETRIC_REPRESENTATION_CONTEXT() REPRESENTATION_CONTEXT('2D SPACE',''
  ) );
#7084 = PCURVE('',#6999,#7085);
#7085 = DEFINITIONAL_REPRESENTATION('',(#7086),#7089);
#7086 = B_SPLINE_CURVE_WITH_KNOTS('',1,(#7087,#7088),.UNSPECIFIED.,.F.,
  .F.,(2,2),(4.712388980385,6.28318530718),.PIECEWISE_BEZIER_KNOTS.);
#7087 = CARTESIAN_POINT('',(0.,-1.570796326795));
#7088 = CARTESIAN_POINT('',(0.,0.));
#7089 = ( GEOMETRIC_REPRESENTATION_CONTEXT(2)
PARAMETRIC_REPRESENTATION_CONTEXT() REPRESENTATION_CONTEXT('2D SPACE',''
  ) );
#7090 = ORIENTED_EDGE('',*,*,#7091,.T.);
#7091 = EDGE_CURVE('',#7070,#7092,#7094,.T.);
#7092 = VERTEX_POINT('',#7093);
#7093 = CARTESIAN_POINT('',(-325.1533114471,-268.9290096353,
    569.86452776069));
#7094 = SURFACE_CURVE('',#7095,(#7099,#7106),.PCURVE_S1.);
#7095 = LINE('',#7096,#7097);
#7096 = CARTESIAN_POINT('',(-331.8767002521,-263.3261856311,
    535.68730133498));
#7097 = VECTOR('',#7098,1.);
#7098 = DIRECTION('',(0.190572245041,-0.158810204201,0.968742245627));
#7099 = PCURVE('',#6912,#7100);
#7100 = DEFINITIONAL_REPRESENTATION('',(#7101),#7105);
#7101 = LINE('',#7102,#7103);
#7102 = CARTESIAN_POINT('',(-1.570796326795,0.));
#7103 = VECTOR('',#7104,1.);
#7104 = DIRECTION('',(-0.,1.));
#7105 = ( GEOMETRIC_REPRESENTATION_CONTEXT(2)
PARAMETRIC_REPRESENTATION_CONTEXT() REPRESENTATION_CONTEXT('2D SPACE',''
  ) );
#7106 = PCURVE('',#7107,#7112);
#7107 = PLANE('',#7108);
#7108 = AXIS2_PLACEMENT_3D('',#7109,#7110,#7111);
#7109 = CARTESIAN_POINT('',(-336.1787394179,-268.48863263,
    535.68730133498));
#7110 = DIRECTION('',(0.744208407535,-0.620173672946,-0.248069469178));
#7111 = DIRECTION('',(0.640184399664,0.768221279597,1.387778780781E-17)
  );
#7112 = DEFINITIONAL_REPRESENTATION('',(#7113),#7117);
#7113 = LINE('',#7114,#7115);
#7114 = CARTESIAN_POINT('',(6.72,0.));
#7115 = VECTOR('',#7116,1.);
#7116 = DIRECTION('',(1.344399932527E-17,1.));
#7117 = ( GEOMETRIC_REPRESENTATION_CONTEXT(2)
PARAMETRIC_REPRESENTATION_CONTEXT() REPRESENTATION_CONTEXT('2D SPACE',''
  ) );
#7118 = ORIENTED_EDGE('',*,*,#7119,.T.);
#7119 = EDGE_CURVE('',#7092,#6897,#7120,.T.);
#7120 = SURFACE_CURVE('',#7121,(#7126,#7132),.PCURVE_S1.);
#7121 = CIRCLE('',#7122,6.72);
#7122 = AXIS2_PLACEMENT_3D('',#7123,#7124,#7125);
#7123 = CARTESIAN_POINT('',(-320.1522309484,-273.0965767175,
    568.19750092781));
#7124 = DIRECTION('',(0.190572245041,-0.158810204201,0.968742245627));
#7125 = DIRECTION('',(-0.640184399664,-0.768221279597,1.428024365424E-14
    ));
#7126 = PCURVE('',#6912,#7127);
#7127 = DEFINITIONAL_REPRESENTATION('',(#7128),#7131);
#7128 = B_SPLINE_CURVE_WITH_KNOTS('',1,(#7129,#7130),.UNSPECIFIED.,.F.,
  .F.,(2,2),(4.712388980385,6.28318530718),.PIECEWISE_BEZIER_KNOTS.);
#7129 = CARTESIAN_POINT('',(-1.570796326795,35.28));
#7130 = CARTESIAN_POINT('',(0.,35.28));
#7131 = ( GEOMETRIC_REPRESENTATION_CONTEXT(2)
PARAMETRIC_REPRESENTATION_CONTEXT() REPRESENTATION_CONTEXT('2D SPACE',''
  ) );
#7132 = PCURVE('',#7133,#7138);
#7133 = SPHERICAL_SURFACE('',#7134,6.72);
#7134 = AXIS2_PLACEMENT_3D('',#7135,#7136,#7137);
#7135 = CARTESIAN_POINT('',(-320.1522309484,-273.0965767175,
    568.19750092781));
#7136 = DIRECTION('',(0.744208407535,-0.620173672946,-0.248069469178));
#7137 = DIRECTION('',(-0.640184399664,-0.768221279597,1.429412144205E-14
    ));
#7138 = DEFINITIONAL_REPRESENTATION('',(#7139),#7142);
#7139 = B_SPLINE_CURVE_WITH_KNOTS('',1,(#7140,#7141),.UNSPECIFIED.,.F.,
  .F.,(2,2),(4.712388980385,6.28318530718),.PIECEWISE_BEZIER_KNOTS.);
#7140 = CARTESIAN_POINT('',(0.,-1.570796326795));
#7141 = CARTESIAN_POINT('',(0.,0.));
#7142 = ( GEOMETRIC_REPRESENTATION_CONTEXT(2)
PARAMETRIC_REPRESENTATION_CONTEXT() REPRESENTATION_CONTEXT('2D SPACE',''
  ) );
#7143 = ORIENTED_EDGE('',*,*,#6896,.F.);
#7144 = ADVANCED_FACE('',(#7145),#6966,.T.);
#7145 = FACE_BOUND('',#7146,.T.);
#7146 = EDGE_LOOP('',(#7147,#7169,#7197,#7224));
#7147 = ORIENTED_EDGE('',*,*,#7148,.F.);
#7148 = EDGE_CURVE('',#7149,#6864,#7151,.T.);
#7149 = VERTEX_POINT('',#7150);
#7150 = CARTESIAN_POINT('',(-294.4107238066,-294.5478326691,
    530.1354722393));
#7151 = SURFACE_CURVE('',#7152,(#7157,#7163),.PCURVE_S1.);
#7152 = CIRCLE('',#7153,6.72);
#7153 = AXIS2_PLACEMENT_3D('',#7154,#7155,#7156);
#7154 = CARTESIAN_POINT('',(-299.4118043052,-290.3802655869,
    531.80249907218));
#7155 = DIRECTION('',(-0.190572245041,0.158810204201,-0.968742245627));
#7156 = DIRECTION('',(-0.640184399664,-0.768221279597,1.276756478319E-15
    ));
#7157 = PCURVE('',#6966,#7158);
#7158 = DEFINITIONAL_REPRESENTATION('',(#7159),#7162);
#7159 = B_SPLINE_CURVE_WITH_KNOTS('',1,(#7160,#7161),.UNSPECIFIED.,.F.,
  .F.,(2,2),(4.712388980385,6.28318530718),.PIECEWISE_BEZIER_KNOTS.);
#7160 = CARTESIAN_POINT('',(1.570796326795,6.72));
#7161 = CARTESIAN_POINT('',(0.,6.72));
#7162 = ( GEOMETRIC_REPRESENTATION_CONTEXT(2)
PARAMETRIC_REPRESENTATION_CONTEXT() REPRESENTATION_CONTEXT('2D SPACE',''
  ) );
#7163 = PCURVE('',#7054,#7164);
#7164 = DEFINITIONAL_REPRESENTATION('',(#7165),#7168);
#7165 = B_SPLINE_CURVE_WITH_KNOTS('',1,(#7166,#7167),.UNSPECIFIED.,.F.,
  .F.,(2,2),(4.712388980385,6.28318530718),.PIECEWISE_BEZIER_KNOTS.);
#7166 = CARTESIAN_POINT('',(0.,-1.570796326795));
#7167 = CARTESIAN_POINT('',(0.,0.));
#7168 = ( GEOMETRIC_REPRESENTATION_CONTEXT(2)
PARAMETRIC_REPRESENTATION_CONTEXT() REPRESENTATION_CONTEXT('2D SPACE',''
  ) );
#7169 = ORIENTED_EDGE('',*,*,#7170,.T.);
#7170 = EDGE_CURVE('',#7149,#7171,#7173,.T.);
#7171 = VERTEX_POINT('',#7172);
#7172 = CARTESIAN_POINT('',(-288.9679804882,-299.0834521011,
    557.8027507744));
#7173 = SURFACE_CURVE('',#7174,(#7178,#7185),.PCURVE_S1.);
#7174 = LINE('',#7175,#7176);
#7175 = CARTESIAN_POINT('',(-295.6913692933,-293.4806280968,
    523.62552434869));
#7176 = VECTOR('',#7177,1.);
#7177 = DIRECTION('',(0.190572245041,-0.158810204201,0.968742245627));
#7178 = PCURVE('',#6966,#7179);
#7179 = DEFINITIONAL_REPRESENTATION('',(#7180),#7184);
#7180 = LINE('',#7181,#7182);
#7181 = CARTESIAN_POINT('',(1.570796326795,0.));
#7182 = VECTOR('',#7183,1.);
#7183 = DIRECTION('',(0.,1.));
#7184 = ( GEOMETRIC_REPRESENTATION_CONTEXT(2)
PARAMETRIC_REPRESENTATION_CONTEXT() REPRESENTATION_CONTEXT('2D SPACE',''
  ) );
#7185 = PCURVE('',#7186,#7191);
#7186 = PLANE('',#7187);
#7187 = AXIS2_PLACEMENT_3D('',#7188,#7189,#7190);
#7188 = CARTESIAN_POINT('',(-299.993408459,-298.6430750957,
    523.62552434869));
#7189 = DIRECTION('',(0.744208407535,-0.620173672946,-0.248069469178));
#7190 = DIRECTION('',(0.640184399664,0.768221279597,1.387778780781E-17)
  );
#7191 = DEFINITIONAL_REPRESENTATION('',(#7192),#7196);
#7192 = LINE('',#7193,#7194);
#7193 = CARTESIAN_POINT('',(6.72,0.));
#7194 = VECTOR('',#7195,1.);
#7195 = DIRECTION('',(1.344399932527E-17,1.));
#7196 = ( GEOMETRIC_REPRESENTATION_CONTEXT(2)
PARAMETRIC_REPRESENTATION_CONTEXT() REPRESENTATION_CONTEXT('2D SPACE',''
  ) );
#7197 = ORIENTED_EDGE('',*,*,#7198,.F.);
#7198 = EDGE_CURVE('',#6925,#7171,#7199,.T.);
#7199 = SURFACE_CURVE('',#7200,(#7205,#7212),.PCURVE_S1.);
#7200 = CIRCLE('',#7201,6.72);
#7201 = AXIS2_PLACEMENT_3D('',#7202,#7203,#7204);
#7202 = CARTESIAN_POINT('',(-293.9690609868,-294.9158850189,
    559.46977760728));
#7203 = DIRECTION('',(0.190572245041,-0.158810204201,0.968742245627));
#7204 = DIRECTION('',(-0.640184399664,-0.768221279597,2.636779683485E-16
    ));
#7205 = PCURVE('',#6966,#7206);
#7206 = DEFINITIONAL_REPRESENTATION('',(#7207),#7211);
#7207 = LINE('',#7208,#7209);
#7208 = CARTESIAN_POINT('',(0.,35.28));
#7209 = VECTOR('',#7210,1.);
#7210 = DIRECTION('',(1.,0.));
#7211 = ( GEOMETRIC_REPRESENTATION_CONTEXT(2)
PARAMETRIC_REPRESENTATION_CONTEXT() REPRESENTATION_CONTEXT('2D SPACE',''
  ) );
#7212 = PCURVE('',#7213,#7218);
#7213 = SPHERICAL_SURFACE('',#7214,6.72);
#7214 = AXIS2_PLACEMENT_3D('',#7215,#7216,#7217);
#7215 = CARTESIAN_POINT('',(-293.9690609868,-294.9158850189,
    559.46977760728));
#7216 = DIRECTION('',(-0.190572245041,0.158810204201,-0.968742245627));
#7217 = DIRECTION('',(-0.640184399664,-0.768221279597,2.636779683485E-16
    ));
#7218 = DEFINITIONAL_REPRESENTATION('',(#7219),#7223);
#7219 = LINE('',#7220,#7221);
#7220 = CARTESIAN_POINT('',(-0.,0.));
#7221 = VECTOR('',#7222,1.);
#7222 = DIRECTION('',(-1.,0.));
#7223 = ( GEOMETRIC_REPRESENTATION_CONTEXT(2)
PARAMETRIC_REPRESENTATION_CONTEXT() REPRESENTATION_CONTEXT('2D SPACE',''
  ) );
#7224 = ORIENTED_EDGE('',*,*,#6952,.F.);
#7225 = ADVANCED_FACE('',(#7226),#6940,.T.);
#7226 = FACE_BOUND('',#7227,.F.);
#7227 = EDGE_LOOP('',(#7228,#7229,#7253,#7281));
#7228 = ORIENTED_EDGE('',*,*,#6924,.F.);
#7229 = ORIENTED_EDGE('',*,*,#7230,.T.);
#7230 = EDGE_CURVE('',#6897,#7231,#7233,.T.);
#7231 = VERTEX_POINT('',#7232);
#7232 = CARTESIAN_POINT('',(-318.8715854618,-274.1637812898,
    574.70744881842));
#7233 = SURFACE_CURVE('',#7234,(#7239,#7246),.PCURVE_S1.);
#7234 = CIRCLE('',#7235,6.72);
#7235 = AXIS2_PLACEMENT_3D('',#7236,#7237,#7238);
#7236 = CARTESIAN_POINT('',(-320.1522309484,-273.0965767175,
    568.19750092781));
#7237 = DIRECTION('',(-0.744208407535,0.620173672946,0.248069469178));
#7238 = DIRECTION('',(-0.640184399664,-0.768221279597,1.425248807863E-14
    ));
#7239 = PCURVE('',#6940,#7240);
#7240 = DEFINITIONAL_REPRESENTATION('',(#7241),#7245);
#7241 = LINE('',#7242,#7243);
#7242 = CARTESIAN_POINT('',(-0.,6.72));
#7243 = VECTOR('',#7244,1.);
#7244 = DIRECTION('',(-1.,0.));
#7245 = ( GEOMETRIC_REPRESENTATION_CONTEXT(2)
PARAMETRIC_REPRESENTATION_CONTEXT() REPRESENTATION_CONTEXT('2D SPACE',''
  ) );
#7246 = PCURVE('',#7133,#7247);
#7247 = DEFINITIONAL_REPRESENTATION('',(#7248),#7252);
#7248 = LINE('',#7249,#7250);
#7249 = CARTESIAN_POINT('',(-0.,0.));
#7250 = VECTOR('',#7251,1.);
#7251 = DIRECTION('',(-1.,0.));
#7252 = ( GEOMETRIC_REPRESENTATION_CONTEXT(2)
PARAMETRIC_REPRESENTATION_CONTEXT() REPRESENTATION_CONTEXT('2D SPACE',''
  ) );
#7253 = ORIENTED_EDGE('',*,*,#7254,.T.);
#7254 = EDGE_CURVE('',#7231,#7255,#7257,.T.);
#7255 = VERTEX_POINT('',#7256);
#7256 = CARTESIAN_POINT('',(-292.6884155002,-295.9830895911,
    565.97972549789));
#7257 = SURFACE_CURVE('',#7258,(#7262,#7269),.PCURVE_S1.);
#7258 = LINE('',#7259,#7260);
#7259 = CARTESIAN_POINT('',(-323.8726659604,-269.9962142076,
    576.3744756513));
#7260 = VECTOR('',#7261,1.);
#7261 = DIRECTION('',(0.744208407535,-0.620173672946,-0.248069469178));
#7262 = PCURVE('',#6940,#7263);
#7263 = DEFINITIONAL_REPRESENTATION('',(#7264),#7268);
#7264 = LINE('',#7265,#7266);
#7265 = CARTESIAN_POINT('',(-1.570796326795,0.));
#7266 = VECTOR('',#7267,1.);
#7267 = DIRECTION('',(-0.,1.));
#7268 = ( GEOMETRIC_REPRESENTATION_CONTEXT(2)
PARAMETRIC_REPRESENTATION_CONTEXT() REPRESENTATION_CONTEXT('2D SPACE',''
  ) );
#7269 = PCURVE('',#7270,#7275);
#7270 = PLANE('',#7271);
#7271 = AXIS2_PLACEMENT_3D('',#7272,#7273,#7274);
#7272 = CARTESIAN_POINT('',(-328.1747051261,-275.1586612065,
    576.3744756513));
#7273 = DIRECTION('',(0.190572245041,-0.158810204201,0.968742245627));
#7274 = DIRECTION('',(0.744208407535,-0.620173672946,-0.248069469178));
#7275 = DEFINITIONAL_REPRESENTATION('',(#7276),#7280);
#7276 = LINE('',#7277,#7278);
#7277 = CARTESIAN_POINT('',(0.,6.72));
#7278 = VECTOR('',#7279,1.);
#7279 = DIRECTION('',(1.,-5.895380668611E-17));
#7280 = ( GEOMETRIC_REPRESENTATION_CONTEXT(2)
PARAMETRIC_REPRESENTATION_CONTEXT() REPRESENTATION_CONTEXT('2D SPACE',''
  ) );
#7281 = ORIENTED_EDGE('',*,*,#7282,.T.);
#7282 = EDGE_CURVE('',#7255,#6925,#7283,.T.);
#7283 = SURFACE_CURVE('',#7284,(#7289,#7295),.PCURVE_S1.);
#7284 = CIRCLE('',#7285,6.72);
#7285 = AXIS2_PLACEMENT_3D('',#7286,#7287,#7288);
#7286 = CARTESIAN_POINT('',(-293.9690609868,-294.9158850189,
    559.46977760728));
#7287 = DIRECTION('',(0.744208407535,-0.620173672946,-0.248069469178));
#7288 = DIRECTION('',(-0.640184399664,-0.768221279597,2.498001805407E-16
    ));
#7289 = PCURVE('',#6940,#7290);
#7290 = DEFINITIONAL_REPRESENTATION('',(#7291),#7294);
#7291 = B_SPLINE_CURVE_WITH_KNOTS('',1,(#7292,#7293),.UNSPECIFIED.,.F.,
  .F.,(2,2),(4.712388980385,6.28318530718),.PIECEWISE_BEZIER_KNOTS.);
#7292 = CARTESIAN_POINT('',(-1.570796326795,41.902577482985));
#7293 = CARTESIAN_POINT('',(0.,41.902577482985));
#7294 = ( GEOMETRIC_REPRESENTATION_CONTEXT(2)
PARAMETRIC_REPRESENTATION_CONTEXT() REPRESENTATION_CONTEXT('2D SPACE',''
  ) );
#7295 = PCURVE('',#7213,#7296);
#7296 = DEFINITIONAL_REPRESENTATION('',(#7297),#7300);
#7297 = B_SPLINE_CURVE_WITH_KNOTS('',1,(#7298,#7299),.UNSPECIFIED.,.F.,
  .F.,(2,2),(4.712388980385,6.28318530718),.PIECEWISE_BEZIER_KNOTS.);
#7298 = CARTESIAN_POINT('',(0.,-1.570796326795));
#7299 = CARTESIAN_POINT('',(0.,0.));
#7300 = ( GEOMETRIC_REPRESENTATION_CONTEXT(2)
PARAMETRIC_REPRESENTATION_CONTEXT() REPRESENTATION_CONTEXT('2D SPACE',''
  ) );
#7301 = ADVANCED_FACE('',(#7302),#6999,.T.);
#7302 = FACE_BOUND('',#7303,.T.);
#7303 = EDGE_LOOP('',(#7304,#7305,#7330));
#7304 = ORIENTED_EDGE('',*,*,#7069,.F.);
#7305 = ORIENTED_EDGE('',*,*,#7306,.T.);
#7306 = EDGE_CURVE('',#7070,#6983,#7307,.T.);
#7307 = SURFACE_CURVE('',#7308,(#7313,#7319),.PCURVE_S1.);
#7308 = CIRCLE('',#7309,6.72);
#7309 = AXIS2_PLACEMENT_3D('',#7310,#7311,#7312);
#7310 = CARTESIAN_POINT('',(-325.5949742668,-268.5609572855,
    540.53022239271));
#7311 = DIRECTION('',(-0.640184399664,-0.768221279597,1.108835245844E-14
    ));
#7312 = DIRECTION('',(-0.190572245041,0.158810204201,-0.968742245627));
#7313 = PCURVE('',#6999,#7314);
#7314 = DEFINITIONAL_REPRESENTATION('',(#7315),#7318);
#7315 = B_SPLINE_CURVE_WITH_KNOTS('',1,(#7316,#7317),.UNSPECIFIED.,.F.,
  .F.,(2,2),(4.712388980385,6.28318530718),.PIECEWISE_BEZIER_KNOTS.);
#7316 = CARTESIAN_POINT('',(1.570796326795,-1.570796326795));
#7317 = CARTESIAN_POINT('',(1.570796326795,0.));
#7318 = ( GEOMETRIC_REPRESENTATION_CONTEXT(2)
PARAMETRIC_REPRESENTATION_CONTEXT() REPRESENTATION_CONTEXT('2D SPACE',''
  ) );
#7319 = PCURVE('',#7320,#7325);
#7320 = CYLINDRICAL_SURFACE('',#7321,6.72);
#7321 = AXIS2_PLACEMENT_3D('',#7322,#7323,#7324);
#7322 = CARTESIAN_POINT('',(-329.8970134326,-273.7234042844,
    540.53022239271));
#7323 = DIRECTION('',(0.640184399664,0.768221279597,1.387778780781E-17)
  );
#7324 = DIRECTION('',(-0.190572245041,0.158810204201,-0.968742245627));
#7325 = DEFINITIONAL_REPRESENTATION('',(#7326),#7329);
#7326 = B_SPLINE_CURVE_WITH_KNOTS('',1,(#7327,#7328),.UNSPECIFIED.,.F.,
  .F.,(2,2),(4.712388980385,6.28318530718),.PIECEWISE_BEZIER_KNOTS.);
#7327 = CARTESIAN_POINT('',(1.570796326795,6.72));
#7328 = CARTESIAN_POINT('',(0.,6.72));
#7329 = ( GEOMETRIC_REPRESENTATION_CONTEXT(2)
PARAMETRIC_REPRESENTATION_CONTEXT() REPRESENTATION_CONTEXT('2D SPACE',''
  ) );
#7330 = ORIENTED_EDGE('',*,*,#6982,.F.);
#7331 = ADVANCED_FACE('',(#7332),#7054,.T.);
#7332 = FACE_BOUND('',#7333,.F.);
#7333 = EDGE_LOOP('',(#7334,#7335,#7360));
#7334 = ORIENTED_EDGE('',*,*,#7148,.F.);
#7335 = ORIENTED_EDGE('',*,*,#7336,.T.);
#7336 = EDGE_CURVE('',#7149,#7012,#7337,.T.);
#7337 = SURFACE_CURVE('',#7338,(#7343,#7349),.PCURVE_S1.);
#7338 = CIRCLE('',#7339,6.72);
#7339 = AXIS2_PLACEMENT_3D('',#7340,#7341,#7342);
#7340 = CARTESIAN_POINT('',(-299.4118043052,-290.3802655869,
    531.80249907218));
#7341 = DIRECTION('',(0.640184399664,0.768221279597,-4.76008121808E-15)
  );
#7342 = DIRECTION('',(-0.190572245041,0.158810204201,-0.968742245627));
#7343 = PCURVE('',#7054,#7344);
#7344 = DEFINITIONAL_REPRESENTATION('',(#7345),#7348);
#7345 = B_SPLINE_CURVE_WITH_KNOTS('',1,(#7346,#7347),.UNSPECIFIED.,.F.,
  .F.,(2,2),(4.712388980385,6.28318530718),.PIECEWISE_BEZIER_KNOTS.);
#7346 = CARTESIAN_POINT('',(-1.570796326795,-1.570796326795));
#7347 = CARTESIAN_POINT('',(-1.570796326795,0.));
#7348 = ( GEOMETRIC_REPRESENTATION_CONTEXT(2)
PARAMETRIC_REPRESENTATION_CONTEXT() REPRESENTATION_CONTEXT('2D SPACE',''
  ) );
#7349 = PCURVE('',#7350,#7355);
#7350 = CYLINDRICAL_SURFACE('',#7351,6.72);
#7351 = AXIS2_PLACEMENT_3D('',#7352,#7353,#7354);
#7352 = CARTESIAN_POINT('',(-303.713843471,-295.5427125858,
    531.80249907218));
#7353 = DIRECTION('',(0.640184399664,0.768221279597,1.387778780781E-17)
  );
#7354 = DIRECTION('',(-0.190572245041,0.158810204201,-0.968742245627));
#7355 = DEFINITIONAL_REPRESENTATION('',(#7356),#7359);
#7356 = B_SPLINE_CURVE_WITH_KNOTS('',1,(#7357,#7358),.UNSPECIFIED.,.F.,
  .F.,(2,2),(4.712388980385,6.28318530718),.PIECEWISE_BEZIER_KNOTS.);
#7357 = CARTESIAN_POINT('',(-1.570796326795,6.72));
#7358 = CARTESIAN_POINT('',(0.,6.72));
#7359 = ( GEOMETRIC_REPRESENTATION_CONTEXT(2)
PARAMETRIC_REPRESENTATION_CONTEXT() REPRESENTATION_CONTEXT('2D SPACE',''
  ) );
#7360 = ORIENTED_EDGE('',*,*,#7039,.F.);
#7361 = ADVANCED_FACE('',(#7362),#7027,.F.);
#7362 = FACE_BOUND('',#7363,.F.);
#7363 = EDGE_LOOP('',(#7364,#7365,#7388,#7416));
#7364 = ORIENTED_EDGE('',*,*,#7011,.T.);
#7365 = ORIENTED_EDGE('',*,*,#7366,.T.);
#7366 = EDGE_CURVE('',#7012,#7367,#7369,.T.);
#7367 = VERTEX_POINT('',#7368);
#7368 = CARTESIAN_POINT('',(-281.1284145381,-265.8362187101,
    525.29255118157));
#7369 = SURFACE_CURVE('',#7370,(#7374,#7381),.PCURVE_S1.);
#7370 = LINE('',#7371,#7372);
#7371 = CARTESIAN_POINT('',(-304.9944889576,-294.4755080135,
    525.29255118157));
#7372 = VECTOR('',#7373,1.);
#7373 = DIRECTION('',(0.640184399664,0.768221279597,1.387778780781E-17)
  );
#7374 = PCURVE('',#7027,#7375);
#7375 = DEFINITIONAL_REPRESENTATION('',(#7376),#7380);
#7376 = LINE('',#7377,#7378);
#7377 = CARTESIAN_POINT('',(41.902577482985,0.));
#7378 = VECTOR('',#7379,1.);
#7379 = DIRECTION('',(-5.895380668611E-17,1.));
#7380 = ( GEOMETRIC_REPRESENTATION_CONTEXT(2)
PARAMETRIC_REPRESENTATION_CONTEXT() REPRESENTATION_CONTEXT('2D SPACE',''
  ) );
#7381 = PCURVE('',#7350,#7382);
#7382 = DEFINITIONAL_REPRESENTATION('',(#7383),#7387);
#7383 = LINE('',#7384,#7385);
#7384 = CARTESIAN_POINT('',(-0.,0.));
#7385 = VECTOR('',#7386,1.);
#7386 = DIRECTION('',(-0.,1.));
#7387 = ( GEOMETRIC_REPRESENTATION_CONTEXT(2)
PARAMETRIC_REPRESENTATION_CONTEXT() REPRESENTATION_CONTEXT('2D SPACE',''
  ) );
#7388 = ORIENTED_EDGE('',*,*,#7389,.F.);
#7389 = EDGE_CURVE('',#7390,#7367,#7392,.T.);
#7390 = VERTEX_POINT('',#7391);
#7391 = CARTESIAN_POINT('',(-307.3115844997,-244.0169104088,
    534.0202745021));
#7392 = SURFACE_CURVE('',#7393,(#7397,#7404),.PCURVE_S1.);
#7393 = LINE('',#7394,#7395);
#7394 = CARTESIAN_POINT('',(-312.3126649984,-239.8493433266,
    535.68730133498));
#7395 = VECTOR('',#7396,1.);
#7396 = DIRECTION('',(0.744208407535,-0.620173672946,-0.248069469178));
#7397 = PCURVE('',#7027,#7398);
#7398 = DEFINITIONAL_REPRESENTATION('',(#7399),#7403);
#7399 = LINE('',#7400,#7401);
#7400 = CARTESIAN_POINT('',(0.,37.28));
#7401 = VECTOR('',#7402,1.);
#7402 = DIRECTION('',(1.,-5.895380668611E-17));
#7403 = ( GEOMETRIC_REPRESENTATION_CONTEXT(2)
PARAMETRIC_REPRESENTATION_CONTEXT() REPRESENTATION_CONTEXT('2D SPACE',''
  ) );
#7404 = PCURVE('',#7405,#7410);
#7405 = CYLINDRICAL_SURFACE('',#7406,6.72);
#7406 = AXIS2_PLACEMENT_3D('',#7407,#7408,#7409);
#7407 = CARTESIAN_POINT('',(-311.0320195117,-240.9165478988,
    542.19724922559));
#7408 = DIRECTION('',(0.744208407535,-0.620173672946,-0.248069469178));
#7409 = DIRECTION('',(0.640184399664,0.768221279597,-1.387778780781E-17)
  );
#7410 = DEFINITIONAL_REPRESENTATION('',(#7411),#7415);
#7411 = LINE('',#7412,#7413);
#7412 = CARTESIAN_POINT('',(-1.570796326795,0.));
#7413 = VECTOR('',#7414,1.);
#7414 = DIRECTION('',(-0.,1.));
#7415 = ( GEOMETRIC_REPRESENTATION_CONTEXT(2)
PARAMETRIC_REPRESENTATION_CONTEXT() REPRESENTATION_CONTEXT('2D SPACE',''
  ) );
#7416 = ORIENTED_EDGE('',*,*,#7417,.F.);
#7417 = EDGE_CURVE('',#6983,#7390,#7418,.T.);
#7418 = SURFACE_CURVE('',#7419,(#7423,#7430),.PCURVE_S1.);
#7419 = LINE('',#7420,#7421);
#7420 = CARTESIAN_POINT('',(-331.1776589192,-272.6561997122,
    534.0202745021));
#7421 = VECTOR('',#7422,1.);
#7422 = DIRECTION('',(0.640184399664,0.768221279597,1.387778780781E-17)
  );
#7423 = PCURVE('',#7027,#7424);
#7424 = DEFINITIONAL_REPRESENTATION('',(#7425),#7429);
#7425 = LINE('',#7426,#7427);
#7426 = CARTESIAN_POINT('',(6.72,5.684341886081E-14));
#7427 = VECTOR('',#7428,1.);
#7428 = DIRECTION('',(-5.895380668611E-17,1.));
#7429 = ( GEOMETRIC_REPRESENTATION_CONTEXT(2)
PARAMETRIC_REPRESENTATION_CONTEXT() REPRESENTATION_CONTEXT('2D SPACE',''
  ) );
#7430 = PCURVE('',#7320,#7431);
#7431 = DEFINITIONAL_REPRESENTATION('',(#7432),#7436);
#7432 = LINE('',#7433,#7434);
#7433 = CARTESIAN_POINT('',(0.,0.));
#7434 = VECTOR('',#7435,1.);
#7435 = DIRECTION('',(0.,1.));
#7436 = ( GEOMETRIC_REPRESENTATION_CONTEXT(2)
PARAMETRIC_REPRESENTATION_CONTEXT() REPRESENTATION_CONTEXT('2D SPACE',''
  ) );
#7437 = ADVANCED_FACE('',(#7438),#7107,.F.);
#7438 = FACE_BOUND('',#7439,.F.);
#7439 = EDGE_LOOP('',(#7440,#7441,#7464,#7492));
#7440 = ORIENTED_EDGE('',*,*,#7091,.F.);
#7441 = ORIENTED_EDGE('',*,*,#7442,.T.);
#7442 = EDGE_CURVE('',#7070,#7443,#7445,.T.);
#7443 = VERTEX_POINT('',#7444);
#7444 = CARTESIAN_POINT('',(-311.0320195117,-240.9165478988,
    542.19724922559));
#7445 = SURFACE_CURVE('',#7446,(#7450,#7457),.PCURVE_S1.);
#7446 = LINE('',#7447,#7448);
#7447 = CARTESIAN_POINT('',(-334.8980939312,-269.5558372022,
    542.19724922559));
#7448 = VECTOR('',#7449,1.);
#7449 = DIRECTION('',(0.640184399664,0.768221279597,1.387778780781E-17)
  );
#7450 = PCURVE('',#7107,#7451);
#7451 = DEFINITIONAL_REPRESENTATION('',(#7452),#7456);
#7452 = LINE('',#7453,#7454);
#7453 = CARTESIAN_POINT('',(5.684341886081E-14,6.72));
#7454 = VECTOR('',#7455,1.);
#7455 = DIRECTION('',(1.,1.344399932527E-17));
#7456 = ( GEOMETRIC_REPRESENTATION_CONTEXT(2)
PARAMETRIC_REPRESENTATION_CONTEXT() REPRESENTATION_CONTEXT('2D SPACE',''
  ) );
#7457 = PCURVE('',#7320,#7458);
#7458 = DEFINITIONAL_REPRESENTATION('',(#7459),#7463);
#7459 = LINE('',#7460,#7461);
#7460 = CARTESIAN_POINT('',(1.570796326795,0.));
#7461 = VECTOR('',#7462,1.);
#7462 = DIRECTION('',(0.,1.));
#7463 = ( GEOMETRIC_REPRESENTATION_CONTEXT(2)
PARAMETRIC_REPRESENTATION_CONTEXT() REPRESENTATION_CONTEXT('2D SPACE',''
  ) );
#7464 = ORIENTED_EDGE('',*,*,#7465,.T.);
#7465 = EDGE_CURVE('',#7443,#7466,#7468,.T.);
#7466 = VERTEX_POINT('',#7467);
#7467 = CARTESIAN_POINT('',(-305.5892761933,-245.4521673308,
    569.86452776069));
#7468 = SURFACE_CURVE('',#7469,(#7473,#7480),.PCURVE_S1.);
#7469 = LINE('',#7470,#7471);
#7470 = CARTESIAN_POINT('',(-312.3126649984,-239.8493433266,
    535.68730133498));
#7471 = VECTOR('',#7472,1.);
#7472 = DIRECTION('',(0.190572245041,-0.158810204201,0.968742245627));
#7473 = PCURVE('',#7107,#7474);
#7474 = DEFINITIONAL_REPRESENTATION('',(#7475),#7479);
#7475 = LINE('',#7476,#7477);
#7476 = CARTESIAN_POINT('',(37.28,0.));
#7477 = VECTOR('',#7478,1.);
#7478 = DIRECTION('',(1.344399932527E-17,1.));
#7479 = ( GEOMETRIC_REPRESENTATION_CONTEXT(2)
PARAMETRIC_REPRESENTATION_CONTEXT() REPRESENTATION_CONTEXT('2D SPACE',''
  ) );
#7480 = PCURVE('',#7481,#7486);
#7481 = CYLINDRICAL_SURFACE('',#7482,6.72);
#7482 = AXIS2_PLACEMENT_3D('',#7483,#7484,#7485);
#7483 = CARTESIAN_POINT('',(-307.3115844997,-244.0169104088,
    534.0202745021));
#7484 = DIRECTION('',(0.190572245041,-0.158810204201,0.968742245627));
#7485 = DIRECTION('',(0.640184399664,0.768221279597,1.387778780781E-17)
  );
#7486 = DEFINITIONAL_REPRESENTATION('',(#7487),#7491);
#7487 = LINE('',#7488,#7489);
#7488 = CARTESIAN_POINT('',(1.570796326795,0.));
#7489 = VECTOR('',#7490,1.);
#7490 = DIRECTION('',(0.,1.));
#7491 = ( GEOMETRIC_REPRESENTATION_CONTEXT(2)
PARAMETRIC_REPRESENTATION_CONTEXT() REPRESENTATION_CONTEXT('2D SPACE',''
  ) );
#7492 = ORIENTED_EDGE('',*,*,#7493,.F.);
#7493 = EDGE_CURVE('',#7092,#7466,#7494,.T.);
#7494 = SURFACE_CURVE('',#7495,(#7499,#7506),.PCURVE_S1.);
#7495 = LINE('',#7496,#7497);
#7496 = CARTESIAN_POINT('',(-329.4553506128,-274.0914566342,
    569.86452776069));
#7497 = VECTOR('',#7498,1.);
#7498 = DIRECTION('',(0.640184399664,0.768221279597,1.387778780781E-17)
  );
#7499 = PCURVE('',#7107,#7500);
#7500 = DEFINITIONAL_REPRESENTATION('',(#7501),#7505);
#7501 = LINE('',#7502,#7503);
#7502 = CARTESIAN_POINT('',(0.,35.28));
#7503 = VECTOR('',#7504,1.);
#7504 = DIRECTION('',(1.,1.344399932527E-17));
#7505 = ( GEOMETRIC_REPRESENTATION_CONTEXT(2)
PARAMETRIC_REPRESENTATION_CONTEXT() REPRESENTATION_CONTEXT('2D SPACE',''
  ) );
#7506 = PCURVE('',#7507,#7512);
#7507 = CYLINDRICAL_SURFACE('',#7508,6.72);
#7508 = AXIS2_PLACEMENT_3D('',#7509,#7510,#7511);
#7509 = CARTESIAN_POINT('',(-324.4542701142,-278.2590237164,
    568.19750092781));
#7510 = DIRECTION('',(0.640184399664,0.768221279597,1.387778780781E-17)
  );
#7511 = DIRECTION('',(0.190572245041,-0.158810204201,0.968742245627));
#7512 = DEFINITIONAL_REPRESENTATION('',(#7513),#7517);
#7513 = LINE('',#7514,#7515);
#7514 = CARTESIAN_POINT('',(-1.570796326795,0.));
#7515 = VECTOR('',#7516,1.);
#7516 = DIRECTION('',(-0.,1.));
#7517 = ( GEOMETRIC_REPRESENTATION_CONTEXT(2)
PARAMETRIC_REPRESENTATION_CONTEXT() REPRESENTATION_CONTEXT('2D SPACE',''
  ) );
#7518 = ADVANCED_FACE('',(#7519),#7133,.T.);
#7519 = FACE_BOUND('',#7520,.F.);
#7520 = EDGE_LOOP('',(#7521,#7522,#7542));
#7521 = ORIENTED_EDGE('',*,*,#7119,.F.);
#7522 = ORIENTED_EDGE('',*,*,#7523,.T.);
#7523 = EDGE_CURVE('',#7092,#7231,#7524,.T.);
#7524 = SURFACE_CURVE('',#7525,(#7530,#7536),.PCURVE_S1.);
#7525 = CIRCLE('',#7526,6.72);
#7526 = AXIS2_PLACEMENT_3D('',#7527,#7528,#7529);
#7527 = CARTESIAN_POINT('',(-320.1522309484,-273.0965767175,
    568.19750092781));
#7528 = DIRECTION('',(0.640184399664,0.768221279597,-2.602085213965E-14)
  );
#7529 = DIRECTION('',(0.190572245041,-0.158810204201,0.968742245627));
#7530 = PCURVE('',#7133,#7531);
#7531 = DEFINITIONAL_REPRESENTATION('',(#7532),#7535);
#7532 = B_SPLINE_CURVE_WITH_KNOTS('',1,(#7533,#7534),.UNSPECIFIED.,.F.,
  .F.,(2,2),(4.712388980385,6.28318530718),.PIECEWISE_BEZIER_KNOTS.);
#7533 = CARTESIAN_POINT('',(-1.570796326795,-1.570796326795));
#7534 = CARTESIAN_POINT('',(-1.570796326795,0.));
#7535 = ( GEOMETRIC_REPRESENTATION_CONTEXT(2)
PARAMETRIC_REPRESENTATION_CONTEXT() REPRESENTATION_CONTEXT('2D SPACE',''
  ) );
#7536 = PCURVE('',#7507,#7537);
#7537 = DEFINITIONAL_REPRESENTATION('',(#7538),#7541);
#7538 = B_SPLINE_CURVE_WITH_KNOTS('',1,(#7539,#7540),.UNSPECIFIED.,.F.,
  .F.,(2,2),(4.712388980385,6.28318530718),.PIECEWISE_BEZIER_KNOTS.);
#7539 = CARTESIAN_POINT('',(-1.570796326795,6.72));
#7540 = CARTESIAN_POINT('',(0.,6.72));
#7541 = ( GEOMETRIC_REPRESENTATION_CONTEXT(2)
PARAMETRIC_REPRESENTATION_CONTEXT() REPRESENTATION_CONTEXT('2D SPACE',''
  ) );
#7542 = ORIENTED_EDGE('',*,*,#7230,.F.);
#7543 = ADVANCED_FACE('',(#7544),#7186,.T.);
#7544 = FACE_BOUND('',#7545,.T.);
#7545 = EDGE_LOOP('',(#7546,#7547,#7570,#7598));
#7546 = ORIENTED_EDGE('',*,*,#7170,.F.);
#7547 = ORIENTED_EDGE('',*,*,#7548,.T.);
#7548 = EDGE_CURVE('',#7149,#7549,#7551,.T.);
#7549 = VERTEX_POINT('',#7550);
#7550 = CARTESIAN_POINT('',(-274.8466885528,-271.0709903646,
    530.1354722393));
#7551 = SURFACE_CURVE('',#7552,(#7556,#7563),.PCURVE_S1.);
#7552 = LINE('',#7553,#7554);
#7553 = CARTESIAN_POINT('',(-298.7127629723,-299.710279668,
    530.1354722393));
#7554 = VECTOR('',#7555,1.);
#7555 = DIRECTION('',(0.640184399664,0.768221279597,1.387778780781E-17)
  );
#7556 = PCURVE('',#7186,#7557);
#7557 = DEFINITIONAL_REPRESENTATION('',(#7558),#7562);
#7558 = LINE('',#7559,#7560);
#7559 = CARTESIAN_POINT('',(-5.684341886081E-14,6.72));
#7560 = VECTOR('',#7561,1.);
#7561 = DIRECTION('',(1.,1.344399932527E-17));
#7562 = ( GEOMETRIC_REPRESENTATION_CONTEXT(2)
PARAMETRIC_REPRESENTATION_CONTEXT() REPRESENTATION_CONTEXT('2D SPACE',''
  ) );
#7563 = PCURVE('',#7350,#7564);
#7564 = DEFINITIONAL_REPRESENTATION('',(#7565),#7569);
#7565 = LINE('',#7566,#7567);
#7566 = CARTESIAN_POINT('',(-1.570796326795,0.));
#7567 = VECTOR('',#7568,1.);
#7568 = DIRECTION('',(-0.,1.));
#7569 = ( GEOMETRIC_REPRESENTATION_CONTEXT(2)
PARAMETRIC_REPRESENTATION_CONTEXT() REPRESENTATION_CONTEXT('2D SPACE',''
  ) );
#7570 = ORIENTED_EDGE('',*,*,#7571,.T.);
#7571 = EDGE_CURVE('',#7549,#7572,#7574,.T.);
#7572 = VERTEX_POINT('',#7573);
#7573 = CARTESIAN_POINT('',(-269.4039452345,-275.6066097966,
    557.8027507744));
#7574 = SURFACE_CURVE('',#7575,(#7579,#7586),.PCURVE_S1.);
#7575 = LINE('',#7576,#7577);
#7576 = CARTESIAN_POINT('',(-276.1273340395,-270.0037857923,
    523.62552434869));
#7577 = VECTOR('',#7578,1.);
#7578 = DIRECTION('',(0.190572245041,-0.158810204201,0.968742245627));
#7579 = PCURVE('',#7186,#7580);
#7580 = DEFINITIONAL_REPRESENTATION('',(#7581),#7585);
#7581 = LINE('',#7582,#7583);
#7582 = CARTESIAN_POINT('',(37.28,0.));
#7583 = VECTOR('',#7584,1.);
#7584 = DIRECTION('',(1.344399932527E-17,1.));
#7585 = ( GEOMETRIC_REPRESENTATION_CONTEXT(2)
PARAMETRIC_REPRESENTATION_CONTEXT() REPRESENTATION_CONTEXT('2D SPACE',''
  ) );
#7586 = PCURVE('',#7587,#7592);
#7587 = CYLINDRICAL_SURFACE('',#7588,6.72);
#7588 = AXIS2_PLACEMENT_3D('',#7589,#7590,#7591);
#7589 = CARTESIAN_POINT('',(-281.1284145381,-265.8362187101,
    525.29255118157));
#7590 = DIRECTION('',(0.190572245041,-0.158810204201,0.968742245627));
#7591 = DIRECTION('',(0.640184399664,0.768221279597,1.387778780781E-17)
  );
#7592 = DEFINITIONAL_REPRESENTATION('',(#7593),#7597);
#7593 = LINE('',#7594,#7595);
#7594 = CARTESIAN_POINT('',(-1.570796326795,0.));
#7595 = VECTOR('',#7596,1.);
#7596 = DIRECTION('',(-0.,1.));
#7597 = ( GEOMETRIC_REPRESENTATION_CONTEXT(2)
PARAMETRIC_REPRESENTATION_CONTEXT() REPRESENTATION_CONTEXT('2D SPACE',''
  ) );
#7598 = ORIENTED_EDGE('',*,*,#7599,.F.);
#7599 = EDGE_CURVE('',#7171,#7572,#7600,.T.);
#7600 = SURFACE_CURVE('',#7601,(#7605,#7612),.PCURVE_S1.);
#7601 = LINE('',#7602,#7603);
#7602 = CARTESIAN_POINT('',(-293.2700196539,-304.2458990999,
    557.8027507744));
#7603 = VECTOR('',#7604,1.);
#7604 = DIRECTION('',(0.640184399664,0.768221279597,1.387778780781E-17)
  );
#7605 = PCURVE('',#7186,#7606);
#7606 = DEFINITIONAL_REPRESENTATION('',(#7607),#7611);
#7607 = LINE('',#7608,#7609);
#7608 = CARTESIAN_POINT('',(0.,35.28));
#7609 = VECTOR('',#7610,1.);
#7610 = DIRECTION('',(1.,1.344399932527E-17));
#7611 = ( GEOMETRIC_REPRESENTATION_CONTEXT(2)
PARAMETRIC_REPRESENTATION_CONTEXT() REPRESENTATION_CONTEXT('2D SPACE',''
  ) );
#7612 = PCURVE('',#7613,#7618);
#7613 = CYLINDRICAL_SURFACE('',#7614,6.72);
#7614 = AXIS2_PLACEMENT_3D('',#7615,#7616,#7617);
#7615 = CARTESIAN_POINT('',(-298.2711001526,-300.0783320178,
    559.46977760728));
#7616 = DIRECTION('',(0.640184399664,0.768221279597,1.387778780781E-17)
  );
#7617 = DIRECTION('',(0.190572245041,-0.158810204201,0.968742245627));
#7618 = DEFINITIONAL_REPRESENTATION('',(#7619),#7623);
#7619 = LINE('',#7620,#7621);
#7620 = CARTESIAN_POINT('',(1.570796326795,0.));
#7621 = VECTOR('',#7622,1.);
#7622 = DIRECTION('',(0.,1.));
#7623 = ( GEOMETRIC_REPRESENTATION_CONTEXT(2)
PARAMETRIC_REPRESENTATION_CONTEXT() REPRESENTATION_CONTEXT('2D SPACE',''
  ) );
#7624 = ADVANCED_FACE('',(#7625),#7213,.T.);
#7625 = FACE_BOUND('',#7626,.F.);
#7626 = EDGE_LOOP('',(#7627,#7628,#7648));
#7627 = ORIENTED_EDGE('',*,*,#7282,.F.);
#7628 = ORIENTED_EDGE('',*,*,#7629,.T.);
#7629 = EDGE_CURVE('',#7255,#7171,#7630,.T.);
#7630 = SURFACE_CURVE('',#7631,(#7636,#7642),.PCURVE_S1.);
#7631 = CIRCLE('',#7632,6.72);
#7632 = AXIS2_PLACEMENT_3D('',#7633,#7634,#7635);
#7633 = CARTESIAN_POINT('',(-293.9690609868,-294.9158850189,
    559.46977760728));
#7634 = DIRECTION('',(0.640184399664,0.768221279597,2.942091015257E-15)
  );
#7635 = DIRECTION('',(0.744208407535,-0.620173672946,-0.248069469178));
#7636 = PCURVE('',#7213,#7637);
#7637 = DEFINITIONAL_REPRESENTATION('',(#7638),#7641);
#7638 = B_SPLINE_CURVE_WITH_KNOTS('',1,(#7639,#7640),.UNSPECIFIED.,.F.,
  .F.,(2,2),(4.712388980385,6.28318530718),.PIECEWISE_BEZIER_KNOTS.);
#7639 = CARTESIAN_POINT('',(-1.570796326795,-1.570796326795));
#7640 = CARTESIAN_POINT('',(-1.570796326795,0.));
#7641 = ( GEOMETRIC_REPRESENTATION_CONTEXT(2)
PARAMETRIC_REPRESENTATION_CONTEXT() REPRESENTATION_CONTEXT('2D SPACE',''
  ) );
#7642 = PCURVE('',#7613,#7643);
#7643 = DEFINITIONAL_REPRESENTATION('',(#7644),#7647);
#7644 = B_SPLINE_CURVE_WITH_KNOTS('',1,(#7645,#7646),.UNSPECIFIED.,.F.,
  .F.,(2,2),(4.712388980385,6.28318530718),.PIECEWISE_BEZIER_KNOTS.);
#7645 = CARTESIAN_POINT('',(0.,6.72));
#7646 = CARTESIAN_POINT('',(1.570796326795,6.72));
#7647 = ( GEOMETRIC_REPRESENTATION_CONTEXT(2)
PARAMETRIC_REPRESENTATION_CONTEXT() REPRESENTATION_CONTEXT('2D SPACE',''
  ) );
#7648 = ORIENTED_EDGE('',*,*,#7198,.F.);
#7649 = ADVANCED_FACE('',(#7650),#7270,.T.);
#7650 = FACE_BOUND('',#7651,.T.);
#7651 = EDGE_LOOP('',(#7652,#7653,#7676,#7704));
#7652 = ORIENTED_EDGE('',*,*,#7254,.T.);
#7653 = ORIENTED_EDGE('',*,*,#7654,.T.);
#7654 = EDGE_CURVE('',#7255,#7655,#7657,.T.);
#7655 = VERTEX_POINT('',#7656);
#7656 = CARTESIAN_POINT('',(-273.1243802464,-272.5062472866,
    565.97972549789));
#7657 = SURFACE_CURVE('',#7658,(#7662,#7669),.PCURVE_S1.);
#7658 = LINE('',#7659,#7660);
#7659 = CARTESIAN_POINT('',(-296.9904546659,-301.14553659,
    565.97972549789));
#7660 = VECTOR('',#7661,1.);
#7661 = DIRECTION('',(0.640184399664,0.768221279597,1.387778780781E-17)
  );
#7662 = PCURVE('',#7270,#7663);
#7663 = DEFINITIONAL_REPRESENTATION('',(#7664),#7668);
#7664 = LINE('',#7665,#7666);
#7665 = CARTESIAN_POINT('',(41.902577482985,-5.684341886081E-14));
#7666 = VECTOR('',#7667,1.);
#7667 = DIRECTION('',(-5.895380668611E-17,1.));
#7668 = ( GEOMETRIC_REPRESENTATION_CONTEXT(2)
PARAMETRIC_REPRESENTATION_CONTEXT() REPRESENTATION_CONTEXT('2D SPACE',''
  ) );
#7669 = PCURVE('',#7613,#7670);
#7670 = DEFINITIONAL_REPRESENTATION('',(#7671),#7675);
#7671 = LINE('',#7672,#7673);
#7672 = CARTESIAN_POINT('',(0.,0.));
#7673 = VECTOR('',#7674,1.);
#7674 = DIRECTION('',(0.,1.));
#7675 = ( GEOMETRIC_REPRESENTATION_CONTEXT(2)
PARAMETRIC_REPRESENTATION_CONTEXT() REPRESENTATION_CONTEXT('2D SPACE',''
  ) );
#7676 = ORIENTED_EDGE('',*,*,#7677,.F.);
#7677 = EDGE_CURVE('',#7678,#7655,#7680,.T.);
#7678 = VERTEX_POINT('',#7679);
#7679 = CARTESIAN_POINT('',(-299.307550208,-250.6869389853,
    574.70744881842));
#7680 = SURFACE_CURVE('',#7681,(#7685,#7692),.PCURVE_S1.);
#7681 = LINE('',#7682,#7683);
#7682 = CARTESIAN_POINT('',(-304.3086307066,-246.5193719031,
    576.3744756513));
#7683 = VECTOR('',#7684,1.);
#7684 = DIRECTION('',(0.744208407535,-0.620173672946,-0.248069469178));
#7685 = PCURVE('',#7270,#7686);
#7686 = DEFINITIONAL_REPRESENTATION('',(#7687),#7691);
#7687 = LINE('',#7688,#7689);
#7688 = CARTESIAN_POINT('',(-5.684341886081E-14,37.28));
#7689 = VECTOR('',#7690,1.);
#7690 = DIRECTION('',(1.,-5.895380668611E-17));
#7691 = ( GEOMETRIC_REPRESENTATION_CONTEXT(2)
PARAMETRIC_REPRESENTATION_CONTEXT() REPRESENTATION_CONTEXT('2D SPACE',''
  ) );
#7692 = PCURVE('',#7693,#7698);
#7693 = CYLINDRICAL_SURFACE('',#7694,6.72);
#7694 = AXIS2_PLACEMENT_3D('',#7695,#7696,#7697);
#7695 = CARTESIAN_POINT('',(-305.5892761933,-245.4521673308,
    569.86452776069));
#7696 = DIRECTION('',(0.744208407535,-0.620173672946,-0.248069469178));
#7697 = DIRECTION('',(0.640184399664,0.768221279597,-1.387778780781E-17)
  );
#7698 = DEFINITIONAL_REPRESENTATION('',(#7699),#7703);
#7699 = LINE('',#7700,#7701);
#7700 = CARTESIAN_POINT('',(1.570796326795,0.));
#7701 = VECTOR('',#7702,1.);
#7702 = DIRECTION('',(0.,1.));
#7703 = ( GEOMETRIC_REPRESENTATION_CONTEXT(2)
PARAMETRIC_REPRESENTATION_CONTEXT() REPRESENTATION_CONTEXT('2D SPACE',''
  ) );
#7704 = ORIENTED_EDGE('',*,*,#7705,.F.);
#7705 = EDGE_CURVE('',#7231,#7678,#7706,.T.);
#7706 = SURFACE_CURVE('',#7707,(#7711,#7718),.PCURVE_S1.);
#7707 = LINE('',#7708,#7709);
#7708 = CARTESIAN_POINT('',(-323.1736246275,-279.3262282886,
    574.70744881842));
#7709 = VECTOR('',#7710,1.);
#7710 = DIRECTION('',(0.640184399664,0.768221279597,1.387778780781E-17)
  );
#7711 = PCURVE('',#7270,#7712);
#7712 = DEFINITIONAL_REPRESENTATION('',(#7713),#7717);
#7713 = LINE('',#7714,#7715);
#7714 = CARTESIAN_POINT('',(6.72,0.));
#7715 = VECTOR('',#7716,1.);
#7716 = DIRECTION('',(-5.895380668611E-17,1.));
#7717 = ( GEOMETRIC_REPRESENTATION_CONTEXT(2)
PARAMETRIC_REPRESENTATION_CONTEXT() REPRESENTATION_CONTEXT('2D SPACE',''
  ) );
#7718 = PCURVE('',#7507,#7719);
#7719 = DEFINITIONAL_REPRESENTATION('',(#7720),#7724);
#7720 = LINE('',#7721,#7722);
#7721 = CARTESIAN_POINT('',(-0.,0.));
#7722 = VECTOR('',#7723,1.);
#7723 = DIRECTION('',(-0.,1.));
#7724 = ( GEOMETRIC_REPRESENTATION_CONTEXT(2)
PARAMETRIC_REPRESENTATION_CONTEXT() REPRESENTATION_CONTEXT('2D SPACE',''
  ) );
#7725 = ADVANCED_FACE('',(#7726),#7320,.T.);
#7726 = FACE_BOUND('',#7727,.T.);
#7727 = EDGE_LOOP('',(#7728,#7729,#7730,#7755));
#7728 = ORIENTED_EDGE('',*,*,#7306,.F.);
#7729 = ORIENTED_EDGE('',*,*,#7442,.T.);
#7730 = ORIENTED_EDGE('',*,*,#7731,.T.);
#7731 = EDGE_CURVE('',#7443,#7390,#7732,.T.);
#7732 = SURFACE_CURVE('',#7733,(#7738,#7744),.PCURVE_S1.);
#7733 = CIRCLE('',#7734,6.72);
#7734 = AXIS2_PLACEMENT_3D('',#7735,#7736,#7737);
#7735 = CARTESIAN_POINT('',(-306.0309390131,-245.084114981,
    540.53022239271));
#7736 = DIRECTION('',(-0.640184399664,-0.768221279597,
    -1.465494392505E-14));
#7737 = DIRECTION('',(-0.190572245041,0.158810204201,-0.968742245627));
#7738 = PCURVE('',#7320,#7739);
#7739 = DEFINITIONAL_REPRESENTATION('',(#7740),#7743);
#7740 = B_SPLINE_CURVE_WITH_KNOTS('',1,(#7741,#7742),.UNSPECIFIED.,.F.,
  .F.,(2,2),(4.712388980385,6.28318530718),.PIECEWISE_BEZIER_KNOTS.);
#7741 = CARTESIAN_POINT('',(1.570796326795,37.28));
#7742 = CARTESIAN_POINT('',(0.,37.28));
#7743 = ( GEOMETRIC_REPRESENTATION_CONTEXT(2)
PARAMETRIC_REPRESENTATION_CONTEXT() REPRESENTATION_CONTEXT('2D SPACE',''
  ) );
#7744 = PCURVE('',#7745,#7750);
#7745 = SPHERICAL_SURFACE('',#7746,6.72);
#7746 = AXIS2_PLACEMENT_3D('',#7747,#7748,#7749);
#7747 = CARTESIAN_POINT('',(-306.0309390131,-245.084114981,
    540.53022239271));
#7748 = DIRECTION('',(0.744208407535,-0.620173672946,-0.248069469178));
#7749 = DIRECTION('',(0.640184399664,0.768221279597,1.654232306691E-14)
  );
#7750 = DEFINITIONAL_REPRESENTATION('',(#7751),#7754);
#7751 = B_SPLINE_CURVE_WITH_KNOTS('',1,(#7752,#7753),.UNSPECIFIED.,.F.,
  .F.,(2,2),(4.712388980385,6.28318530718),.PIECEWISE_BEZIER_KNOTS.);
#7752 = CARTESIAN_POINT('',(-1.570796326795,-1.570796326795));
#7753 = CARTESIAN_POINT('',(-1.570796326795,0.));
#7754 = ( GEOMETRIC_REPRESENTATION_CONTEXT(2)
PARAMETRIC_REPRESENTATION_CONTEXT() REPRESENTATION_CONTEXT('2D SPACE',''
  ) );
#7755 = ORIENTED_EDGE('',*,*,#7417,.F.);
#7756 = ADVANCED_FACE('',(#7757),#7350,.T.);
#7757 = FACE_BOUND('',#7758,.F.);
#7758 = EDGE_LOOP('',(#7759,#7760,#7761,#7786));
#7759 = ORIENTED_EDGE('',*,*,#7336,.F.);
#7760 = ORIENTED_EDGE('',*,*,#7548,.T.);
#7761 = ORIENTED_EDGE('',*,*,#7762,.T.);
#7762 = EDGE_CURVE('',#7549,#7367,#7763,.T.);
#7763 = SURFACE_CURVE('',#7764,(#7769,#7775),.PCURVE_S1.);
#7764 = CIRCLE('',#7765,6.72);
#7765 = AXIS2_PLACEMENT_3D('',#7766,#7767,#7768);
#7766 = CARTESIAN_POINT('',(-279.8477690515,-266.9034232824,
    531.80249907218));
#7767 = DIRECTION('',(0.640184399664,0.768221279597,8.715250743307E-15)
  );
#7768 = DIRECTION('',(-0.190572245041,0.158810204201,-0.968742245627));
#7769 = PCURVE('',#7350,#7770);
#7770 = DEFINITIONAL_REPRESENTATION('',(#7771),#7774);
#7771 = B_SPLINE_CURVE_WITH_KNOTS('',1,(#7772,#7773),.UNSPECIFIED.,.F.,
  .F.,(2,2),(4.712388980385,6.28318530718),.PIECEWISE_BEZIER_KNOTS.);
#7772 = CARTESIAN_POINT('',(-1.570796326795,37.28));
#7773 = CARTESIAN_POINT('',(0.,37.28));
#7774 = ( GEOMETRIC_REPRESENTATION_CONTEXT(2)
PARAMETRIC_REPRESENTATION_CONTEXT() REPRESENTATION_CONTEXT('2D SPACE',''
  ) );
#7775 = PCURVE('',#7776,#7781);
#7776 = SPHERICAL_SURFACE('',#7777,6.72);
#7777 = AXIS2_PLACEMENT_3D('',#7778,#7779,#7780);
#7778 = CARTESIAN_POINT('',(-279.8477690515,-266.9034232824,
    531.80249907218));
#7779 = DIRECTION('',(-0.744208407535,0.620173672946,0.248069469178));
#7780 = DIRECTION('',(0.640184399664,0.768221279597,1.554312234475E-15)
  );
#7781 = DEFINITIONAL_REPRESENTATION('',(#7782),#7785);
#7782 = B_SPLINE_CURVE_WITH_KNOTS('',1,(#7783,#7784),.UNSPECIFIED.,.F.,
  .F.,(2,2),(4.712388980385,6.28318530718),.PIECEWISE_BEZIER_KNOTS.);
#7783 = CARTESIAN_POINT('',(1.570796326795,-1.570796326795));
#7784 = CARTESIAN_POINT('',(1.570796326795,0.));
#7785 = ( GEOMETRIC_REPRESENTATION_CONTEXT(2)
PARAMETRIC_REPRESENTATION_CONTEXT() REPRESENTATION_CONTEXT('2D SPACE',''
  ) );
#7786 = ORIENTED_EDGE('',*,*,#7366,.F.);
#7787 = ADVANCED_FACE('',(#7788),#7405,.T.);
#7788 = FACE_BOUND('',#7789,.F.);
#7789 = EDGE_LOOP('',(#7790,#7820,#7842,#7843));
#7790 = ORIENTED_EDGE('',*,*,#7791,.F.);
#7791 = EDGE_CURVE('',#7792,#7794,#7796,.T.);
#7792 = VERTEX_POINT('',#7793);
#7793 = CARTESIAN_POINT('',(-301.7288998473,-239.9216679822,
    540.53022239271));
#7794 = VERTEX_POINT('',#7795);
#7795 = CARTESIAN_POINT('',(-275.5457298857,-261.7409762835,
    531.80249907218));
#7796 = SURFACE_CURVE('',#7797,(#7801,#7808),.PCURVE_S1.);
#7797 = LINE('',#7798,#7799);
#7798 = CARTESIAN_POINT('',(-306.729980346,-235.7541009,542.19724922559)
  );
#7799 = VECTOR('',#7800,1.);
#7800 = DIRECTION('',(0.744208407535,-0.620173672946,-0.248069469178));
#7801 = PCURVE('',#7405,#7802);
#7802 = DEFINITIONAL_REPRESENTATION('',(#7803),#7807);
#7803 = LINE('',#7804,#7805);
#7804 = CARTESIAN_POINT('',(-0.,0.));
#7805 = VECTOR('',#7806,1.);
#7806 = DIRECTION('',(-0.,1.));
#7807 = ( GEOMETRIC_REPRESENTATION_CONTEXT(2)
PARAMETRIC_REPRESENTATION_CONTEXT() REPRESENTATION_CONTEXT('2D SPACE',''
  ) );
#7808 = PCURVE('',#7809,#7814);
#7809 = PLANE('',#7810);
#7810 = AXIS2_PLACEMENT_3D('',#7811,#7812,#7813);
#7811 = CARTESIAN_POINT('',(-308.0106258326,-234.6868963277,
    535.68730133498));
#7812 = DIRECTION('',(0.640184399664,0.768221279597,1.387778780781E-17)
  );
#7813 = DIRECTION('',(0.744208407535,-0.620173672946,-0.248069469178));
#7814 = DEFINITIONAL_REPRESENTATION('',(#7815),#7819);
#7815 = LINE('',#7816,#7817);
#7816 = CARTESIAN_POINT('',(0.,-6.72));
#7817 = VECTOR('',#7818,1.);
#7818 = DIRECTION('',(1.,-2.775557561563E-17));
#7819 = ( GEOMETRIC_REPRESENTATION_CONTEXT(2)
PARAMETRIC_REPRESENTATION_CONTEXT() REPRESENTATION_CONTEXT('2D SPACE',''
  ) );
#7820 = ORIENTED_EDGE('',*,*,#7821,.T.);
#7821 = EDGE_CURVE('',#7792,#7390,#7822,.T.);
#7822 = SURFACE_CURVE('',#7823,(#7828,#7835),.PCURVE_S1.);
#7823 = CIRCLE('',#7824,6.72);
#7824 = AXIS2_PLACEMENT_3D('',#7825,#7826,#7827);
#7825 = CARTESIAN_POINT('',(-306.0309390131,-245.084114981,
    540.53022239271));
#7826 = DIRECTION('',(-0.744208407535,0.620173672946,0.248069469178));
#7827 = DIRECTION('',(0.640184399664,0.768221279597,1.654232306691E-14)
  );
#7828 = PCURVE('',#7405,#7829);
#7829 = DEFINITIONAL_REPRESENTATION('',(#7830),#7834);
#7830 = LINE('',#7831,#7832);
#7831 = CARTESIAN_POINT('',(-0.,6.72));
#7832 = VECTOR('',#7833,1.);
#7833 = DIRECTION('',(-1.,0.));
#7834 = ( GEOMETRIC_REPRESENTATION_CONTEXT(2)
PARAMETRIC_REPRESENTATION_CONTEXT() REPRESENTATION_CONTEXT('2D SPACE',''
  ) );
#7835 = PCURVE('',#7745,#7836);
#7836 = DEFINITIONAL_REPRESENTATION('',(#7837),#7841);
#7837 = LINE('',#7838,#7839);
#7838 = CARTESIAN_POINT('',(-0.,0.));
#7839 = VECTOR('',#7840,1.);
#7840 = DIRECTION('',(-1.,0.));
#7841 = ( GEOMETRIC_REPRESENTATION_CONTEXT(2)
PARAMETRIC_REPRESENTATION_CONTEXT() REPRESENTATION_CONTEXT('2D SPACE',''
  ) );
#7842 = ORIENTED_EDGE('',*,*,#7389,.T.);
#7843 = ORIENTED_EDGE('',*,*,#7844,.F.);
#7844 = EDGE_CURVE('',#7794,#7367,#7845,.T.);
#7845 = SURFACE_CURVE('',#7846,(#7851,#7858),.PCURVE_S1.);
#7846 = CIRCLE('',#7847,6.72);
#7847 = AXIS2_PLACEMENT_3D('',#7848,#7849,#7850);
#7848 = CARTESIAN_POINT('',(-279.8477690515,-266.9034232824,
    531.80249907218));
#7849 = DIRECTION('',(-0.744208407535,0.620173672946,0.248069469178));
#7850 = DIRECTION('',(0.640184399664,0.768221279597,1.554312234475E-15)
  );
#7851 = PCURVE('',#7405,#7852);
#7852 = DEFINITIONAL_REPRESENTATION('',(#7853),#7857);
#7853 = LINE('',#7854,#7855);
#7854 = CARTESIAN_POINT('',(-8.458842092382E-15,41.902577482985));
#7855 = VECTOR('',#7856,1.);
#7856 = DIRECTION('',(-1.,0.));
#7857 = ( GEOMETRIC_REPRESENTATION_CONTEXT(2)
PARAMETRIC_REPRESENTATION_CONTEXT() REPRESENTATION_CONTEXT('2D SPACE',''
  ) );
#7858 = PCURVE('',#7776,#7859);
#7859 = DEFINITIONAL_REPRESENTATION('',(#7860),#7864);
#7860 = LINE('',#7861,#7862);
#7861 = CARTESIAN_POINT('',(0.,0.));
#7862 = VECTOR('',#7863,1.);
#7863 = DIRECTION('',(1.,0.));
#7864 = ( GEOMETRIC_REPRESENTATION_CONTEXT(2)
PARAMETRIC_REPRESENTATION_CONTEXT() REPRESENTATION_CONTEXT('2D SPACE',''
  ) );
#7865 = ADVANCED_FACE('',(#7866),#7507,.T.);
#7866 = FACE_BOUND('',#7867,.F.);
#7867 = EDGE_LOOP('',(#7868,#7869,#7870,#7895));
#7868 = ORIENTED_EDGE('',*,*,#7523,.F.);
#7869 = ORIENTED_EDGE('',*,*,#7493,.T.);
#7870 = ORIENTED_EDGE('',*,*,#7871,.T.);
#7871 = EDGE_CURVE('',#7466,#7678,#7872,.T.);
#7872 = SURFACE_CURVE('',#7873,(#7878,#7884),.PCURVE_S1.);
#7873 = CIRCLE('',#7874,6.72);
#7874 = AXIS2_PLACEMENT_3D('',#7875,#7876,#7877);
#7875 = CARTESIAN_POINT('',(-300.5881956947,-249.619734413,
    568.19750092781));
#7876 = DIRECTION('',(0.640184399664,0.768221279597,1.067201882421E-14)
  );
#7877 = DIRECTION('',(0.190572245041,-0.158810204201,0.968742245627));
#7878 = PCURVE('',#7507,#7879);
#7879 = DEFINITIONAL_REPRESENTATION('',(#7880),#7883);
#7880 = B_SPLINE_CURVE_WITH_KNOTS('',1,(#7881,#7882),.UNSPECIFIED.,.F.,
  .F.,(2,2),(4.712388980385,6.28318530718),.PIECEWISE_BEZIER_KNOTS.);
#7881 = CARTESIAN_POINT('',(-1.570796326795,37.28));
#7882 = CARTESIAN_POINT('',(0.,37.28));
#7883 = ( GEOMETRIC_REPRESENTATION_CONTEXT(2)
PARAMETRIC_REPRESENTATION_CONTEXT() REPRESENTATION_CONTEXT('2D SPACE',''
  ) );
#7884 = PCURVE('',#7885,#7890);
#7885 = SPHERICAL_SURFACE('',#7886,6.72);
#7886 = AXIS2_PLACEMENT_3D('',#7887,#7888,#7889);
#7887 = CARTESIAN_POINT('',(-300.5881956947,-249.619734413,
    568.19750092781));
#7888 = DIRECTION('',(0.744208407535,-0.620173672946,-0.248069469178));
#7889 = DIRECTION('',(0.640184399664,0.768221279597,1.52655665886E-14));
#7890 = DEFINITIONAL_REPRESENTATION('',(#7891),#7894);
#7891 = B_SPLINE_CURVE_WITH_KNOTS('',1,(#7892,#7893),.UNSPECIFIED.,.F.,
  .F.,(2,2),(4.712388980385,6.28318530718),.PIECEWISE_BEZIER_KNOTS.);
#7892 = CARTESIAN_POINT('',(1.570796326795,-1.570796326795));
#7893 = CARTESIAN_POINT('',(1.570796326795,0.));
#7894 = ( GEOMETRIC_REPRESENTATION_CONTEXT(2)
PARAMETRIC_REPRESENTATION_CONTEXT() REPRESENTATION_CONTEXT('2D SPACE',''
  ) );
#7895 = ORIENTED_EDGE('',*,*,#7705,.F.);
#7896 = ADVANCED_FACE('',(#7897),#7481,.T.);
#7897 = FACE_BOUND('',#7898,.T.);
#7898 = EDGE_LOOP('',(#7899,#7919,#7920,#7942));
#7899 = ORIENTED_EDGE('',*,*,#7900,.F.);
#7900 = EDGE_CURVE('',#7443,#7792,#7901,.T.);
#7901 = SURFACE_CURVE('',#7902,(#7907,#7913),.PCURVE_S1.);
#7902 = CIRCLE('',#7903,6.72);
#7903 = AXIS2_PLACEMENT_3D('',#7904,#7905,#7906);
#7904 = CARTESIAN_POINT('',(-306.0309390131,-245.084114981,
    540.53022239271));
#7905 = DIRECTION('',(-0.190572245041,0.158810204201,-0.968742245627));
#7906 = DIRECTION('',(0.640184399664,0.768221279597,1.654232306691E-14)
  );
#7907 = PCURVE('',#7481,#7908);
#7908 = DEFINITIONAL_REPRESENTATION('',(#7909),#7912);
#7909 = B_SPLINE_CURVE_WITH_KNOTS('',1,(#7910,#7911),.UNSPECIFIED.,.F.,
  .F.,(2,2),(4.712388980385,6.28318530718),.PIECEWISE_BEZIER_KNOTS.);
#7910 = CARTESIAN_POINT('',(1.570796326795,6.72));
#7911 = CARTESIAN_POINT('',(0.,6.72));
#7912 = ( GEOMETRIC_REPRESENTATION_CONTEXT(2)
PARAMETRIC_REPRESENTATION_CONTEXT() REPRESENTATION_CONTEXT('2D SPACE',''
  ) );
#7913 = PCURVE('',#7745,#7914);
#7914 = DEFINITIONAL_REPRESENTATION('',(#7915),#7918);
#7915 = B_SPLINE_CURVE_WITH_KNOTS('',1,(#7916,#7917),.UNSPECIFIED.,.F.,
  .F.,(2,2),(4.712388980385,6.28318530718),.PIECEWISE_BEZIER_KNOTS.);
#7916 = CARTESIAN_POINT('',(0.,-1.570796326795));
#7917 = CARTESIAN_POINT('',(0.,0.));
#7918 = ( GEOMETRIC_REPRESENTATION_CONTEXT(2)
PARAMETRIC_REPRESENTATION_CONTEXT() REPRESENTATION_CONTEXT('2D SPACE',''
  ) );
#7919 = ORIENTED_EDGE('',*,*,#7465,.T.);
#7920 = ORIENTED_EDGE('',*,*,#7921,.T.);
#7921 = EDGE_CURVE('',#7466,#7922,#7924,.T.);
#7922 = VERTEX_POINT('',#7923);
#7923 = CARTESIAN_POINT('',(-296.2861565289,-244.4572874141,
    568.19750092781));
#7924 = SURFACE_CURVE('',#7925,(#7930,#7936),.PCURVE_S1.);
#7925 = CIRCLE('',#7926,6.72);
#7926 = AXIS2_PLACEMENT_3D('',#7927,#7928,#7929);
#7927 = CARTESIAN_POINT('',(-300.5881956947,-249.619734413,
    568.19750092781));
#7928 = DIRECTION('',(-0.190572245041,0.158810204201,-0.968742245627));
#7929 = DIRECTION('',(0.640184399664,0.768221279597,1.525168880079E-14)
  );
#7930 = PCURVE('',#7481,#7931);
#7931 = DEFINITIONAL_REPRESENTATION('',(#7932),#7935);
#7932 = B_SPLINE_CURVE_WITH_KNOTS('',1,(#7933,#7934),.UNSPECIFIED.,.F.,
  .F.,(2,2),(4.712388980385,6.28318530718),.PIECEWISE_BEZIER_KNOTS.);
#7933 = CARTESIAN_POINT('',(1.570796326795,35.28));
#7934 = CARTESIAN_POINT('',(0.,35.28));
#7935 = ( GEOMETRIC_REPRESENTATION_CONTEXT(2)
PARAMETRIC_REPRESENTATION_CONTEXT() REPRESENTATION_CONTEXT('2D SPACE',''
  ) );
#7936 = PCURVE('',#7885,#7937);
#7937 = DEFINITIONAL_REPRESENTATION('',(#7938),#7941);
#7938 = B_SPLINE_CURVE_WITH_KNOTS('',1,(#7939,#7940),.UNSPECIFIED.,.F.,
  .F.,(2,2),(4.712388980385,6.28318530718),.PIECEWISE_BEZIER_KNOTS.);
#7939 = CARTESIAN_POINT('',(0.,-1.570796326795));
#7940 = CARTESIAN_POINT('',(0.,0.));
#7941 = ( GEOMETRIC_REPRESENTATION_CONTEXT(2)
PARAMETRIC_REPRESENTATION_CONTEXT() REPRESENTATION_CONTEXT('2D SPACE',''
  ) );
#7942 = ORIENTED_EDGE('',*,*,#7943,.F.);
#7943 = EDGE_CURVE('',#7792,#7922,#7944,.T.);
#7944 = SURFACE_CURVE('',#7945,(#7949,#7956),.PCURVE_S1.);
#7945 = LINE('',#7946,#7947);
#7946 = CARTESIAN_POINT('',(-303.009545334,-238.8544634099,
    534.0202745021));
#7947 = VECTOR('',#7948,1.);
#7948 = DIRECTION('',(0.190572245041,-0.158810204201,0.968742245627));
#7949 = PCURVE('',#7481,#7950);
#7950 = DEFINITIONAL_REPRESENTATION('',(#7951),#7955);
#7951 = LINE('',#7952,#7953);
#7952 = CARTESIAN_POINT('',(0.,0.));
#7953 = VECTOR('',#7954,1.);
#7954 = DIRECTION('',(0.,1.));
#7955 = ( GEOMETRIC_REPRESENTATION_CONTEXT(2)
PARAMETRIC_REPRESENTATION_CONTEXT() REPRESENTATION_CONTEXT('2D SPACE',''
  ) );
#7956 = PCURVE('',#7809,#7957);
#7957 = DEFINITIONAL_REPRESENTATION('',(#7958),#7962);
#7958 = LINE('',#7959,#7960);
#7959 = CARTESIAN_POINT('',(6.72,5.684341886081E-14));
#7960 = VECTOR('',#7961,1.);
#7961 = DIRECTION('',(2.775557561563E-17,-1.));
#7962 = ( GEOMETRIC_REPRESENTATION_CONTEXT(2)
PARAMETRIC_REPRESENTATION_CONTEXT() REPRESENTATION_CONTEXT('2D SPACE',''
  ) );
#7963 = ADVANCED_FACE('',(#7964),#7613,.T.);
#7964 = FACE_BOUND('',#7965,.T.);
#7965 = EDGE_LOOP('',(#7966,#7967,#7968,#7993));
#7966 = ORIENTED_EDGE('',*,*,#7629,.T.);
#7967 = ORIENTED_EDGE('',*,*,#7599,.T.);
#7968 = ORIENTED_EDGE('',*,*,#7969,.F.);
#7969 = EDGE_CURVE('',#7655,#7572,#7970,.T.);
#7970 = SURFACE_CURVE('',#7971,(#7976,#7982),.PCURVE_S1.);
#7971 = CIRCLE('',#7972,6.72);
#7972 = AXIS2_PLACEMENT_3D('',#7973,#7974,#7975);
#7973 = CARTESIAN_POINT('',(-274.4050257331,-271.4390427144,
    559.46977760728));
#7974 = DIRECTION('',(0.640184399664,0.768221279597,4.718447854657E-16)
  );
#7975 = DIRECTION('',(0.744208407535,-0.620173672946,-0.248069469178));
#7976 = PCURVE('',#7613,#7977);
#7977 = DEFINITIONAL_REPRESENTATION('',(#7978),#7981);
#7978 = B_SPLINE_CURVE_WITH_KNOTS('',1,(#7979,#7980),.UNSPECIFIED.,.F.,
  .F.,(2,2),(4.712388980385,6.28318530718),.PIECEWISE_BEZIER_KNOTS.);
#7979 = CARTESIAN_POINT('',(0.,37.28));
#7980 = CARTESIAN_POINT('',(1.570796326795,37.28));
#7981 = ( GEOMETRIC_REPRESENTATION_CONTEXT(2)
PARAMETRIC_REPRESENTATION_CONTEXT() REPRESENTATION_CONTEXT('2D SPACE',''
  ) );
#7982 = PCURVE('',#7983,#7988);
#7983 = SPHERICAL_SURFACE('',#7984,6.72);
#7984 = AXIS2_PLACEMENT_3D('',#7985,#7986,#7987);
#7985 = CARTESIAN_POINT('',(-274.4050257331,-271.4390427144,
    559.46977760728));
#7986 = DIRECTION('',(-0.190572245041,0.158810204201,-0.968742245627));
#7987 = DIRECTION('',(0.640184399664,0.768221279597,-2.636779683485E-16)
  );
#7988 = DEFINITIONAL_REPRESENTATION('',(#7989),#7992);
#7989 = B_SPLINE_CURVE_WITH_KNOTS('',1,(#7990,#7991),.UNSPECIFIED.,.F.,
  .F.,(2,2),(4.712388980385,6.28318530718),.PIECEWISE_BEZIER_KNOTS.);
#7990 = CARTESIAN_POINT('',(1.570796326795,-1.570796326795));
#7991 = CARTESIAN_POINT('',(1.570796326795,0.));
#7992 = ( GEOMETRIC_REPRESENTATION_CONTEXT(2)
PARAMETRIC_REPRESENTATION_CONTEXT() REPRESENTATION_CONTEXT('2D SPACE',''
  ) );
#7993 = ORIENTED_EDGE('',*,*,#7654,.F.);
#7994 = ADVANCED_FACE('',(#7995),#7587,.T.);
#7995 = FACE_BOUND('',#7996,.F.);
#7996 = EDGE_LOOP('',(#7997,#8017,#8018,#8042));
#7997 = ORIENTED_EDGE('',*,*,#7998,.F.);
#7998 = EDGE_CURVE('',#7549,#7794,#7999,.T.);
#7999 = SURFACE_CURVE('',#8000,(#8005,#8011),.PCURVE_S1.);
#8000 = CIRCLE('',#8001,6.72);
#8001 = AXIS2_PLACEMENT_3D('',#8002,#8003,#8004);
#8002 = CARTESIAN_POINT('',(-279.8477690515,-266.9034232824,
    531.80249907218));
#8003 = DIRECTION('',(0.190572245041,-0.158810204201,0.968742245627));
#8004 = DIRECTION('',(0.640184399664,0.768221279597,1.554312234475E-15)
  );
#8005 = PCURVE('',#7587,#8006);
#8006 = DEFINITIONAL_REPRESENTATION('',(#8007),#8010);
#8007 = B_SPLINE_CURVE_WITH_KNOTS('',1,(#8008,#8009),.UNSPECIFIED.,.F.,
  .F.,(2,2),(4.712388980385,6.28318530718),.PIECEWISE_BEZIER_KNOTS.);
#8008 = CARTESIAN_POINT('',(-1.570796326795,6.72));
#8009 = CARTESIAN_POINT('',(0.,6.72));
#8010 = ( GEOMETRIC_REPRESENTATION_CONTEXT(2)
PARAMETRIC_REPRESENTATION_CONTEXT() REPRESENTATION_CONTEXT('2D SPACE',''
  ) );
#8011 = PCURVE('',#7776,#8012);
#8012 = DEFINITIONAL_REPRESENTATION('',(#8013),#8016);
#8013 = B_SPLINE_CURVE_WITH_KNOTS('',1,(#8014,#8015),.UNSPECIFIED.,.F.,
  .F.,(2,2),(4.712388980385,6.28318530718),.PIECEWISE_BEZIER_KNOTS.);
#8014 = CARTESIAN_POINT('',(0.,-1.570796326795));
#8015 = CARTESIAN_POINT('',(0.,0.));
#8016 = ( GEOMETRIC_REPRESENTATION_CONTEXT(2)
PARAMETRIC_REPRESENTATION_CONTEXT() REPRESENTATION_CONTEXT('2D SPACE',''
  ) );
#8017 = ORIENTED_EDGE('',*,*,#7571,.T.);
#8018 = ORIENTED_EDGE('',*,*,#8019,.F.);
#8019 = EDGE_CURVE('',#8020,#7572,#8022,.T.);
#8020 = VERTEX_POINT('',#8021);
#8021 = CARTESIAN_POINT('',(-270.1029865673,-266.2765957155,
    559.46977760728));
#8022 = SURFACE_CURVE('',#8023,(#8028,#8035),.PCURVE_S1.);
#8023 = CIRCLE('',#8024,6.72);
#8024 = AXIS2_PLACEMENT_3D('',#8025,#8026,#8027);
#8025 = CARTESIAN_POINT('',(-274.4050257331,-271.4390427144,
    559.46977760728));
#8026 = DIRECTION('',(-0.190572245041,0.158810204201,-0.968742245627));
#8027 = DIRECTION('',(0.640184399664,0.768221279597,-2.636779683485E-16)
  );
#8028 = PCURVE('',#7587,#8029);
#8029 = DEFINITIONAL_REPRESENTATION('',(#8030),#8034);
#8030 = LINE('',#8031,#8032);
#8031 = CARTESIAN_POINT('',(-0.,35.28));
#8032 = VECTOR('',#8033,1.);
#8033 = DIRECTION('',(-1.,0.));
#8034 = ( GEOMETRIC_REPRESENTATION_CONTEXT(2)
PARAMETRIC_REPRESENTATION_CONTEXT() REPRESENTATION_CONTEXT('2D SPACE',''
  ) );
#8035 = PCURVE('',#7983,#8036);
#8036 = DEFINITIONAL_REPRESENTATION('',(#8037),#8041);
#8037 = LINE('',#8038,#8039);
#8038 = CARTESIAN_POINT('',(0.,0.));
#8039 = VECTOR('',#8040,1.);
#8040 = DIRECTION('',(1.,0.));
#8041 = ( GEOMETRIC_REPRESENTATION_CONTEXT(2)
PARAMETRIC_REPRESENTATION_CONTEXT() REPRESENTATION_CONTEXT('2D SPACE',''
  ) );
#8042 = ORIENTED_EDGE('',*,*,#8043,.F.);
#8043 = EDGE_CURVE('',#7794,#8020,#8044,.T.);
#8044 = SURFACE_CURVE('',#8045,(#8049,#8056),.PCURVE_S1.);
#8045 = LINE('',#8046,#8047);
#8046 = CARTESIAN_POINT('',(-276.8263753724,-260.6737717113,
    525.29255118157));
#8047 = VECTOR('',#8048,1.);
#8048 = DIRECTION('',(0.190572245041,-0.158810204201,0.968742245627));
#8049 = PCURVE('',#7587,#8050);
#8050 = DEFINITIONAL_REPRESENTATION('',(#8051),#8055);
#8051 = LINE('',#8052,#8053);
#8052 = CARTESIAN_POINT('',(-0.,0.));
#8053 = VECTOR('',#8054,1.);
#8054 = DIRECTION('',(-0.,1.));
#8055 = ( GEOMETRIC_REPRESENTATION_CONTEXT(2)
PARAMETRIC_REPRESENTATION_CONTEXT() REPRESENTATION_CONTEXT('2D SPACE',''
  ) );
#8056 = PCURVE('',#7809,#8057);
#8057 = DEFINITIONAL_REPRESENTATION('',(#8058),#8062);
#8058 = LINE('',#8059,#8060);
#8059 = CARTESIAN_POINT('',(41.902577482985,5.684341886081E-14));
#8060 = VECTOR('',#8061,1.);
#8061 = DIRECTION('',(2.775557561563E-17,-1.));
#8062 = ( GEOMETRIC_REPRESENTATION_CONTEXT(2)
PARAMETRIC_REPRESENTATION_CONTEXT() REPRESENTATION_CONTEXT('2D SPACE',''
  ) );
#8063 = ADVANCED_FACE('',(#8064),#7693,.T.);
#8064 = FACE_BOUND('',#8065,.T.);
#8065 = EDGE_LOOP('',(#8066,#8087,#8109,#8110));
#8066 = ORIENTED_EDGE('',*,*,#8067,.F.);
#8067 = EDGE_CURVE('',#7922,#8020,#8068,.T.);
#8068 = SURFACE_CURVE('',#8069,(#8073,#8080),.PCURVE_S1.);
#8069 = LINE('',#8070,#8071);
#8070 = CARTESIAN_POINT('',(-301.2872370276,-240.2897203319,
    569.86452776069));
#8071 = VECTOR('',#8072,1.);
#8072 = DIRECTION('',(0.744208407535,-0.620173672946,-0.248069469178));
#8073 = PCURVE('',#7693,#8074);
#8074 = DEFINITIONAL_REPRESENTATION('',(#8075),#8079);
#8075 = LINE('',#8076,#8077);
#8076 = CARTESIAN_POINT('',(0.,0.));
#8077 = VECTOR('',#8078,1.);
#8078 = DIRECTION('',(0.,1.));
#8079 = ( GEOMETRIC_REPRESENTATION_CONTEXT(2)
PARAMETRIC_REPRESENTATION_CONTEXT() REPRESENTATION_CONTEXT('2D SPACE',''
  ) );
#8080 = PCURVE('',#7809,#8081);
#8081 = DEFINITIONAL_REPRESENTATION('',(#8082),#8086);
#8082 = LINE('',#8083,#8084);
#8083 = CARTESIAN_POINT('',(-5.684341886081E-14,-35.28));
#8084 = VECTOR('',#8085,1.);
#8085 = DIRECTION('',(1.,-2.775557561563E-17));
#8086 = ( GEOMETRIC_REPRESENTATION_CONTEXT(2)
PARAMETRIC_REPRESENTATION_CONTEXT() REPRESENTATION_CONTEXT('2D SPACE',''
  ) );
#8087 = ORIENTED_EDGE('',*,*,#8088,.T.);
#8088 = EDGE_CURVE('',#7922,#7678,#8089,.T.);
#8089 = SURFACE_CURVE('',#8090,(#8095,#8102),.PCURVE_S1.);
#8090 = CIRCLE('',#8091,6.72);
#8091 = AXIS2_PLACEMENT_3D('',#8092,#8093,#8094);
#8092 = CARTESIAN_POINT('',(-300.5881956947,-249.619734413,
    568.19750092781));
#8093 = DIRECTION('',(0.744208407535,-0.620173672946,-0.248069469178));
#8094 = DIRECTION('',(0.640184399664,0.768221279597,1.52655665886E-14));
#8095 = PCURVE('',#7693,#8096);
#8096 = DEFINITIONAL_REPRESENTATION('',(#8097),#8101);
#8097 = LINE('',#8098,#8099);
#8098 = CARTESIAN_POINT('',(0.,6.72));
#8099 = VECTOR('',#8100,1.);
#8100 = DIRECTION('',(1.,0.));
#8101 = ( GEOMETRIC_REPRESENTATION_CONTEXT(2)
PARAMETRIC_REPRESENTATION_CONTEXT() REPRESENTATION_CONTEXT('2D SPACE',''
  ) );
#8102 = PCURVE('',#7885,#8103);
#8103 = DEFINITIONAL_REPRESENTATION('',(#8104),#8108);
#8104 = LINE('',#8105,#8106);
#8105 = CARTESIAN_POINT('',(0.,0.));
#8106 = VECTOR('',#8107,1.);
#8107 = DIRECTION('',(1.,0.));
#8108 = ( GEOMETRIC_REPRESENTATION_CONTEXT(2)
PARAMETRIC_REPRESENTATION_CONTEXT() REPRESENTATION_CONTEXT('2D SPACE',''
  ) );
#8109 = ORIENTED_EDGE('',*,*,#7677,.T.);
#8110 = ORIENTED_EDGE('',*,*,#8111,.T.);
#8111 = EDGE_CURVE('',#7655,#8020,#8112,.T.);
#8112 = SURFACE_CURVE('',#8113,(#8118,#8124),.PCURVE_S1.);
#8113 = CIRCLE('',#8114,6.72);
#8114 = AXIS2_PLACEMENT_3D('',#8115,#8116,#8117);
#8115 = CARTESIAN_POINT('',(-274.4050257331,-271.4390427144,
    559.46977760728));
#8116 = DIRECTION('',(-0.744208407535,0.620173672946,0.248069469178));
#8117 = DIRECTION('',(0.640184399664,0.768221279597,-2.498001805407E-16)
  );
#8118 = PCURVE('',#7693,#8119);
#8119 = DEFINITIONAL_REPRESENTATION('',(#8120),#8123);
#8120 = B_SPLINE_CURVE_WITH_KNOTS('',1,(#8121,#8122),.UNSPECIFIED.,.F.,
  .F.,(2,2),(4.712388980385,6.28318530718),.PIECEWISE_BEZIER_KNOTS.);
#8121 = CARTESIAN_POINT('',(1.570796326795,41.902577482986));
#8122 = CARTESIAN_POINT('',(0.,41.902577482986));
#8123 = ( GEOMETRIC_REPRESENTATION_CONTEXT(2)
PARAMETRIC_REPRESENTATION_CONTEXT() REPRESENTATION_CONTEXT('2D SPACE',''
  ) );
#8124 = PCURVE('',#7983,#8125);
#8125 = DEFINITIONAL_REPRESENTATION('',(#8126),#8129);
#8126 = B_SPLINE_CURVE_WITH_KNOTS('',1,(#8127,#8128),.UNSPECIFIED.,.F.,
  .F.,(2,2),(4.712388980385,6.28318530718),.PIECEWISE_BEZIER_KNOTS.);
#8127 = CARTESIAN_POINT('',(0.,-1.570796326795));
#8128 = CARTESIAN_POINT('',(0.,0.));
#8129 = ( GEOMETRIC_REPRESENTATION_CONTEXT(2)
PARAMETRIC_REPRESENTATION_CONTEXT() REPRESENTATION_CONTEXT('2D SPACE',''
  ) );
#8130 = ADVANCED_FACE('',(#8131),#7745,.T.);
#8131 = FACE_BOUND('',#8132,.F.);
#8132 = EDGE_LOOP('',(#8133,#8134,#8135));
#8133 = ORIENTED_EDGE('',*,*,#7900,.F.);
#8134 = ORIENTED_EDGE('',*,*,#7731,.T.);
#8135 = ORIENTED_EDGE('',*,*,#7821,.F.);
#8136 = ADVANCED_FACE('',(#8137),#7776,.T.);
#8137 = FACE_BOUND('',#8138,.T.);
#8138 = EDGE_LOOP('',(#8139,#8140,#8141));
#8139 = ORIENTED_EDGE('',*,*,#7998,.F.);
#8140 = ORIENTED_EDGE('',*,*,#7762,.T.);
#8141 = ORIENTED_EDGE('',*,*,#7844,.F.);
#8142 = ADVANCED_FACE('',(#8143),#7809,.T.);
#8143 = FACE_BOUND('',#8144,.T.);
#8144 = EDGE_LOOP('',(#8145,#8146,#8147,#8148));
#8145 = ORIENTED_EDGE('',*,*,#7791,.F.);
#8146 = ORIENTED_EDGE('',*,*,#7943,.T.);
#8147 = ORIENTED_EDGE('',*,*,#8067,.T.);
#8148 = ORIENTED_EDGE('',*,*,#8043,.F.);
#8149 = ADVANCED_FACE('',(#8150),#7885,.T.);
#8150 = FACE_BOUND('',#8151,.T.);
#8151 = EDGE_LOOP('',(#8152,#8153,#8154));
#8152 = ORIENTED_EDGE('',*,*,#7921,.F.);
#8153 = ORIENTED_EDGE('',*,*,#7871,.T.);
#8154 = ORIENTED_EDGE('',*,*,#8088,.F.);
#8155 = ADVANCED_FACE('',(#8156),#7983,.T.);
#8156 = FACE_BOUND('',#8157,.T.);
#8157 = EDGE_LOOP('',(#8158,#8159,#8160));
#8158 = ORIENTED_EDGE('',*,*,#8111,.F.);
#8159 = ORIENTED_EDGE('',*,*,#7969,.T.);
#8160 = ORIENTED_EDGE('',*,*,#8019,.F.);
#8161 = ( GEOMETRIC_REPRESENTATION_CONTEXT(3)
GLOBAL_UNCERTAINTY_ASSIGNED_CONTEXT((#8165))
GLOBAL_UNIT_ASSIGNED_CONTEXT((#8162,#8163,#8164)) REPRESENTATION_CONTEXT
('Context #1','3D Context with UNIT and UNCERTAINTY') );
#8162 = ( LENGTH_UNIT() NAMED_UNIT(*) SI_UNIT(.MILLI.,.METRE.) );
#8163 = ( NAMED_UNIT(*) PLANE_ANGLE_UNIT() SI_UNIT($,.RADIAN.) );
#8164 = ( NAMED_UNIT(*) SI_UNIT($,.STERADIAN.) SOLID_ANGLE_UNIT() );
#8165 = UNCERTAINTY_MEASURE_WITH_UNIT(LENGTH_MEASURE(1.E-07),#8162,
  'distance_accuracy_value','confusion accuracy');
#8166 = CONTEXT_DEPENDENT_SHAPE_REPRESENTATION(#8167,#8169);
#8167 = ( REPRESENTATION_RELATIONSHIP('','',#6854,#10)
REPRESENTATION_RELATIONSHIP_WITH_TRANSFORMATION(#8168)
SHAPE_REPRESENTATION_RELATIONSHIP() );
#8168 = ITEM_DEFINED_TRANSFORMATION('','',#11,#31);
#8169 = PRODUCT_DEFINITION_SHAPE('Placement','Placement of an item',
  #8170);
#8170 = NEXT_ASSEMBLY_USAGE_OCCURRENCE('5','','',#5,#6849,$);
#8171 = PRODUCT_RELATED_PRODUCT_CATEGORY('part',$,(#6851));
#8172 = SHAPE_DEFINITION_REPRESENTATION(#8173,#8179);
#8173 = PRODUCT_DEFINITION_SHAPE('','',#8174);
#8174 = PRODUCT_DEFINITION('design','',#8175,#8178);
#8175 = PRODUCT_DEFINITION_FORMATION('','',#8176);
#8176 = PRODUCT('Open CASCADE STEP translator 7.7 4.6',
  'Open CASCADE STEP translator 7.7 4.6','',(#8177));
#8177 = PRODUCT_CONTEXT('',#2,'mechanical');
#8178 = PRODUCT_DEFINITION_CONTEXT('part definition',#2,'design');
#8179 = ADVANCED_BREP_SHAPE_REPRESENTATION('',(#11,#8180),#9486);
#8180 = MANIFOLD_SOLID_BREP('',#8181);
#8181 = CLOSED_SHELL('',(#8182,#8302,#8390,#8469,#8550,#8626,#8656,#8686
    ,#8762,#8843,#8868,#8949,#8974,#9050,#9081,#9112,#9190,#9221,#9288,
    #9319,#9388,#9455,#9461,#9467,#9474,#9480));
#8182 = ADVANCED_FACE('',(#8183),#8197,.F.);
#8183 = FACE_BOUND('',#8184,.F.);
#8184 = EDGE_LOOP('',(#8185,#8220,#8248,#8276));
#8185 = ORIENTED_EDGE('',*,*,#8186,.F.);
#8186 = EDGE_CURVE('',#8187,#8189,#8191,.T.);
#8187 = VERTEX_POINT('',#8188);
#8188 = CARTESIAN_POINT('',(-265.0497293511,-318.8680313628,
    524.49261145895));
#8189 = VERTEX_POINT('',#8190);
#8190 = CARTESIAN_POINT('',(-252.000582084,-325.5375955216,
    521.01283885441));
#8191 = SURFACE_CURVE('',#8192,(#8196,#8208),.PCURVE_S1.);
#8192 = LINE('',#8193,#8194);
#8193 = CARTESIAN_POINT('',(-269.7626533984,-316.4592035164,
    525.74939120492));
#8194 = VECTOR('',#8195,1.);
#8195 = DIRECTION('',(0.866346332239,-0.442799236477,-0.231025688597));
#8196 = PCURVE('',#8197,#8202);
#8197 = PLANE('',#8198);
#8198 = AXIS2_PLACEMENT_3D('',#8199,#8200,#8201);
#8199 = CARTESIAN_POINT('',(-270.8817336721,-315.8872291543,
    520.45655598454));
#8200 = DIRECTION('',(0.455111059789,0.890434682196,0.));
#8201 = DIRECTION('',(0.866346332239,-0.442799236477,-0.231025688597));
#8202 = DEFINITIONAL_REPRESENTATION('',(#8203),#8207);
#8203 = LINE('',#8204,#8205);
#8204 = CARTESIAN_POINT('',(0.,-5.44));
#8205 = VECTOR('',#8206,1.);
#8206 = DIRECTION('',(1.,2.775557561563E-17));
#8207 = ( GEOMETRIC_REPRESENTATION_CONTEXT(2)
PARAMETRIC_REPRESENTATION_CONTEXT() REPRESENTATION_CONTEXT('2D SPACE',''
  ) );
#8208 = PCURVE('',#8209,#8214);
#8209 = CYLINDRICAL_SURFACE('',#8210,5.44);
#8210 = AXIS2_PLACEMENT_3D('',#8211,#8212,#8213);
#8211 = CARTESIAN_POINT('',(-267.2868492332,-311.6152388453,
    525.74939120492));
#8212 = DIRECTION('',(0.866346332239,-0.442799236477,-0.231025688597));
#8213 = DIRECTION('',(-0.455111059789,-0.890434682196,1.387778780781E-17
    ));
#8214 = DEFINITIONAL_REPRESENTATION('',(#8215),#8219);
#8215 = LINE('',#8216,#8217);
#8216 = CARTESIAN_POINT('',(0.,0.));
#8217 = VECTOR('',#8218,1.);
#8218 = DIRECTION('',(0.,1.));
#8219 = ( GEOMETRIC_REPRESENTATION_CONTEXT(2)
PARAMETRIC_REPRESENTATION_CONTEXT() REPRESENTATION_CONTEXT('2D SPACE',''
  ) );
#8220 = ORIENTED_EDGE('',*,*,#8221,.T.);
#8221 = EDGE_CURVE('',#8187,#8222,#8224,.T.);
#8222 = VERTEX_POINT('',#8223);
#8223 = CARTESIAN_POINT('',(-260.2936381879,-321.2989224018,
    546.98716114558));
#8224 = SURFACE_CURVE('',#8225,(#8229,#8236),.PCURVE_S1.);
#8225 = LINE('',#8226,#8227);
#8226 = CARTESIAN_POINT('',(-266.1688096247,-318.2960570007,
    519.19977623857));
#8227 = VECTOR('',#8228,1.);
#8228 = DIRECTION('',(0.205713285605,-0.105142345976,0.972947650806));
#8229 = PCURVE('',#8197,#8230);
#8230 = DEFINITIONAL_REPRESENTATION('',(#8231),#8235);
#8231 = LINE('',#8232,#8233);
#8232 = CARTESIAN_POINT('',(5.44,5.684341886081E-14));
#8233 = VECTOR('',#8234,1.);
#8234 = DIRECTION('',(-2.775557561563E-17,-1.));
#8235 = ( GEOMETRIC_REPRESENTATION_CONTEXT(2)
PARAMETRIC_REPRESENTATION_CONTEXT() REPRESENTATION_CONTEXT('2D SPACE',''
  ) );
#8236 = PCURVE('',#8237,#8242);
#8237 = CYLINDRICAL_SURFACE('',#8238,5.44);
#8238 = AXIS2_PLACEMENT_3D('',#8239,#8240,#8241);
#8239 = CARTESIAN_POINT('',(-263.6930054595,-313.4520923296,
    519.19977623857));
#8240 = DIRECTION('',(0.205713285605,-0.105142345976,0.972947650806));
#8241 = DIRECTION('',(-0.455111059789,-0.890434682196,0.));
#8242 = DEFINITIONAL_REPRESENTATION('',(#8243),#8247);
#8243 = LINE('',#8244,#8245);
#8244 = CARTESIAN_POINT('',(-0.,0.));
#8245 = VECTOR('',#8246,1.);
#8246 = DIRECTION('',(-0.,1.));
#8247 = ( GEOMETRIC_REPRESENTATION_CONTEXT(2)
PARAMETRIC_REPRESENTATION_CONTEXT() REPRESENTATION_CONTEXT('2D SPACE',''
  ) );
#8248 = ORIENTED_EDGE('',*,*,#8249,.T.);
#8249 = EDGE_CURVE('',#8222,#8250,#8252,.T.);
#8250 = VERTEX_POINT('',#8251);
#8251 = CARTESIAN_POINT('',(-247.2444909208,-327.9684865605,
    543.50738854104));
#8252 = SURFACE_CURVE('',#8253,(#8257,#8264),.PCURVE_S1.);
#8253 = LINE('',#8254,#8255);
#8254 = CARTESIAN_POINT('',(-265.0065622352,-318.8900945554,
    548.24394089155));
#8255 = VECTOR('',#8256,1.);
#8256 = DIRECTION('',(0.866346332239,-0.442799236477,-0.231025688597));
#8257 = PCURVE('',#8197,#8258);
#8258 = DEFINITIONAL_REPRESENTATION('',(#8259),#8263);
#8259 = LINE('',#8260,#8261);
#8260 = CARTESIAN_POINT('',(0.,-28.56));
#8261 = VECTOR('',#8262,1.);
#8262 = DIRECTION('',(1.,2.775557561563E-17));
#8263 = ( GEOMETRIC_REPRESENTATION_CONTEXT(2)
PARAMETRIC_REPRESENTATION_CONTEXT() REPRESENTATION_CONTEXT('2D SPACE',''
  ) );
#8264 = PCURVE('',#8265,#8270);
#8265 = CYLINDRICAL_SURFACE('',#8266,5.44);
#8266 = AXIS2_PLACEMENT_3D('',#8267,#8268,#8269);
#8267 = CARTESIAN_POINT('',(-262.53075807,-314.0461298842,
    548.24394089155));
#8268 = DIRECTION('',(0.866346332239,-0.442799236477,-0.231025688597));
#8269 = DIRECTION('',(-0.455111059789,-0.890434682196,1.387778780781E-17
    ));
#8270 = DEFINITIONAL_REPRESENTATION('',(#8271),#8275);
#8271 = LINE('',#8272,#8273);
#8272 = CARTESIAN_POINT('',(-0.,0.));
#8273 = VECTOR('',#8274,1.);
#8274 = DIRECTION('',(-0.,1.));
#8275 = ( GEOMETRIC_REPRESENTATION_CONTEXT(2)
PARAMETRIC_REPRESENTATION_CONTEXT() REPRESENTATION_CONTEXT('2D SPACE',''
  ) );
#8276 = ORIENTED_EDGE('',*,*,#8277,.F.);
#8277 = EDGE_CURVE('',#8189,#8250,#8278,.T.);
#8278 = SURFACE_CURVE('',#8279,(#8283,#8290),.PCURVE_S1.);
#8279 = LINE('',#8280,#8281);
#8280 = CARTESIAN_POINT('',(-253.1196623577,-324.9656211594,
    515.72000363403));
#8281 = VECTOR('',#8282,1.);
#8282 = DIRECTION('',(0.205713285605,-0.105142345976,0.972947650806));
#8283 = PCURVE('',#8197,#8284);
#8284 = DEFINITIONAL_REPRESENTATION('',(#8285),#8289);
#8285 = LINE('',#8286,#8287);
#8286 = CARTESIAN_POINT('',(20.502275652882,-1.136868377216E-13));
#8287 = VECTOR('',#8288,1.);
#8288 = DIRECTION('',(-2.775557561563E-17,-1.));
#8289 = ( GEOMETRIC_REPRESENTATION_CONTEXT(2)
PARAMETRIC_REPRESENTATION_CONTEXT() REPRESENTATION_CONTEXT('2D SPACE',''
  ) );
#8290 = PCURVE('',#8291,#8296);
#8291 = CYLINDRICAL_SURFACE('',#8292,5.44);
#8292 = AXIS2_PLACEMENT_3D('',#8293,#8294,#8295);
#8293 = CARTESIAN_POINT('',(-250.6438581925,-320.1216564883,
    515.72000363403));
#8294 = DIRECTION('',(0.205713285605,-0.105142345976,0.972947650806));
#8295 = DIRECTION('',(-0.455111059789,-0.890434682196,0.));
#8296 = DEFINITIONAL_REPRESENTATION('',(#8297),#8301);
#8297 = LINE('',#8298,#8299);
#8298 = CARTESIAN_POINT('',(0.,0.));
#8299 = VECTOR('',#8300,1.);
#8300 = DIRECTION('',(0.,1.));
#8301 = ( GEOMETRIC_REPRESENTATION_CONTEXT(2)
PARAMETRIC_REPRESENTATION_CONTEXT() REPRESENTATION_CONTEXT('2D SPACE',''
  ) );
#8302 = ADVANCED_FACE('',(#8303),#8209,.T.);
#8303 = FACE_BOUND('',#8304,.T.);
#8304 = EDGE_LOOP('',(#8305,#8306,#8335,#8363));
#8305 = ORIENTED_EDGE('',*,*,#8186,.F.);
#8306 = ORIENTED_EDGE('',*,*,#8307,.T.);
#8307 = EDGE_CURVE('',#8187,#8308,#8310,.T.);
#8308 = VERTEX_POINT('',#8309);
#8309 = CARTESIAN_POINT('',(-263.6930054595,-313.4520923296,
    519.19977623857));
#8310 = SURFACE_CURVE('',#8311,(#8316,#8323),.PCURVE_S1.);
#8311 = CIRCLE('',#8312,5.44);
#8312 = AXIS2_PLACEMENT_3D('',#8313,#8314,#8315);
#8313 = CARTESIAN_POINT('',(-262.5739251858,-314.0240666917,
    524.49261145895));
#8314 = DIRECTION('',(0.866346332239,-0.442799236477,-0.231025688597));
#8315 = DIRECTION('',(-0.455111059789,-0.890434682196,5.551115123126E-17
    ));
#8316 = PCURVE('',#8209,#8317);
#8317 = DEFINITIONAL_REPRESENTATION('',(#8318),#8322);
#8318 = LINE('',#8319,#8320);
#8319 = CARTESIAN_POINT('',(1.044915787883E-14,5.44));
#8320 = VECTOR('',#8321,1.);
#8321 = DIRECTION('',(1.,0.));
#8322 = ( GEOMETRIC_REPRESENTATION_CONTEXT(2)
PARAMETRIC_REPRESENTATION_CONTEXT() REPRESENTATION_CONTEXT('2D SPACE',''
  ) );
#8323 = PCURVE('',#8324,#8329);
#8324 = SPHERICAL_SURFACE('',#8325,5.44);
#8325 = AXIS2_PLACEMENT_3D('',#8326,#8327,#8328);
#8326 = CARTESIAN_POINT('',(-262.5739251858,-314.0240666917,
    524.49261145895));
#8327 = DIRECTION('',(0.866346332239,-0.442799236477,-0.231025688597));
#8328 = DIRECTION('',(-0.455111059789,-0.890434682196,5.551115123126E-17
    ));
#8329 = DEFINITIONAL_REPRESENTATION('',(#8330),#8334);
#8330 = LINE('',#8331,#8332);
#8331 = CARTESIAN_POINT('',(0.,0.));
#8332 = VECTOR('',#8333,1.);
#8333 = DIRECTION('',(1.,0.));
#8334 = ( GEOMETRIC_REPRESENTATION_CONTEXT(2)
PARAMETRIC_REPRESENTATION_CONTEXT() REPRESENTATION_CONTEXT('2D SPACE',''
  ) );
#8335 = ORIENTED_EDGE('',*,*,#8336,.T.);
#8336 = EDGE_CURVE('',#8308,#8337,#8339,.T.);
#8337 = VERTEX_POINT('',#8338);
#8338 = CARTESIAN_POINT('',(-250.6438581925,-320.1216564883,
    515.72000363403));
#8339 = SURFACE_CURVE('',#8340,(#8344,#8351),.PCURVE_S1.);
#8340 = LINE('',#8341,#8342);
#8341 = CARTESIAN_POINT('',(-268.4059295069,-311.0432644831,
    520.45655598454));
#8342 = VECTOR('',#8343,1.);
#8343 = DIRECTION('',(0.866346332239,-0.442799236477,-0.231025688597));
#8344 = PCURVE('',#8209,#8345);
#8345 = DEFINITIONAL_REPRESENTATION('',(#8346),#8350);
#8346 = LINE('',#8347,#8348);
#8347 = CARTESIAN_POINT('',(1.570796326795,0.));
#8348 = VECTOR('',#8349,1.);
#8349 = DIRECTION('',(0.,1.));
#8350 = ( GEOMETRIC_REPRESENTATION_CONTEXT(2)
PARAMETRIC_REPRESENTATION_CONTEXT() REPRESENTATION_CONTEXT('2D SPACE',''
  ) );
#8351 = PCURVE('',#8352,#8357);
#8352 = PLANE('',#8353);
#8353 = AXIS2_PLACEMENT_3D('',#8354,#8355,#8356);
#8354 = CARTESIAN_POINT('',(-270.8817336721,-315.8872291543,
    520.45655598454));
#8355 = DIRECTION('',(0.205713285605,-0.105142345976,0.972947650806));
#8356 = DIRECTION('',(0.866346332239,-0.442799236477,-0.231025688597));
#8357 = DEFINITIONAL_REPRESENTATION('',(#8358),#8362);
#8358 = LINE('',#8359,#8360);
#8359 = CARTESIAN_POINT('',(-5.684341886081E-14,5.44));
#8360 = VECTOR('',#8361,1.);
#8361 = DIRECTION('',(1.,-5.551115123126E-17));
#8362 = ( GEOMETRIC_REPRESENTATION_CONTEXT(2)
PARAMETRIC_REPRESENTATION_CONTEXT() REPRESENTATION_CONTEXT('2D SPACE',''
  ) );
#8363 = ORIENTED_EDGE('',*,*,#8364,.F.);
#8364 = EDGE_CURVE('',#8189,#8337,#8365,.T.);
#8365 = SURFACE_CURVE('',#8366,(#8371,#8378),.PCURVE_S1.);
#8366 = CIRCLE('',#8367,5.44);
#8367 = AXIS2_PLACEMENT_3D('',#8368,#8369,#8370);
#8368 = CARTESIAN_POINT('',(-249.5247779188,-320.6936308504,
    521.01283885441));
#8369 = DIRECTION('',(0.866346332239,-0.442799236477,-0.231025688597));
#8370 = DIRECTION('',(-0.455111059789,-0.890434682196,
    -2.187139358512E-14));
#8371 = PCURVE('',#8209,#8372);
#8372 = DEFINITIONAL_REPRESENTATION('',(#8373),#8377);
#8373 = LINE('',#8374,#8375);
#8374 = CARTESIAN_POINT('',(0.,20.502275652882));
#8375 = VECTOR('',#8376,1.);
#8376 = DIRECTION('',(1.,0.));
#8377 = ( GEOMETRIC_REPRESENTATION_CONTEXT(2)
PARAMETRIC_REPRESENTATION_CONTEXT() REPRESENTATION_CONTEXT('2D SPACE',''
  ) );
#8378 = PCURVE('',#8379,#8384);
#8379 = SPHERICAL_SURFACE('',#8380,5.44);
#8380 = AXIS2_PLACEMENT_3D('',#8381,#8382,#8383);
#8381 = CARTESIAN_POINT('',(-249.5247779188,-320.6936308504,
    521.01283885441));
#8382 = DIRECTION('',(-0.866346332239,0.442799236477,0.231025688597));
#8383 = DIRECTION('',(-0.455111059789,-0.890434682196,
    -2.187139358512E-14));
#8384 = DEFINITIONAL_REPRESENTATION('',(#8385),#8389);
#8385 = LINE('',#8386,#8387);
#8386 = CARTESIAN_POINT('',(-0.,0.));
#8387 = VECTOR('',#8388,1.);
#8388 = DIRECTION('',(-1.,0.));
#8389 = ( GEOMETRIC_REPRESENTATION_CONTEXT(2)
PARAMETRIC_REPRESENTATION_CONTEXT() REPRESENTATION_CONTEXT('2D SPACE',''
  ) );
#8390 = ADVANCED_FACE('',(#8391),#8237,.T.);
#8391 = FACE_BOUND('',#8392,.F.);
#8392 = EDGE_LOOP('',(#8393,#8415,#8443,#8468));
#8393 = ORIENTED_EDGE('',*,*,#8394,.F.);
#8394 = EDGE_CURVE('',#8395,#8187,#8397,.T.);
#8395 = VERTEX_POINT('',#8396);
#8396 = CARTESIAN_POINT('',(-267.2868492332,-311.6152388453,
    525.74939120492));
#8397 = SURFACE_CURVE('',#8398,(#8403,#8409),.PCURVE_S1.);
#8398 = CIRCLE('',#8399,5.44);
#8399 = AXIS2_PLACEMENT_3D('',#8400,#8401,#8402);
#8400 = CARTESIAN_POINT('',(-262.5739251858,-314.0240666917,
    524.49261145895));
#8401 = DIRECTION('',(0.205713285605,-0.105142345976,0.972947650806));
#8402 = DIRECTION('',(-0.455111059789,-0.890434682196,5.551115123126E-17
    ));
#8403 = PCURVE('',#8237,#8404);
#8404 = DEFINITIONAL_REPRESENTATION('',(#8405),#8408);
#8405 = B_SPLINE_CURVE_WITH_KNOTS('',1,(#8406,#8407),.UNSPECIFIED.,.F.,
  .F.,(2,2),(4.712388980385,6.28318530718),.PIECEWISE_BEZIER_KNOTS.);
#8406 = CARTESIAN_POINT('',(-1.570796326795,5.44));
#8407 = CARTESIAN_POINT('',(0.,5.44));
#8408 = ( GEOMETRIC_REPRESENTATION_CONTEXT(2)
PARAMETRIC_REPRESENTATION_CONTEXT() REPRESENTATION_CONTEXT('2D SPACE',''
  ) );
#8409 = PCURVE('',#8324,#8410);
#8410 = DEFINITIONAL_REPRESENTATION('',(#8411),#8414);
#8411 = B_SPLINE_CURVE_WITH_KNOTS('',1,(#8412,#8413),.UNSPECIFIED.,.F.,
  .F.,(2,2),(4.712388980385,6.28318530718),.PIECEWISE_BEZIER_KNOTS.);
#8412 = CARTESIAN_POINT('',(0.,-1.570796326795));
#8413 = CARTESIAN_POINT('',(0.,0.));
#8414 = ( GEOMETRIC_REPRESENTATION_CONTEXT(2)
PARAMETRIC_REPRESENTATION_CONTEXT() REPRESENTATION_CONTEXT('2D SPACE',''
  ) );
#8415 = ORIENTED_EDGE('',*,*,#8416,.T.);
#8416 = EDGE_CURVE('',#8395,#8417,#8419,.T.);
#8417 = VERTEX_POINT('',#8418);
#8418 = CARTESIAN_POINT('',(-262.53075807,-314.0461298842,
    548.24394089155));
#8419 = SURFACE_CURVE('',#8420,(#8424,#8431),.PCURVE_S1.);
#8420 = LINE('',#8421,#8422);
#8421 = CARTESIAN_POINT('',(-268.4059295069,-311.0432644831,
    520.45655598454));
#8422 = VECTOR('',#8423,1.);
#8423 = DIRECTION('',(0.205713285605,-0.105142345976,0.972947650806));
#8424 = PCURVE('',#8237,#8425);
#8425 = DEFINITIONAL_REPRESENTATION('',(#8426),#8430);
#8426 = LINE('',#8427,#8428);
#8427 = CARTESIAN_POINT('',(-1.570796326795,0.));
#8428 = VECTOR('',#8429,1.);
#8429 = DIRECTION('',(-0.,1.));
#8430 = ( GEOMETRIC_REPRESENTATION_CONTEXT(2)
PARAMETRIC_REPRESENTATION_CONTEXT() REPRESENTATION_CONTEXT('2D SPACE',''
  ) );
#8431 = PCURVE('',#8432,#8437);
#8432 = PLANE('',#8433);
#8433 = AXIS2_PLACEMENT_3D('',#8434,#8435,#8436);
#8434 = CARTESIAN_POINT('',(-270.8817336721,-315.8872291543,
    520.45655598454));
#8435 = DIRECTION('',(0.866346332239,-0.442799236477,-0.231025688597));
#8436 = DIRECTION('',(0.455111059789,0.890434682196,0.));
#8437 = DEFINITIONAL_REPRESENTATION('',(#8438),#8442);
#8438 = LINE('',#8439,#8440);
#8439 = CARTESIAN_POINT('',(5.44,0.));
#8440 = VECTOR('',#8441,1.);
#8441 = DIRECTION('',(0.,1.));
#8442 = ( GEOMETRIC_REPRESENTATION_CONTEXT(2)
PARAMETRIC_REPRESENTATION_CONTEXT() REPRESENTATION_CONTEXT('2D SPACE',''
  ) );
#8443 = ORIENTED_EDGE('',*,*,#8444,.T.);
#8444 = EDGE_CURVE('',#8417,#8222,#8445,.T.);
#8445 = SURFACE_CURVE('',#8446,(#8451,#8457),.PCURVE_S1.);
#8446 = CIRCLE('',#8447,5.44);
#8447 = AXIS2_PLACEMENT_3D('',#8448,#8449,#8450);
#8448 = CARTESIAN_POINT('',(-257.8178340226,-316.4549577307,
    546.98716114558));
#8449 = DIRECTION('',(0.205713285605,-0.105142345976,0.972947650806));
#8450 = DIRECTION('',(-0.455111059789,-0.890434682196,1.068589661202E-15
    ));
#8451 = PCURVE('',#8237,#8452);
#8452 = DEFINITIONAL_REPRESENTATION('',(#8453),#8456);
#8453 = B_SPLINE_CURVE_WITH_KNOTS('',1,(#8454,#8455),.UNSPECIFIED.,.F.,
  .F.,(2,2),(4.712388980385,6.28318530718),.PIECEWISE_BEZIER_KNOTS.);
#8454 = CARTESIAN_POINT('',(-1.570796326795,28.56));
#8455 = CARTESIAN_POINT('',(0.,28.56));
#8456 = ( GEOMETRIC_REPRESENTATION_CONTEXT(2)
PARAMETRIC_REPRESENTATION_CONTEXT() REPRESENTATION_CONTEXT('2D SPACE',''
  ) );
#8457 = PCURVE('',#8458,#8463);
#8458 = SPHERICAL_SURFACE('',#8459,5.44);
#8459 = AXIS2_PLACEMENT_3D('',#8460,#8461,#8462);
#8460 = CARTESIAN_POINT('',(-257.8178340226,-316.4549577307,
    546.98716114558));
#8461 = DIRECTION('',(0.866346332239,-0.442799236477,-0.231025688597));
#8462 = DIRECTION('',(-0.455111059789,-0.890434682196,1.068589661202E-15
    ));
#8463 = DEFINITIONAL_REPRESENTATION('',(#8464),#8467);
#8464 = B_SPLINE_CURVE_WITH_KNOTS('',1,(#8465,#8466),.UNSPECIFIED.,.F.,
  .F.,(2,2),(4.712388980385,6.28318530718),.PIECEWISE_BEZIER_KNOTS.);
#8465 = CARTESIAN_POINT('',(0.,-1.570796326795));
#8466 = CARTESIAN_POINT('',(0.,0.));
#8467 = ( GEOMETRIC_REPRESENTATION_CONTEXT(2)
PARAMETRIC_REPRESENTATION_CONTEXT() REPRESENTATION_CONTEXT('2D SPACE',''
  ) );
#8468 = ORIENTED_EDGE('',*,*,#8221,.F.);
#8469 = ADVANCED_FACE('',(#8470),#8291,.T.);
#8470 = FACE_BOUND('',#8471,.T.);
#8471 = EDGE_LOOP('',(#8472,#8494,#8522,#8549));
#8472 = ORIENTED_EDGE('',*,*,#8473,.F.);
#8473 = EDGE_CURVE('',#8474,#8189,#8476,.T.);
#8474 = VERTEX_POINT('',#8475);
#8475 = CARTESIAN_POINT('',(-244.8118538714,-323.1024586968,
    519.75605910844));
#8476 = SURFACE_CURVE('',#8477,(#8482,#8488),.PCURVE_S1.);
#8477 = CIRCLE('',#8478,5.44);
#8478 = AXIS2_PLACEMENT_3D('',#8479,#8480,#8481);
#8479 = CARTESIAN_POINT('',(-249.5247779188,-320.6936308504,
    521.01283885441));
#8480 = DIRECTION('',(-0.205713285605,0.105142345976,-0.972947650806));
#8481 = DIRECTION('',(-0.455111059789,-0.890434682196,
    -2.185751579731E-14));
#8482 = PCURVE('',#8291,#8483);
#8483 = DEFINITIONAL_REPRESENTATION('',(#8484),#8487);
#8484 = B_SPLINE_CURVE_WITH_KNOTS('',1,(#8485,#8486),.UNSPECIFIED.,.F.,
  .F.,(2,2),(4.712388980385,6.28318530718),.PIECEWISE_BEZIER_KNOTS.);
#8485 = CARTESIAN_POINT('',(1.570796326795,5.44));
#8486 = CARTESIAN_POINT('',(0.,5.44));
#8487 = ( GEOMETRIC_REPRESENTATION_CONTEXT(2)
PARAMETRIC_REPRESENTATION_CONTEXT() REPRESENTATION_CONTEXT('2D SPACE',''
  ) );
#8488 = PCURVE('',#8379,#8489);
#8489 = DEFINITIONAL_REPRESENTATION('',(#8490),#8493);
#8490 = B_SPLINE_CURVE_WITH_KNOTS('',1,(#8491,#8492),.UNSPECIFIED.,.F.,
  .F.,(2,2),(4.712388980385,6.28318530718),.PIECEWISE_BEZIER_KNOTS.);
#8491 = CARTESIAN_POINT('',(0.,-1.570796326795));
#8492 = CARTESIAN_POINT('',(0.,0.));
#8493 = ( GEOMETRIC_REPRESENTATION_CONTEXT(2)
PARAMETRIC_REPRESENTATION_CONTEXT() REPRESENTATION_CONTEXT('2D SPACE',''
  ) );
#8494 = ORIENTED_EDGE('',*,*,#8495,.T.);
#8495 = EDGE_CURVE('',#8474,#8496,#8498,.T.);
#8496 = VERTEX_POINT('',#8497);
#8497 = CARTESIAN_POINT('',(-240.0557627082,-325.5333497358,
    542.25060879507));
#8498 = SURFACE_CURVE('',#8499,(#8503,#8510),.PCURVE_S1.);
#8499 = LINE('',#8500,#8501);
#8500 = CARTESIAN_POINT('',(-245.9309341451,-322.5304843347,
    514.46322388806));
#8501 = VECTOR('',#8502,1.);
#8502 = DIRECTION('',(0.205713285605,-0.105142345976,0.972947650806));
#8503 = PCURVE('',#8291,#8504);
#8504 = DEFINITIONAL_REPRESENTATION('',(#8505),#8509);
#8505 = LINE('',#8506,#8507);
#8506 = CARTESIAN_POINT('',(1.570796326795,0.));
#8507 = VECTOR('',#8508,1.);
#8508 = DIRECTION('',(0.,1.));
#8509 = ( GEOMETRIC_REPRESENTATION_CONTEXT(2)
PARAMETRIC_REPRESENTATION_CONTEXT() REPRESENTATION_CONTEXT('2D SPACE',''
  ) );
#8510 = PCURVE('',#8511,#8516);
#8511 = PLANE('',#8512);
#8512 = AXIS2_PLACEMENT_3D('',#8513,#8514,#8515);
#8513 = CARTESIAN_POINT('',(-248.4067383103,-327.3744490059,
    514.46322388806));
#8514 = DIRECTION('',(0.866346332239,-0.442799236477,-0.231025688597));
#8515 = DIRECTION('',(0.455111059789,0.890434682196,0.));
#8516 = DEFINITIONAL_REPRESENTATION('',(#8517),#8521);
#8517 = LINE('',#8518,#8519);
#8518 = CARTESIAN_POINT('',(5.44,0.));
#8519 = VECTOR('',#8520,1.);
#8520 = DIRECTION('',(0.,1.));
#8521 = ( GEOMETRIC_REPRESENTATION_CONTEXT(2)
PARAMETRIC_REPRESENTATION_CONTEXT() REPRESENTATION_CONTEXT('2D SPACE',''
  ) );
#8522 = ORIENTED_EDGE('',*,*,#8523,.F.);
#8523 = EDGE_CURVE('',#8250,#8496,#8524,.T.);
#8524 = SURFACE_CURVE('',#8525,(#8530,#8537),.PCURVE_S1.);
#8525 = CIRCLE('',#8526,5.44);
#8526 = AXIS2_PLACEMENT_3D('',#8527,#8528,#8529);
#8527 = CARTESIAN_POINT('',(-244.7686867556,-323.1245218894,
    543.50738854104));
#8528 = DIRECTION('',(0.205713285605,-0.105142345976,0.972947650806));
#8529 = DIRECTION('',(-0.455111059789,-0.890434682196,-1.01307850997E-15
    ));
#8530 = PCURVE('',#8291,#8531);
#8531 = DEFINITIONAL_REPRESENTATION('',(#8532),#8536);
#8532 = LINE('',#8533,#8534);
#8533 = CARTESIAN_POINT('',(0.,28.56));
#8534 = VECTOR('',#8535,1.);
#8535 = DIRECTION('',(1.,0.));
#8536 = ( GEOMETRIC_REPRESENTATION_CONTEXT(2)
PARAMETRIC_REPRESENTATION_CONTEXT() REPRESENTATION_CONTEXT('2D SPACE',''
  ) );
#8537 = PCURVE('',#8538,#8543);
#8538 = SPHERICAL_SURFACE('',#8539,5.44);
#8539 = AXIS2_PLACEMENT_3D('',#8540,#8541,#8542);
#8540 = CARTESIAN_POINT('',(-244.7686867556,-323.1245218894,
    543.50738854104));
#8541 = DIRECTION('',(-0.205713285605,0.105142345976,-0.972947650806));
#8542 = DIRECTION('',(-0.455111059789,-0.890434682196,-1.01307850997E-15
    ));
#8543 = DEFINITIONAL_REPRESENTATION('',(#8544),#8548);
#8544 = LINE('',#8545,#8546);
#8545 = CARTESIAN_POINT('',(-0.,0.));
#8546 = VECTOR('',#8547,1.);
#8547 = DIRECTION('',(-1.,0.));
#8548 = ( GEOMETRIC_REPRESENTATION_CONTEXT(2)
PARAMETRIC_REPRESENTATION_CONTEXT() REPRESENTATION_CONTEXT('2D SPACE',''
  ) );
#8549 = ORIENTED_EDGE('',*,*,#8277,.F.);
#8550 = ADVANCED_FACE('',(#8551),#8265,.T.);
#8551 = FACE_BOUND('',#8552,.F.);
#8552 = EDGE_LOOP('',(#8553,#8554,#8578,#8606));
#8553 = ORIENTED_EDGE('',*,*,#8249,.F.);
#8554 = ORIENTED_EDGE('',*,*,#8555,.T.);
#8555 = EDGE_CURVE('',#8222,#8556,#8558,.T.);
#8556 = VERTEX_POINT('',#8557);
#8557 = CARTESIAN_POINT('',(-256.6987537489,-317.0269320928,
    552.27999636596));
#8558 = SURFACE_CURVE('',#8559,(#8564,#8571),.PCURVE_S1.);
#8559 = CIRCLE('',#8560,5.44);
#8560 = AXIS2_PLACEMENT_3D('',#8561,#8562,#8563);
#8561 = CARTESIAN_POINT('',(-257.8178340226,-316.4549577307,
    546.98716114558));
#8562 = DIRECTION('',(-0.866346332239,0.442799236477,0.231025688597));
#8563 = DIRECTION('',(-0.455111059789,-0.890434682196,1.054711873394E-15
    ));
#8564 = PCURVE('',#8265,#8565);
#8565 = DEFINITIONAL_REPRESENTATION('',(#8566),#8570);
#8566 = LINE('',#8567,#8568);
#8567 = CARTESIAN_POINT('',(-0.,5.44));
#8568 = VECTOR('',#8569,1.);
#8569 = DIRECTION('',(-1.,0.));
#8570 = ( GEOMETRIC_REPRESENTATION_CONTEXT(2)
PARAMETRIC_REPRESENTATION_CONTEXT() REPRESENTATION_CONTEXT('2D SPACE',''
  ) );
#8571 = PCURVE('',#8458,#8572);
#8572 = DEFINITIONAL_REPRESENTATION('',(#8573),#8577);
#8573 = LINE('',#8574,#8575);
#8574 = CARTESIAN_POINT('',(-0.,0.));
#8575 = VECTOR('',#8576,1.);
#8576 = DIRECTION('',(-1.,0.));
#8577 = ( GEOMETRIC_REPRESENTATION_CONTEXT(2)
PARAMETRIC_REPRESENTATION_CONTEXT() REPRESENTATION_CONTEXT('2D SPACE',''
  ) );
#8578 = ORIENTED_EDGE('',*,*,#8579,.T.);
#8579 = EDGE_CURVE('',#8556,#8580,#8582,.T.);
#8580 = VERTEX_POINT('',#8581);
#8581 = CARTESIAN_POINT('',(-243.6496064819,-323.6964962515,
    548.80022376142));
#8582 = SURFACE_CURVE('',#8583,(#8587,#8594),.PCURVE_S1.);
#8583 = LINE('',#8584,#8585);
#8584 = CARTESIAN_POINT('',(-261.4116777963,-314.6181042463,
    553.53677611193));
#8585 = VECTOR('',#8586,1.);
#8586 = DIRECTION('',(0.866346332239,-0.442799236477,-0.231025688597));
#8587 = PCURVE('',#8265,#8588);
#8588 = DEFINITIONAL_REPRESENTATION('',(#8589),#8593);
#8589 = LINE('',#8590,#8591);
#8590 = CARTESIAN_POINT('',(-1.570796326795,0.));
#8591 = VECTOR('',#8592,1.);
#8592 = DIRECTION('',(-0.,1.));
#8593 = ( GEOMETRIC_REPRESENTATION_CONTEXT(2)
PARAMETRIC_REPRESENTATION_CONTEXT() REPRESENTATION_CONTEXT('2D SPACE',''
  ) );
#8594 = PCURVE('',#8595,#8600);
#8595 = PLANE('',#8596);
#8596 = AXIS2_PLACEMENT_3D('',#8597,#8598,#8599);
#8597 = CARTESIAN_POINT('',(-263.8874819616,-319.4620689175,
    553.53677611193));
#8598 = DIRECTION('',(0.205713285605,-0.105142345976,0.972947650806));
#8599 = DIRECTION('',(0.866346332239,-0.442799236477,-0.231025688597));
#8600 = DEFINITIONAL_REPRESENTATION('',(#8601),#8605);
#8601 = LINE('',#8602,#8603);
#8602 = CARTESIAN_POINT('',(5.684341886081E-14,5.44));
#8603 = VECTOR('',#8604,1.);
#8604 = DIRECTION('',(1.,-5.551115123126E-17));
#8605 = ( GEOMETRIC_REPRESENTATION_CONTEXT(2)
PARAMETRIC_REPRESENTATION_CONTEXT() REPRESENTATION_CONTEXT('2D SPACE',''
  ) );
#8606 = ORIENTED_EDGE('',*,*,#8607,.T.);
#8607 = EDGE_CURVE('',#8580,#8250,#8608,.T.);
#8608 = SURFACE_CURVE('',#8609,(#8614,#8620),.PCURVE_S1.);
#8609 = CIRCLE('',#8610,5.44);
#8610 = AXIS2_PLACEMENT_3D('',#8611,#8612,#8613);
#8611 = CARTESIAN_POINT('',(-244.7686867556,-323.1245218894,
    543.50738854104));
#8612 = DIRECTION('',(0.866346332239,-0.442799236477,-0.231025688597));
#8613 = DIRECTION('',(-0.455111059789,-0.890434682196,
    -9.992007221626E-16));
#8614 = PCURVE('',#8265,#8615);
#8615 = DEFINITIONAL_REPRESENTATION('',(#8616),#8619);
#8616 = B_SPLINE_CURVE_WITH_KNOTS('',1,(#8617,#8618),.UNSPECIFIED.,.F.,
  .F.,(2,2),(4.712388980385,6.28318530718),.PIECEWISE_BEZIER_KNOTS.);
#8617 = CARTESIAN_POINT('',(-1.570796326795,20.502275652882));
#8618 = CARTESIAN_POINT('',(0.,20.502275652882));
#8619 = ( GEOMETRIC_REPRESENTATION_CONTEXT(2)
PARAMETRIC_REPRESENTATION_CONTEXT() REPRESENTATION_CONTEXT('2D SPACE',''
  ) );
#8620 = PCURVE('',#8538,#8621);
#8621 = DEFINITIONAL_REPRESENTATION('',(#8622),#8625);
#8622 = B_SPLINE_CURVE_WITH_KNOTS('',1,(#8623,#8624),.UNSPECIFIED.,.F.,
  .F.,(2,2),(4.712388980385,6.28318530718),.PIECEWISE_BEZIER_KNOTS.);
#8623 = CARTESIAN_POINT('',(0.,-1.570796326795));
#8624 = CARTESIAN_POINT('',(0.,0.));
#8625 = ( GEOMETRIC_REPRESENTATION_CONTEXT(2)
PARAMETRIC_REPRESENTATION_CONTEXT() REPRESENTATION_CONTEXT('2D SPACE',''
  ) );
#8626 = ADVANCED_FACE('',(#8627),#8324,.T.);
#8627 = FACE_BOUND('',#8628,.T.);
#8628 = EDGE_LOOP('',(#8629,#8630,#8655));
#8629 = ORIENTED_EDGE('',*,*,#8394,.F.);
#8630 = ORIENTED_EDGE('',*,*,#8631,.T.);
#8631 = EDGE_CURVE('',#8395,#8308,#8632,.T.);
#8632 = SURFACE_CURVE('',#8633,(#8638,#8644),.PCURVE_S1.);
#8633 = CIRCLE('',#8634,5.44);
#8634 = AXIS2_PLACEMENT_3D('',#8635,#8636,#8637);
#8635 = CARTESIAN_POINT('',(-262.5739251858,-314.0240666917,
    524.49261145895));
#8636 = DIRECTION('',(-0.455111059789,-0.890434682196,2.886579864025E-14
    ));
#8637 = DIRECTION('',(-0.205713285605,0.105142345976,-0.972947650806));
#8638 = PCURVE('',#8324,#8639);
#8639 = DEFINITIONAL_REPRESENTATION('',(#8640),#8643);
#8640 = B_SPLINE_CURVE_WITH_KNOTS('',1,(#8641,#8642),.UNSPECIFIED.,.F.,
  .F.,(2,2),(4.712388980385,6.28318530718),.PIECEWISE_BEZIER_KNOTS.);
#8641 = CARTESIAN_POINT('',(1.570796326795,-1.570796326795));
#8642 = CARTESIAN_POINT('',(1.570796326795,0.));
#8643 = ( GEOMETRIC_REPRESENTATION_CONTEXT(2)
PARAMETRIC_REPRESENTATION_CONTEXT() REPRESENTATION_CONTEXT('2D SPACE',''
  ) );
#8644 = PCURVE('',#8645,#8650);
#8645 = CYLINDRICAL_SURFACE('',#8646,5.44);
#8646 = AXIS2_PLACEMENT_3D('',#8647,#8648,#8649);
#8647 = CARTESIAN_POINT('',(-265.0497293511,-318.8680313628,
    524.49261145895));
#8648 = DIRECTION('',(0.455111059789,0.890434682196,0.));
#8649 = DIRECTION('',(-0.205713285605,0.105142345976,-0.972947650806));
#8650 = DEFINITIONAL_REPRESENTATION('',(#8651),#8654);
#8651 = B_SPLINE_CURVE_WITH_KNOTS('',1,(#8652,#8653),.UNSPECIFIED.,.F.,
  .F.,(2,2),(4.712388980385,6.28318530718),.PIECEWISE_BEZIER_KNOTS.);
#8652 = CARTESIAN_POINT('',(1.570796326795,5.44));
#8653 = CARTESIAN_POINT('',(0.,5.44));
#8654 = ( GEOMETRIC_REPRESENTATION_CONTEXT(2)
PARAMETRIC_REPRESENTATION_CONTEXT() REPRESENTATION_CONTEXT('2D SPACE',''
  ) );
#8655 = ORIENTED_EDGE('',*,*,#8307,.F.);
#8656 = ADVANCED_FACE('',(#8657),#8379,.T.);
#8657 = FACE_BOUND('',#8658,.F.);
#8658 = EDGE_LOOP('',(#8659,#8660,#8685));
#8659 = ORIENTED_EDGE('',*,*,#8473,.F.);
#8660 = ORIENTED_EDGE('',*,*,#8661,.T.);
#8661 = EDGE_CURVE('',#8474,#8337,#8662,.T.);
#8662 = SURFACE_CURVE('',#8663,(#8668,#8674),.PCURVE_S1.);
#8663 = CIRCLE('',#8664,5.44);
#8664 = AXIS2_PLACEMENT_3D('',#8665,#8666,#8667);
#8665 = CARTESIAN_POINT('',(-249.5247779188,-320.6936308504,
    521.01283885441));
#8666 = DIRECTION('',(0.455111059789,0.890434682196,2.375877272698E-14)
  );
#8667 = DIRECTION('',(-0.205713285605,0.105142345976,-0.972947650806));
#8668 = PCURVE('',#8379,#8669);
#8669 = DEFINITIONAL_REPRESENTATION('',(#8670),#8673);
#8670 = B_SPLINE_CURVE_WITH_KNOTS('',1,(#8671,#8672),.UNSPECIFIED.,.F.,
  .F.,(2,2),(4.712388980385,6.28318530718),.PIECEWISE_BEZIER_KNOTS.);
#8671 = CARTESIAN_POINT('',(-1.570796326795,-1.570796326795));
#8672 = CARTESIAN_POINT('',(-1.570796326795,0.));
#8673 = ( GEOMETRIC_REPRESENTATION_CONTEXT(2)
PARAMETRIC_REPRESENTATION_CONTEXT() REPRESENTATION_CONTEXT('2D SPACE',''
  ) );
#8674 = PCURVE('',#8675,#8680);
#8675 = CYLINDRICAL_SURFACE('',#8676,5.44);
#8676 = AXIS2_PLACEMENT_3D('',#8677,#8678,#8679);
#8677 = CARTESIAN_POINT('',(-252.000582084,-325.5375955216,
    521.01283885441));
#8678 = DIRECTION('',(0.455111059789,0.890434682196,0.));
#8679 = DIRECTION('',(-0.205713285605,0.105142345976,-0.972947650806));
#8680 = DEFINITIONAL_REPRESENTATION('',(#8681),#8684);
#8681 = B_SPLINE_CURVE_WITH_KNOTS('',1,(#8682,#8683),.UNSPECIFIED.,.F.,
  .F.,(2,2),(4.712388980385,6.28318530718),.PIECEWISE_BEZIER_KNOTS.);
#8682 = CARTESIAN_POINT('',(-1.570796326795,5.44));
#8683 = CARTESIAN_POINT('',(0.,5.44));
#8684 = ( GEOMETRIC_REPRESENTATION_CONTEXT(2)
PARAMETRIC_REPRESENTATION_CONTEXT() REPRESENTATION_CONTEXT('2D SPACE',''
  ) );
#8685 = ORIENTED_EDGE('',*,*,#8364,.F.);
#8686 = ADVANCED_FACE('',(#8687),#8352,.F.);
#8687 = FACE_BOUND('',#8688,.F.);
#8688 = EDGE_LOOP('',(#8689,#8690,#8713,#8741));
#8689 = ORIENTED_EDGE('',*,*,#8336,.T.);
#8690 = ORIENTED_EDGE('',*,*,#8691,.T.);
#8691 = EDGE_CURVE('',#8337,#8692,#8694,.T.);
#8692 = VERTEX_POINT('',#8693);
#8693 = CARTESIAN_POINT('',(-238.301246251,-295.9730679071,
    515.72000363403));
#8694 = SURFACE_CURVE('',#8695,(#8699,#8706),.PCURVE_S1.);
#8695 = LINE('',#8696,#8697);
#8696 = CARTESIAN_POINT('',(-253.1196623577,-324.9656211594,
    515.72000363403));
#8697 = VECTOR('',#8698,1.);
#8698 = DIRECTION('',(0.455111059789,0.890434682196,0.));
#8699 = PCURVE('',#8352,#8700);
#8700 = DEFINITIONAL_REPRESENTATION('',(#8701),#8705);
#8701 = LINE('',#8702,#8703);
#8702 = CARTESIAN_POINT('',(20.502275652882,1.136868377216E-13));
#8703 = VECTOR('',#8704,1.);
#8704 = DIRECTION('',(-5.551115123126E-17,1.));
#8705 = ( GEOMETRIC_REPRESENTATION_CONTEXT(2)
PARAMETRIC_REPRESENTATION_CONTEXT() REPRESENTATION_CONTEXT('2D SPACE',''
  ) );
#8706 = PCURVE('',#8675,#8707);
#8707 = DEFINITIONAL_REPRESENTATION('',(#8708),#8712);
#8708 = LINE('',#8709,#8710);
#8709 = CARTESIAN_POINT('',(-0.,0.));
#8710 = VECTOR('',#8711,1.);
#8711 = DIRECTION('',(-0.,1.));
#8712 = ( GEOMETRIC_REPRESENTATION_CONTEXT(2)
PARAMETRIC_REPRESENTATION_CONTEXT() REPRESENTATION_CONTEXT('2D SPACE',''
  ) );
#8713 = ORIENTED_EDGE('',*,*,#8714,.F.);
#8714 = EDGE_CURVE('',#8715,#8692,#8717,.T.);
#8715 = VERTEX_POINT('',#8716);
#8716 = CARTESIAN_POINT('',(-251.350393518,-289.3035037484,
    519.19977623857));
#8717 = SURFACE_CURVE('',#8718,(#8722,#8729),.PCURVE_S1.);
#8718 = LINE('',#8719,#8720);
#8719 = CARTESIAN_POINT('',(-256.0633175654,-286.894675902,
    520.45655598454));
#8720 = VECTOR('',#8721,1.);
#8721 = DIRECTION('',(0.866346332239,-0.442799236477,-0.231025688597));
#8722 = PCURVE('',#8352,#8723);
#8723 = DEFINITIONAL_REPRESENTATION('',(#8724),#8728);
#8724 = LINE('',#8725,#8726);
#8725 = CARTESIAN_POINT('',(2.84217094304E-14,32.56));
#8726 = VECTOR('',#8727,1.);
#8727 = DIRECTION('',(1.,-5.551115123126E-17));
#8728 = ( GEOMETRIC_REPRESENTATION_CONTEXT(2)
PARAMETRIC_REPRESENTATION_CONTEXT() REPRESENTATION_CONTEXT('2D SPACE',''
  ) );
#8729 = PCURVE('',#8730,#8735);
#8730 = CYLINDRICAL_SURFACE('',#8731,5.44);
#8731 = AXIS2_PLACEMENT_3D('',#8732,#8733,#8734);
#8732 = CARTESIAN_POINT('',(-254.9442372917,-287.4666502641,
    525.74939120492));
#8733 = DIRECTION('',(0.866346332239,-0.442799236477,-0.231025688597));
#8734 = DIRECTION('',(0.455111059789,0.890434682196,-1.387778780781E-17)
  );
#8735 = DEFINITIONAL_REPRESENTATION('',(#8736),#8740);
#8736 = LINE('',#8737,#8738);
#8737 = CARTESIAN_POINT('',(-1.570796326795,0.));
#8738 = VECTOR('',#8739,1.);
#8739 = DIRECTION('',(-0.,1.));
#8740 = ( GEOMETRIC_REPRESENTATION_CONTEXT(2)
PARAMETRIC_REPRESENTATION_CONTEXT() REPRESENTATION_CONTEXT('2D SPACE',''
  ) );
#8741 = ORIENTED_EDGE('',*,*,#8742,.F.);
#8742 = EDGE_CURVE('',#8308,#8715,#8743,.T.);
#8743 = SURFACE_CURVE('',#8744,(#8748,#8755),.PCURVE_S1.);
#8744 = LINE('',#8745,#8746);
#8745 = CARTESIAN_POINT('',(-266.1688096247,-318.2960570007,
    519.19977623857));
#8746 = VECTOR('',#8747,1.);
#8747 = DIRECTION('',(0.455111059789,0.890434682196,0.));
#8748 = PCURVE('',#8352,#8749);
#8749 = DEFINITIONAL_REPRESENTATION('',(#8750),#8754);
#8750 = LINE('',#8751,#8752);
#8751 = CARTESIAN_POINT('',(5.44,5.684341886081E-14));
#8752 = VECTOR('',#8753,1.);
#8753 = DIRECTION('',(-5.551115123126E-17,1.));
#8754 = ( GEOMETRIC_REPRESENTATION_CONTEXT(2)
PARAMETRIC_REPRESENTATION_CONTEXT() REPRESENTATION_CONTEXT('2D SPACE',''
  ) );
#8755 = PCURVE('',#8645,#8756);
#8756 = DEFINITIONAL_REPRESENTATION('',(#8757),#8761);
#8757 = LINE('',#8758,#8759);
#8758 = CARTESIAN_POINT('',(0.,0.));
#8759 = VECTOR('',#8760,1.);
#8760 = DIRECTION('',(0.,1.));
#8761 = ( GEOMETRIC_REPRESENTATION_CONTEXT(2)
PARAMETRIC_REPRESENTATION_CONTEXT() REPRESENTATION_CONTEXT('2D SPACE',''
  ) );
#8762 = ADVANCED_FACE('',(#8763),#8432,.F.);
#8763 = FACE_BOUND('',#8764,.F.);
#8764 = EDGE_LOOP('',(#8765,#8766,#8789,#8817));
#8765 = ORIENTED_EDGE('',*,*,#8416,.F.);
#8766 = ORIENTED_EDGE('',*,*,#8767,.T.);
#8767 = EDGE_CURVE('',#8395,#8768,#8770,.T.);
#8768 = VERTEX_POINT('',#8769);
#8769 = CARTESIAN_POINT('',(-254.9442372917,-287.4666502641,
    525.74939120492));
#8770 = SURFACE_CURVE('',#8771,(#8775,#8782),.PCURVE_S1.);
#8771 = LINE('',#8772,#8773);
#8772 = CARTESIAN_POINT('',(-269.7626533984,-316.4592035164,
    525.74939120492));
#8773 = VECTOR('',#8774,1.);
#8774 = DIRECTION('',(0.455111059789,0.890434682196,0.));
#8775 = PCURVE('',#8432,#8776);
#8776 = DEFINITIONAL_REPRESENTATION('',(#8777),#8781);
#8777 = LINE('',#8778,#8779);
#8778 = CARTESIAN_POINT('',(5.684341886081E-14,5.44));
#8779 = VECTOR('',#8780,1.);
#8780 = DIRECTION('',(1.,0.));
#8781 = ( GEOMETRIC_REPRESENTATION_CONTEXT(2)
PARAMETRIC_REPRESENTATION_CONTEXT() REPRESENTATION_CONTEXT('2D SPACE',''
  ) );
#8782 = PCURVE('',#8645,#8783);
#8783 = DEFINITIONAL_REPRESENTATION('',(#8784),#8788);
#8784 = LINE('',#8785,#8786);
#8785 = CARTESIAN_POINT('',(1.570796326795,0.));
#8786 = VECTOR('',#8787,1.);
#8787 = DIRECTION('',(0.,1.));
#8788 = ( GEOMETRIC_REPRESENTATION_CONTEXT(2)
PARAMETRIC_REPRESENTATION_CONTEXT() REPRESENTATION_CONTEXT('2D SPACE',''
  ) );
#8789 = ORIENTED_EDGE('',*,*,#8790,.T.);
#8790 = EDGE_CURVE('',#8768,#8791,#8793,.T.);
#8791 = VERTEX_POINT('',#8792);
#8792 = CARTESIAN_POINT('',(-250.1881461285,-289.8975413031,
    548.24394089155));
#8793 = SURFACE_CURVE('',#8794,(#8798,#8805),.PCURVE_S1.);
#8794 = LINE('',#8795,#8796);
#8795 = CARTESIAN_POINT('',(-256.0633175654,-286.894675902,
    520.45655598454));
#8796 = VECTOR('',#8797,1.);
#8797 = DIRECTION('',(0.205713285605,-0.105142345976,0.972947650806));
#8798 = PCURVE('',#8432,#8799);
#8799 = DEFINITIONAL_REPRESENTATION('',(#8800),#8804);
#8800 = LINE('',#8801,#8802);
#8801 = CARTESIAN_POINT('',(32.56,0.));
#8802 = VECTOR('',#8803,1.);
#8803 = DIRECTION('',(0.,1.));
#8804 = ( GEOMETRIC_REPRESENTATION_CONTEXT(2)
PARAMETRIC_REPRESENTATION_CONTEXT() REPRESENTATION_CONTEXT('2D SPACE',''
  ) );
#8805 = PCURVE('',#8806,#8811);
#8806 = CYLINDRICAL_SURFACE('',#8807,5.44);
#8807 = AXIS2_PLACEMENT_3D('',#8808,#8809,#8810);
#8808 = CARTESIAN_POINT('',(-251.350393518,-289.3035037484,
    519.19977623857));
#8809 = DIRECTION('',(0.205713285605,-0.105142345976,0.972947650806));
#8810 = DIRECTION('',(0.455111059789,0.890434682196,0.));
#8811 = DEFINITIONAL_REPRESENTATION('',(#8812),#8816);
#8812 = LINE('',#8813,#8814);
#8813 = CARTESIAN_POINT('',(1.570796326795,0.));
#8814 = VECTOR('',#8815,1.);
#8815 = DIRECTION('',(0.,1.));
#8816 = ( GEOMETRIC_REPRESENTATION_CONTEXT(2)
PARAMETRIC_REPRESENTATION_CONTEXT() REPRESENTATION_CONTEXT('2D SPACE',''
  ) );
#8817 = ORIENTED_EDGE('',*,*,#8818,.F.);
#8818 = EDGE_CURVE('',#8417,#8791,#8819,.T.);
#8819 = SURFACE_CURVE('',#8820,(#8824,#8831),.PCURVE_S1.);
#8820 = LINE('',#8821,#8822);
#8821 = CARTESIAN_POINT('',(-265.0065622352,-318.8900945554,
    548.24394089155));
#8822 = VECTOR('',#8823,1.);
#8823 = DIRECTION('',(0.455111059789,0.890434682196,0.));
#8824 = PCURVE('',#8432,#8825);
#8825 = DEFINITIONAL_REPRESENTATION('',(#8826),#8830);
#8826 = LINE('',#8827,#8828);
#8827 = CARTESIAN_POINT('',(5.684341886081E-14,28.56));
#8828 = VECTOR('',#8829,1.);
#8829 = DIRECTION('',(1.,0.));
#8830 = ( GEOMETRIC_REPRESENTATION_CONTEXT(2)
PARAMETRIC_REPRESENTATION_CONTEXT() REPRESENTATION_CONTEXT('2D SPACE',''
  ) );
#8831 = PCURVE('',#8832,#8837);
#8832 = CYLINDRICAL_SURFACE('',#8833,5.44);
#8833 = AXIS2_PLACEMENT_3D('',#8834,#8835,#8836);
#8834 = CARTESIAN_POINT('',(-260.2936381879,-321.2989224018,
    546.98716114558));
#8835 = DIRECTION('',(0.455111059789,0.890434682196,0.));
#8836 = DIRECTION('',(0.205713285605,-0.105142345976,0.972947650806));
#8837 = DEFINITIONAL_REPRESENTATION('',(#8838),#8842);
#8838 = LINE('',#8839,#8840);
#8839 = CARTESIAN_POINT('',(-1.570796326795,0.));
#8840 = VECTOR('',#8841,1.);
#8841 = DIRECTION('',(-0.,1.));
#8842 = ( GEOMETRIC_REPRESENTATION_CONTEXT(2)
PARAMETRIC_REPRESENTATION_CONTEXT() REPRESENTATION_CONTEXT('2D SPACE',''
  ) );
#8843 = ADVANCED_FACE('',(#8844),#8458,.T.);
#8844 = FACE_BOUND('',#8845,.F.);
#8845 = EDGE_LOOP('',(#8846,#8847,#8867));
#8846 = ORIENTED_EDGE('',*,*,#8444,.F.);
#8847 = ORIENTED_EDGE('',*,*,#8848,.T.);
#8848 = EDGE_CURVE('',#8417,#8556,#8849,.T.);
#8849 = SURFACE_CURVE('',#8850,(#8855,#8861),.PCURVE_S1.);
#8850 = CIRCLE('',#8851,5.44);
#8851 = AXIS2_PLACEMENT_3D('',#8852,#8853,#8854);
#8852 = CARTESIAN_POINT('',(-257.8178340226,-316.4549577307,
    546.98716114558));
#8853 = DIRECTION('',(0.455111059789,0.890434682196,-5.868916463925E-14)
  );
#8854 = DIRECTION('',(0.205713285605,-0.105142345976,0.972947650806));
#8855 = PCURVE('',#8458,#8856);
#8856 = DEFINITIONAL_REPRESENTATION('',(#8857),#8860);
#8857 = B_SPLINE_CURVE_WITH_KNOTS('',1,(#8858,#8859),.UNSPECIFIED.,.F.,
  .F.,(2,2),(4.712388980385,6.28318530718),.PIECEWISE_BEZIER_KNOTS.);
#8858 = CARTESIAN_POINT('',(-1.570796326795,-1.570796326795));
#8859 = CARTESIAN_POINT('',(-1.570796326795,0.));
#8860 = ( GEOMETRIC_REPRESENTATION_CONTEXT(2)
PARAMETRIC_REPRESENTATION_CONTEXT() REPRESENTATION_CONTEXT('2D SPACE',''
  ) );
#8861 = PCURVE('',#8832,#8862);
#8862 = DEFINITIONAL_REPRESENTATION('',(#8863),#8866);
#8863 = B_SPLINE_CURVE_WITH_KNOTS('',1,(#8864,#8865),.UNSPECIFIED.,.F.,
  .F.,(2,2),(4.712388980385,6.28318530718),.PIECEWISE_BEZIER_KNOTS.);
#8864 = CARTESIAN_POINT('',(-1.570796326795,5.44));
#8865 = CARTESIAN_POINT('',(0.,5.44));
#8866 = ( GEOMETRIC_REPRESENTATION_CONTEXT(2)
PARAMETRIC_REPRESENTATION_CONTEXT() REPRESENTATION_CONTEXT('2D SPACE',''
  ) );
#8867 = ORIENTED_EDGE('',*,*,#8555,.F.);
#8868 = ADVANCED_FACE('',(#8869),#8511,.T.);
#8869 = FACE_BOUND('',#8870,.T.);
#8870 = EDGE_LOOP('',(#8871,#8872,#8895,#8923));
#8871 = ORIENTED_EDGE('',*,*,#8495,.F.);
#8872 = ORIENTED_EDGE('',*,*,#8873,.T.);
#8873 = EDGE_CURVE('',#8474,#8874,#8876,.T.);
#8874 = VERTEX_POINT('',#8875);
#8875 = CARTESIAN_POINT('',(-232.4692419299,-298.9538701157,
    519.75605910844));
#8876 = SURFACE_CURVE('',#8877,(#8881,#8888),.PCURVE_S1.);
#8877 = LINE('',#8878,#8879);
#8878 = CARTESIAN_POINT('',(-247.2876580366,-327.946423368,
    519.75605910844));
#8879 = VECTOR('',#8880,1.);
#8880 = DIRECTION('',(0.455111059789,0.890434682196,0.));
#8881 = PCURVE('',#8511,#8882);
#8882 = DEFINITIONAL_REPRESENTATION('',(#8883),#8887);
#8883 = LINE('',#8884,#8885);
#8884 = CARTESIAN_POINT('',(0.,5.44));
#8885 = VECTOR('',#8886,1.);
#8886 = DIRECTION('',(1.,0.));
#8887 = ( GEOMETRIC_REPRESENTATION_CONTEXT(2)
PARAMETRIC_REPRESENTATION_CONTEXT() REPRESENTATION_CONTEXT('2D SPACE',''
  ) );
#8888 = PCURVE('',#8675,#8889);
#8889 = DEFINITIONAL_REPRESENTATION('',(#8890),#8894);
#8890 = LINE('',#8891,#8892);
#8891 = CARTESIAN_POINT('',(-1.570796326795,0.));
#8892 = VECTOR('',#8893,1.);
#8893 = DIRECTION('',(-0.,1.));
#8894 = ( GEOMETRIC_REPRESENTATION_CONTEXT(2)
PARAMETRIC_REPRESENTATION_CONTEXT() REPRESENTATION_CONTEXT('2D SPACE',''
  ) );
#8895 = ORIENTED_EDGE('',*,*,#8896,.T.);
#8896 = EDGE_CURVE('',#8874,#8897,#8899,.T.);
#8897 = VERTEX_POINT('',#8898);
#8898 = CARTESIAN_POINT('',(-227.7131507667,-301.3847611546,
    542.25060879507));
#8899 = SURFACE_CURVE('',#8900,(#8904,#8911),.PCURVE_S1.);
#8900 = LINE('',#8901,#8902);
#8901 = CARTESIAN_POINT('',(-233.5883222036,-298.3818957536,
    514.46322388806));
#8902 = VECTOR('',#8903,1.);
#8903 = DIRECTION('',(0.205713285605,-0.105142345976,0.972947650806));
#8904 = PCURVE('',#8511,#8905);
#8905 = DEFINITIONAL_REPRESENTATION('',(#8906),#8910);
#8906 = LINE('',#8907,#8908);
#8907 = CARTESIAN_POINT('',(32.56,0.));
#8908 = VECTOR('',#8909,1.);
#8909 = DIRECTION('',(0.,1.));
#8910 = ( GEOMETRIC_REPRESENTATION_CONTEXT(2)
PARAMETRIC_REPRESENTATION_CONTEXT() REPRESENTATION_CONTEXT('2D SPACE',''
  ) );
#8911 = PCURVE('',#8912,#8917);
#8912 = CYLINDRICAL_SURFACE('',#8913,5.44);
#8913 = AXIS2_PLACEMENT_3D('',#8914,#8915,#8916);
#8914 = CARTESIAN_POINT('',(-238.301246251,-295.9730679071,
    515.72000363403));
#8915 = DIRECTION('',(0.205713285605,-0.105142345976,0.972947650806));
#8916 = DIRECTION('',(0.455111059789,0.890434682196,0.));
#8917 = DEFINITIONAL_REPRESENTATION('',(#8918),#8922);
#8918 = LINE('',#8919,#8920);
#8919 = CARTESIAN_POINT('',(-1.570796326795,0.));
#8920 = VECTOR('',#8921,1.);
#8921 = DIRECTION('',(-0.,1.));
#8922 = ( GEOMETRIC_REPRESENTATION_CONTEXT(2)
PARAMETRIC_REPRESENTATION_CONTEXT() REPRESENTATION_CONTEXT('2D SPACE',''
  ) );
#8923 = ORIENTED_EDGE('',*,*,#8924,.F.);
#8924 = EDGE_CURVE('',#8496,#8897,#8925,.T.);
#8925 = SURFACE_CURVE('',#8926,(#8930,#8937),.PCURVE_S1.);
#8926 = LINE('',#8927,#8928);
#8927 = CARTESIAN_POINT('',(-242.5315668735,-330.3773144069,
    542.25060879507));
#8928 = VECTOR('',#8929,1.);
#8929 = DIRECTION('',(0.455111059789,0.890434682196,0.));
#8930 = PCURVE('',#8511,#8931);
#8931 = DEFINITIONAL_REPRESENTATION('',(#8932),#8936);
#8932 = LINE('',#8933,#8934);
#8933 = CARTESIAN_POINT('',(-5.684341886081E-14,28.56));
#8934 = VECTOR('',#8935,1.);
#8935 = DIRECTION('',(1.,0.));
#8936 = ( GEOMETRIC_REPRESENTATION_CONTEXT(2)
PARAMETRIC_REPRESENTATION_CONTEXT() REPRESENTATION_CONTEXT('2D SPACE',''
  ) );
#8937 = PCURVE('',#8938,#8943);
#8938 = CYLINDRICAL_SURFACE('',#8939,5.44);
#8939 = AXIS2_PLACEMENT_3D('',#8940,#8941,#8942);
#8940 = CARTESIAN_POINT('',(-247.2444909208,-327.9684865605,
    543.50738854104));
#8941 = DIRECTION('',(0.455111059789,0.890434682196,0.));
#8942 = DIRECTION('',(0.205713285605,-0.105142345976,0.972947650806));
#8943 = DEFINITIONAL_REPRESENTATION('',(#8944),#8948);
#8944 = LINE('',#8945,#8946);
#8945 = CARTESIAN_POINT('',(1.570796326795,0.));
#8946 = VECTOR('',#8947,1.);
#8947 = DIRECTION('',(0.,1.));
#8948 = ( GEOMETRIC_REPRESENTATION_CONTEXT(2)
PARAMETRIC_REPRESENTATION_CONTEXT() REPRESENTATION_CONTEXT('2D SPACE',''
  ) );
#8949 = ADVANCED_FACE('',(#8950),#8538,.T.);
#8950 = FACE_BOUND('',#8951,.F.);
#8951 = EDGE_LOOP('',(#8952,#8953,#8973));
#8952 = ORIENTED_EDGE('',*,*,#8607,.F.);
#8953 = ORIENTED_EDGE('',*,*,#8954,.T.);
#8954 = EDGE_CURVE('',#8580,#8496,#8955,.T.);
#8955 = SURFACE_CURVE('',#8956,(#8961,#8967),.PCURVE_S1.);
#8956 = CIRCLE('',#8957,5.44);
#8957 = AXIS2_PLACEMENT_3D('',#8958,#8959,#8960);
#8958 = CARTESIAN_POINT('',(-244.7686867556,-323.1245218894,
    543.50738854104));
#8959 = DIRECTION('',(0.455111059789,0.890434682196,3.774758283726E-15)
  );
#8960 = DIRECTION('',(0.866346332239,-0.442799236477,-0.231025688597));
#8961 = PCURVE('',#8538,#8962);
#8962 = DEFINITIONAL_REPRESENTATION('',(#8963),#8966);
#8963 = B_SPLINE_CURVE_WITH_KNOTS('',1,(#8964,#8965),.UNSPECIFIED.,.F.,
  .F.,(2,2),(4.712388980385,6.28318530718),.PIECEWISE_BEZIER_KNOTS.);
#8964 = CARTESIAN_POINT('',(-1.570796326795,-1.570796326795));
#8965 = CARTESIAN_POINT('',(-1.570796326795,0.));
#8966 = ( GEOMETRIC_REPRESENTATION_CONTEXT(2)
PARAMETRIC_REPRESENTATION_CONTEXT() REPRESENTATION_CONTEXT('2D SPACE',''
  ) );
#8967 = PCURVE('',#8938,#8968);
#8968 = DEFINITIONAL_REPRESENTATION('',(#8969),#8972);
#8969 = B_SPLINE_CURVE_WITH_KNOTS('',1,(#8970,#8971),.UNSPECIFIED.,.F.,
  .F.,(2,2),(4.712388980385,6.28318530718),.PIECEWISE_BEZIER_KNOTS.);
#8970 = CARTESIAN_POINT('',(0.,5.44));
#8971 = CARTESIAN_POINT('',(1.570796326795,5.44));
#8972 = ( GEOMETRIC_REPRESENTATION_CONTEXT(2)
PARAMETRIC_REPRESENTATION_CONTEXT() REPRESENTATION_CONTEXT('2D SPACE',''
  ) );
#8973 = ORIENTED_EDGE('',*,*,#8523,.F.);
#8974 = ADVANCED_FACE('',(#8975),#8595,.T.);
#8975 = FACE_BOUND('',#8976,.T.);
#8976 = EDGE_LOOP('',(#8977,#8978,#9001,#9029));
#8977 = ORIENTED_EDGE('',*,*,#8579,.T.);
#8978 = ORIENTED_EDGE('',*,*,#8979,.T.);
#8979 = EDGE_CURVE('',#8580,#8980,#8982,.T.);
#8980 = VERTEX_POINT('',#8981);
#8981 = CARTESIAN_POINT('',(-231.3069945404,-299.5479076703,
    548.80022376142));
#8982 = SURFACE_CURVE('',#8983,(#8987,#8994),.PCURVE_S1.);
#8983 = LINE('',#8984,#8985);
#8984 = CARTESIAN_POINT('',(-246.1254106471,-328.5404609226,
    548.80022376142));
#8985 = VECTOR('',#8986,1.);
#8986 = DIRECTION('',(0.455111059789,0.890434682196,0.));
#8987 = PCURVE('',#8595,#8988);
#8988 = DEFINITIONAL_REPRESENTATION('',(#8989),#8993);
#8989 = LINE('',#8990,#8991);
#8990 = CARTESIAN_POINT('',(20.502275652882,0.));
#8991 = VECTOR('',#8992,1.);
#8992 = DIRECTION('',(-5.551115123126E-17,1.));
#8993 = ( GEOMETRIC_REPRESENTATION_CONTEXT(2)
PARAMETRIC_REPRESENTATION_CONTEXT() REPRESENTATION_CONTEXT('2D SPACE',''
  ) );
#8994 = PCURVE('',#8938,#8995);
#8995 = DEFINITIONAL_REPRESENTATION('',(#8996),#9000);
#8996 = LINE('',#8997,#8998);
#8997 = CARTESIAN_POINT('',(0.,0.));
#8998 = VECTOR('',#8999,1.);
#8999 = DIRECTION('',(0.,1.));
#9000 = ( GEOMETRIC_REPRESENTATION_CONTEXT(2)
PARAMETRIC_REPRESENTATION_CONTEXT() REPRESENTATION_CONTEXT('2D SPACE',''
  ) );
#9001 = ORIENTED_EDGE('',*,*,#9002,.F.);
#9002 = EDGE_CURVE('',#9003,#8980,#9005,.T.);
#9003 = VERTEX_POINT('',#9004);
#9004 = CARTESIAN_POINT('',(-244.3561418074,-292.8783435116,
    552.27999636596));
#9005 = SURFACE_CURVE('',#9006,(#9010,#9017),.PCURVE_S1.);
#9006 = LINE('',#9007,#9008);
#9007 = CARTESIAN_POINT('',(-249.0690658548,-290.4695156652,
    553.53677611193));
#9008 = VECTOR('',#9009,1.);
#9009 = DIRECTION('',(0.866346332239,-0.442799236477,-0.231025688597));
#9010 = PCURVE('',#8595,#9011);
#9011 = DEFINITIONAL_REPRESENTATION('',(#9012),#9016);
#9012 = LINE('',#9013,#9014);
#9013 = CARTESIAN_POINT('',(5.684341886081E-14,32.56));
#9014 = VECTOR('',#9015,1.);
#9015 = DIRECTION('',(1.,-5.551115123126E-17));
#9016 = ( GEOMETRIC_REPRESENTATION_CONTEXT(2)
PARAMETRIC_REPRESENTATION_CONTEXT() REPRESENTATION_CONTEXT('2D SPACE',''
  ) );
#9017 = PCURVE('',#9018,#9023);
#9018 = CYLINDRICAL_SURFACE('',#9019,5.44);
#9019 = AXIS2_PLACEMENT_3D('',#9020,#9021,#9022);
#9020 = CARTESIAN_POINT('',(-250.1881461285,-289.8975413031,
    548.24394089155));
#9021 = DIRECTION('',(0.866346332239,-0.442799236477,-0.231025688597));
#9022 = DIRECTION('',(0.455111059789,0.890434682196,-1.387778780781E-17)
  );
#9023 = DEFINITIONAL_REPRESENTATION('',(#9024),#9028);
#9024 = LINE('',#9025,#9026);
#9025 = CARTESIAN_POINT('',(1.570796326795,0.));
#9026 = VECTOR('',#9027,1.);
#9027 = DIRECTION('',(0.,1.));
#9028 = ( GEOMETRIC_REPRESENTATION_CONTEXT(2)
PARAMETRIC_REPRESENTATION_CONTEXT() REPRESENTATION_CONTEXT('2D SPACE',''
  ) );
#9029 = ORIENTED_EDGE('',*,*,#9030,.F.);
#9030 = EDGE_CURVE('',#8556,#9003,#9031,.T.);
#9031 = SURFACE_CURVE('',#9032,(#9036,#9043),.PCURVE_S1.);
#9032 = LINE('',#9033,#9034);
#9033 = CARTESIAN_POINT('',(-259.1745579142,-321.8708967639,
    552.27999636596));
#9034 = VECTOR('',#9035,1.);
#9035 = DIRECTION('',(0.455111059789,0.890434682196,0.));
#9036 = PCURVE('',#8595,#9037);
#9037 = DEFINITIONAL_REPRESENTATION('',(#9038),#9042);
#9038 = LINE('',#9039,#9040);
#9039 = CARTESIAN_POINT('',(5.44,-5.684341886081E-14));
#9040 = VECTOR('',#9041,1.);
#9041 = DIRECTION('',(-5.551115123126E-17,1.));
#9042 = ( GEOMETRIC_REPRESENTATION_CONTEXT(2)
PARAMETRIC_REPRESENTATION_CONTEXT() REPRESENTATION_CONTEXT('2D SPACE',''
  ) );
#9043 = PCURVE('',#8832,#9044);
#9044 = DEFINITIONAL_REPRESENTATION('',(#9045),#9049);
#9045 = LINE('',#9046,#9047);
#9046 = CARTESIAN_POINT('',(-0.,0.));
#9047 = VECTOR('',#9048,1.);
#9048 = DIRECTION('',(-0.,1.));
#9049 = ( GEOMETRIC_REPRESENTATION_CONTEXT(2)
PARAMETRIC_REPRESENTATION_CONTEXT() REPRESENTATION_CONTEXT('2D SPACE',''
  ) );
#9050 = ADVANCED_FACE('',(#9051),#8645,.T.);
#9051 = FACE_BOUND('',#9052,.T.);
#9052 = EDGE_LOOP('',(#9053,#9054,#9055,#9080));
#9053 = ORIENTED_EDGE('',*,*,#8631,.F.);
#9054 = ORIENTED_EDGE('',*,*,#8767,.T.);
#9055 = ORIENTED_EDGE('',*,*,#9056,.T.);
#9056 = EDGE_CURVE('',#8768,#8715,#9057,.T.);
#9057 = SURFACE_CURVE('',#9058,(#9063,#9069),.PCURVE_S1.);
#9058 = CIRCLE('',#9059,5.44);
#9059 = AXIS2_PLACEMENT_3D('',#9060,#9061,#9062);
#9060 = CARTESIAN_POINT('',(-250.2313132443,-289.8754781105,
    524.49261145895));
#9061 = DIRECTION('',(-0.455111059789,-0.890434682196,
    -9.367506770275E-15));
#9062 = DIRECTION('',(-0.205713285605,0.105142345976,-0.972947650806));
#9063 = PCURVE('',#8645,#9064);
#9064 = DEFINITIONAL_REPRESENTATION('',(#9065),#9068);
#9065 = B_SPLINE_CURVE_WITH_KNOTS('',1,(#9066,#9067),.UNSPECIFIED.,.F.,
  .F.,(2,2),(4.712388980385,6.28318530718),.PIECEWISE_BEZIER_KNOTS.);
#9066 = CARTESIAN_POINT('',(1.570796326795,32.56));
#9067 = CARTESIAN_POINT('',(0.,32.56));
#9068 = ( GEOMETRIC_REPRESENTATION_CONTEXT(2)
PARAMETRIC_REPRESENTATION_CONTEXT() REPRESENTATION_CONTEXT('2D SPACE',''
  ) );
#9069 = PCURVE('',#9070,#9075);
#9070 = SPHERICAL_SURFACE('',#9071,5.44);
#9071 = AXIS2_PLACEMENT_3D('',#9072,#9073,#9074);
#9072 = CARTESIAN_POINT('',(-250.2313132443,-289.8754781105,
    524.49261145895));
#9073 = DIRECTION('',(0.866346332239,-0.442799236477,-0.231025688597));
#9074 = DIRECTION('',(0.455111059789,0.890434682196,-1.068589661202E-15)
  );
#9075 = DEFINITIONAL_REPRESENTATION('',(#9076),#9079);
#9076 = B_SPLINE_CURVE_WITH_KNOTS('',1,(#9077,#9078),.UNSPECIFIED.,.F.,
  .F.,(2,2),(4.712388980385,6.28318530718),.PIECEWISE_BEZIER_KNOTS.);
#9077 = CARTESIAN_POINT('',(-1.570796326795,-1.570796326795));
#9078 = CARTESIAN_POINT('',(-1.570796326795,0.));
#9079 = ( GEOMETRIC_REPRESENTATION_CONTEXT(2)
PARAMETRIC_REPRESENTATION_CONTEXT() REPRESENTATION_CONTEXT('2D SPACE',''
  ) );
#9080 = ORIENTED_EDGE('',*,*,#8742,.F.);
#9081 = ADVANCED_FACE('',(#9082),#8675,.T.);
#9082 = FACE_BOUND('',#9083,.F.);
#9083 = EDGE_LOOP('',(#9084,#9085,#9086,#9111));
#9084 = ORIENTED_EDGE('',*,*,#8661,.F.);
#9085 = ORIENTED_EDGE('',*,*,#8873,.T.);
#9086 = ORIENTED_EDGE('',*,*,#9087,.T.);
#9087 = EDGE_CURVE('',#8874,#8692,#9088,.T.);
#9088 = SURFACE_CURVE('',#9089,(#9094,#9100),.PCURVE_S1.);
#9089 = CIRCLE('',#9090,5.44);
#9090 = AXIS2_PLACEMENT_3D('',#9091,#9092,#9093);
#9091 = CARTESIAN_POINT('',(-237.1821659773,-296.5450422692,
    521.01283885441));
#9092 = DIRECTION('',(0.455111059789,0.890434682196,-2.992051051365E-14)
  );
#9093 = DIRECTION('',(-0.205713285605,0.105142345976,-0.972947650806));
#9094 = PCURVE('',#8675,#9095);
#9095 = DEFINITIONAL_REPRESENTATION('',(#9096),#9099);
#9096 = B_SPLINE_CURVE_WITH_KNOTS('',1,(#9097,#9098),.UNSPECIFIED.,.F.,
  .F.,(2,2),(4.712388980385,6.28318530718),.PIECEWISE_BEZIER_KNOTS.);
#9097 = CARTESIAN_POINT('',(-1.570796326795,32.56));
#9098 = CARTESIAN_POINT('',(0.,32.56));
#9099 = ( GEOMETRIC_REPRESENTATION_CONTEXT(2)
PARAMETRIC_REPRESENTATION_CONTEXT() REPRESENTATION_CONTEXT('2D SPACE',''
  ) );
#9100 = PCURVE('',#9101,#9106);
#9101 = SPHERICAL_SURFACE('',#9102,5.44);
#9102 = AXIS2_PLACEMENT_3D('',#9103,#9104,#9105);
#9103 = CARTESIAN_POINT('',(-237.1821659773,-296.5450422692,
    521.01283885441));
#9104 = DIRECTION('',(-0.866346332239,0.442799236477,0.231025688597));
#9105 = DIRECTION('',(0.455111059789,0.890434682196,-1.874889132836E-14)
  );
#9106 = DEFINITIONAL_REPRESENTATION('',(#9107),#9110);
#9107 = B_SPLINE_CURVE_WITH_KNOTS('',1,(#9108,#9109),.UNSPECIFIED.,.F.,
  .F.,(2,2),(4.712388980385,6.28318530718),.PIECEWISE_BEZIER_KNOTS.);
#9108 = CARTESIAN_POINT('',(1.570796326795,-1.570796326795));
#9109 = CARTESIAN_POINT('',(1.570796326795,0.));
#9110 = ( GEOMETRIC_REPRESENTATION_CONTEXT(2)
PARAMETRIC_REPRESENTATION_CONTEXT() REPRESENTATION_CONTEXT('2D SPACE',''
  ) );
#9111 = ORIENTED_EDGE('',*,*,#8691,.F.);
#9112 = ADVANCED_FACE('',(#9113),#8730,.T.);
#9113 = FACE_BOUND('',#9114,.F.);
#9114 = EDGE_LOOP('',(#9115,#9145,#9167,#9168));
#9115 = ORIENTED_EDGE('',*,*,#9116,.F.);
#9116 = EDGE_CURVE('',#9117,#9119,#9121,.T.);
#9117 = VERTEX_POINT('',#9118);
#9118 = CARTESIAN_POINT('',(-247.7555090791,-285.0315134394,
    524.49261145895));
#9119 = VERTEX_POINT('',#9120);
#9120 = CARTESIAN_POINT('',(-234.706361812,-291.7010775981,
    521.01283885441));
#9121 = SURFACE_CURVE('',#9122,(#9126,#9133),.PCURVE_S1.);
#9122 = LINE('',#9123,#9124);
#9123 = CARTESIAN_POINT('',(-252.4684331264,-282.622685593,
    525.74939120492));
#9124 = VECTOR('',#9125,1.);
#9125 = DIRECTION('',(0.866346332239,-0.442799236477,-0.231025688597));
#9126 = PCURVE('',#8730,#9127);
#9127 = DEFINITIONAL_REPRESENTATION('',(#9128),#9132);
#9128 = LINE('',#9129,#9130);
#9129 = CARTESIAN_POINT('',(-0.,0.));
#9130 = VECTOR('',#9131,1.);
#9131 = DIRECTION('',(-0.,1.));
#9132 = ( GEOMETRIC_REPRESENTATION_CONTEXT(2)
PARAMETRIC_REPRESENTATION_CONTEXT() REPRESENTATION_CONTEXT('2D SPACE',''
  ) );
#9133 = PCURVE('',#9134,#9139);
#9134 = PLANE('',#9135);
#9135 = AXIS2_PLACEMENT_3D('',#9136,#9137,#9138);
#9136 = CARTESIAN_POINT('',(-253.5875134001,-282.0507112308,
    520.45655598454));
#9137 = DIRECTION('',(0.455111059789,0.890434682196,0.));
#9138 = DIRECTION('',(0.866346332239,-0.442799236477,-0.231025688597));
#9139 = DEFINITIONAL_REPRESENTATION('',(#9140),#9144);
#9140 = LINE('',#9141,#9142);
#9141 = CARTESIAN_POINT('',(2.84217094304E-14,-5.44));
#9142 = VECTOR('',#9143,1.);
#9143 = DIRECTION('',(1.,2.775557561563E-17));
#9144 = ( GEOMETRIC_REPRESENTATION_CONTEXT(2)
PARAMETRIC_REPRESENTATION_CONTEXT() REPRESENTATION_CONTEXT('2D SPACE',''
  ) );
#9145 = ORIENTED_EDGE('',*,*,#9146,.T.);
#9146 = EDGE_CURVE('',#9117,#8715,#9147,.T.);
#9147 = SURFACE_CURVE('',#9148,(#9153,#9160),.PCURVE_S1.);
#9148 = CIRCLE('',#9149,5.44);
#9149 = AXIS2_PLACEMENT_3D('',#9150,#9151,#9152);
#9150 = CARTESIAN_POINT('',(-250.2313132443,-289.8754781105,
    524.49261145895));
#9151 = DIRECTION('',(-0.866346332239,0.442799236477,0.231025688597));
#9152 = DIRECTION('',(0.455111059789,0.890434682196,-1.054711873394E-15)
  );
#9153 = PCURVE('',#8730,#9154);
#9154 = DEFINITIONAL_REPRESENTATION('',(#9155),#9159);
#9155 = LINE('',#9156,#9157);
#9156 = CARTESIAN_POINT('',(-1.044915787882E-14,5.44));
#9157 = VECTOR('',#9158,1.);
#9158 = DIRECTION('',(-1.,0.));
#9159 = ( GEOMETRIC_REPRESENTATION_CONTEXT(2)
PARAMETRIC_REPRESENTATION_CONTEXT() REPRESENTATION_CONTEXT('2D SPACE',''
  ) );
#9160 = PCURVE('',#9070,#9161);
#9161 = DEFINITIONAL_REPRESENTATION('',(#9162),#9166);
#9162 = LINE('',#9163,#9164);
#9163 = CARTESIAN_POINT('',(-0.,0.));
#9164 = VECTOR('',#9165,1.);
#9165 = DIRECTION('',(-1.,0.));
#9166 = ( GEOMETRIC_REPRESENTATION_CONTEXT(2)
PARAMETRIC_REPRESENTATION_CONTEXT() REPRESENTATION_CONTEXT('2D SPACE',''
  ) );
#9167 = ORIENTED_EDGE('',*,*,#8714,.T.);
#9168 = ORIENTED_EDGE('',*,*,#9169,.F.);
#9169 = EDGE_CURVE('',#9119,#8692,#9170,.T.);
#9170 = SURFACE_CURVE('',#9171,(#9176,#9183),.PCURVE_S1.);
#9171 = CIRCLE('',#9172,5.44);
#9172 = AXIS2_PLACEMENT_3D('',#9173,#9174,#9175);
#9173 = CARTESIAN_POINT('',(-237.1821659773,-296.5450422692,
    521.01283885441));
#9174 = DIRECTION('',(-0.866346332239,0.442799236477,0.231025688597));
#9175 = DIRECTION('',(0.455111059789,0.890434682196,-1.874889132836E-14)
  );
#9176 = PCURVE('',#8730,#9177);
#9177 = DEFINITIONAL_REPRESENTATION('',(#9178),#9182);
#9178 = LINE('',#9179,#9180);
#9179 = CARTESIAN_POINT('',(-0.,20.502275652882));
#9180 = VECTOR('',#9181,1.);
#9181 = DIRECTION('',(-1.,0.));
#9182 = ( GEOMETRIC_REPRESENTATION_CONTEXT(2)
PARAMETRIC_REPRESENTATION_CONTEXT() REPRESENTATION_CONTEXT('2D SPACE',''
  ) );
#9183 = PCURVE('',#9101,#9184);
#9184 = DEFINITIONAL_REPRESENTATION('',(#9185),#9189);
#9185 = LINE('',#9186,#9187);
#9186 = CARTESIAN_POINT('',(0.,0.));
#9187 = VECTOR('',#9188,1.);
#9188 = DIRECTION('',(1.,0.));
#9189 = ( GEOMETRIC_REPRESENTATION_CONTEXT(2)
PARAMETRIC_REPRESENTATION_CONTEXT() REPRESENTATION_CONTEXT('2D SPACE',''
  ) );
#9190 = ADVANCED_FACE('',(#9191),#8832,.T.);
#9191 = FACE_BOUND('',#9192,.F.);
#9192 = EDGE_LOOP('',(#9193,#9194,#9195,#9220));
#9193 = ORIENTED_EDGE('',*,*,#8848,.F.);
#9194 = ORIENTED_EDGE('',*,*,#8818,.T.);
#9195 = ORIENTED_EDGE('',*,*,#9196,.T.);
#9196 = EDGE_CURVE('',#8791,#9003,#9197,.T.);
#9197 = SURFACE_CURVE('',#9198,(#9203,#9209),.PCURVE_S1.);
#9198 = CIRCLE('',#9199,5.44);
#9199 = AXIS2_PLACEMENT_3D('',#9200,#9201,#9202);
#9200 = CARTESIAN_POINT('',(-245.4752220811,-292.3063691495,
    546.98716114558));
#9201 = DIRECTION('',(0.455111059789,0.890434682196,5.585809592645E-14)
  );
#9202 = DIRECTION('',(0.205713285605,-0.105142345976,0.972947650806));
#9203 = PCURVE('',#8832,#9204);
#9204 = DEFINITIONAL_REPRESENTATION('',(#9205),#9208);
#9205 = B_SPLINE_CURVE_WITH_KNOTS('',1,(#9206,#9207),.UNSPECIFIED.,.F.,
  .F.,(2,2),(4.712388980385,6.28318530718),.PIECEWISE_BEZIER_KNOTS.);
#9206 = CARTESIAN_POINT('',(-1.570796326795,32.56));
#9207 = CARTESIAN_POINT('',(0.,32.56));
#9208 = ( GEOMETRIC_REPRESENTATION_CONTEXT(2)
PARAMETRIC_REPRESENTATION_CONTEXT() REPRESENTATION_CONTEXT('2D SPACE',''
  ) );
#9209 = PCURVE('',#9210,#9215);
#9210 = SPHERICAL_SURFACE('',#9211,5.44);
#9211 = AXIS2_PLACEMENT_3D('',#9212,#9213,#9214);
#9212 = CARTESIAN_POINT('',(-245.4752220811,-292.3063691495,
    546.98716114558));
#9213 = DIRECTION('',(0.866346332239,-0.442799236477,-0.231025688597));
#9214 = DIRECTION('',(0.455111059789,0.890434682196,-2.775557561563E-17)
  );
#9215 = DEFINITIONAL_REPRESENTATION('',(#9216),#9219);
#9216 = B_SPLINE_CURVE_WITH_KNOTS('',1,(#9217,#9218),.UNSPECIFIED.,.F.,
  .F.,(2,2),(4.712388980385,6.28318530718),.PIECEWISE_BEZIER_KNOTS.);
#9217 = CARTESIAN_POINT('',(1.570796326795,-1.570796326795));
#9218 = CARTESIAN_POINT('',(1.570796326795,0.));
#9219 = ( GEOMETRIC_REPRESENTATION_CONTEXT(2)
PARAMETRIC_REPRESENTATION_CONTEXT() REPRESENTATION_CONTEXT('2D SPACE',''
  ) );
#9220 = ORIENTED_EDGE('',*,*,#9030,.F.);
#9221 = ADVANCED_FACE('',(#9222),#8806,.T.);
#9222 = FACE_BOUND('',#9223,.T.);
#9223 = EDGE_LOOP('',(#9224,#9244,#9245,#9267));
#9224 = ORIENTED_EDGE('',*,*,#9225,.F.);
#9225 = EDGE_CURVE('',#8768,#9117,#9226,.T.);
#9226 = SURFACE_CURVE('',#9227,(#9232,#9238),.PCURVE_S1.);
#9227 = CIRCLE('',#9228,5.44);
#9228 = AXIS2_PLACEMENT_3D('',#9229,#9230,#9231);
#9229 = CARTESIAN_POINT('',(-250.2313132443,-289.8754781105,
    524.49261145895));
#9230 = DIRECTION('',(-0.205713285605,0.105142345976,-0.972947650806));
#9231 = DIRECTION('',(0.455111059789,0.890434682196,-1.068589661202E-15)
  );
#9232 = PCURVE('',#8806,#9233);
#9233 = DEFINITIONAL_REPRESENTATION('',(#9234),#9237);
#9234 = B_SPLINE_CURVE_WITH_KNOTS('',1,(#9235,#9236),.UNSPECIFIED.,.F.,
  .F.,(2,2),(4.712388980385,6.28318530718),.PIECEWISE_BEZIER_KNOTS.);
#9235 = CARTESIAN_POINT('',(1.570796326795,5.44));
#9236 = CARTESIAN_POINT('',(0.,5.44));
#9237 = ( GEOMETRIC_REPRESENTATION_CONTEXT(2)
PARAMETRIC_REPRESENTATION_CONTEXT() REPRESENTATION_CONTEXT('2D SPACE',''
  ) );
#9238 = PCURVE('',#9070,#9239);
#9239 = DEFINITIONAL_REPRESENTATION('',(#9240),#9243);
#9240 = B_SPLINE_CURVE_WITH_KNOTS('',1,(#9241,#9242),.UNSPECIFIED.,.F.,
  .F.,(2,2),(4.712388980385,6.28318530718),.PIECEWISE_BEZIER_KNOTS.);
#9241 = CARTESIAN_POINT('',(0.,-1.570796326795));
#9242 = CARTESIAN_POINT('',(0.,0.));
#9243 = ( GEOMETRIC_REPRESENTATION_CONTEXT(2)
PARAMETRIC_REPRESENTATION_CONTEXT() REPRESENTATION_CONTEXT('2D SPACE',''
  ) );
#9244 = ORIENTED_EDGE('',*,*,#8790,.T.);
#9245 = ORIENTED_EDGE('',*,*,#9246,.T.);
#9246 = EDGE_CURVE('',#8791,#9247,#9249,.T.);
#9247 = VERTEX_POINT('',#9248);
#9248 = CARTESIAN_POINT('',(-242.9994179159,-287.4624044784,
    546.98716114558));
#9249 = SURFACE_CURVE('',#9250,(#9255,#9261),.PCURVE_S1.);
#9250 = CIRCLE('',#9251,5.44);
#9251 = AXIS2_PLACEMENT_3D('',#9252,#9253,#9254);
#9252 = CARTESIAN_POINT('',(-245.4752220811,-292.3063691495,
    546.98716114558));
#9253 = DIRECTION('',(-0.205713285605,0.105142345976,-0.972947650806));
#9254 = DIRECTION('',(0.455111059789,0.890434682196,-2.775557561563E-17)
  );
#9255 = PCURVE('',#8806,#9256);
#9256 = DEFINITIONAL_REPRESENTATION('',(#9257),#9260);
#9257 = B_SPLINE_CURVE_WITH_KNOTS('',1,(#9258,#9259),.UNSPECIFIED.,.F.,
  .F.,(2,2),(4.712388980385,6.28318530718),.PIECEWISE_BEZIER_KNOTS.);
#9258 = CARTESIAN_POINT('',(1.570796326795,28.56));
#9259 = CARTESIAN_POINT('',(0.,28.56));
#9260 = ( GEOMETRIC_REPRESENTATION_CONTEXT(2)
PARAMETRIC_REPRESENTATION_CONTEXT() REPRESENTATION_CONTEXT('2D SPACE',''
  ) );
#9261 = PCURVE('',#9210,#9262);
#9262 = DEFINITIONAL_REPRESENTATION('',(#9263),#9266);
#9263 = B_SPLINE_CURVE_WITH_KNOTS('',1,(#9264,#9265),.UNSPECIFIED.,.F.,
  .F.,(2,2),(4.712388980385,6.28318530718),.PIECEWISE_BEZIER_KNOTS.);
#9264 = CARTESIAN_POINT('',(0.,-1.570796326795));
#9265 = CARTESIAN_POINT('',(0.,0.));
#9266 = ( GEOMETRIC_REPRESENTATION_CONTEXT(2)
PARAMETRIC_REPRESENTATION_CONTEXT() REPRESENTATION_CONTEXT('2D SPACE',''
  ) );
#9267 = ORIENTED_EDGE('',*,*,#9268,.F.);
#9268 = EDGE_CURVE('',#9117,#9247,#9269,.T.);
#9269 = SURFACE_CURVE('',#9270,(#9274,#9281),.PCURVE_S1.);
#9270 = LINE('',#9271,#9272);
#9271 = CARTESIAN_POINT('',(-248.8745893528,-284.4595390773,
    519.19977623857));
#9272 = VECTOR('',#9273,1.);
#9273 = DIRECTION('',(0.205713285605,-0.105142345976,0.972947650806));
#9274 = PCURVE('',#8806,#9275);
#9275 = DEFINITIONAL_REPRESENTATION('',(#9276),#9280);
#9276 = LINE('',#9277,#9278);
#9277 = CARTESIAN_POINT('',(0.,0.));
#9278 = VECTOR('',#9279,1.);
#9279 = DIRECTION('',(0.,1.));
#9280 = ( GEOMETRIC_REPRESENTATION_CONTEXT(2)
PARAMETRIC_REPRESENTATION_CONTEXT() REPRESENTATION_CONTEXT('2D SPACE',''
  ) );
#9281 = PCURVE('',#9134,#9282);
#9282 = DEFINITIONAL_REPRESENTATION('',(#9283),#9287);
#9283 = LINE('',#9284,#9285);
#9284 = CARTESIAN_POINT('',(5.44,5.684341886081E-14));
#9285 = VECTOR('',#9286,1.);
#9286 = DIRECTION('',(-2.775557561563E-17,-1.));
#9287 = ( GEOMETRIC_REPRESENTATION_CONTEXT(2)
PARAMETRIC_REPRESENTATION_CONTEXT() REPRESENTATION_CONTEXT('2D SPACE',''
  ) );
#9288 = ADVANCED_FACE('',(#9289),#8938,.T.);
#9289 = FACE_BOUND('',#9290,.T.);
#9290 = EDGE_LOOP('',(#9291,#9292,#9293,#9318));
#9291 = ORIENTED_EDGE('',*,*,#8954,.T.);
#9292 = ORIENTED_EDGE('',*,*,#8924,.T.);
#9293 = ORIENTED_EDGE('',*,*,#9294,.F.);
#9294 = EDGE_CURVE('',#8980,#8897,#9295,.T.);
#9295 = SURFACE_CURVE('',#9296,(#9301,#9307),.PCURVE_S1.);
#9296 = CIRCLE('',#9297,5.44);
#9297 = AXIS2_PLACEMENT_3D('',#9298,#9299,#9300);
#9298 = CARTESIAN_POINT('',(-232.4260748141,-298.9759333082,
    543.50738854104));
#9299 = DIRECTION('',(0.455111059789,0.890434682196,-4.773959005888E-15)
  );
#9300 = DIRECTION('',(0.866346332239,-0.442799236478,-0.231025688597));
#9301 = PCURVE('',#8938,#9302);
#9302 = DEFINITIONAL_REPRESENTATION('',(#9303),#9306);
#9303 = B_SPLINE_CURVE_WITH_KNOTS('',1,(#9304,#9305),.UNSPECIFIED.,.F.,
  .F.,(2,2),(4.712388980385,6.28318530718),.PIECEWISE_BEZIER_KNOTS.);
#9304 = CARTESIAN_POINT('',(0.,32.56));
#9305 = CARTESIAN_POINT('',(1.570796326795,32.56));
#9306 = ( GEOMETRIC_REPRESENTATION_CONTEXT(2)
PARAMETRIC_REPRESENTATION_CONTEXT() REPRESENTATION_CONTEXT('2D SPACE',''
  ) );
#9307 = PCURVE('',#9308,#9313);
#9308 = SPHERICAL_SURFACE('',#9309,5.44);
#9309 = AXIS2_PLACEMENT_3D('',#9310,#9311,#9312);
#9310 = CARTESIAN_POINT('',(-232.4260748141,-298.9759333082,
    543.50738854104));
#9311 = DIRECTION('',(-0.205713285605,0.105142345976,-0.972947650806));
#9312 = DIRECTION('',(0.455111059789,0.890434682196,2.775557561563E-17)
  );
#9313 = DEFINITIONAL_REPRESENTATION('',(#9314),#9317);
#9314 = B_SPLINE_CURVE_WITH_KNOTS('',1,(#9315,#9316),.UNSPECIFIED.,.F.,
  .F.,(2,2),(4.712388980385,6.28318530718),.PIECEWISE_BEZIER_KNOTS.);
#9315 = CARTESIAN_POINT('',(1.570796326795,-1.570796326795));
#9316 = CARTESIAN_POINT('',(1.570796326795,0.));
#9317 = ( GEOMETRIC_REPRESENTATION_CONTEXT(2)
PARAMETRIC_REPRESENTATION_CONTEXT() REPRESENTATION_CONTEXT('2D SPACE',''
  ) );
#9318 = ORIENTED_EDGE('',*,*,#8979,.F.);
#9319 = ADVANCED_FACE('',(#9320),#8912,.T.);
#9320 = FACE_BOUND('',#9321,.F.);
#9321 = EDGE_LOOP('',(#9322,#9342,#9343,#9367));
#9322 = ORIENTED_EDGE('',*,*,#9323,.F.);
#9323 = EDGE_CURVE('',#8874,#9119,#9324,.T.);
#9324 = SURFACE_CURVE('',#9325,(#9330,#9336),.PCURVE_S1.);
#9325 = CIRCLE('',#9326,5.44);
#9326 = AXIS2_PLACEMENT_3D('',#9327,#9328,#9329);
#9327 = CARTESIAN_POINT('',(-237.1821659773,-296.5450422692,
    521.01283885441));
#9328 = DIRECTION('',(0.205713285605,-0.105142345976,0.972947650806));
#9329 = DIRECTION('',(0.455111059789,0.890434682196,-1.874889132836E-14)
  );
#9330 = PCURVE('',#8912,#9331);
#9331 = DEFINITIONAL_REPRESENTATION('',(#9332),#9335);
#9332 = B_SPLINE_CURVE_WITH_KNOTS('',1,(#9333,#9334),.UNSPECIFIED.,.F.,
  .F.,(2,2),(4.712388980385,6.28318530718),.PIECEWISE_BEZIER_KNOTS.);
#9333 = CARTESIAN_POINT('',(-1.570796326795,5.44));
#9334 = CARTESIAN_POINT('',(0.,5.44));
#9335 = ( GEOMETRIC_REPRESENTATION_CONTEXT(2)
PARAMETRIC_REPRESENTATION_CONTEXT() REPRESENTATION_CONTEXT('2D SPACE',''
  ) );
#9336 = PCURVE('',#9101,#9337);
#9337 = DEFINITIONAL_REPRESENTATION('',(#9338),#9341);
#9338 = B_SPLINE_CURVE_WITH_KNOTS('',1,(#9339,#9340),.UNSPECIFIED.,.F.,
  .F.,(2,2),(4.712388980385,6.28318530718),.PIECEWISE_BEZIER_KNOTS.);
#9339 = CARTESIAN_POINT('',(0.,-1.570796326795));
#9340 = CARTESIAN_POINT('',(0.,0.));
#9341 = ( GEOMETRIC_REPRESENTATION_CONTEXT(2)
PARAMETRIC_REPRESENTATION_CONTEXT() REPRESENTATION_CONTEXT('2D SPACE',''
  ) );
#9342 = ORIENTED_EDGE('',*,*,#8896,.T.);
#9343 = ORIENTED_EDGE('',*,*,#9344,.F.);
#9344 = EDGE_CURVE('',#9345,#8897,#9347,.T.);
#9345 = VERTEX_POINT('',#9346);
#9346 = CARTESIAN_POINT('',(-229.9502706488,-294.1319686371,
    543.50738854104));
#9347 = SURFACE_CURVE('',#9348,(#9353,#9360),.PCURVE_S1.);
#9348 = CIRCLE('',#9349,5.44);
#9349 = AXIS2_PLACEMENT_3D('',#9350,#9351,#9352);
#9350 = CARTESIAN_POINT('',(-232.4260748141,-298.9759333082,
    543.50738854104));
#9351 = DIRECTION('',(-0.205713285605,0.105142345976,-0.972947650806));
#9352 = DIRECTION('',(0.455111059789,0.890434682196,2.775557561563E-17)
  );
#9353 = PCURVE('',#8912,#9354);
#9354 = DEFINITIONAL_REPRESENTATION('',(#9355),#9359);
#9355 = LINE('',#9356,#9357);
#9356 = CARTESIAN_POINT('',(-0.,28.56));
#9357 = VECTOR('',#9358,1.);
#9358 = DIRECTION('',(-1.,0.));
#9359 = ( GEOMETRIC_REPRESENTATION_CONTEXT(2)
PARAMETRIC_REPRESENTATION_CONTEXT() REPRESENTATION_CONTEXT('2D SPACE',''
  ) );
#9360 = PCURVE('',#9308,#9361);
#9361 = DEFINITIONAL_REPRESENTATION('',(#9362),#9366);
#9362 = LINE('',#9363,#9364);
#9363 = CARTESIAN_POINT('',(0.,0.));
#9364 = VECTOR('',#9365,1.);
#9365 = DIRECTION('',(1.,0.));
#9366 = ( GEOMETRIC_REPRESENTATION_CONTEXT(2)
PARAMETRIC_REPRESENTATION_CONTEXT() REPRESENTATION_CONTEXT('2D SPACE',''
  ) );
#9367 = ORIENTED_EDGE('',*,*,#9368,.F.);
#9368 = EDGE_CURVE('',#9119,#9345,#9369,.T.);
#9369 = SURFACE_CURVE('',#9370,(#9374,#9381),.PCURVE_S1.);
#9370 = LINE('',#9371,#9372);
#9371 = CARTESIAN_POINT('',(-235.8254420857,-291.129103236,
    515.72000363403));
#9372 = VECTOR('',#9373,1.);
#9373 = DIRECTION('',(0.205713285605,-0.105142345976,0.972947650806));
#9374 = PCURVE('',#8912,#9375);
#9375 = DEFINITIONAL_REPRESENTATION('',(#9376),#9380);
#9376 = LINE('',#9377,#9378);
#9377 = CARTESIAN_POINT('',(-0.,0.));
#9378 = VECTOR('',#9379,1.);
#9379 = DIRECTION('',(-0.,1.));
#9380 = ( GEOMETRIC_REPRESENTATION_CONTEXT(2)
PARAMETRIC_REPRESENTATION_CONTEXT() REPRESENTATION_CONTEXT('2D SPACE',''
  ) );
#9381 = PCURVE('',#9134,#9382);
#9382 = DEFINITIONAL_REPRESENTATION('',(#9383),#9387);
#9383 = LINE('',#9384,#9385);
#9384 = CARTESIAN_POINT('',(20.502275652882,-1.705302565824E-13));
#9385 = VECTOR('',#9386,1.);
#9386 = DIRECTION('',(-2.775557561563E-17,-1.));
#9387 = ( GEOMETRIC_REPRESENTATION_CONTEXT(2)
PARAMETRIC_REPRESENTATION_CONTEXT() REPRESENTATION_CONTEXT('2D SPACE',''
  ) );
#9388 = ADVANCED_FACE('',(#9389),#9018,.T.);
#9389 = FACE_BOUND('',#9390,.T.);
#9390 = EDGE_LOOP('',(#9391,#9412,#9434,#9435));
#9391 = ORIENTED_EDGE('',*,*,#9392,.F.);
#9392 = EDGE_CURVE('',#9247,#9345,#9393,.T.);
#9393 = SURFACE_CURVE('',#9394,(#9398,#9405),.PCURVE_S1.);
#9394 = LINE('',#9395,#9396);
#9395 = CARTESIAN_POINT('',(-247.7123419633,-285.0535766319,
    548.24394089155));
#9396 = VECTOR('',#9397,1.);
#9397 = DIRECTION('',(0.866346332239,-0.442799236477,-0.231025688597));
#9398 = PCURVE('',#9018,#9399);
#9399 = DEFINITIONAL_REPRESENTATION('',(#9400),#9404);
#9400 = LINE('',#9401,#9402);
#9401 = CARTESIAN_POINT('',(0.,0.));
#9402 = VECTOR('',#9403,1.);
#9403 = DIRECTION('',(0.,1.));
#9404 = ( GEOMETRIC_REPRESENTATION_CONTEXT(2)
PARAMETRIC_REPRESENTATION_CONTEXT() REPRESENTATION_CONTEXT('2D SPACE',''
  ) );
#9405 = PCURVE('',#9134,#9406);
#9406 = DEFINITIONAL_REPRESENTATION('',(#9407),#9411);
#9407 = LINE('',#9408,#9409);
#9408 = CARTESIAN_POINT('',(-2.84217094304E-14,-28.56));
#9409 = VECTOR('',#9410,1.);
#9410 = DIRECTION('',(1.,2.775557561563E-17));
#9411 = ( GEOMETRIC_REPRESENTATION_CONTEXT(2)
PARAMETRIC_REPRESENTATION_CONTEXT() REPRESENTATION_CONTEXT('2D SPACE',''
  ) );
#9412 = ORIENTED_EDGE('',*,*,#9413,.T.);
#9413 = EDGE_CURVE('',#9247,#9003,#9414,.T.);
#9414 = SURFACE_CURVE('',#9415,(#9420,#9427),.PCURVE_S1.);
#9415 = CIRCLE('',#9416,5.44);
#9416 = AXIS2_PLACEMENT_3D('',#9417,#9418,#9419);
#9417 = CARTESIAN_POINT('',(-245.4752220811,-292.3063691495,
    546.98716114558));
#9418 = DIRECTION('',(0.866346332239,-0.442799236477,-0.231025688597));
#9419 = DIRECTION('',(0.455111059789,0.890434682196,-2.775557561563E-17)
  );
#9420 = PCURVE('',#9018,#9421);
#9421 = DEFINITIONAL_REPRESENTATION('',(#9422),#9426);
#9422 = LINE('',#9423,#9424);
#9423 = CARTESIAN_POINT('',(0.,5.44));
#9424 = VECTOR('',#9425,1.);
#9425 = DIRECTION('',(1.,0.));
#9426 = ( GEOMETRIC_REPRESENTATION_CONTEXT(2)
PARAMETRIC_REPRESENTATION_CONTEXT() REPRESENTATION_CONTEXT('2D SPACE',''
  ) );
#9427 = PCURVE('',#9210,#9428);
#9428 = DEFINITIONAL_REPRESENTATION('',(#9429),#9433);
#9429 = LINE('',#9430,#9431);
#9430 = CARTESIAN_POINT('',(0.,0.));
#9431 = VECTOR('',#9432,1.);
#9432 = DIRECTION('',(1.,0.));
#9433 = ( GEOMETRIC_REPRESENTATION_CONTEXT(2)
PARAMETRIC_REPRESENTATION_CONTEXT() REPRESENTATION_CONTEXT('2D SPACE',''
  ) );
#9434 = ORIENTED_EDGE('',*,*,#9002,.T.);
#9435 = ORIENTED_EDGE('',*,*,#9436,.T.);
#9436 = EDGE_CURVE('',#8980,#9345,#9437,.T.);
#9437 = SURFACE_CURVE('',#9438,(#9443,#9449),.PCURVE_S1.);
#9438 = CIRCLE('',#9439,5.44);
#9439 = AXIS2_PLACEMENT_3D('',#9440,#9441,#9442);
#9440 = CARTESIAN_POINT('',(-232.4260748141,-298.9759333082,
    543.50738854104));
#9441 = DIRECTION('',(-0.866346332239,0.442799236477,0.231025688597));
#9442 = DIRECTION('',(0.455111059789,0.890434682196,1.387778780781E-17)
  );
#9443 = PCURVE('',#9018,#9444);
#9444 = DEFINITIONAL_REPRESENTATION('',(#9445),#9448);
#9445 = B_SPLINE_CURVE_WITH_KNOTS('',1,(#9446,#9447),.UNSPECIFIED.,.F.,
  .F.,(2,2),(4.712388980385,6.28318530718),.PIECEWISE_BEZIER_KNOTS.);
#9446 = CARTESIAN_POINT('',(1.570796326795,20.502275652882));
#9447 = CARTESIAN_POINT('',(0.,20.502275652882));
#9448 = ( GEOMETRIC_REPRESENTATION_CONTEXT(2)
PARAMETRIC_REPRESENTATION_CONTEXT() REPRESENTATION_CONTEXT('2D SPACE',''
  ) );
#9449 = PCURVE('',#9308,#9450);
#9450 = DEFINITIONAL_REPRESENTATION('',(#9451),#9454);
#9451 = B_SPLINE_CURVE_WITH_KNOTS('',1,(#9452,#9453),.UNSPECIFIED.,.F.,
  .F.,(2,2),(4.712388980385,6.28318530718),.PIECEWISE_BEZIER_KNOTS.);
#9452 = CARTESIAN_POINT('',(0.,-1.570796326795));
#9453 = CARTESIAN_POINT('',(0.,0.));
#9454 = ( GEOMETRIC_REPRESENTATION_CONTEXT(2)
PARAMETRIC_REPRESENTATION_CONTEXT() REPRESENTATION_CONTEXT('2D SPACE',''
  ) );
#9455 = ADVANCED_FACE('',(#9456),#9070,.T.);
#9456 = FACE_BOUND('',#9457,.F.);
#9457 = EDGE_LOOP('',(#9458,#9459,#9460));
#9458 = ORIENTED_EDGE('',*,*,#9225,.F.);
#9459 = ORIENTED_EDGE('',*,*,#9056,.T.);
#9460 = ORIENTED_EDGE('',*,*,#9146,.F.);
#9461 = ADVANCED_FACE('',(#9462),#9101,.T.);
#9462 = FACE_BOUND('',#9463,.T.);
#9463 = EDGE_LOOP('',(#9464,#9465,#9466));
#9464 = ORIENTED_EDGE('',*,*,#9323,.F.);
#9465 = ORIENTED_EDGE('',*,*,#9087,.T.);
#9466 = ORIENTED_EDGE('',*,*,#9169,.F.);
#9467 = ADVANCED_FACE('',(#9468),#9134,.T.);
#9468 = FACE_BOUND('',#9469,.T.);
#9469 = EDGE_LOOP('',(#9470,#9471,#9472,#9473));
#9470 = ORIENTED_EDGE('',*,*,#9116,.F.);
#9471 = ORIENTED_EDGE('',*,*,#9268,.T.);
#9472 = ORIENTED_EDGE('',*,*,#9392,.T.);
#9473 = ORIENTED_EDGE('',*,*,#9368,.F.);
#9474 = ADVANCED_FACE('',(#9475),#9210,.T.);
#9475 = FACE_BOUND('',#9476,.T.);
#9476 = EDGE_LOOP('',(#9477,#9478,#9479));
#9477 = ORIENTED_EDGE('',*,*,#9246,.F.);
#9478 = ORIENTED_EDGE('',*,*,#9196,.T.);
#9479 = ORIENTED_EDGE('',*,*,#9413,.F.);
#9480 = ADVANCED_FACE('',(#9481),#9308,.T.);
#9481 = FACE_BOUND('',#9482,.T.);
#9482 = EDGE_LOOP('',(#9483,#9484,#9485));
#9483 = ORIENTED_EDGE('',*,*,#9436,.F.);
#9484 = ORIENTED_EDGE('',*,*,#9294,.T.);
#9485 = ORIENTED_EDGE('',*,*,#9344,.F.);
#9486 = ( GEOMETRIC_REPRESENTATION_CONTEXT(3)
GLOBAL_UNCERTAINTY_ASSIGNED_CONTEXT((#9490))
GLOBAL_UNIT_ASSIGNED_CONTEXT((#9487,#9488,#9489)) REPRESENTATION_CONTEXT
('Context #1','3D Context with UNIT and UNCERTAINTY') );
#9487 = ( LENGTH_UNIT() NAMED_UNIT(*) SI_UNIT(.MILLI.,.METRE.) );
#9488 = ( NAMED_UNIT(*) PLANE_ANGLE_UNIT() SI_UNIT($,.RADIAN.) );
#9489 = ( NAMED_UNIT(*) SI_UNIT($,.STERADIAN.) SOLID_ANGLE_UNIT() );
#9490 = UNCERTAINTY_MEASURE_WITH_UNIT(LENGTH_MEASURE(1.E-07),#9487,
  'distance_accuracy_value','confusion accuracy');
#9491 = CONTEXT_DEPENDENT_SHAPE_REPRESENTATION(#9492,#9494);
#9492 = ( REPRESENTATION_RELATIONSHIP('','',#8179,#10)
REPRESENTATION_RELATIONSHIP_WITH_TRANSFORMATION(#9493)
SHAPE_REPRESENTATION_RELATIONSHIP() );
#9493 = ITEM_DEFINED_TRANSFORMATION('','',#11,#35);
#9494 = PRODUCT_DEFINITION_SHAPE('Placement','Placement of an item',
  #9495);
#9495 = NEXT_ASSEMBLY_USAGE_OCCURRENCE('6','','',#5,#8174,$);
#9496 = PRODUCT_RELATED_PRODUCT_CATEGORY('part',$,(#8176));
#9497 = SHAPE_DEFINITION_REPRESENTATION(#9498,#9504);
#9498 = PRODUCT_DEFINITION_SHAPE('','',#9499);
#9499 = PRODUCT_DEFINITION('design','',#9500,#9503);
#9500 = PRODUCT_DEFINITION_FORMATION('','',#9501);
#9501 = PRODUCT('Open CASCADE STEP translator 7.7 4.7',
  'Open CASCADE STEP translator 7.7 4.7','',(#9502));
#9502 = PRODUCT_CONTEXT('',#2,'mechanical');
#9503 = PRODUCT_DEFINITION_CONTEXT('part definition',#2,'design');
#9504 = ADVANCED_BREP_SHAPE_REPRESENTATION('',(#11,#9505),#10811);
#9505 = MANIFOLD_SOLID_BREP('',#9506);
#9506 = CLOSED_SHELL('',(#9507,#9627,#9715,#9794,#9875,#9951,#9981,
    #10011,#10087,#10168,#10193,#10274,#10299,#10375,#10406,#10437,
    #10515,#10546,#10613,#10644,#10713,#10780,#10786,#10792,#10799,
    #10805));
#9507 = ADVANCED_FACE('',(#9508),#9522,.F.);
#9508 = FACE_BOUND('',#9509,.F.);
#9509 = EDGE_LOOP('',(#9510,#9545,#9573,#9601));
#9510 = ORIENTED_EDGE('',*,*,#9511,.F.);
#9511 = EDGE_CURVE('',#9512,#9514,#9516,.T.);
#9512 = VERTEX_POINT('',#9513);
#9513 = CARTESIAN_POINT('',(-217.8391625492,-336.9607422782,
    515.98028871972));
#9514 = VERTEX_POINT('',#9515);
#9515 = CARTESIAN_POINT('',(-203.2092549491,-342.7446592364,
    513.25844544528));
#9516 = SURFACE_CURVE('',#9517,(#9521,#9533),.PCURVE_S1.);
#9517 = LINE('',#9518,#9519);
#9518 = CARTESIAN_POINT('',(-221.9443955579,-335.3377431817,
    516.74405300042));
#9519 = VECTOR('',#9520,1.);
#9520 = DIRECTION('',(0.916346653744,-0.362276584038,-0.170483098371));
#9521 = PCURVE('',#9522,#9527);
#9522 = PLANE('',#9523);
#9523 = AXIS2_PLACEMENT_3D('',#9524,#9525,#9526);
#9524 = CARTESIAN_POINT('',(-222.6546663385,-335.0569384545,
    512.32963750983));
#9525 = DIRECTION('',(0.367658889371,0.929960720174,-6.938893903907E-18)
  );
#9526 = DIRECTION('',(0.916346653744,-0.362276584038,-0.170483098371));
#9527 = DEFINITIONAL_REPRESENTATION('',(#9528),#9532);
#9528 = LINE('',#9529,#9530);
#9529 = CARTESIAN_POINT('',(0.,-4.48));
#9530 = VECTOR('',#9531,1.);
#9531 = DIRECTION('',(1.,-2.775557561563E-17));
#9532 = ( GEOMETRIC_REPRESENTATION_CONTEXT(2)
PARAMETRIC_REPRESENTATION_CONTEXT() REPRESENTATION_CONTEXT('2D SPACE',''
  ) );
#9533 = PCURVE('',#9534,#9539);
#9534 = CYLINDRICAL_SURFACE('',#9535,4.48);
#9535 = AXIS2_PLACEMENT_3D('',#9536,#9537,#9538);
#9536 = CARTESIAN_POINT('',(-220.2972837336,-331.1715191553,
    516.74405300042));
#9537 = DIRECTION('',(0.916346653744,-0.362276584038,-0.170483098371));
#9538 = DIRECTION('',(-0.367658889371,-0.929960720174,6.938893903907E-18
    ));
#9539 = DEFINITIONAL_REPRESENTATION('',(#9540),#9544);
#9540 = LINE('',#9541,#9542);
#9541 = CARTESIAN_POINT('',(0.,0.));
#9542 = VECTOR('',#9543,1.);
#9543 = DIRECTION('',(0.,1.));
#9544 = ( GEOMETRIC_REPRESENTATION_CONTEXT(2)
PARAMETRIC_REPRESENTATION_CONTEXT() REPRESENTATION_CONTEXT('2D SPACE',''
  ) );
#9545 = ORIENTED_EDGE('',*,*,#9546,.T.);
#9546 = EDGE_CURVE('',#9512,#9547,#9549,.T.);
#9547 = VERTEX_POINT('',#9548);
#9548 = CARTESIAN_POINT('',(-214.8205117319,-338.1541623687,
    534.74155455471));
#9549 = SURFACE_CURVE('',#9550,(#9554,#9561),.PCURVE_S1.);
#9550 = LINE('',#9551,#9552);
#9551 = CARTESIAN_POINT('',(-218.5494333297,-336.679937551,
    511.56587322913));
#9552 = VECTOR('',#9553,1.);
#9553 = DIRECTION('',(0.158542584939,-6.26796266036E-02,0.985360600577)
  );
#9554 = PCURVE('',#9522,#9555);
#9555 = DEFINITIONAL_REPRESENTATION('',(#9556),#9560);
#9556 = LINE('',#9557,#9558);
#9557 = CARTESIAN_POINT('',(4.48,-5.684341886081E-14));
#9558 = VECTOR('',#9559,1.);
#9559 = DIRECTION('',(2.775557561563E-17,-1.));
#9560 = ( GEOMETRIC_REPRESENTATION_CONTEXT(2)
PARAMETRIC_REPRESENTATION_CONTEXT() REPRESENTATION_CONTEXT('2D SPACE',''
  ) );
#9561 = PCURVE('',#9562,#9567);
#9562 = CYLINDRICAL_SURFACE('',#9563,4.48);
#9563 = AXIS2_PLACEMENT_3D('',#9564,#9565,#9566);
#9564 = CARTESIAN_POINT('',(-216.9023215053,-332.5137135246,
    511.56587322913));
#9565 = DIRECTION('',(0.158542584939,-6.26796266036E-02,0.985360600577)
  );
#9566 = DIRECTION('',(-0.367658889371,-0.929960720174,0.));
#9567 = DEFINITIONAL_REPRESENTATION('',(#9568),#9572);
#9568 = LINE('',#9569,#9570);
#9569 = CARTESIAN_POINT('',(-0.,0.));
#9570 = VECTOR('',#9571,1.);
#9571 = DIRECTION('',(-0.,1.));
#9572 = ( GEOMETRIC_REPRESENTATION_CONTEXT(2)
PARAMETRIC_REPRESENTATION_CONTEXT() REPRESENTATION_CONTEXT('2D SPACE',''
  ) );
#9573 = ORIENTED_EDGE('',*,*,#9574,.T.);
#9574 = EDGE_CURVE('',#9547,#9575,#9577,.T.);
#9575 = VERTEX_POINT('',#9576);
#9576 = CARTESIAN_POINT('',(-200.1906041319,-343.9380793269,
    532.01971128027));
#9577 = SURFACE_CURVE('',#9578,(#9582,#9589),.PCURVE_S1.);
#9578 = LINE('',#9579,#9580);
#9579 = CARTESIAN_POINT('',(-218.9257447407,-336.5311632722,
    535.50531883541));
#9580 = VECTOR('',#9581,1.);
#9581 = DIRECTION('',(0.916346653744,-0.362276584038,-0.170483098371));
#9582 = PCURVE('',#9522,#9583);
#9583 = DEFINITIONAL_REPRESENTATION('',(#9584),#9588);
#9584 = LINE('',#9585,#9586);
#9585 = CARTESIAN_POINT('',(-2.84217094304E-14,-23.52));
#9586 = VECTOR('',#9587,1.);
#9587 = DIRECTION('',(1.,-2.775557561563E-17));
#9588 = ( GEOMETRIC_REPRESENTATION_CONTEXT(2)
PARAMETRIC_REPRESENTATION_CONTEXT() REPRESENTATION_CONTEXT('2D SPACE',''
  ) );
#9589 = PCURVE('',#9590,#9595);
#9590 = CYLINDRICAL_SURFACE('',#9591,4.48);
#9591 = AXIS2_PLACEMENT_3D('',#9592,#9593,#9594);
#9592 = CARTESIAN_POINT('',(-217.2786329163,-332.3649392459,
    535.50531883541));
#9593 = DIRECTION('',(0.916346653744,-0.362276584038,-0.170483098371));
#9594 = DIRECTION('',(-0.367658889371,-0.929960720174,6.938893903907E-18
    ));
#9595 = DEFINITIONAL_REPRESENTATION('',(#9596),#9600);
#9596 = LINE('',#9597,#9598);
#9597 = CARTESIAN_POINT('',(-0.,0.));
#9598 = VECTOR('',#9599,1.);
#9599 = DIRECTION('',(-0.,1.));
#9600 = ( GEOMETRIC_REPRESENTATION_CONTEXT(2)
PARAMETRIC_REPRESENTATION_CONTEXT() REPRESENTATION_CONTEXT('2D SPACE',''
  ) );
#9601 = ORIENTED_EDGE('',*,*,#9602,.F.);
#9602 = EDGE_CURVE('',#9514,#9575,#9603,.T.);
#9603 = SURFACE_CURVE('',#9604,(#9608,#9615),.PCURVE_S1.);
#9604 = LINE('',#9605,#9606);
#9605 = CARTESIAN_POINT('',(-203.9195257296,-342.4638545092,
    508.8440299547));
#9606 = VECTOR('',#9607,1.);
#9607 = DIRECTION('',(0.158542584939,-6.26796266036E-02,0.985360600577)
  );
#9608 = PCURVE('',#9522,#9609);
#9609 = DEFINITIONAL_REPRESENTATION('',(#9610),#9614);
#9610 = LINE('',#9611,#9612);
#9611 = CARTESIAN_POINT('',(20.4454728266,0.));
#9612 = VECTOR('',#9613,1.);
#9613 = DIRECTION('',(2.775557561563E-17,-1.));
#9614 = ( GEOMETRIC_REPRESENTATION_CONTEXT(2)
PARAMETRIC_REPRESENTATION_CONTEXT() REPRESENTATION_CONTEXT('2D SPACE',''
  ) );
#9615 = PCURVE('',#9616,#9621);
#9616 = CYLINDRICAL_SURFACE('',#9617,4.48);
#9617 = AXIS2_PLACEMENT_3D('',#9618,#9619,#9620);
#9618 = CARTESIAN_POINT('',(-202.2724139052,-338.2976304828,
    508.8440299547));
#9619 = DIRECTION('',(0.158542584939,-6.26796266036E-02,0.985360600577)
  );
#9620 = DIRECTION('',(-0.367658889371,-0.929960720174,0.));
#9621 = DEFINITIONAL_REPRESENTATION('',(#9622),#9626);
#9622 = LINE('',#9623,#9624);
#9623 = CARTESIAN_POINT('',(0.,0.));
#9624 = VECTOR('',#9625,1.);
#9625 = DIRECTION('',(0.,1.));
#9626 = ( GEOMETRIC_REPRESENTATION_CONTEXT(2)
PARAMETRIC_REPRESENTATION_CONTEXT() REPRESENTATION_CONTEXT('2D SPACE',''
  ) );
#9627 = ADVANCED_FACE('',(#9628),#9534,.T.);
#9628 = FACE_BOUND('',#9629,.T.);
#9629 = EDGE_LOOP('',(#9630,#9631,#9660,#9688));
#9630 = ORIENTED_EDGE('',*,*,#9511,.F.);
#9631 = ORIENTED_EDGE('',*,*,#9632,.T.);
#9632 = EDGE_CURVE('',#9512,#9633,#9635,.T.);
#9633 = VERTEX_POINT('',#9634);
#9634 = CARTESIAN_POINT('',(-216.9023215053,-332.5137135246,
    511.56587322913));
#9635 = SURFACE_CURVE('',#9636,(#9641,#9648),.PCURVE_S1.);
#9636 = CIRCLE('',#9637,4.48);
#9637 = AXIS2_PLACEMENT_3D('',#9638,#9639,#9640);
#9638 = CARTESIAN_POINT('',(-216.1920507248,-332.7945182518,
    515.98028871972));
#9639 = DIRECTION('',(0.916346653744,-0.362276584038,-0.170483098371));
#9640 = DIRECTION('',(-0.367658889371,-0.929960720174,
    -1.665334536938E-16));
#9641 = PCURVE('',#9534,#9642);
#9642 = DEFINITIONAL_REPRESENTATION('',(#9643),#9647);
#9643 = LINE('',#9644,#9645);
#9644 = CARTESIAN_POINT('',(0.,4.48));
#9645 = VECTOR('',#9646,1.);
#9646 = DIRECTION('',(1.,0.));
#9647 = ( GEOMETRIC_REPRESENTATION_CONTEXT(2)
PARAMETRIC_REPRESENTATION_CONTEXT() REPRESENTATION_CONTEXT('2D SPACE',''
  ) );
#9648 = PCURVE('',#9649,#9654);
#9649 = SPHERICAL_SURFACE('',#9650,4.48);
#9650 = AXIS2_PLACEMENT_3D('',#9651,#9652,#9653);
#9651 = CARTESIAN_POINT('',(-216.1920507248,-332.7945182518,
    515.98028871972));
#9652 = DIRECTION('',(0.916346653744,-0.362276584038,-0.170483098371));
#9653 = DIRECTION('',(-0.367658889371,-0.929960720174,
    -1.665334536938E-16));
#9654 = DEFINITIONAL_REPRESENTATION('',(#9655),#9659);
#9655 = LINE('',#9656,#9657);
#9656 = CARTESIAN_POINT('',(0.,0.));
#9657 = VECTOR('',#9658,1.);
#9658 = DIRECTION('',(1.,0.));
#9659 = ( GEOMETRIC_REPRESENTATION_CONTEXT(2)
PARAMETRIC_REPRESENTATION_CONTEXT() REPRESENTATION_CONTEXT('2D SPACE',''
  ) );
#9660 = ORIENTED_EDGE('',*,*,#9661,.T.);
#9661 = EDGE_CURVE('',#9633,#9662,#9664,.T.);
#9662 = VERTEX_POINT('',#9663);
#9663 = CARTESIAN_POINT('',(-202.2724139052,-338.2976304828,
    508.8440299547));
#9664 = SURFACE_CURVE('',#9665,(#9669,#9676),.PCURVE_S1.);
#9665 = LINE('',#9666,#9667);
#9666 = CARTESIAN_POINT('',(-221.0075545141,-330.8907144282,
    512.32963750983));
#9667 = VECTOR('',#9668,1.);
#9668 = DIRECTION('',(0.916346653744,-0.362276584038,-0.170483098371));
#9669 = PCURVE('',#9534,#9670);
#9670 = DEFINITIONAL_REPRESENTATION('',(#9671),#9675);
#9671 = LINE('',#9672,#9673);
#9672 = CARTESIAN_POINT('',(1.570796326795,0.));
#9673 = VECTOR('',#9674,1.);
#9674 = DIRECTION('',(0.,1.));
#9675 = ( GEOMETRIC_REPRESENTATION_CONTEXT(2)
PARAMETRIC_REPRESENTATION_CONTEXT() REPRESENTATION_CONTEXT('2D SPACE',''
  ) );
#9676 = PCURVE('',#9677,#9682);
#9677 = PLANE('',#9678);
#9678 = AXIS2_PLACEMENT_3D('',#9679,#9680,#9681);
#9679 = CARTESIAN_POINT('',(-222.6546663385,-335.0569384545,
    512.32963750983));
#9680 = DIRECTION('',(0.158542584939,-6.26796266036E-02,0.985360600577)
  );
#9681 = DIRECTION('',(0.916346653744,-0.362276584038,-0.170483098371));
#9682 = DEFINITIONAL_REPRESENTATION('',(#9683),#9687);
#9683 = LINE('',#9684,#9685);
#9684 = CARTESIAN_POINT('',(0.,4.48));
#9685 = VECTOR('',#9686,1.);
#9686 = DIRECTION('',(1.,5.669411536326E-17));
#9687 = ( GEOMETRIC_REPRESENTATION_CONTEXT(2)
PARAMETRIC_REPRESENTATION_CONTEXT() REPRESENTATION_CONTEXT('2D SPACE',''
  ) );
#9688 = ORIENTED_EDGE('',*,*,#9689,.F.);
#9689 = EDGE_CURVE('',#9514,#9662,#9690,.T.);
#9690 = SURFACE_CURVE('',#9691,(#9696,#9703),.PCURVE_S1.);
#9691 = CIRCLE('',#9692,4.48);
#9692 = AXIS2_PLACEMENT_3D('',#9693,#9694,#9695);
#9693 = CARTESIAN_POINT('',(-201.5621431247,-338.57843521,
    513.25844544528));
#9694 = DIRECTION('',(0.916346653744,-0.362276584038,-0.170483098371));
#9695 = DIRECTION('',(-0.367658889371,-0.929960720174,
    -2.559064071761E-14));
#9696 = PCURVE('',#9534,#9697);
#9697 = DEFINITIONAL_REPRESENTATION('',(#9698),#9702);
#9698 = LINE('',#9699,#9700);
#9699 = CARTESIAN_POINT('',(1.268826313857E-14,20.4454728266));
#9700 = VECTOR('',#9701,1.);
#9701 = DIRECTION('',(1.,0.));
#9702 = ( GEOMETRIC_REPRESENTATION_CONTEXT(2)
PARAMETRIC_REPRESENTATION_CONTEXT() REPRESENTATION_CONTEXT('2D SPACE',''
  ) );
#9703 = PCURVE('',#9704,#9709);
#9704 = SPHERICAL_SURFACE('',#9705,4.48);
#9705 = AXIS2_PLACEMENT_3D('',#9706,#9707,#9708);
#9706 = CARTESIAN_POINT('',(-201.5621431247,-338.57843521,
    513.25844544528));
#9707 = DIRECTION('',(-0.916346653744,0.362276584038,0.170483098371));
#9708 = DIRECTION('',(-0.367658889371,-0.929960720174,-2.55767629298E-14
    ));
#9709 = DEFINITIONAL_REPRESENTATION('',(#9710),#9714);
#9710 = LINE('',#9711,#9712);
#9711 = CARTESIAN_POINT('',(-0.,0.));
#9712 = VECTOR('',#9713,1.);
#9713 = DIRECTION('',(-1.,0.));
#9714 = ( GEOMETRIC_REPRESENTATION_CONTEXT(2)
PARAMETRIC_REPRESENTATION_CONTEXT() REPRESENTATION_CONTEXT('2D SPACE',''
  ) );
#9715 = ADVANCED_FACE('',(#9716),#9562,.T.);
#9716 = FACE_BOUND('',#9717,.F.);
#9717 = EDGE_LOOP('',(#9718,#9740,#9768,#9793));
#9718 = ORIENTED_EDGE('',*,*,#9719,.F.);
#9719 = EDGE_CURVE('',#9720,#9512,#9722,.T.);
#9720 = VERTEX_POINT('',#9721);
#9721 = CARTESIAN_POINT('',(-220.2972837336,-331.1715191553,
    516.74405300042));
#9722 = SURFACE_CURVE('',#9723,(#9728,#9734),.PCURVE_S1.);
#9723 = CIRCLE('',#9724,4.48);
#9724 = AXIS2_PLACEMENT_3D('',#9725,#9726,#9727);
#9725 = CARTESIAN_POINT('',(-216.1920507248,-332.7945182518,
    515.98028871972));
#9726 = DIRECTION('',(0.158542584939,-6.26796266036E-02,0.985360600577)
  );
#9727 = DIRECTION('',(-0.367658889371,-0.929960720174,-1.52655665886E-16
    ));
#9728 = PCURVE('',#9562,#9729);
#9729 = DEFINITIONAL_REPRESENTATION('',(#9730),#9733);
#9730 = B_SPLINE_CURVE_WITH_KNOTS('',1,(#9731,#9732),.UNSPECIFIED.,.F.,
  .F.,(2,2),(4.712388980385,6.28318530718),.PIECEWISE_BEZIER_KNOTS.);
#9731 = CARTESIAN_POINT('',(-1.570796326795,4.48));
#9732 = CARTESIAN_POINT('',(0.,4.48));
#9733 = ( GEOMETRIC_REPRESENTATION_CONTEXT(2)
PARAMETRIC_REPRESENTATION_CONTEXT() REPRESENTATION_CONTEXT('2D SPACE',''
  ) );
#9734 = PCURVE('',#9649,#9735);
#9735 = DEFINITIONAL_REPRESENTATION('',(#9736),#9739);
#9736 = B_SPLINE_CURVE_WITH_KNOTS('',1,(#9737,#9738),.UNSPECIFIED.,.F.,
  .F.,(2,2),(4.712388980385,6.28318530718),.PIECEWISE_BEZIER_KNOTS.);
#9737 = CARTESIAN_POINT('',(0.,-1.570796326795));
#9738 = CARTESIAN_POINT('',(0.,0.));
#9739 = ( GEOMETRIC_REPRESENTATION_CONTEXT(2)
PARAMETRIC_REPRESENTATION_CONTEXT() REPRESENTATION_CONTEXT('2D SPACE',''
  ) );
#9740 = ORIENTED_EDGE('',*,*,#9741,.T.);
#9741 = EDGE_CURVE('',#9720,#9742,#9744,.T.);
#9742 = VERTEX_POINT('',#9743);
#9743 = CARTESIAN_POINT('',(-217.2786329163,-332.3649392459,
    535.50531883541));
#9744 = SURFACE_CURVE('',#9745,(#9749,#9756),.PCURVE_S1.);
#9745 = LINE('',#9746,#9747);
#9746 = CARTESIAN_POINT('',(-221.0075545141,-330.8907144282,
    512.32963750983));
#9747 = VECTOR('',#9748,1.);
#9748 = DIRECTION('',(0.158542584939,-6.26796266036E-02,0.985360600577)
  );
#9749 = PCURVE('',#9562,#9750);
#9750 = DEFINITIONAL_REPRESENTATION('',(#9751),#9755);
#9751 = LINE('',#9752,#9753);
#9752 = CARTESIAN_POINT('',(-1.570796326795,0.));
#9753 = VECTOR('',#9754,1.);
#9754 = DIRECTION('',(-0.,1.));
#9755 = ( GEOMETRIC_REPRESENTATION_CONTEXT(2)
PARAMETRIC_REPRESENTATION_CONTEXT() REPRESENTATION_CONTEXT('2D SPACE',''
  ) );
#9756 = PCURVE('',#9757,#9762);
#9757 = PLANE('',#9758);
#9758 = AXIS2_PLACEMENT_3D('',#9759,#9760,#9761);
#9759 = CARTESIAN_POINT('',(-222.6546663385,-335.0569384545,
    512.32963750983));
#9760 = DIRECTION('',(0.916346653744,-0.362276584038,-0.170483098371));
#9761 = DIRECTION('',(0.367658889371,0.929960720174,-6.938893903907E-18)
  );
#9762 = DEFINITIONAL_REPRESENTATION('',(#9763),#9767);
#9763 = LINE('',#9764,#9765);
#9764 = CARTESIAN_POINT('',(4.48,0.));
#9765 = VECTOR('',#9766,1.);
#9766 = DIRECTION('',(-6.837312664495E-18,1.));
#9767 = ( GEOMETRIC_REPRESENTATION_CONTEXT(2)
PARAMETRIC_REPRESENTATION_CONTEXT() REPRESENTATION_CONTEXT('2D SPACE',''
  ) );
#9768 = ORIENTED_EDGE('',*,*,#9769,.T.);
#9769 = EDGE_CURVE('',#9742,#9547,#9770,.T.);
#9770 = SURFACE_CURVE('',#9771,(#9776,#9782),.PCURVE_S1.);
#9771 = CIRCLE('',#9772,4.48);
#9772 = AXIS2_PLACEMENT_3D('',#9773,#9774,#9775);
#9773 = CARTESIAN_POINT('',(-213.1733999076,-333.9879383424,
    534.74155455471));
#9774 = DIRECTION('',(0.158542584939,-6.26796266036E-02,0.985360600577)
  );
#9775 = DIRECTION('',(-0.367658889371,-0.929960720174,5.551115123126E-17
    ));
#9776 = PCURVE('',#9562,#9777);
#9777 = DEFINITIONAL_REPRESENTATION('',(#9778),#9781);
#9778 = B_SPLINE_CURVE_WITH_KNOTS('',1,(#9779,#9780),.UNSPECIFIED.,.F.,
  .F.,(2,2),(4.712388980385,6.28318530718),.PIECEWISE_BEZIER_KNOTS.);
#9779 = CARTESIAN_POINT('',(-1.570796326795,23.52));
#9780 = CARTESIAN_POINT('',(0.,23.52));
#9781 = ( GEOMETRIC_REPRESENTATION_CONTEXT(2)
PARAMETRIC_REPRESENTATION_CONTEXT() REPRESENTATION_CONTEXT('2D SPACE',''
  ) );
#9782 = PCURVE('',#9783,#9788);
#9783 = SPHERICAL_SURFACE('',#9784,4.48);
#9784 = AXIS2_PLACEMENT_3D('',#9785,#9786,#9787);
#9785 = CARTESIAN_POINT('',(-213.1733999076,-333.9879383424,
    534.74155455471));
#9786 = DIRECTION('',(0.916346653744,-0.362276584038,-0.170483098371));
#9787 = DIRECTION('',(-0.367658889371,-0.929960720174,4.163336342344E-17
    ));
#9788 = DEFINITIONAL_REPRESENTATION('',(#9789),#9792);
#9789 = B_SPLINE_CURVE_WITH_KNOTS('',1,(#9790,#9791),.UNSPECIFIED.,.F.,
  .F.,(2,2),(4.712388980385,6.28318530718),.PIECEWISE_BEZIER_KNOTS.);
#9790 = CARTESIAN_POINT('',(0.,-1.570796326795));
#9791 = CARTESIAN_POINT('',(0.,0.));
#9792 = ( GEOMETRIC_REPRESENTATION_CONTEXT(2)
PARAMETRIC_REPRESENTATION_CONTEXT() REPRESENTATION_CONTEXT('2D SPACE',''
  ) );
#9793 = ORIENTED_EDGE('',*,*,#9546,.F.);
#9794 = ADVANCED_FACE('',(#9795),#9616,.T.);
#9795 = FACE_BOUND('',#9796,.T.);
#9796 = EDGE_LOOP('',(#9797,#9819,#9847,#9874));
#9797 = ORIENTED_EDGE('',*,*,#9798,.F.);
#9798 = EDGE_CURVE('',#9799,#9514,#9801,.T.);
#9799 = VERTEX_POINT('',#9800);
#9800 = CARTESIAN_POINT('',(-197.4569101159,-340.2014343065,
    512.49468116458));
#9801 = SURFACE_CURVE('',#9802,(#9807,#9813),.PCURVE_S1.);
#9802 = CIRCLE('',#9803,4.48);
#9803 = AXIS2_PLACEMENT_3D('',#9804,#9805,#9806);
#9804 = CARTESIAN_POINT('',(-201.5621431247,-338.57843521,
    513.25844544528));
#9805 = DIRECTION('',(-0.158542584939,6.267962660362E-02,-0.985360600577
    ));
#9806 = DIRECTION('',(-0.367658889371,-0.929960720174,
    -2.558370182371E-14));
#9807 = PCURVE('',#9616,#9808);
#9808 = DEFINITIONAL_REPRESENTATION('',(#9809),#9812);
#9809 = B_SPLINE_CURVE_WITH_KNOTS('',1,(#9810,#9811),.UNSPECIFIED.,.F.,
  .F.,(2,2),(4.712388980385,6.28318530718),.PIECEWISE_BEZIER_KNOTS.);
#9810 = CARTESIAN_POINT('',(1.570796326795,4.48));
#9811 = CARTESIAN_POINT('',(0.,4.48));
#9812 = ( GEOMETRIC_REPRESENTATION_CONTEXT(2)
PARAMETRIC_REPRESENTATION_CONTEXT() REPRESENTATION_CONTEXT('2D SPACE',''
  ) );
#9813 = PCURVE('',#9704,#9814);
#9814 = DEFINITIONAL_REPRESENTATION('',(#9815),#9818);
#9815 = B_SPLINE_CURVE_WITH_KNOTS('',1,(#9816,#9817),.UNSPECIFIED.,.F.,
  .F.,(2,2),(4.712388980385,6.28318530718),.PIECEWISE_BEZIER_KNOTS.);
#9816 = CARTESIAN_POINT('',(0.,-1.570796326795));
#9817 = CARTESIAN_POINT('',(0.,0.));
#9818 = ( GEOMETRIC_REPRESENTATION_CONTEXT(2)
PARAMETRIC_REPRESENTATION_CONTEXT() REPRESENTATION_CONTEXT('2D SPACE',''
  ) );
#9819 = ORIENTED_EDGE('',*,*,#9820,.T.);
#9820 = EDGE_CURVE('',#9799,#9821,#9823,.T.);
#9821 = VERTEX_POINT('',#9822);
#9822 = CARTESIAN_POINT('',(-194.4382592987,-341.394854397,
    531.25594699957));
#9823 = SURFACE_CURVE('',#9824,(#9828,#9835),.PCURVE_S1.);
#9824 = LINE('',#9825,#9826);
#9825 = CARTESIAN_POINT('',(-198.1671808965,-339.9206295793,
    508.080265674));
#9826 = VECTOR('',#9827,1.);
#9827 = DIRECTION('',(0.158542584939,-6.26796266036E-02,0.985360600577)
  );
#9828 = PCURVE('',#9616,#9829);
#9829 = DEFINITIONAL_REPRESENTATION('',(#9830),#9834);
#9830 = LINE('',#9831,#9832);
#9831 = CARTESIAN_POINT('',(1.570796326795,0.));
#9832 = VECTOR('',#9833,1.);
#9833 = DIRECTION('',(0.,1.));
#9834 = ( GEOMETRIC_REPRESENTATION_CONTEXT(2)
PARAMETRIC_REPRESENTATION_CONTEXT() REPRESENTATION_CONTEXT('2D SPACE',''
  ) );
#9835 = PCURVE('',#9836,#9841);
#9836 = PLANE('',#9837);
#9837 = AXIS2_PLACEMENT_3D('',#9838,#9839,#9840);
#9838 = CARTESIAN_POINT('',(-199.8142927208,-344.0868536057,
    508.080265674));
#9839 = DIRECTION('',(0.916346653744,-0.362276584038,-0.170483098371));
#9840 = DIRECTION('',(0.367658889371,0.929960720174,-6.938893903907E-18)
  );
#9841 = DEFINITIONAL_REPRESENTATION('',(#9842),#9846);
#9842 = LINE('',#9843,#9844);
#9843 = CARTESIAN_POINT('',(4.48,0.));
#9844 = VECTOR('',#9845,1.);
#9845 = DIRECTION('',(-6.837312664495E-18,1.));
#9846 = ( GEOMETRIC_REPRESENTATION_CONTEXT(2)
PARAMETRIC_REPRESENTATION_CONTEXT() REPRESENTATION_CONTEXT('2D SPACE',''
  ) );
#9847 = ORIENTED_EDGE('',*,*,#9848,.F.);
#9848 = EDGE_CURVE('',#9575,#9821,#9849,.T.);
#9849 = SURFACE_CURVE('',#9850,(#9855,#9862),.PCURVE_S1.);
#9850 = CIRCLE('',#9851,4.48);
#9851 = AXIS2_PLACEMENT_3D('',#9852,#9853,#9854);
#9852 = CARTESIAN_POINT('',(-198.5434923075,-339.7718553005,
    532.01971128027));
#9853 = DIRECTION('',(0.158542584939,-6.26796266036E-02,0.985360600577)
  );
#9854 = DIRECTION('',(-0.367658889371,-0.929960720174,1.734723475977E-16
    ));
#9855 = PCURVE('',#9616,#9856);
#9856 = DEFINITIONAL_REPRESENTATION('',(#9857),#9861);
#9857 = LINE('',#9858,#9859);
#9858 = CARTESIAN_POINT('',(0.,23.52));
#9859 = VECTOR('',#9860,1.);
#9860 = DIRECTION('',(1.,0.));
#9861 = ( GEOMETRIC_REPRESENTATION_CONTEXT(2)
PARAMETRIC_REPRESENTATION_CONTEXT() REPRESENTATION_CONTEXT('2D SPACE',''
  ) );
#9862 = PCURVE('',#9863,#9868);
#9863 = SPHERICAL_SURFACE('',#9864,4.48);
#9864 = AXIS2_PLACEMENT_3D('',#9865,#9866,#9867);
#9865 = CARTESIAN_POINT('',(-198.5434923075,-339.7718553005,
    532.01971128027));
#9866 = DIRECTION('',(-0.158542584939,6.26796266036E-02,-0.985360600577)
  );
#9867 = DIRECTION('',(-0.367658889371,-0.929960720174,1.734723475977E-16
    ));
#9868 = DEFINITIONAL_REPRESENTATION('',(#9869),#9873);
#9869 = LINE('',#9870,#9871);
#9870 = CARTESIAN_POINT('',(-0.,0.));
#9871 = VECTOR('',#9872,1.);
#9872 = DIRECTION('',(-1.,0.));
#9873 = ( GEOMETRIC_REPRESENTATION_CONTEXT(2)
PARAMETRIC_REPRESENTATION_CONTEXT() REPRESENTATION_CONTEXT('2D SPACE',''
  ) );
#9874 = ORIENTED_EDGE('',*,*,#9602,.F.);
#9875 = ADVANCED_FACE('',(#9876),#9590,.T.);
#9876 = FACE_BOUND('',#9877,.F.);
#9877 = EDGE_LOOP('',(#9878,#9879,#9903,#9931));
#9878 = ORIENTED_EDGE('',*,*,#9574,.F.);
#9879 = ORIENTED_EDGE('',*,*,#9880,.T.);
#9880 = EDGE_CURVE('',#9547,#9881,#9883,.T.);
#9881 = VERTEX_POINT('',#9882);
#9882 = CARTESIAN_POINT('',(-212.463129127,-334.2687430695,
    539.15597004529));
#9883 = SURFACE_CURVE('',#9884,(#9889,#9896),.PCURVE_S1.);
#9884 = CIRCLE('',#9885,4.48);
#9885 = AXIS2_PLACEMENT_3D('',#9886,#9887,#9888);
#9886 = CARTESIAN_POINT('',(-213.1733999076,-333.9879383424,
    534.74155455471));
#9887 = DIRECTION('',(-0.916346653744,0.362276584038,0.170483098371));
#9888 = DIRECTION('',(-0.367658889371,-0.929960720174,5.551115123126E-17
    ));
#9889 = PCURVE('',#9590,#9890);
#9890 = DEFINITIONAL_REPRESENTATION('',(#9891),#9895);
#9891 = LINE('',#9892,#9893);
#9892 = CARTESIAN_POINT('',(-0.,4.48));
#9893 = VECTOR('',#9894,1.);
#9894 = DIRECTION('',(-1.,0.));
#9895 = ( GEOMETRIC_REPRESENTATION_CONTEXT(2)
PARAMETRIC_REPRESENTATION_CONTEXT() REPRESENTATION_CONTEXT('2D SPACE',''
  ) );
#9896 = PCURVE('',#9783,#9897);
#9897 = DEFINITIONAL_REPRESENTATION('',(#9898),#9902);
#9898 = LINE('',#9899,#9900);
#9899 = CARTESIAN_POINT('',(-0.,0.));
#9900 = VECTOR('',#9901,1.);
#9901 = DIRECTION('',(-1.,0.));
#9902 = ( GEOMETRIC_REPRESENTATION_CONTEXT(2)
PARAMETRIC_REPRESENTATION_CONTEXT() REPRESENTATION_CONTEXT('2D SPACE',''
  ) );
#9903 = ORIENTED_EDGE('',*,*,#9904,.T.);
#9904 = EDGE_CURVE('',#9881,#9905,#9907,.T.);
#9905 = VERTEX_POINT('',#9906);
#9906 = CARTESIAN_POINT('',(-197.8332215269,-340.0526600277,
    536.43412677086));
#9907 = SURFACE_CURVE('',#9908,(#9912,#9919),.PCURVE_S1.);
#9908 = LINE('',#9909,#9910);
#9909 = CARTESIAN_POINT('',(-216.5683621358,-332.6457439731,
    539.919734326));
#9910 = VECTOR('',#9911,1.);
#9911 = DIRECTION('',(0.916346653744,-0.362276584038,-0.170483098371));
#9912 = PCURVE('',#9590,#9913);
#9913 = DEFINITIONAL_REPRESENTATION('',(#9914),#9918);
#9914 = LINE('',#9915,#9916);
#9915 = CARTESIAN_POINT('',(-1.570796326795,0.));
#9916 = VECTOR('',#9917,1.);
#9917 = DIRECTION('',(-0.,1.));
#9918 = ( GEOMETRIC_REPRESENTATION_CONTEXT(2)
PARAMETRIC_REPRESENTATION_CONTEXT() REPRESENTATION_CONTEXT('2D SPACE',''
  ) );
#9919 = PCURVE('',#9920,#9925);
#9920 = PLANE('',#9921);
#9921 = AXIS2_PLACEMENT_3D('',#9922,#9923,#9924);
#9922 = CARTESIAN_POINT('',(-218.2154739602,-336.8119679994,
    539.919734326));
#9923 = DIRECTION('',(0.158542584939,-6.26796266036E-02,0.985360600577)
  );
#9924 = DIRECTION('',(0.916346653744,-0.362276584038,-0.170483098371));
#9925 = DEFINITIONAL_REPRESENTATION('',(#9926),#9930);
#9926 = LINE('',#9927,#9928);
#9927 = CARTESIAN_POINT('',(0.,4.48));
#9928 = VECTOR('',#9929,1.);
#9929 = DIRECTION('',(1.,5.669411536326E-17));
#9930 = ( GEOMETRIC_REPRESENTATION_CONTEXT(2)
PARAMETRIC_REPRESENTATION_CONTEXT() REPRESENTATION_CONTEXT('2D SPACE',''
  ) );
#9931 = ORIENTED_EDGE('',*,*,#9932,.T.);
#9932 = EDGE_CURVE('',#9905,#9575,#9933,.T.);
#9933 = SURFACE_CURVE('',#9934,(#9939,#9945),.PCURVE_S1.);
#9934 = CIRCLE('',#9935,4.48);
#9935 = AXIS2_PLACEMENT_3D('',#9936,#9937,#9938);
#9936 = CARTESIAN_POINT('',(-198.5434923075,-339.7718553005,
    532.01971128027));
#9937 = DIRECTION('',(0.916346653744,-0.362276584038,-0.170483098371));
#9938 = DIRECTION('',(-0.367658889371,-0.929960720174,1.665334536938E-16
    ));
#9939 = PCURVE('',#9590,#9940);
#9940 = DEFINITIONAL_REPRESENTATION('',(#9941),#9944);
#9941 = B_SPLINE_CURVE_WITH_KNOTS('',1,(#9942,#9943),.UNSPECIFIED.,.F.,
  .F.,(2,2),(4.712388980385,6.28318530718),.PIECEWISE_BEZIER_KNOTS.);
#9942 = CARTESIAN_POINT('',(-1.570796326795,20.4454728266));
#9943 = CARTESIAN_POINT('',(0.,20.4454728266));
#9944 = ( GEOMETRIC_REPRESENTATION_CONTEXT(2)
PARAMETRIC_REPRESENTATION_CONTEXT() REPRESENTATION_CONTEXT('2D SPACE',''
  ) );
#9945 = PCURVE('',#9863,#9946);
#9946 = DEFINITIONAL_REPRESENTATION('',(#9947),#9950);
#9947 = B_SPLINE_CURVE_WITH_KNOTS('',1,(#9948,#9949),.UNSPECIFIED.,.F.,
  .F.,(2,2),(4.712388980385,6.28318530718),.PIECEWISE_BEZIER_KNOTS.);
#9948 = CARTESIAN_POINT('',(0.,-1.570796326795));
#9949 = CARTESIAN_POINT('',(0.,0.));
#9950 = ( GEOMETRIC_REPRESENTATION_CONTEXT(2)
PARAMETRIC_REPRESENTATION_CONTEXT() REPRESENTATION_CONTEXT('2D SPACE',''
  ) );
#9951 = ADVANCED_FACE('',(#9952),#9649,.T.);
#9952 = FACE_BOUND('',#9953,.T.);
#9953 = EDGE_LOOP('',(#9954,#9955,#9980));
#9954 = ORIENTED_EDGE('',*,*,#9719,.F.);
#9955 = ORIENTED_EDGE('',*,*,#9956,.T.);
#9956 = EDGE_CURVE('',#9720,#9633,#9957,.T.);
#9957 = SURFACE_CURVE('',#9958,(#9963,#9969),.PCURVE_S1.);
#9958 = CIRCLE('',#9959,4.48);
#9959 = AXIS2_PLACEMENT_3D('',#9960,#9961,#9962);
#9960 = CARTESIAN_POINT('',(-216.1920507248,-332.7945182518,
    515.98028871972));
#9961 = DIRECTION('',(-0.367658889371,-0.929960720174,
    -1.235123114895E-14));
#9962 = DIRECTION('',(-0.158542584939,6.267962660361E-02,-0.985360600577
    ));
#9963 = PCURVE('',#9649,#9964);
#9964 = DEFINITIONAL_REPRESENTATION('',(#9965),#9968);
#9965 = B_SPLINE_CURVE_WITH_KNOTS('',1,(#9966,#9967),.UNSPECIFIED.,.F.,
  .F.,(2,2),(4.712388980385,6.28318530718),.PIECEWISE_BEZIER_KNOTS.);
#9966 = CARTESIAN_POINT('',(1.570796326795,-1.570796326795));
#9967 = CARTESIAN_POINT('',(1.570796326795,0.));
#9968 = ( GEOMETRIC_REPRESENTATION_CONTEXT(2)
PARAMETRIC_REPRESENTATION_CONTEXT() REPRESENTATION_CONTEXT('2D SPACE',''
  ) );
#9969 = PCURVE('',#9970,#9975);
#9970 = CYLINDRICAL_SURFACE('',#9971,4.48);
#9971 = AXIS2_PLACEMENT_3D('',#9972,#9973,#9974);
#9972 = CARTESIAN_POINT('',(-217.8391625492,-336.9607422782,
    515.98028871972));
#9973 = DIRECTION('',(0.367658889371,0.929960720174,-6.938893903907E-18)
  );
#9974 = DIRECTION('',(-0.158542584939,6.26796266036E-02,-0.985360600577)
  );
#9975 = DEFINITIONAL_REPRESENTATION('',(#9976),#9979);
#9976 = B_SPLINE_CURVE_WITH_KNOTS('',1,(#9977,#9978),.UNSPECIFIED.,.F.,
  .F.,(2,2),(4.712388980385,6.28318530718),.PIECEWISE_BEZIER_KNOTS.);
#9977 = CARTESIAN_POINT('',(1.570796326795,4.48));
#9978 = CARTESIAN_POINT('',(0.,4.48));
#9979 = ( GEOMETRIC_REPRESENTATION_CONTEXT(2)
PARAMETRIC_REPRESENTATION_CONTEXT() REPRESENTATION_CONTEXT('2D SPACE',''
  ) );
#9980 = ORIENTED_EDGE('',*,*,#9632,.F.);
#9981 = ADVANCED_FACE('',(#9982),#9704,.T.);
#9982 = FACE_BOUND('',#9983,.F.);
#9983 = EDGE_LOOP('',(#9984,#9985,#10010));
#9984 = ORIENTED_EDGE('',*,*,#9798,.F.);
#9985 = ORIENTED_EDGE('',*,*,#9986,.T.);
#9986 = EDGE_CURVE('',#9799,#9662,#9987,.T.);
#9987 = SURFACE_CURVE('',#9988,(#9993,#9999),.PCURVE_S1.);
#9988 = CIRCLE('',#9989,4.48);
#9989 = AXIS2_PLACEMENT_3D('',#9990,#9991,#9992);
#9990 = CARTESIAN_POINT('',(-201.5621431247,-338.57843521,
    513.25844544528));
#9991 = DIRECTION('',(0.367658889371,0.929960720174,3.32026073302E-14));
#9992 = DIRECTION('',(-0.158542584939,6.267962660363E-02,-0.985360600577
    ));
#9993 = PCURVE('',#9704,#9994);
#9994 = DEFINITIONAL_REPRESENTATION('',(#9995),#9998);
#9995 = B_SPLINE_CURVE_WITH_KNOTS('',1,(#9996,#9997),.UNSPECIFIED.,.F.,
  .F.,(2,2),(4.712388980385,6.28318530718),.PIECEWISE_BEZIER_KNOTS.);
#9996 = CARTESIAN_POINT('',(-1.570796326795,-1.570796326795));
#9997 = CARTESIAN_POINT('',(-1.570796326795,0.));
#9998 = ( GEOMETRIC_REPRESENTATION_CONTEXT(2)
PARAMETRIC_REPRESENTATION_CONTEXT() REPRESENTATION_CONTEXT('2D SPACE',''
  ) );
#9999 = PCURVE('',#10000,#10005);
#10000 = CYLINDRICAL_SURFACE('',#10001,4.48);
#10001 = AXIS2_PLACEMENT_3D('',#10002,#10003,#10004);
#10002 = CARTESIAN_POINT('',(-203.2092549491,-342.7446592364,
    513.25844544528));
#10003 = DIRECTION('',(0.367658889371,0.929960720174,-6.938893903907E-18
    ));
#10004 = DIRECTION('',(-0.158542584939,6.26796266036E-02,-0.985360600577
    ));
#10005 = DEFINITIONAL_REPRESENTATION('',(#10006),#10009);
#10006 = B_SPLINE_CURVE_WITH_KNOTS('',1,(#10007,#10008),.UNSPECIFIED.,
  .F.,.F.,(2,2),(4.712388980385,6.28318530718),
  .PIECEWISE_BEZIER_KNOTS.);
#10007 = CARTESIAN_POINT('',(-1.570796326795,4.48));
#10008 = CARTESIAN_POINT('',(0.,4.48));
#10009 = ( GEOMETRIC_REPRESENTATION_CONTEXT(2)
PARAMETRIC_REPRESENTATION_CONTEXT() REPRESENTATION_CONTEXT('2D SPACE',''
  ) );
#10010 = ORIENTED_EDGE('',*,*,#9689,.F.);
#10011 = ADVANCED_FACE('',(#10012),#9677,.F.);
#10012 = FACE_BOUND('',#10013,.F.);
#10013 = EDGE_LOOP('',(#10014,#10015,#10038,#10066));
#10014 = ORIENTED_EDGE('',*,*,#9661,.T.);
#10015 = ORIENTED_EDGE('',*,*,#10016,.T.);
#10016 = EDGE_CURVE('',#9662,#10017,#10019,.T.);
#10017 = VERTEX_POINT('',#10018);
#10018 = CARTESIAN_POINT('',(-194.5368708729,-318.7312569304,
    508.8440299547));
#10019 = SURFACE_CURVE('',#10020,(#10024,#10031),.PCURVE_S1.);
#10020 = LINE('',#10021,#10022);
#10021 = CARTESIAN_POINT('',(-203.9195257296,-342.4638545092,
    508.8440299547));
#10022 = VECTOR('',#10023,1.);
#10023 = DIRECTION('',(0.367658889371,0.929960720174,-6.938893903907E-18
    ));
#10024 = PCURVE('',#9677,#10025);
#10025 = DEFINITIONAL_REPRESENTATION('',(#10026),#10030);
#10026 = LINE('',#10027,#10028);
#10027 = CARTESIAN_POINT('',(20.4454728266,5.684341886081E-14));
#10028 = VECTOR('',#10029,1.);
#10029 = DIRECTION('',(5.669411536326E-17,1.));
#10030 = ( GEOMETRIC_REPRESENTATION_CONTEXT(2)
PARAMETRIC_REPRESENTATION_CONTEXT() REPRESENTATION_CONTEXT('2D SPACE',''
  ) );
#10031 = PCURVE('',#10000,#10032);
#10032 = DEFINITIONAL_REPRESENTATION('',(#10033),#10037);
#10033 = LINE('',#10034,#10035);
#10034 = CARTESIAN_POINT('',(-0.,0.));
#10035 = VECTOR('',#10036,1.);
#10036 = DIRECTION('',(-0.,1.));
#10037 = ( GEOMETRIC_REPRESENTATION_CONTEXT(2)
PARAMETRIC_REPRESENTATION_CONTEXT() REPRESENTATION_CONTEXT('2D SPACE',''
  ) );
#10038 = ORIENTED_EDGE('',*,*,#10039,.F.);
#10039 = EDGE_CURVE('',#10040,#10017,#10042,.T.);
#10040 = VERTEX_POINT('',#10041);
#10041 = CARTESIAN_POINT('',(-209.166778473,-312.9473399722,
    511.56587322913));
#10042 = SURFACE_CURVE('',#10043,(#10047,#10054),.PCURVE_S1.);
#10043 = LINE('',#10044,#10045);
#10044 = CARTESIAN_POINT('',(-213.2720114817,-311.3243408757,
    512.32963750983));
#10045 = VECTOR('',#10046,1.);
#10046 = DIRECTION('',(0.916346653744,-0.362276584038,-0.170483098371));
#10047 = PCURVE('',#9677,#10048);
#10048 = DEFINITIONAL_REPRESENTATION('',(#10049),#10053);
#10049 = LINE('',#10050,#10051);
#10050 = CARTESIAN_POINT('',(-2.84217094304E-14,25.52));
#10051 = VECTOR('',#10052,1.);
#10052 = DIRECTION('',(1.,5.669411536326E-17));
#10053 = ( GEOMETRIC_REPRESENTATION_CONTEXT(2)
PARAMETRIC_REPRESENTATION_CONTEXT() REPRESENTATION_CONTEXT('2D SPACE',''
  ) );
#10054 = PCURVE('',#10055,#10060);
#10055 = CYLINDRICAL_SURFACE('',#10056,4.48);
#10056 = AXIS2_PLACEMENT_3D('',#10057,#10058,#10059);
#10057 = CARTESIAN_POINT('',(-212.5617407012,-311.6051456029,
    516.74405300042));
#10058 = DIRECTION('',(0.916346653744,-0.362276584038,-0.170483098371));
#10059 = DIRECTION('',(0.367658889371,0.929960720174,-6.938893903907E-18
    ));
#10060 = DEFINITIONAL_REPRESENTATION('',(#10061),#10065);
#10061 = LINE('',#10062,#10063);
#10062 = CARTESIAN_POINT('',(-1.570796326795,0.));
#10063 = VECTOR('',#10064,1.);
#10064 = DIRECTION('',(-0.,1.));
#10065 = ( GEOMETRIC_REPRESENTATION_CONTEXT(2)
PARAMETRIC_REPRESENTATION_CONTEXT() REPRESENTATION_CONTEXT('2D SPACE',''
  ) );
#10066 = ORIENTED_EDGE('',*,*,#10067,.F.);
#10067 = EDGE_CURVE('',#9633,#10040,#10068,.T.);
#10068 = SURFACE_CURVE('',#10069,(#10073,#10080),.PCURVE_S1.);
#10069 = LINE('',#10070,#10071);
#10070 = CARTESIAN_POINT('',(-218.5494333297,-336.679937551,
    511.56587322913));
#10071 = VECTOR('',#10072,1.);
#10072 = DIRECTION('',(0.367658889371,0.929960720174,-6.938893903907E-18
    ));
#10073 = PCURVE('',#9677,#10074);
#10074 = DEFINITIONAL_REPRESENTATION('',(#10075),#10079);
#10075 = LINE('',#10076,#10077);
#10076 = CARTESIAN_POINT('',(4.48,0.));
#10077 = VECTOR('',#10078,1.);
#10078 = DIRECTION('',(5.669411536326E-17,1.));
#10079 = ( GEOMETRIC_REPRESENTATION_CONTEXT(2)
PARAMETRIC_REPRESENTATION_CONTEXT() REPRESENTATION_CONTEXT('2D SPACE',''
  ) );
#10080 = PCURVE('',#9970,#10081);
#10081 = DEFINITIONAL_REPRESENTATION('',(#10082),#10086);
#10082 = LINE('',#10083,#10084);
#10083 = CARTESIAN_POINT('',(0.,0.));
#10084 = VECTOR('',#10085,1.);
#10085 = DIRECTION('',(0.,1.));
#10086 = ( GEOMETRIC_REPRESENTATION_CONTEXT(2)
PARAMETRIC_REPRESENTATION_CONTEXT() REPRESENTATION_CONTEXT('2D SPACE',''
  ) );
#10087 = ADVANCED_FACE('',(#10088),#9757,.F.);
#10088 = FACE_BOUND('',#10089,.F.);
#10089 = EDGE_LOOP('',(#10090,#10091,#10114,#10142));
#10090 = ORIENTED_EDGE('',*,*,#9741,.F.);
#10091 = ORIENTED_EDGE('',*,*,#10092,.T.);
#10092 = EDGE_CURVE('',#9720,#10093,#10095,.T.);
#10093 = VERTEX_POINT('',#10094);
#10094 = CARTESIAN_POINT('',(-212.5617407012,-311.6051456029,
    516.74405300042));
#10095 = SURFACE_CURVE('',#10096,(#10100,#10107),.PCURVE_S1.);
#10096 = LINE('',#10097,#10098);
#10097 = CARTESIAN_POINT('',(-221.9443955579,-335.3377431817,
    516.74405300042));
#10098 = VECTOR('',#10099,1.);
#10099 = DIRECTION('',(0.367658889371,0.929960720174,-6.938893903907E-18
    ));
#10100 = PCURVE('',#9757,#10101);
#10101 = DEFINITIONAL_REPRESENTATION('',(#10102),#10106);
#10102 = LINE('',#10103,#10104);
#10103 = CARTESIAN_POINT('',(0.,4.48));
#10104 = VECTOR('',#10105,1.);
#10105 = DIRECTION('',(1.,-6.837312664495E-18));
#10106 = ( GEOMETRIC_REPRESENTATION_CONTEXT(2)
PARAMETRIC_REPRESENTATION_CONTEXT() REPRESENTATION_CONTEXT('2D SPACE',''
  ) );
#10107 = PCURVE('',#9970,#10108);
#10108 = DEFINITIONAL_REPRESENTATION('',(#10109),#10113);
#10109 = LINE('',#10110,#10111);
#10110 = CARTESIAN_POINT('',(1.570796326795,0.));
#10111 = VECTOR('',#10112,1.);
#10112 = DIRECTION('',(0.,1.));
#10113 = ( GEOMETRIC_REPRESENTATION_CONTEXT(2)
PARAMETRIC_REPRESENTATION_CONTEXT() REPRESENTATION_CONTEXT('2D SPACE',''
  ) );
#10114 = ORIENTED_EDGE('',*,*,#10115,.T.);
#10115 = EDGE_CURVE('',#10093,#10116,#10118,.T.);
#10116 = VERTEX_POINT('',#10117);
#10117 = CARTESIAN_POINT('',(-209.543089884,-312.7985656934,
    535.50531883541));
#10118 = SURFACE_CURVE('',#10119,(#10123,#10130),.PCURVE_S1.);
#10119 = LINE('',#10120,#10121);
#10120 = CARTESIAN_POINT('',(-213.2720114817,-311.3243408757,
    512.32963750983));
#10121 = VECTOR('',#10122,1.);
#10122 = DIRECTION('',(0.158542584939,-6.26796266036E-02,0.985360600577)
  );
#10123 = PCURVE('',#9757,#10124);
#10124 = DEFINITIONAL_REPRESENTATION('',(#10125),#10129);
#10125 = LINE('',#10126,#10127);
#10126 = CARTESIAN_POINT('',(25.52,0.));
#10127 = VECTOR('',#10128,1.);
#10128 = DIRECTION('',(-6.837312664495E-18,1.));
#10129 = ( GEOMETRIC_REPRESENTATION_CONTEXT(2)
PARAMETRIC_REPRESENTATION_CONTEXT() REPRESENTATION_CONTEXT('2D SPACE',''
  ) );
#10130 = PCURVE('',#10131,#10136);
#10131 = CYLINDRICAL_SURFACE('',#10132,4.48);
#10132 = AXIS2_PLACEMENT_3D('',#10133,#10134,#10135);
#10133 = CARTESIAN_POINT('',(-209.166778473,-312.9473399722,
    511.56587322913));
#10134 = DIRECTION('',(0.158542584939,-6.26796266036E-02,0.985360600577)
  );
#10135 = DIRECTION('',(0.367658889371,0.929960720174,0.));
#10136 = DEFINITIONAL_REPRESENTATION('',(#10137),#10141);
#10137 = LINE('',#10138,#10139);
#10138 = CARTESIAN_POINT('',(1.570796326795,0.));
#10139 = VECTOR('',#10140,1.);
#10140 = DIRECTION('',(0.,1.));
#10141 = ( GEOMETRIC_REPRESENTATION_CONTEXT(2)
PARAMETRIC_REPRESENTATION_CONTEXT() REPRESENTATION_CONTEXT('2D SPACE',''
  ) );
#10142 = ORIENTED_EDGE('',*,*,#10143,.F.);
#10143 = EDGE_CURVE('',#9742,#10116,#10144,.T.);
#10144 = SURFACE_CURVE('',#10145,(#10149,#10156),.PCURVE_S1.);
#10145 = LINE('',#10146,#10147);
#10146 = CARTESIAN_POINT('',(-218.9257447407,-336.5311632722,
    535.50531883541));
#10147 = VECTOR('',#10148,1.);
#10148 = DIRECTION('',(0.367658889371,0.929960720174,-6.938893903907E-18
    ));
#10149 = PCURVE('',#9757,#10150);
#10150 = DEFINITIONAL_REPRESENTATION('',(#10151),#10155);
#10151 = LINE('',#10152,#10153);
#10152 = CARTESIAN_POINT('',(-5.684341886081E-14,23.52));
#10153 = VECTOR('',#10154,1.);
#10154 = DIRECTION('',(1.,-6.837312664495E-18));
#10155 = ( GEOMETRIC_REPRESENTATION_CONTEXT(2)
PARAMETRIC_REPRESENTATION_CONTEXT() REPRESENTATION_CONTEXT('2D SPACE',''
  ) );
#10156 = PCURVE('',#10157,#10162);
#10157 = CYLINDRICAL_SURFACE('',#10158,4.48);
#10158 = AXIS2_PLACEMENT_3D('',#10159,#10160,#10161);
#10159 = CARTESIAN_POINT('',(-214.8205117319,-338.1541623687,
    534.74155455471));
#10160 = DIRECTION('',(0.367658889371,0.929960720174,-6.938893903907E-18
    ));
#10161 = DIRECTION('',(0.158542584939,-6.26796266036E-02,0.985360600577)
  );
#10162 = DEFINITIONAL_REPRESENTATION('',(#10163),#10167);
#10163 = LINE('',#10164,#10165);
#10164 = CARTESIAN_POINT('',(-1.570796326795,0.));
#10165 = VECTOR('',#10166,1.);
#10166 = DIRECTION('',(-0.,1.));
#10167 = ( GEOMETRIC_REPRESENTATION_CONTEXT(2)
PARAMETRIC_REPRESENTATION_CONTEXT() REPRESENTATION_CONTEXT('2D SPACE',''
  ) );
#10168 = ADVANCED_FACE('',(#10169),#9783,.T.);
#10169 = FACE_BOUND('',#10170,.F.);
#10170 = EDGE_LOOP('',(#10171,#10172,#10192));
#10171 = ORIENTED_EDGE('',*,*,#9769,.F.);
#10172 = ORIENTED_EDGE('',*,*,#10173,.T.);
#10173 = EDGE_CURVE('',#9742,#9881,#10174,.T.);
#10174 = SURFACE_CURVE('',#10175,(#10180,#10186),.PCURVE_S1.);
#10175 = CIRCLE('',#10176,4.48);
#10176 = AXIS2_PLACEMENT_3D('',#10177,#10178,#10179);
#10177 = CARTESIAN_POINT('',(-213.1733999076,-333.9879383424,
    534.74155455471));
#10178 = DIRECTION('',(0.367658889371,0.929960720174,-4.593547764387E-15
    ));
#10179 = DIRECTION('',(0.158542584939,-6.26796266036E-02,0.985360600577)
  );
#10180 = PCURVE('',#9783,#10181);
#10181 = DEFINITIONAL_REPRESENTATION('',(#10182),#10185);
#10182 = B_SPLINE_CURVE_WITH_KNOTS('',1,(#10183,#10184),.UNSPECIFIED.,
  .F.,.F.,(2,2),(4.712388980385,6.28318530718),
  .PIECEWISE_BEZIER_KNOTS.);
#10183 = CARTESIAN_POINT('',(-1.570796326795,-1.570796326795));
#10184 = CARTESIAN_POINT('',(-1.570796326795,0.));
#10185 = ( GEOMETRIC_REPRESENTATION_CONTEXT(2)
PARAMETRIC_REPRESENTATION_CONTEXT() REPRESENTATION_CONTEXT('2D SPACE',''
  ) );
#10186 = PCURVE('',#10157,#10187);
#10187 = DEFINITIONAL_REPRESENTATION('',(#10188),#10191);
#10188 = B_SPLINE_CURVE_WITH_KNOTS('',1,(#10189,#10190),.UNSPECIFIED.,
  .F.,.F.,(2,2),(4.712388980385,6.28318530718),
  .PIECEWISE_BEZIER_KNOTS.);
#10189 = CARTESIAN_POINT('',(-1.570796326795,4.48));
#10190 = CARTESIAN_POINT('',(0.,4.48));
#10191 = ( GEOMETRIC_REPRESENTATION_CONTEXT(2)
PARAMETRIC_REPRESENTATION_CONTEXT() REPRESENTATION_CONTEXT('2D SPACE',''
  ) );
#10192 = ORIENTED_EDGE('',*,*,#9880,.F.);
#10193 = ADVANCED_FACE('',(#10194),#9836,.T.);
#10194 = FACE_BOUND('',#10195,.T.);
#10195 = EDGE_LOOP('',(#10196,#10197,#10220,#10248));
#10196 = ORIENTED_EDGE('',*,*,#9820,.F.);
#10197 = ORIENTED_EDGE('',*,*,#10198,.T.);
#10198 = EDGE_CURVE('',#9799,#10199,#10201,.T.);
#10199 = VERTEX_POINT('',#10200);
#10200 = CARTESIAN_POINT('',(-189.7213670836,-320.635060754,
    512.49468116458));
#10201 = SURFACE_CURVE('',#10202,(#10206,#10213),.PCURVE_S1.);
#10202 = LINE('',#10203,#10204);
#10203 = CARTESIAN_POINT('',(-199.1040219403,-344.3676583329,
    512.49468116458));
#10204 = VECTOR('',#10205,1.);
#10205 = DIRECTION('',(0.367658889371,0.929960720174,-6.938893903907E-18
    ));
#10206 = PCURVE('',#9836,#10207);
#10207 = DEFINITIONAL_REPRESENTATION('',(#10208),#10212);
#10208 = LINE('',#10209,#10210);
#10209 = CARTESIAN_POINT('',(0.,4.48));
#10210 = VECTOR('',#10211,1.);
#10211 = DIRECTION('',(1.,-6.837312664495E-18));
#10212 = ( GEOMETRIC_REPRESENTATION_CONTEXT(2)
PARAMETRIC_REPRESENTATION_CONTEXT() REPRESENTATION_CONTEXT('2D SPACE',''
  ) );
#10213 = PCURVE('',#10000,#10214);
#10214 = DEFINITIONAL_REPRESENTATION('',(#10215),#10219);
#10215 = LINE('',#10216,#10217);
#10216 = CARTESIAN_POINT('',(-1.570796326795,0.));
#10217 = VECTOR('',#10218,1.);
#10218 = DIRECTION('',(-0.,1.));
#10219 = ( GEOMETRIC_REPRESENTATION_CONTEXT(2)
PARAMETRIC_REPRESENTATION_CONTEXT() REPRESENTATION_CONTEXT('2D SPACE',''
  ) );
#10220 = ORIENTED_EDGE('',*,*,#10221,.T.);
#10221 = EDGE_CURVE('',#10199,#10222,#10224,.T.);
#10222 = VERTEX_POINT('',#10223);
#10223 = CARTESIAN_POINT('',(-186.7027162663,-321.8284808446,
    531.25594699957));
#10224 = SURFACE_CURVE('',#10225,(#10229,#10236),.PCURVE_S1.);
#10225 = LINE('',#10226,#10227);
#10226 = CARTESIAN_POINT('',(-190.4316378641,-320.3542560268,
    508.080265674));
#10227 = VECTOR('',#10228,1.);
#10228 = DIRECTION('',(0.158542584939,-6.26796266036E-02,0.985360600577)
  );
#10229 = PCURVE('',#9836,#10230);
#10230 = DEFINITIONAL_REPRESENTATION('',(#10231),#10235);
#10231 = LINE('',#10232,#10233);
#10232 = CARTESIAN_POINT('',(25.52,0.));
#10233 = VECTOR('',#10234,1.);
#10234 = DIRECTION('',(-6.837312664495E-18,1.));
#10235 = ( GEOMETRIC_REPRESENTATION_CONTEXT(2)
PARAMETRIC_REPRESENTATION_CONTEXT() REPRESENTATION_CONTEXT('2D SPACE',''
  ) );
#10236 = PCURVE('',#10237,#10242);
#10237 = CYLINDRICAL_SURFACE('',#10238,4.48);
#10238 = AXIS2_PLACEMENT_3D('',#10239,#10240,#10241);
#10239 = CARTESIAN_POINT('',(-194.5368708729,-318.7312569304,
    508.8440299547));
#10240 = DIRECTION('',(0.158542584939,-6.26796266036E-02,0.985360600577)
  );
#10241 = DIRECTION('',(0.367658889371,0.929960720174,0.));
#10242 = DEFINITIONAL_REPRESENTATION('',(#10243),#10247);
#10243 = LINE('',#10244,#10245);
#10244 = CARTESIAN_POINT('',(-1.570796326795,0.));
#10245 = VECTOR('',#10246,1.);
#10246 = DIRECTION('',(-0.,1.));
#10247 = ( GEOMETRIC_REPRESENTATION_CONTEXT(2)
PARAMETRIC_REPRESENTATION_CONTEXT() REPRESENTATION_CONTEXT('2D SPACE',''
  ) );
#10248 = ORIENTED_EDGE('',*,*,#10249,.F.);
#10249 = EDGE_CURVE('',#9821,#10222,#10250,.T.);
#10250 = SURFACE_CURVE('',#10251,(#10255,#10262),.PCURVE_S1.);
#10251 = LINE('',#10252,#10253);
#10252 = CARTESIAN_POINT('',(-196.0853711231,-345.5610784234,
    531.25594699957));
#10253 = VECTOR('',#10254,1.);
#10254 = DIRECTION('',(0.367658889371,0.929960720174,-6.938893903907E-18
    ));
#10255 = PCURVE('',#9836,#10256);
#10256 = DEFINITIONAL_REPRESENTATION('',(#10257),#10261);
#10257 = LINE('',#10258,#10259);
#10258 = CARTESIAN_POINT('',(0.,23.52));
#10259 = VECTOR('',#10260,1.);
#10260 = DIRECTION('',(1.,-6.837312664495E-18));
#10261 = ( GEOMETRIC_REPRESENTATION_CONTEXT(2)
PARAMETRIC_REPRESENTATION_CONTEXT() REPRESENTATION_CONTEXT('2D SPACE',''
  ) );
#10262 = PCURVE('',#10263,#10268);
#10263 = CYLINDRICAL_SURFACE('',#10264,4.48);
#10264 = AXIS2_PLACEMENT_3D('',#10265,#10266,#10267);
#10265 = CARTESIAN_POINT('',(-200.1906041319,-343.9380793269,
    532.01971128027));
#10266 = DIRECTION('',(0.367658889371,0.929960720174,-6.938893903907E-18
    ));
#10267 = DIRECTION('',(0.158542584939,-6.26796266036E-02,0.985360600577)
  );
#10268 = DEFINITIONAL_REPRESENTATION('',(#10269),#10273);
#10269 = LINE('',#10270,#10271);
#10270 = CARTESIAN_POINT('',(1.570796326795,0.));
#10271 = VECTOR('',#10272,1.);
#10272 = DIRECTION('',(0.,1.));
#10273 = ( GEOMETRIC_REPRESENTATION_CONTEXT(2)
PARAMETRIC_REPRESENTATION_CONTEXT() REPRESENTATION_CONTEXT('2D SPACE',''
  ) );
#10274 = ADVANCED_FACE('',(#10275),#9863,.T.);
#10275 = FACE_BOUND('',#10276,.F.);
#10276 = EDGE_LOOP('',(#10277,#10278,#10298));
#10277 = ORIENTED_EDGE('',*,*,#9932,.F.);
#10278 = ORIENTED_EDGE('',*,*,#10279,.T.);
#10279 = EDGE_CURVE('',#9905,#9821,#10280,.T.);
#10280 = SURFACE_CURVE('',#10281,(#10286,#10292),.PCURVE_S1.);
#10281 = CIRCLE('',#10282,4.48);
#10282 = AXIS2_PLACEMENT_3D('',#10283,#10284,#10285);
#10283 = CARTESIAN_POINT('',(-198.5434923075,-339.7718553005,
    532.01971128027));
#10284 = DIRECTION('',(0.367658889371,0.929960720174,-1.686151218649E-15
    ));
#10285 = DIRECTION('',(0.916346653744,-0.362276584038,-0.170483098371));
#10286 = PCURVE('',#9863,#10287);
#10287 = DEFINITIONAL_REPRESENTATION('',(#10288),#10291);
#10288 = B_SPLINE_CURVE_WITH_KNOTS('',1,(#10289,#10290),.UNSPECIFIED.,
  .F.,.F.,(2,2),(4.712388980385,6.28318530718),
  .PIECEWISE_BEZIER_KNOTS.);
#10289 = CARTESIAN_POINT('',(-1.570796326795,-1.570796326795));
#10290 = CARTESIAN_POINT('',(-1.570796326795,0.));
#10291 = ( GEOMETRIC_REPRESENTATION_CONTEXT(2)
PARAMETRIC_REPRESENTATION_CONTEXT() REPRESENTATION_CONTEXT('2D SPACE',''
  ) );
#10292 = PCURVE('',#10263,#10293);
#10293 = DEFINITIONAL_REPRESENTATION('',(#10294),#10297);
#10294 = B_SPLINE_CURVE_WITH_KNOTS('',1,(#10295,#10296),.UNSPECIFIED.,
  .F.,.F.,(2,2),(4.712388980385,6.28318530718),
  .PIECEWISE_BEZIER_KNOTS.);
#10295 = CARTESIAN_POINT('',(0.,4.48));
#10296 = CARTESIAN_POINT('',(1.570796326795,4.48));
#10297 = ( GEOMETRIC_REPRESENTATION_CONTEXT(2)
PARAMETRIC_REPRESENTATION_CONTEXT() REPRESENTATION_CONTEXT('2D SPACE',''
  ) );
#10298 = ORIENTED_EDGE('',*,*,#9848,.F.);
#10299 = ADVANCED_FACE('',(#10300),#9920,.T.);
#10300 = FACE_BOUND('',#10301,.T.);
#10301 = EDGE_LOOP('',(#10302,#10303,#10326,#10354));
#10302 = ORIENTED_EDGE('',*,*,#9904,.T.);
#10303 = ORIENTED_EDGE('',*,*,#10304,.T.);
#10304 = EDGE_CURVE('',#9905,#10305,#10307,.T.);
#10305 = VERTEX_POINT('',#10306);
#10306 = CARTESIAN_POINT('',(-190.0976784946,-320.4862864753,
    536.43412677086));
#10307 = SURFACE_CURVE('',#10308,(#10312,#10319),.PCURVE_S1.);
#10308 = LINE('',#10309,#10310);
#10309 = CARTESIAN_POINT('',(-199.4803333513,-344.2188840541,
    536.43412677086));
#10310 = VECTOR('',#10311,1.);
#10311 = DIRECTION('',(0.367658889371,0.929960720174,-6.938893903907E-18
    ));
#10312 = PCURVE('',#9920,#10313);
#10313 = DEFINITIONAL_REPRESENTATION('',(#10314),#10318);
#10314 = LINE('',#10315,#10316);
#10315 = CARTESIAN_POINT('',(20.4454728266,0.));
#10316 = VECTOR('',#10317,1.);
#10317 = DIRECTION('',(5.669411536326E-17,1.));
#10318 = ( GEOMETRIC_REPRESENTATION_CONTEXT(2)
PARAMETRIC_REPRESENTATION_CONTEXT() REPRESENTATION_CONTEXT('2D SPACE',''
  ) );
#10319 = PCURVE('',#10263,#10320);
#10320 = DEFINITIONAL_REPRESENTATION('',(#10321),#10325);
#10321 = LINE('',#10322,#10323);
#10322 = CARTESIAN_POINT('',(0.,0.));
#10323 = VECTOR('',#10324,1.);
#10324 = DIRECTION('',(0.,1.));
#10325 = ( GEOMETRIC_REPRESENTATION_CONTEXT(2)
PARAMETRIC_REPRESENTATION_CONTEXT() REPRESENTATION_CONTEXT('2D SPACE',''
  ) );
#10326 = ORIENTED_EDGE('',*,*,#10327,.F.);
#10327 = EDGE_CURVE('',#10328,#10305,#10330,.T.);
#10328 = VERTEX_POINT('',#10329);
#10329 = CARTESIAN_POINT('',(-204.7275860947,-314.7023695171,
    539.15597004529));
#10330 = SURFACE_CURVE('',#10331,(#10335,#10342),.PCURVE_S1.);
#10331 = LINE('',#10332,#10333);
#10332 = CARTESIAN_POINT('',(-208.8328191034,-313.0793704206,
    539.919734326));
#10333 = VECTOR('',#10334,1.);
#10334 = DIRECTION('',(0.916346653744,-0.362276584038,-0.170483098371));
#10335 = PCURVE('',#9920,#10336);
#10336 = DEFINITIONAL_REPRESENTATION('',(#10337),#10341);
#10337 = LINE('',#10338,#10339);
#10338 = CARTESIAN_POINT('',(0.,25.52));
#10339 = VECTOR('',#10340,1.);
#10340 = DIRECTION('',(1.,5.669411536326E-17));
#10341 = ( GEOMETRIC_REPRESENTATION_CONTEXT(2)
PARAMETRIC_REPRESENTATION_CONTEXT() REPRESENTATION_CONTEXT('2D SPACE',''
  ) );
#10342 = PCURVE('',#10343,#10348);
#10343 = CYLINDRICAL_SURFACE('',#10344,4.48);
#10344 = AXIS2_PLACEMENT_3D('',#10345,#10346,#10347);
#10345 = CARTESIAN_POINT('',(-209.543089884,-312.7985656934,
    535.50531883541));
#10346 = DIRECTION('',(0.916346653744,-0.362276584038,-0.170483098371));
#10347 = DIRECTION('',(0.367658889371,0.929960720174,-6.938893903907E-18
    ));
#10348 = DEFINITIONAL_REPRESENTATION('',(#10349),#10353);
#10349 = LINE('',#10350,#10351);
#10350 = CARTESIAN_POINT('',(1.570796326795,0.));
#10351 = VECTOR('',#10352,1.);
#10352 = DIRECTION('',(0.,1.));
#10353 = ( GEOMETRIC_REPRESENTATION_CONTEXT(2)
PARAMETRIC_REPRESENTATION_CONTEXT() REPRESENTATION_CONTEXT('2D SPACE',''
  ) );
#10354 = ORIENTED_EDGE('',*,*,#10355,.F.);
#10355 = EDGE_CURVE('',#9881,#10328,#10356,.T.);
#10356 = SURFACE_CURVE('',#10357,(#10361,#10368),.PCURVE_S1.);
#10357 = LINE('',#10358,#10359);
#10358 = CARTESIAN_POINT('',(-214.1102409514,-338.4349670959,
    539.15597004529));
#10359 = VECTOR('',#10360,1.);
#10360 = DIRECTION('',(0.367658889371,0.929960720174,-6.938893903907E-18
    ));
#10361 = PCURVE('',#9920,#10362);
#10362 = DEFINITIONAL_REPRESENTATION('',(#10363),#10367);
#10363 = LINE('',#10364,#10365);
#10364 = CARTESIAN_POINT('',(4.48,-5.684341886081E-14));
#10365 = VECTOR('',#10366,1.);
#10366 = DIRECTION('',(5.669411536326E-17,1.));
#10367 = ( GEOMETRIC_REPRESENTATION_CONTEXT(2)
PARAMETRIC_REPRESENTATION_CONTEXT() REPRESENTATION_CONTEXT('2D SPACE',''
  ) );
#10368 = PCURVE('',#10157,#10369);
#10369 = DEFINITIONAL_REPRESENTATION('',(#10370),#10374);
#10370 = LINE('',#10371,#10372);
#10371 = CARTESIAN_POINT('',(-0.,0.));
#10372 = VECTOR('',#10373,1.);
#10373 = DIRECTION('',(-0.,1.));
#10374 = ( GEOMETRIC_REPRESENTATION_CONTEXT(2)
PARAMETRIC_REPRESENTATION_CONTEXT() REPRESENTATION_CONTEXT('2D SPACE',''
  ) );
#10375 = ADVANCED_FACE('',(#10376),#9970,.T.);
#10376 = FACE_BOUND('',#10377,.T.);
#10377 = EDGE_LOOP('',(#10378,#10379,#10380,#10405));
#10378 = ORIENTED_EDGE('',*,*,#9956,.F.);
#10379 = ORIENTED_EDGE('',*,*,#10092,.T.);
#10380 = ORIENTED_EDGE('',*,*,#10381,.T.);
#10381 = EDGE_CURVE('',#10093,#10040,#10382,.T.);
#10382 = SURFACE_CURVE('',#10383,(#10388,#10394),.PCURVE_S1.);
#10383 = CIRCLE('',#10384,4.48);
#10384 = AXIS2_PLACEMENT_3D('',#10385,#10386,#10387);
#10385 = CARTESIAN_POINT('',(-208.4565076924,-313.2281446994,
    515.98028871972));
#10386 = DIRECTION('',(-0.367658889371,-0.929960720174,
    1.731947918415E-14));
#10387 = DIRECTION('',(-0.158542584939,6.267962660358E-02,
    -0.985360600577));
#10388 = PCURVE('',#9970,#10389);
#10389 = DEFINITIONAL_REPRESENTATION('',(#10390),#10393);
#10390 = B_SPLINE_CURVE_WITH_KNOTS('',1,(#10391,#10392),.UNSPECIFIED.,
  .F.,.F.,(2,2),(4.712388980385,6.28318530718),
  .PIECEWISE_BEZIER_KNOTS.);
#10391 = CARTESIAN_POINT('',(1.570796326795,25.52));
#10392 = CARTESIAN_POINT('',(0.,25.52));
#10393 = ( GEOMETRIC_REPRESENTATION_CONTEXT(2)
PARAMETRIC_REPRESENTATION_CONTEXT() REPRESENTATION_CONTEXT('2D SPACE',''
  ) );
#10394 = PCURVE('',#10395,#10400);
#10395 = SPHERICAL_SURFACE('',#10396,4.48);
#10396 = AXIS2_PLACEMENT_3D('',#10397,#10398,#10399);
#10397 = CARTESIAN_POINT('',(-208.4565076924,-313.2281446994,
    515.98028871972));
#10398 = DIRECTION('',(0.916346653744,-0.362276584038,-0.170483098371));
#10399 = DIRECTION('',(0.367658889371,0.929960720174,2.525757381022E-15)
  );
#10400 = DEFINITIONAL_REPRESENTATION('',(#10401),#10404);
#10401 = B_SPLINE_CURVE_WITH_KNOTS('',1,(#10402,#10403),.UNSPECIFIED.,
  .F.,.F.,(2,2),(4.712388980385,6.28318530718),
  .PIECEWISE_BEZIER_KNOTS.);
#10402 = CARTESIAN_POINT('',(-1.570796326795,-1.570796326795));
#10403 = CARTESIAN_POINT('',(-1.570796326795,0.));
#10404 = ( GEOMETRIC_REPRESENTATION_CONTEXT(2)
PARAMETRIC_REPRESENTATION_CONTEXT() REPRESENTATION_CONTEXT('2D SPACE',''
  ) );
#10405 = ORIENTED_EDGE('',*,*,#10067,.F.);
#10406 = ADVANCED_FACE('',(#10407),#10000,.T.);
#10407 = FACE_BOUND('',#10408,.F.);
#10408 = EDGE_LOOP('',(#10409,#10410,#10411,#10436));
#10409 = ORIENTED_EDGE('',*,*,#9986,.F.);
#10410 = ORIENTED_EDGE('',*,*,#10198,.T.);
#10411 = ORIENTED_EDGE('',*,*,#10412,.T.);
#10412 = EDGE_CURVE('',#10199,#10017,#10413,.T.);
#10413 = SURFACE_CURVE('',#10414,(#10419,#10425),.PCURVE_S1.);
#10414 = CIRCLE('',#10415,4.48);
#10415 = AXIS2_PLACEMENT_3D('',#10416,#10417,#10418);
#10416 = CARTESIAN_POINT('',(-193.8266000923,-319.0120616575,
    513.25844544528));
#10417 = DIRECTION('',(0.367658889371,0.929960720174,-3.037847751131E-14
    ));
#10418 = DIRECTION('',(-0.158542584939,6.267962660357E-02,
    -0.985360600577));
#10419 = PCURVE('',#10000,#10420);
#10420 = DEFINITIONAL_REPRESENTATION('',(#10421),#10424);
#10421 = B_SPLINE_CURVE_WITH_KNOTS('',1,(#10422,#10423),.UNSPECIFIED.,
  .F.,.F.,(2,2),(4.712388980385,6.28318530718),
  .PIECEWISE_BEZIER_KNOTS.);
#10422 = CARTESIAN_POINT('',(-1.570796326795,25.52));
#10423 = CARTESIAN_POINT('',(0.,25.52));
#10424 = ( GEOMETRIC_REPRESENTATION_CONTEXT(2)
PARAMETRIC_REPRESENTATION_CONTEXT() REPRESENTATION_CONTEXT('2D SPACE',''
  ) );
#10425 = PCURVE('',#10426,#10431);
#10426 = SPHERICAL_SURFACE('',#10427,4.48);
#10427 = AXIS2_PLACEMENT_3D('',#10428,#10429,#10430);
#10428 = CARTESIAN_POINT('',(-193.8266000923,-319.0120616575,
    513.25844544528));
#10429 = DIRECTION('',(-0.916346653744,0.362276584038,0.170483098371));
#10430 = DIRECTION('',(0.367658889371,0.929960720174,-2.389061171115E-14
    ));
#10431 = DEFINITIONAL_REPRESENTATION('',(#10432),#10435);
#10432 = B_SPLINE_CURVE_WITH_KNOTS('',1,(#10433,#10434),.UNSPECIFIED.,
  .F.,.F.,(2,2),(4.712388980385,6.28318530718),
  .PIECEWISE_BEZIER_KNOTS.);
#10433 = CARTESIAN_POINT('',(1.570796326795,-1.570796326795));
#10434 = CARTESIAN_POINT('',(1.570796326795,0.));
#10435 = ( GEOMETRIC_REPRESENTATION_CONTEXT(2)
PARAMETRIC_REPRESENTATION_CONTEXT() REPRESENTATION_CONTEXT('2D SPACE',''
  ) );
#10436 = ORIENTED_EDGE('',*,*,#10016,.F.);
#10437 = ADVANCED_FACE('',(#10438),#10055,.T.);
#10438 = FACE_BOUND('',#10439,.F.);
#10439 = EDGE_LOOP('',(#10440,#10470,#10492,#10493));
#10440 = ORIENTED_EDGE('',*,*,#10441,.F.);
#10441 = EDGE_CURVE('',#10442,#10444,#10446,.T.);
#10442 = VERTEX_POINT('',#10443);
#10443 = CARTESIAN_POINT('',(-206.809395868,-309.061920673,
    515.98028871972));
#10444 = VERTEX_POINT('',#10445);
#10445 = CARTESIAN_POINT('',(-192.179488268,-314.8458376312,
    513.25844544528));
#10446 = SURFACE_CURVE('',#10447,(#10451,#10458),.PCURVE_S1.);
#10447 = LINE('',#10448,#10449);
#10448 = CARTESIAN_POINT('',(-210.9146288768,-307.4389215765,
    516.74405300042));
#10449 = VECTOR('',#10450,1.);
#10450 = DIRECTION('',(0.916346653744,-0.362276584038,-0.170483098371));
#10451 = PCURVE('',#10055,#10452);
#10452 = DEFINITIONAL_REPRESENTATION('',(#10453),#10457);
#10453 = LINE('',#10454,#10455);
#10454 = CARTESIAN_POINT('',(-0.,0.));
#10455 = VECTOR('',#10456,1.);
#10456 = DIRECTION('',(-0.,1.));
#10457 = ( GEOMETRIC_REPRESENTATION_CONTEXT(2)
PARAMETRIC_REPRESENTATION_CONTEXT() REPRESENTATION_CONTEXT('2D SPACE',''
  ) );
#10458 = PCURVE('',#10459,#10464);
#10459 = PLANE('',#10460);
#10460 = AXIS2_PLACEMENT_3D('',#10461,#10462,#10463);
#10461 = CARTESIAN_POINT('',(-211.6248996573,-307.1581168493,
    512.32963750983));
#10462 = DIRECTION('',(0.367658889371,0.929960720174,-6.938893903907E-18
    ));
#10463 = DIRECTION('',(0.916346653744,-0.362276584038,-0.170483098371));
#10464 = DEFINITIONAL_REPRESENTATION('',(#10465),#10469);
#10465 = LINE('',#10466,#10467);
#10466 = CARTESIAN_POINT('',(-2.84217094304E-14,-4.48));
#10467 = VECTOR('',#10468,1.);
#10468 = DIRECTION('',(1.,-2.775557561563E-17));
#10469 = ( GEOMETRIC_REPRESENTATION_CONTEXT(2)
PARAMETRIC_REPRESENTATION_CONTEXT() REPRESENTATION_CONTEXT('2D SPACE',''
  ) );
#10470 = ORIENTED_EDGE('',*,*,#10471,.T.);
#10471 = EDGE_CURVE('',#10442,#10040,#10472,.T.);
#10472 = SURFACE_CURVE('',#10473,(#10478,#10485),.PCURVE_S1.);
#10473 = CIRCLE('',#10474,4.48);
#10474 = AXIS2_PLACEMENT_3D('',#10475,#10476,#10477);
#10475 = CARTESIAN_POINT('',(-208.4565076924,-313.2281446994,
    515.98028871972));
#10476 = DIRECTION('',(-0.916346653744,0.362276584038,0.170483098371));
#10477 = DIRECTION('',(0.367658889371,0.929960720174,2.53963516883E-15)
  );
#10478 = PCURVE('',#10055,#10479);
#10479 = DEFINITIONAL_REPRESENTATION('',(#10480),#10484);
#10480 = LINE('',#10481,#10482);
#10481 = CARTESIAN_POINT('',(-0.,4.48));
#10482 = VECTOR('',#10483,1.);
#10483 = DIRECTION('',(-1.,0.));
#10484 = ( GEOMETRIC_REPRESENTATION_CONTEXT(2)
PARAMETRIC_REPRESENTATION_CONTEXT() REPRESENTATION_CONTEXT('2D SPACE',''
  ) );
#10485 = PCURVE('',#10395,#10486);
#10486 = DEFINITIONAL_REPRESENTATION('',(#10487),#10491);
#10487 = LINE('',#10488,#10489);
#10488 = CARTESIAN_POINT('',(-0.,0.));
#10489 = VECTOR('',#10490,1.);
#10490 = DIRECTION('',(-1.,0.));
#10491 = ( GEOMETRIC_REPRESENTATION_CONTEXT(2)
PARAMETRIC_REPRESENTATION_CONTEXT() REPRESENTATION_CONTEXT('2D SPACE',''
  ) );
#10492 = ORIENTED_EDGE('',*,*,#10039,.T.);
#10493 = ORIENTED_EDGE('',*,*,#10494,.F.);
#10494 = EDGE_CURVE('',#10444,#10017,#10495,.T.);
#10495 = SURFACE_CURVE('',#10496,(#10501,#10508),.PCURVE_S1.);
#10496 = CIRCLE('',#10497,4.48);
#10497 = AXIS2_PLACEMENT_3D('',#10498,#10499,#10500);
#10498 = CARTESIAN_POINT('',(-193.8266000923,-319.0120616575,
    513.25844544528));
#10499 = DIRECTION('',(-0.916346653744,0.362276584038,0.170483098371));
#10500 = DIRECTION('',(0.367658889371,0.929960720174,-2.388367281725E-14
    ));
#10501 = PCURVE('',#10055,#10502);
#10502 = DEFINITIONAL_REPRESENTATION('',(#10503),#10507);
#10503 = LINE('',#10504,#10505);
#10504 = CARTESIAN_POINT('',(-1.268826313857E-14,20.4454728266));
#10505 = VECTOR('',#10506,1.);
#10506 = DIRECTION('',(-1.,0.));
#10507 = ( GEOMETRIC_REPRESENTATION_CONTEXT(2)
PARAMETRIC_REPRESENTATION_CONTEXT() REPRESENTATION_CONTEXT('2D SPACE',''
  ) );
#10508 = PCURVE('',#10426,#10509);
#10509 = DEFINITIONAL_REPRESENTATION('',(#10510),#10514);
#10510 = LINE('',#10511,#10512);
#10511 = CARTESIAN_POINT('',(0.,0.));
#10512 = VECTOR('',#10513,1.);
#10513 = DIRECTION('',(1.,0.));
#10514 = ( GEOMETRIC_REPRESENTATION_CONTEXT(2)
PARAMETRIC_REPRESENTATION_CONTEXT() REPRESENTATION_CONTEXT('2D SPACE',''
  ) );
#10515 = ADVANCED_FACE('',(#10516),#10157,.T.);
#10516 = FACE_BOUND('',#10517,.F.);
#10517 = EDGE_LOOP('',(#10518,#10519,#10520,#10545));
#10518 = ORIENTED_EDGE('',*,*,#10173,.F.);
#10519 = ORIENTED_EDGE('',*,*,#10143,.T.);
#10520 = ORIENTED_EDGE('',*,*,#10521,.T.);
#10521 = EDGE_CURVE('',#10116,#10328,#10522,.T.);
#10522 = SURFACE_CURVE('',#10523,(#10528,#10534),.PCURVE_S1.);
#10523 = CIRCLE('',#10524,4.48);
#10524 = AXIS2_PLACEMENT_3D('',#10525,#10526,#10527);
#10525 = CARTESIAN_POINT('',(-205.4378568752,-314.4215647899,
    534.74155455471));
#10526 = DIRECTION('',(0.367658889371,0.929960720174,-2.713107516428E-15
    ));
#10527 = DIRECTION('',(0.158542584939,-6.26796266036E-02,0.985360600577)
  );
#10528 = PCURVE('',#10157,#10529);
#10529 = DEFINITIONAL_REPRESENTATION('',(#10530),#10533);
#10530 = B_SPLINE_CURVE_WITH_KNOTS('',1,(#10531,#10532),.UNSPECIFIED.,
  .F.,.F.,(2,2),(4.712388980385,6.28318530718),
  .PIECEWISE_BEZIER_KNOTS.);
#10531 = CARTESIAN_POINT('',(-1.570796326795,25.52));
#10532 = CARTESIAN_POINT('',(0.,25.52));
#10533 = ( GEOMETRIC_REPRESENTATION_CONTEXT(2)
PARAMETRIC_REPRESENTATION_CONTEXT() REPRESENTATION_CONTEXT('2D SPACE',''
  ) );
#10534 = PCURVE('',#10535,#10540);
#10535 = SPHERICAL_SURFACE('',#10536,4.48);
#10536 = AXIS2_PLACEMENT_3D('',#10537,#10538,#10539);
#10537 = CARTESIAN_POINT('',(-205.4378568752,-314.4215647899,
    534.74155455471));
#10538 = DIRECTION('',(0.916346653744,-0.362276584038,-0.170483098371));
#10539 = DIRECTION('',(0.367658889371,0.929960720174,1.748601263785E-15)
  );
#10540 = DEFINITIONAL_REPRESENTATION('',(#10541),#10544);
#10541 = B_SPLINE_CURVE_WITH_KNOTS('',1,(#10542,#10543),.UNSPECIFIED.,
  .F.,.F.,(2,2),(4.712388980385,6.28318530718),
  .PIECEWISE_BEZIER_KNOTS.);
#10542 = CARTESIAN_POINT('',(1.570796326795,-1.570796326795));
#10543 = CARTESIAN_POINT('',(1.570796326795,0.));
#10544 = ( GEOMETRIC_REPRESENTATION_CONTEXT(2)
PARAMETRIC_REPRESENTATION_CONTEXT() REPRESENTATION_CONTEXT('2D SPACE',''
  ) );
#10545 = ORIENTED_EDGE('',*,*,#10355,.F.);
#10546 = ADVANCED_FACE('',(#10547),#10131,.T.);
#10547 = FACE_BOUND('',#10548,.T.);
#10548 = EDGE_LOOP('',(#10549,#10569,#10570,#10592));
#10549 = ORIENTED_EDGE('',*,*,#10550,.F.);
#10550 = EDGE_CURVE('',#10093,#10442,#10551,.T.);
#10551 = SURFACE_CURVE('',#10552,(#10557,#10563),.PCURVE_S1.);
#10552 = CIRCLE('',#10553,4.48);
#10553 = AXIS2_PLACEMENT_3D('',#10554,#10555,#10556);
#10554 = CARTESIAN_POINT('',(-208.4565076924,-313.2281446994,
    515.98028871972));
#10555 = DIRECTION('',(-0.158542584939,6.26796266036E-02,-0.985360600577
    ));
#10556 = DIRECTION('',(0.367658889371,0.929960720174,2.525757381022E-15)
  );
#10557 = PCURVE('',#10131,#10558);
#10558 = DEFINITIONAL_REPRESENTATION('',(#10559),#10562);
#10559 = B_SPLINE_CURVE_WITH_KNOTS('',1,(#10560,#10561),.UNSPECIFIED.,
  .F.,.F.,(2,2),(4.712388980385,6.28318530718),
  .PIECEWISE_BEZIER_KNOTS.);
#10560 = CARTESIAN_POINT('',(1.570796326795,4.48));
#10561 = CARTESIAN_POINT('',(0.,4.48));
#10562 = ( GEOMETRIC_REPRESENTATION_CONTEXT(2)
PARAMETRIC_REPRESENTATION_CONTEXT() REPRESENTATION_CONTEXT('2D SPACE',''
  ) );
#10563 = PCURVE('',#10395,#10564);
#10564 = DEFINITIONAL_REPRESENTATION('',(#10565),#10568);
#10565 = B_SPLINE_CURVE_WITH_KNOTS('',1,(#10566,#10567),.UNSPECIFIED.,
  .F.,.F.,(2,2),(4.712388980385,6.28318530718),
  .PIECEWISE_BEZIER_KNOTS.);
#10566 = CARTESIAN_POINT('',(0.,-1.570796326795));
#10567 = CARTESIAN_POINT('',(0.,0.));
#10568 = ( GEOMETRIC_REPRESENTATION_CONTEXT(2)
PARAMETRIC_REPRESENTATION_CONTEXT() REPRESENTATION_CONTEXT('2D SPACE',''
  ) );
#10569 = ORIENTED_EDGE('',*,*,#10115,.T.);
#10570 = ORIENTED_EDGE('',*,*,#10571,.T.);
#10571 = EDGE_CURVE('',#10116,#10572,#10574,.T.);
#10572 = VERTEX_POINT('',#10573);
#10573 = CARTESIAN_POINT('',(-203.7907450508,-310.2553407635,
    534.74155455471));
#10574 = SURFACE_CURVE('',#10575,(#10580,#10586),.PCURVE_S1.);
#10575 = CIRCLE('',#10576,4.48);
#10576 = AXIS2_PLACEMENT_3D('',#10577,#10578,#10579);
#10577 = CARTESIAN_POINT('',(-205.4378568752,-314.4215647899,
    534.74155455471));
#10578 = DIRECTION('',(-0.158542584939,6.26796266036E-02,-0.985360600577
    ));
#10579 = DIRECTION('',(0.367658889371,0.929960720174,1.741662369881E-15)
  );
#10580 = PCURVE('',#10131,#10581);
#10581 = DEFINITIONAL_REPRESENTATION('',(#10582),#10585);
#10582 = B_SPLINE_CURVE_WITH_KNOTS('',1,(#10583,#10584),.UNSPECIFIED.,
  .F.,.F.,(2,2),(4.712388980385,6.28318530718),
  .PIECEWISE_BEZIER_KNOTS.);
#10583 = CARTESIAN_POINT('',(1.570796326795,23.52));
#10584 = CARTESIAN_POINT('',(0.,23.52));
#10585 = ( GEOMETRIC_REPRESENTATION_CONTEXT(2)
PARAMETRIC_REPRESENTATION_CONTEXT() REPRESENTATION_CONTEXT('2D SPACE',''
  ) );
#10586 = PCURVE('',#10535,#10587);
#10587 = DEFINITIONAL_REPRESENTATION('',(#10588),#10591);
#10588 = B_SPLINE_CURVE_WITH_KNOTS('',1,(#10589,#10590),.UNSPECIFIED.,
  .F.,.F.,(2,2),(4.712388980385,6.28318530718),
  .PIECEWISE_BEZIER_KNOTS.);
#10589 = CARTESIAN_POINT('',(0.,-1.570796326795));
#10590 = CARTESIAN_POINT('',(0.,0.));
#10591 = ( GEOMETRIC_REPRESENTATION_CONTEXT(2)
PARAMETRIC_REPRESENTATION_CONTEXT() REPRESENTATION_CONTEXT('2D SPACE',''
  ) );
#10592 = ORIENTED_EDGE('',*,*,#10593,.F.);
#10593 = EDGE_CURVE('',#10442,#10572,#10594,.T.);
#10594 = SURFACE_CURVE('',#10595,(#10599,#10606),.PCURVE_S1.);
#10595 = LINE('',#10596,#10597);
#10596 = CARTESIAN_POINT('',(-207.5196666486,-308.7811159458,
    511.56587322913));
#10597 = VECTOR('',#10598,1.);
#10598 = DIRECTION('',(0.158542584939,-6.26796266036E-02,0.985360600577)
  );
#10599 = PCURVE('',#10131,#10600);
#10600 = DEFINITIONAL_REPRESENTATION('',(#10601),#10605);
#10601 = LINE('',#10602,#10603);
#10602 = CARTESIAN_POINT('',(0.,0.));
#10603 = VECTOR('',#10604,1.);
#10604 = DIRECTION('',(0.,1.));
#10605 = ( GEOMETRIC_REPRESENTATION_CONTEXT(2)
PARAMETRIC_REPRESENTATION_CONTEXT() REPRESENTATION_CONTEXT('2D SPACE',''
  ) );
#10606 = PCURVE('',#10459,#10607);
#10607 = DEFINITIONAL_REPRESENTATION('',(#10608),#10612);
#10608 = LINE('',#10609,#10610);
#10609 = CARTESIAN_POINT('',(4.48,-5.684341886081E-14));
#10610 = VECTOR('',#10611,1.);
#10611 = DIRECTION('',(2.775557561563E-17,-1.));
#10612 = ( GEOMETRIC_REPRESENTATION_CONTEXT(2)
PARAMETRIC_REPRESENTATION_CONTEXT() REPRESENTATION_CONTEXT('2D SPACE',''
  ) );
#10613 = ADVANCED_FACE('',(#10614),#10263,.T.);
#10614 = FACE_BOUND('',#10615,.T.);
#10615 = EDGE_LOOP('',(#10616,#10617,#10618,#10643));
#10616 = ORIENTED_EDGE('',*,*,#10279,.T.);
#10617 = ORIENTED_EDGE('',*,*,#10249,.T.);
#10618 = ORIENTED_EDGE('',*,*,#10619,.F.);
#10619 = EDGE_CURVE('',#10305,#10222,#10620,.T.);
#10620 = SURFACE_CURVE('',#10621,(#10626,#10632),.PCURVE_S1.);
#10621 = CIRCLE('',#10622,4.48);
#10622 = AXIS2_PLACEMENT_3D('',#10623,#10624,#10625);
#10623 = CARTESIAN_POINT('',(-190.8079492751,-320.2054817481,
    532.01971128027));
#10624 = DIRECTION('',(0.367658889371,0.929960720174,-3.552713678801E-15
    ));
#10625 = DIRECTION('',(0.916346653744,-0.362276584038,-0.170483098371));
#10626 = PCURVE('',#10263,#10627);
#10627 = DEFINITIONAL_REPRESENTATION('',(#10628),#10631);
#10628 = B_SPLINE_CURVE_WITH_KNOTS('',1,(#10629,#10630),.UNSPECIFIED.,
  .F.,.F.,(2,2),(4.712388980385,6.28318530718),
  .PIECEWISE_BEZIER_KNOTS.);
#10629 = CARTESIAN_POINT('',(0.,25.52));
#10630 = CARTESIAN_POINT('',(1.570796326795,25.52));
#10631 = ( GEOMETRIC_REPRESENTATION_CONTEXT(2)
PARAMETRIC_REPRESENTATION_CONTEXT() REPRESENTATION_CONTEXT('2D SPACE',''
  ) );
#10632 = PCURVE('',#10633,#10638);
#10633 = SPHERICAL_SURFACE('',#10634,4.48);
#10634 = AXIS2_PLACEMENT_3D('',#10635,#10636,#10637);
#10635 = CARTESIAN_POINT('',(-190.8079492751,-320.2054817481,
    532.01971128027));
#10636 = DIRECTION('',(-0.158542584939,6.26796266036E-02,-0.985360600577
    ));
#10637 = DIRECTION('',(0.367658889371,0.929960720174,4.163336342344E-17)
  );
#10638 = DEFINITIONAL_REPRESENTATION('',(#10639),#10642);
#10639 = B_SPLINE_CURVE_WITH_KNOTS('',1,(#10640,#10641),.UNSPECIFIED.,
  .F.,.F.,(2,2),(4.712388980385,6.28318530718),
  .PIECEWISE_BEZIER_KNOTS.);
#10640 = CARTESIAN_POINT('',(1.570796326795,-1.570796326795));
#10641 = CARTESIAN_POINT('',(1.570796326795,0.));
#10642 = ( GEOMETRIC_REPRESENTATION_CONTEXT(2)
PARAMETRIC_REPRESENTATION_CONTEXT() REPRESENTATION_CONTEXT('2D SPACE',''
  ) );
#10643 = ORIENTED_EDGE('',*,*,#10304,.F.);
#10644 = ADVANCED_FACE('',(#10645),#10237,.T.);
#10645 = FACE_BOUND('',#10646,.F.);
#10646 = EDGE_LOOP('',(#10647,#10667,#10668,#10692));
#10647 = ORIENTED_EDGE('',*,*,#10648,.F.);
#10648 = EDGE_CURVE('',#10199,#10444,#10649,.T.);
#10649 = SURFACE_CURVE('',#10650,(#10655,#10661),.PCURVE_S1.);
#10650 = CIRCLE('',#10651,4.48);
#10651 = AXIS2_PLACEMENT_3D('',#10652,#10653,#10654);
#10652 = CARTESIAN_POINT('',(-193.8266000923,-319.0120616575,
    513.25844544528));
#10653 = DIRECTION('',(0.158542584939,-6.267962660358E-02,0.985360600577
    ));
#10654 = DIRECTION('',(0.367658889371,0.929960720174,-2.388367281725E-14
    ));
#10655 = PCURVE('',#10237,#10656);
#10656 = DEFINITIONAL_REPRESENTATION('',(#10657),#10660);
#10657 = B_SPLINE_CURVE_WITH_KNOTS('',1,(#10658,#10659),.UNSPECIFIED.,
  .F.,.F.,(2,2),(4.712388980385,6.28318530718),
  .PIECEWISE_BEZIER_KNOTS.);
#10658 = CARTESIAN_POINT('',(-1.570796326795,4.48));
#10659 = CARTESIAN_POINT('',(0.,4.48));
#10660 = ( GEOMETRIC_REPRESENTATION_CONTEXT(2)
PARAMETRIC_REPRESENTATION_CONTEXT() REPRESENTATION_CONTEXT('2D SPACE',''
  ) );
#10661 = PCURVE('',#10426,#10662);
#10662 = DEFINITIONAL_REPRESENTATION('',(#10663),#10666);
#10663 = B_SPLINE_CURVE_WITH_KNOTS('',1,(#10664,#10665),.UNSPECIFIED.,
  .F.,.F.,(2,2),(4.712388980385,6.28318530718),
  .PIECEWISE_BEZIER_KNOTS.);
#10664 = CARTESIAN_POINT('',(0.,-1.570796326795));
#10665 = CARTESIAN_POINT('',(0.,0.));
#10666 = ( GEOMETRIC_REPRESENTATION_CONTEXT(2)
PARAMETRIC_REPRESENTATION_CONTEXT() REPRESENTATION_CONTEXT('2D SPACE',''
  ) );
#10667 = ORIENTED_EDGE('',*,*,#10221,.T.);
#10668 = ORIENTED_EDGE('',*,*,#10669,.F.);
#10669 = EDGE_CURVE('',#10670,#10222,#10672,.T.);
#10670 = VERTEX_POINT('',#10671);
#10671 = CARTESIAN_POINT('',(-189.1608374507,-316.0392577217,
    532.01971128027));
#10672 = SURFACE_CURVE('',#10673,(#10678,#10685),.PCURVE_S1.);
#10673 = CIRCLE('',#10674,4.48);
#10674 = AXIS2_PLACEMENT_3D('',#10675,#10676,#10677);
#10675 = CARTESIAN_POINT('',(-190.8079492751,-320.2054817481,
    532.01971128027));
#10676 = DIRECTION('',(-0.158542584939,6.26796266036E-02,-0.985360600577
    ));
#10677 = DIRECTION('',(0.367658889371,0.929960720174,4.163336342344E-17)
  );
#10678 = PCURVE('',#10237,#10679);
#10679 = DEFINITIONAL_REPRESENTATION('',(#10680),#10684);
#10680 = LINE('',#10681,#10682);
#10681 = CARTESIAN_POINT('',(-0.,23.52));
#10682 = VECTOR('',#10683,1.);
#10683 = DIRECTION('',(-1.,0.));
#10684 = ( GEOMETRIC_REPRESENTATION_CONTEXT(2)
PARAMETRIC_REPRESENTATION_CONTEXT() REPRESENTATION_CONTEXT('2D SPACE',''
  ) );
#10685 = PCURVE('',#10633,#10686);
#10686 = DEFINITIONAL_REPRESENTATION('',(#10687),#10691);
#10687 = LINE('',#10688,#10689);
#10688 = CARTESIAN_POINT('',(0.,0.));
#10689 = VECTOR('',#10690,1.);
#10690 = DIRECTION('',(1.,0.));
#10691 = ( GEOMETRIC_REPRESENTATION_CONTEXT(2)
PARAMETRIC_REPRESENTATION_CONTEXT() REPRESENTATION_CONTEXT('2D SPACE',''
  ) );
#10692 = ORIENTED_EDGE('',*,*,#10693,.F.);
#10693 = EDGE_CURVE('',#10444,#10670,#10694,.T.);
#10694 = SURFACE_CURVE('',#10695,(#10699,#10706),.PCURVE_S1.);
#10695 = LINE('',#10696,#10697);
#10696 = CARTESIAN_POINT('',(-192.8897590485,-314.565032904,
    508.8440299547));
#10697 = VECTOR('',#10698,1.);
#10698 = DIRECTION('',(0.158542584939,-6.26796266036E-02,0.985360600577)
  );
#10699 = PCURVE('',#10237,#10700);
#10700 = DEFINITIONAL_REPRESENTATION('',(#10701),#10705);
#10701 = LINE('',#10702,#10703);
#10702 = CARTESIAN_POINT('',(-0.,0.));
#10703 = VECTOR('',#10704,1.);
#10704 = DIRECTION('',(-0.,1.));
#10705 = ( GEOMETRIC_REPRESENTATION_CONTEXT(2)
PARAMETRIC_REPRESENTATION_CONTEXT() REPRESENTATION_CONTEXT('2D SPACE',''
  ) );
#10706 = PCURVE('',#10459,#10707);
#10707 = DEFINITIONAL_REPRESENTATION('',(#10708),#10712);
#10708 = LINE('',#10709,#10710);
#10709 = CARTESIAN_POINT('',(20.4454728266,0.));
#10710 = VECTOR('',#10711,1.);
#10711 = DIRECTION('',(2.775557561563E-17,-1.));
#10712 = ( GEOMETRIC_REPRESENTATION_CONTEXT(2)
PARAMETRIC_REPRESENTATION_CONTEXT() REPRESENTATION_CONTEXT('2D SPACE',''
  ) );
#10713 = ADVANCED_FACE('',(#10714),#10343,.T.);
#10714 = FACE_BOUND('',#10715,.T.);
#10715 = EDGE_LOOP('',(#10716,#10737,#10759,#10760));
#10716 = ORIENTED_EDGE('',*,*,#10717,.F.);
#10717 = EDGE_CURVE('',#10572,#10670,#10718,.T.);
#10718 = SURFACE_CURVE('',#10719,(#10723,#10730),.PCURVE_S1.);
#10719 = LINE('',#10720,#10721);
#10720 = CARTESIAN_POINT('',(-207.8959780596,-308.632341667,
    535.50531883541));
#10721 = VECTOR('',#10722,1.);
#10722 = DIRECTION('',(0.916346653744,-0.362276584038,-0.170483098371));
#10723 = PCURVE('',#10343,#10724);
#10724 = DEFINITIONAL_REPRESENTATION('',(#10725),#10729);
#10725 = LINE('',#10726,#10727);
#10726 = CARTESIAN_POINT('',(0.,0.));
#10727 = VECTOR('',#10728,1.);
#10728 = DIRECTION('',(0.,1.));
#10729 = ( GEOMETRIC_REPRESENTATION_CONTEXT(2)
PARAMETRIC_REPRESENTATION_CONTEXT() REPRESENTATION_CONTEXT('2D SPACE',''
  ) );
#10730 = PCURVE('',#10459,#10731);
#10731 = DEFINITIONAL_REPRESENTATION('',(#10732),#10736);
#10732 = LINE('',#10733,#10734);
#10733 = CARTESIAN_POINT('',(-2.84217094304E-14,-23.52));
#10734 = VECTOR('',#10735,1.);
#10735 = DIRECTION('',(1.,-2.775557561563E-17));
#10736 = ( GEOMETRIC_REPRESENTATION_CONTEXT(2)
PARAMETRIC_REPRESENTATION_CONTEXT() REPRESENTATION_CONTEXT('2D SPACE',''
  ) );
#10737 = ORIENTED_EDGE('',*,*,#10738,.T.);
#10738 = EDGE_CURVE('',#10572,#10328,#10739,.T.);
#10739 = SURFACE_CURVE('',#10740,(#10745,#10752),.PCURVE_S1.);
#10740 = CIRCLE('',#10741,4.48);
#10741 = AXIS2_PLACEMENT_3D('',#10742,#10743,#10744);
#10742 = CARTESIAN_POINT('',(-205.4378568752,-314.4215647899,
    534.74155455471));
#10743 = DIRECTION('',(0.916346653744,-0.362276584038,-0.170483098371));
#10744 = DIRECTION('',(0.367658889371,0.929960720174,1.748601263785E-15)
  );
#10745 = PCURVE('',#10343,#10746);
#10746 = DEFINITIONAL_REPRESENTATION('',(#10747),#10751);
#10747 = LINE('',#10748,#10749);
#10748 = CARTESIAN_POINT('',(0.,4.48));
#10749 = VECTOR('',#10750,1.);
#10750 = DIRECTION('',(1.,0.));
#10751 = ( GEOMETRIC_REPRESENTATION_CONTEXT(2)
PARAMETRIC_REPRESENTATION_CONTEXT() REPRESENTATION_CONTEXT('2D SPACE',''
  ) );
#10752 = PCURVE('',#10535,#10753);
#10753 = DEFINITIONAL_REPRESENTATION('',(#10754),#10758);
#10754 = LINE('',#10755,#10756);
#10755 = CARTESIAN_POINT('',(0.,0.));
#10756 = VECTOR('',#10757,1.);
#10757 = DIRECTION('',(1.,0.));
#10758 = ( GEOMETRIC_REPRESENTATION_CONTEXT(2)
PARAMETRIC_REPRESENTATION_CONTEXT() REPRESENTATION_CONTEXT('2D SPACE',''
  ) );
#10759 = ORIENTED_EDGE('',*,*,#10327,.T.);
#10760 = ORIENTED_EDGE('',*,*,#10761,.T.);
#10761 = EDGE_CURVE('',#10305,#10670,#10762,.T.);
#10762 = SURFACE_CURVE('',#10763,(#10768,#10774),.PCURVE_S1.);
#10763 = CIRCLE('',#10764,4.48);
#10764 = AXIS2_PLACEMENT_3D('',#10765,#10766,#10767);
#10765 = CARTESIAN_POINT('',(-190.8079492751,-320.2054817481,
    532.01971128027));
#10766 = DIRECTION('',(-0.916346653744,0.362276584038,0.170483098371));
#10767 = DIRECTION('',(0.367658889371,0.929960720174,4.857225732735E-17)
  );
#10768 = PCURVE('',#10343,#10769);
#10769 = DEFINITIONAL_REPRESENTATION('',(#10770),#10773);
#10770 = B_SPLINE_CURVE_WITH_KNOTS('',1,(#10771,#10772),.UNSPECIFIED.,
  .F.,.F.,(2,2),(4.712388980385,6.28318530718),
  .PIECEWISE_BEZIER_KNOTS.);
#10771 = CARTESIAN_POINT('',(1.570796326795,20.4454728266));
#10772 = CARTESIAN_POINT('',(0.,20.4454728266));
#10773 = ( GEOMETRIC_REPRESENTATION_CONTEXT(2)
PARAMETRIC_REPRESENTATION_CONTEXT() REPRESENTATION_CONTEXT('2D SPACE',''
  ) );
#10774 = PCURVE('',#10633,#10775);
#10775 = DEFINITIONAL_REPRESENTATION('',(#10776),#10779);
#10776 = B_SPLINE_CURVE_WITH_KNOTS('',1,(#10777,#10778),.UNSPECIFIED.,
  .F.,.F.,(2,2),(4.712388980385,6.28318530718),
  .PIECEWISE_BEZIER_KNOTS.);
#10777 = CARTESIAN_POINT('',(0.,-1.570796326795));
#10778 = CARTESIAN_POINT('',(0.,0.));
#10779 = ( GEOMETRIC_REPRESENTATION_CONTEXT(2)
PARAMETRIC_REPRESENTATION_CONTEXT() REPRESENTATION_CONTEXT('2D SPACE',''
  ) );
#10780 = ADVANCED_FACE('',(#10781),#10395,.T.);
#10781 = FACE_BOUND('',#10782,.F.);
#10782 = EDGE_LOOP('',(#10783,#10784,#10785));
#10783 = ORIENTED_EDGE('',*,*,#10550,.F.);
#10784 = ORIENTED_EDGE('',*,*,#10381,.T.);
#10785 = ORIENTED_EDGE('',*,*,#10471,.F.);
#10786 = ADVANCED_FACE('',(#10787),#10426,.T.);
#10787 = FACE_BOUND('',#10788,.T.);
#10788 = EDGE_LOOP('',(#10789,#10790,#10791));
#10789 = ORIENTED_EDGE('',*,*,#10648,.F.);
#10790 = ORIENTED_EDGE('',*,*,#10412,.T.);
#10791 = ORIENTED_EDGE('',*,*,#10494,.F.);
#10792 = ADVANCED_FACE('',(#10793),#10459,.T.);
#10793 = FACE_BOUND('',#10794,.T.);
#10794 = EDGE_LOOP('',(#10795,#10796,#10797,#10798));
#10795 = ORIENTED_EDGE('',*,*,#10441,.F.);
#10796 = ORIENTED_EDGE('',*,*,#10593,.T.);
#10797 = ORIENTED_EDGE('',*,*,#10717,.T.);
#10798 = ORIENTED_EDGE('',*,*,#10693,.F.);
#10799 = ADVANCED_FACE('',(#10800),#10535,.T.);
#10800 = FACE_BOUND('',#10801,.T.);
#10801 = EDGE_LOOP('',(#10802,#10803,#10804));
#10802 = ORIENTED_EDGE('',*,*,#10571,.F.);
#10803 = ORIENTED_EDGE('',*,*,#10521,.T.);
#10804 = ORIENTED_EDGE('',*,*,#10738,.F.);
#10805 = ADVANCED_FACE('',(#10806),#10633,.T.);
#10806 = FACE_BOUND('',#10807,.T.);
#10807 = EDGE_LOOP('',(#10808,#10809,#10810));
#10808 = ORIENTED_EDGE('',*,*,#10761,.F.);
#10809 = ORIENTED_EDGE('',*,*,#10619,.T.);
#10810 = ORIENTED_EDGE('',*,*,#10669,.F.);
#10811 = ( GEOMETRIC_REPRESENTATION_CONTEXT(3)
GLOBAL_UNCERTAINTY_ASSIGNED_CONTEXT((#10815))
GLOBAL_UNIT_ASSIGNED_CONTEXT((#10812,#10813,#10814))
REPRESENTATION_CONTEXT('Context #1',
  '3D Context with UNIT and UNCERTAINTY') );
#10812 = ( LENGTH_UNIT() NAMED_UNIT(*) SI_UNIT(.MILLI.,.METRE.) );
#10813 = ( NAMED_UNIT(*) PLANE_ANGLE_UNIT() SI_UNIT($,.RADIAN.) );
#10814 = ( NAMED_UNIT(*) SI_UNIT($,.STERADIAN.) SOLID_ANGLE_UNIT() );
#10815 = UNCERTAINTY_MEASURE_WITH_UNIT(LENGTH_MEASURE(1.E-07),#10812,
  'distance_accuracy_value','confusion accuracy');
#10816 = CONTEXT_DEPENDENT_SHAPE_REPRESENTATION(#10817,#10819);
#10817 = ( REPRESENTATION_RELATIONSHIP('','',#9504,#10)
REPRESENTATION_RELATIONSHIP_WITH_TRANSFORMATION(#10818)
SHAPE_REPRESENTATION_RELATIONSHIP() );
#10818 = ITEM_DEFINED_TRANSFORMATION('','',#11,#39);
#10819 = PRODUCT_DEFINITION_SHAPE('Placement','Placement of an item',
  #10820);
#10820 = NEXT_ASSEMBLY_USAGE_OCCURRENCE('7','','',#5,#9499,$);
#10821 = PRODUCT_RELATED_PRODUCT_CATEGORY('part',$,(#9501));
#10822 = SHAPE_DEFINITION_REPRESENTATION(#10823,#10829);
#10823 = PRODUCT_DEFINITION_SHAPE('','',#10824);
#10824 = PRODUCT_DEFINITION('design','',#10825,#10828);
#10825 = PRODUCT_DEFINITION_FORMATION('','',#10826);
#10826 = PRODUCT('Open CASCADE STEP translator 7.7 4.8',
  'Open CASCADE STEP translator 7.7 4.8','',(#10827));
#10827 = PRODUCT_CONTEXT('',#2,'mechanical');
#10828 = PRODUCT_DEFINITION_CONTEXT('part definition',#2,'design');
#10829 = ADVANCED_BREP_SHAPE_REPRESENTATION('',(#11,#10830),#10928);
#10830 = MANIFOLD_SOLID_BREP('',#10831);
#10831 = CLOSED_SHELL('',(#10832,#10920,#10924));
#10832 = ADVANCED_FACE('',(#10833),#10846,.T.);
#10833 = FACE_BOUND('',#10834,.T.);
#10834 = EDGE_LOOP('',(#10835,#10869,#10892,#10919));
#10835 = ORIENTED_EDGE('',*,*,#10836,.F.);
#10836 = EDGE_CURVE('',#10837,#10837,#10839,.T.);
#10837 = VERTEX_POINT('',#10838);
#10838 = CARTESIAN_POINT('',(-141.56,118.,791.525));
#10839 = SURFACE_CURVE('',#10840,(#10845,#10857),.PCURVE_S1.);
#10840 = CIRCLE('',#10841,34.44);
#10841 = AXIS2_PLACEMENT_3D('',#10842,#10843,#10844);
#10842 = CARTESIAN_POINT('',(-176.,118.,791.525));
#10843 = DIRECTION('',(0.,0.,1.));
#10844 = DIRECTION('',(1.,0.,-0.));
#10845 = PCURVE('',#10846,#10851);
#10846 = CYLINDRICAL_SURFACE('',#10847,34.44);
#10847 = AXIS2_PLACEMENT_3D('',#10848,#10849,#10850);
#10848 = CARTESIAN_POINT('',(-176.,118.,748.475));
#10849 = DIRECTION('',(0.,0.,1.));
#10850 = DIRECTION('',(1.,0.,-0.));
#10851 = DEFINITIONAL_REPRESENTATION('',(#10852),#10856);
#10852 = LINE('',#10853,#10854);
#10853 = CARTESIAN_POINT('',(0.,43.05));
#10854 = VECTOR('',#10855,1.);
#10855 = DIRECTION('',(1.,0.));
#10856 = ( GEOMETRIC_REPRESENTATION_CONTEXT(2)
PARAMETRIC_REPRESENTATION_CONTEXT() REPRESENTATION_CONTEXT('2D SPACE',''
  ) );
#10857 = PCURVE('',#10858,#10863);
#10858 = PLANE('',#10859);
#10859 = AXIS2_PLACEMENT_3D('',#10860,#10861,#10862);
#10860 = CARTESIAN_POINT('',(-176.,118.,791.525));
#10861 = DIRECTION('',(0.,0.,1.));
#10862 = DIRECTION('',(1.,0.,-0.));
#10863 = DEFINITIONAL_REPRESENTATION('',(#10864),#10868);
#10864 = CIRCLE('',#10865,34.44);
#10865 = AXIS2_PLACEMENT_2D('',#10866,#10867);
#10866 = CARTESIAN_POINT('',(0.,0.));
#10867 = DIRECTION('',(1.,0.));
#10868 = ( GEOMETRIC_REPRESENTATION_CONTEXT(2)
PARAMETRIC_REPRESENTATION_CONTEXT() REPRESENTATION_CONTEXT('2D SPACE',''
  ) );
#10869 = ORIENTED_EDGE('',*,*,#10870,.F.);
#10870 = EDGE_CURVE('',#10871,#10837,#10873,.T.);
#10871 = VERTEX_POINT('',#10872);
#10872 = CARTESIAN_POINT('',(-141.56,118.,748.475));
#10873 = SEAM_CURVE('',#10874,(#10878,#10885),.PCURVE_S1.);
#10874 = LINE('',#10875,#10876);
#10875 = CARTESIAN_POINT('',(-141.56,118.,748.475));
#10876 = VECTOR('',#10877,1.);
#10877 = DIRECTION('',(0.,0.,1.));
#10878 = PCURVE('',#10846,#10879);
#10879 = DEFINITIONAL_REPRESENTATION('',(#10880),#10884);
#10880 = LINE('',#10881,#10882);
#10881 = CARTESIAN_POINT('',(6.28318530718,-0.));
#10882 = VECTOR('',#10883,1.);
#10883 = DIRECTION('',(0.,1.));
#10884 = ( GEOMETRIC_REPRESENTATION_CONTEXT(2)
PARAMETRIC_REPRESENTATION_CONTEXT() REPRESENTATION_CONTEXT('2D SPACE',''
  ) );
#10885 = PCURVE('',#10846,#10886);
#10886 = DEFINITIONAL_REPRESENTATION('',(#10887),#10891);
#10887 = LINE('',#10888,#10889);
#10888 = CARTESIAN_POINT('',(0.,-0.));
#10889 = VECTOR('',#10890,1.);
#10890 = DIRECTION('',(0.,1.));
#10891 = ( GEOMETRIC_REPRESENTATION_CONTEXT(2)
PARAMETRIC_REPRESENTATION_CONTEXT() REPRESENTATION_CONTEXT('2D SPACE',''
  ) );
#10892 = ORIENTED_EDGE('',*,*,#10893,.T.);
#10893 = EDGE_CURVE('',#10871,#10871,#10894,.T.);
#10894 = SURFACE_CURVE('',#10895,(#10900,#10907),.PCURVE_S1.);
#10895 = CIRCLE('',#10896,34.44);
#10896 = AXIS2_PLACEMENT_3D('',#10897,#10898,#10899);
#10897 = CARTESIAN_POINT('',(-176.,118.,748.475));
#10898 = DIRECTION('',(0.,0.,1.));
#10899 = DIRECTION('',(1.,0.,-0.));
#10900 = PCURVE('',#10846,#10901);
#10901 = DEFINITIONAL_REPRESENTATION('',(#10902),#10906);
#10902 = LINE('',#10903,#10904);
#10903 = CARTESIAN_POINT('',(0.,0.));
#10904 = VECTOR('',#10905,1.);
#10905 = DIRECTION('',(1.,0.));
#10906 = ( GEOMETRIC_REPRESENTATION_CONTEXT(2)
PARAMETRIC_REPRESENTATION_CONTEXT() REPRESENTATION_CONTEXT('2D SPACE',''
  ) );
#10907 = PCURVE('',#10908,#10913);
#10908 = PLANE('',#10909);
#10909 = AXIS2_PLACEMENT_3D('',#10910,#10911,#10912);
#10910 = CARTESIAN_POINT('',(-176.,118.,748.475));
#10911 = DIRECTION('',(0.,0.,1.));
#10912 = DIRECTION('',(1.,0.,-0.));
#10913 = DEFINITIONAL_REPRESENTATION('',(#10914),#10918);
#10914 = CIRCLE('',#10915,34.44);
#10915 = AXIS2_PLACEMENT_2D('',#10916,#10917);
#10916 = CARTESIAN_POINT('',(0.,0.));
#10917 = DIRECTION('',(1.,0.));
#10918 = ( GEOMETRIC_REPRESENTATION_CONTEXT(2)
PARAMETRIC_REPRESENTATION_CONTEXT() REPRESENTATION_CONTEXT('2D SPACE',''
  ) );
#10919 = ORIENTED_EDGE('',*,*,#10870,.T.);
#10920 = ADVANCED_FACE('',(#10921),#10858,.T.);
#10921 = FACE_BOUND('',#10922,.T.);
#10922 = EDGE_LOOP('',(#10923));
#10923 = ORIENTED_EDGE('',*,*,#10836,.T.);
#10924 = ADVANCED_FACE('',(#10925),#10908,.F.);
#10925 = FACE_BOUND('',#10926,.T.);
#10926 = EDGE_LOOP('',(#10927));
#10927 = ORIENTED_EDGE('',*,*,#10893,.F.);
#10928 = ( GEOMETRIC_REPRESENTATION_CONTEXT(3)
GLOBAL_UNCERTAINTY_ASSIGNED_CONTEXT((#10932))
GLOBAL_UNIT_ASSIGNED_CONTEXT((#10929,#10930,#10931))
REPRESENTATION_CONTEXT('Context #1',
  '3D Context with UNIT and UNCERTAINTY') );
#10929 = ( LENGTH_UNIT() NAMED_UNIT(*) SI_UNIT(.MILLI.,.METRE.) );
#10930 = ( NAMED_UNIT(*) PLANE_ANGLE_UNIT() SI_UNIT($,.RADIAN.) );
#10931 = ( NAMED_UNIT(*) SI_UNIT($,.STERADIAN.) SOLID_ANGLE_UNIT() );
#10932 = UNCERTAINTY_MEASURE_WITH_UNIT(LENGTH_MEASURE(1.E-07),#10929,
  'distance_accuracy_value','confusion accuracy');
#10933 = CONTEXT_DEPENDENT_SHAPE_REPRESENTATION(#10934,#10936);
#10934 = ( REPRESENTATION_RELATIONSHIP('','',#10829,#10)
REPRESENTATION_RELATIONSHIP_WITH_TRANSFORMATION(#10935)
SHAPE_REPRESENTATION_RELATIONSHIP() );
#10935 = ITEM_DEFINED_TRANSFORMATION('','',#11,#43);
#10936 = PRODUCT_DEFINITION_SHAPE('Placement','Placement of an item',
  #10937);
#10937 = NEXT_ASSEMBLY_USAGE_OCCURRENCE('8','','',#5,#10824,$);
#10938 = PRODUCT_RELATED_PRODUCT_CATEGORY('part',$,(#10826));
#10939 = SHAPE_DEFINITION_REPRESENTATION(#10940,#10946);
#10940 = PRODUCT_DEFINITION_SHAPE('','',#10941);
#10941 = PRODUCT_DEFINITION('design','',#10942,#10945);
#10942 = PRODUCT_DEFINITION_FORMATION('','',#10943);
#10943 = PRODUCT('Open CASCADE STEP translator 7.7 4.9',
  'Open CASCADE STEP translator 7.7 4.9','',(#10944));
#10944 = PRODUCT_CONTEXT('',#2,'mechanical');
#10945 = PRODUCT_DEFINITION_CONTEXT('part definition',#2,'design');
#10946 = ADVANCED_BREP_SHAPE_REPRESENTATION('',(#11,#10947),#11045);
#10947 = MANIFOLD_SOLID_BREP('',#10948);
#10948 = CLOSED_SHELL('',(#10949,#11037,#11041));
#10949 = ADVANCED_FACE('',(#10950),#10963,.T.);
#10950 = FACE_BOUND('',#10951,.T.);
#10951 = EDGE_LOOP('',(#10952,#10986,#11009,#11036));
#10952 = ORIENTED_EDGE('',*,*,#10953,.F.);
#10953 = EDGE_CURVE('',#10954,#10954,#10956,.T.);
#10954 = VERTEX_POINT('',#10955);
#10955 = CARTESIAN_POINT('',(-135.,118.,748.475));
#10956 = SURFACE_CURVE('',#10957,(#10962,#10974),.PCURVE_S1.);
#10957 = CIRCLE('',#10958,41.);
#10958 = AXIS2_PLACEMENT_3D('',#10959,#10960,#10961);
#10959 = CARTESIAN_POINT('',(-176.,118.,748.475));
#10960 = DIRECTION('',(0.,0.,1.));
#10961 = DIRECTION('',(1.,0.,-0.));
#10962 = PCURVE('',#10963,#10968);
#10963 = CYLINDRICAL_SURFACE('',#10964,41.);
#10964 = AXIS2_PLACEMENT_3D('',#10965,#10966,#10967);
#10965 = CARTESIAN_POINT('',(-176.,118.,745.475));
#10966 = DIRECTION('',(0.,0.,1.));
#10967 = DIRECTION('',(1.,0.,-0.));
#10968 = DEFINITIONAL_REPRESENTATION('',(#10969),#10973);
#10969 = LINE('',#10970,#10971);
#10970 = CARTESIAN_POINT('',(0.,3.));
#10971 = VECTOR('',#10972,1.);
#10972 = DIRECTION('',(1.,0.));
#10973 = ( GEOMETRIC_REPRESENTATION_CONTEXT(2)
PARAMETRIC_REPRESENTATION_CONTEXT() REPRESENTATION_CONTEXT('2D SPACE',''
  ) );
#10974 = PCURVE('',#10975,#10980);
#10975 = PLANE('',#10976);
#10976 = AXIS2_PLACEMENT_3D('',#10977,#10978,#10979);
#10977 = CARTESIAN_POINT('',(-176.,118.,748.475));
#10978 = DIRECTION('',(0.,0.,1.));
#10979 = DIRECTION('',(1.,0.,-0.));
#10980 = DEFINITIONAL_REPRESENTATION('',(#10981),#10985);
#10981 = CIRCLE('',#10982,41.);
#10982 = AXIS2_PLACEMENT_2D('',#10983,#10984);
#10983 = CARTESIAN_POINT('',(0.,0.));
#10984 = DIRECTION('',(1.,0.));
#10985 = ( GEOMETRIC_REPRESENTATION_CONTEXT(2)
PARAMETRIC_REPRESENTATION_CONTEXT() REPRESENTATION_CONTEXT('2D SPACE',''
  ) );
#10986 = ORIENTED_EDGE('',*,*,#10987,.F.);
#10987 = EDGE_CURVE('',#10988,#10954,#10990,.T.);
#10988 = VERTEX_POINT('',#10989);
#10989 = CARTESIAN_POINT('',(-135.,118.,745.475));
#10990 = SEAM_CURVE('',#10991,(#10995,#11002),.PCURVE_S1.);
#10991 = LINE('',#10992,#10993);
#10992 = CARTESIAN_POINT('',(-135.,118.,745.475));
#10993 = VECTOR('',#10994,1.);
#10994 = DIRECTION('',(0.,0.,1.));
#10995 = PCURVE('',#10963,#10996);
#10996 = DEFINITIONAL_REPRESENTATION('',(#10997),#11001);
#10997 = LINE('',#10998,#10999);
#10998 = CARTESIAN_POINT('',(6.28318530718,-0.));
#10999 = VECTOR('',#11000,1.);
#11000 = DIRECTION('',(0.,1.));
#11001 = ( GEOMETRIC_REPRESENTATION_CONTEXT(2)
PARAMETRIC_REPRESENTATION_CONTEXT() REPRESENTATION_CONTEXT('2D SPACE',''
  ) );
#11002 = PCURVE('',#10963,#11003);
#11003 = DEFINITIONAL_REPRESENTATION('',(#11004),#11008);
#11004 = LINE('',#11005,#11006);
#11005 = CARTESIAN_POINT('',(0.,-0.));
#11006 = VECTOR('',#11007,1.);
#11007 = DIRECTION('',(0.,1.));
#11008 = ( GEOMETRIC_REPRESENTATION_CONTEXT(2)
PARAMETRIC_REPRESENTATION_CONTEXT() REPRESENTATION_CONTEXT('2D SPACE',''
  ) );
#11009 = ORIENTED_EDGE('',*,*,#11010,.T.);
#11010 = EDGE_CURVE('',#10988,#10988,#11011,.T.);
#11011 = SURFACE_CURVE('',#11012,(#11017,#11024),.PCURVE_S1.);
#11012 = CIRCLE('',#11013,41.);
#11013 = AXIS2_PLACEMENT_3D('',#11014,#11015,#11016);
#11014 = CARTESIAN_POINT('',(-176.,118.,745.475));
#11015 = DIRECTION('',(0.,0.,1.));
#11016 = DIRECTION('',(1.,0.,-0.));
#11017 = PCURVE('',#10963,#11018);
#11018 = DEFINITIONAL_REPRESENTATION('',(#11019),#11023);
#11019 = LINE('',#11020,#11021);
#11020 = CARTESIAN_POINT('',(0.,0.));
#11021 = VECTOR('',#11022,1.);
#11022 = DIRECTION('',(1.,0.));
#11023 = ( GEOMETRIC_REPRESENTATION_CONTEXT(2)
PARAMETRIC_REPRESENTATION_CONTEXT() REPRESENTATION_CONTEXT('2D SPACE',''
  ) );
#11024 = PCURVE('',#11025,#11030);
#11025 = PLANE('',#11026);
#11026 = AXIS2_PLACEMENT_3D('',#11027,#11028,#11029);
#11027 = CARTESIAN_POINT('',(-176.,118.,745.475));
#11028 = DIRECTION('',(0.,0.,1.));
#11029 = DIRECTION('',(1.,0.,-0.));
#11030 = DEFINITIONAL_REPRESENTATION('',(#11031),#11035);
#11031 = CIRCLE('',#11032,41.);
#11032 = AXIS2_PLACEMENT_2D('',#11033,#11034);
#11033 = CARTESIAN_POINT('',(0.,0.));
#11034 = DIRECTION('',(1.,0.));
#11035 = ( GEOMETRIC_REPRESENTATION_CONTEXT(2)
PARAMETRIC_REPRESENTATION_CONTEXT() REPRESENTATION_CONTEXT('2D SPACE',''
  ) );
#11036 = ORIENTED_EDGE('',*,*,#10987,.T.);
#11037 = ADVANCED_FACE('',(#11038),#10975,.T.);
#11038 = FACE_BOUND('',#11039,.T.);
#11039 = EDGE_LOOP('',(#11040));
#11040 = ORIENTED_EDGE('',*,*,#10953,.T.);
#11041 = ADVANCED_FACE('',(#11042),#11025,.F.);
#11042 = FACE_BOUND('',#11043,.T.);
#11043 = EDGE_LOOP('',(#11044));
#11044 = ORIENTED_EDGE('',*,*,#11010,.F.);
#11045 = ( GEOMETRIC_REPRESENTATION_CONTEXT(3)
GLOBAL_UNCERTAINTY_ASSIGNED_CONTEXT((#11049))
GLOBAL_UNIT_ASSIGNED_CONTEXT((#11046,#11047,#11048))
REPRESENTATION_CONTEXT('Context #1',
  '3D Context with UNIT and UNCERTAINTY') );
#11046 = ( LENGTH_UNIT() NAMED_UNIT(*) SI_UNIT(.MILLI.,.METRE.) );
#11047 = ( NAMED_UNIT(*) PLANE_ANGLE_UNIT() SI_UNIT($,.RADIAN.) );
#11048 = ( NAMED_UNIT(*) SI_UNIT($,.STERADIAN.) SOLID_ANGLE_UNIT() );
#11049 = UNCERTAINTY_MEASURE_WITH_UNIT(LENGTH_MEASURE(1.E-07),#11046,
  'distance_accuracy_value','confusion accuracy');
#11050 = CONTEXT_DEPENDENT_SHAPE_REPRESENTATION(#11051,#11053);
#11051 = ( REPRESENTATION_RELATIONSHIP('','',#10946,#10)
REPRESENTATION_RELATIONSHIP_WITH_TRANSFORMATION(#11052)
SHAPE_REPRESENTATION_RELATIONSHIP() );
#11052 = ITEM_DEFINED_TRANSFORMATION('','',#11,#47);
#11053 = PRODUCT_DEFINITION_SHAPE('Placement','Placement of an item',
  #11054);
#11054 = NEXT_ASSEMBLY_USAGE_OCCURRENCE('9','','',#5,#10941,$);
#11055 = PRODUCT_RELATED_PRODUCT_CATEGORY('part',$,(#10943));
#11056 = SHAPE_DEFINITION_REPRESENTATION(#11057,#11063);
#11057 = PRODUCT_DEFINITION_SHAPE('','',#11058);
#11058 = PRODUCT_DEFINITION('design','',#11059,#11062);
#11059 = PRODUCT_DEFINITION_FORMATION('','',#11060);
#11060 = PRODUCT('Open CASCADE STEP translator 7.7 4.10',
  'Open CASCADE STEP translator 7.7 4.10','',(#11061));
#11061 = PRODUCT_CONTEXT('',#2,'mechanical');
#11062 = PRODUCT_DEFINITION_CONTEXT('part definition',#2,'design');
#11063 = ADVANCED_BREP_SHAPE_REPRESENTATION('',(#11,#11064),#11162);
#11064 = MANIFOLD_SOLID_BREP('',#11065);
#11065 = CLOSED_SHELL('',(#11066,#11154,#11158));
#11066 = ADVANCED_FACE('',(#11067),#11080,.T.);
#11067 = FACE_BOUND('',#11068,.T.);
#11068 = EDGE_LOOP('',(#11069,#11103,#11126,#11153));
#11069 = ORIENTED_EDGE('',*,*,#11070,.F.);
#11070 = EDGE_CURVE('',#11071,#11071,#11073,.T.);
#11071 = VERTEX_POINT('',#11072);
#11072 = CARTESIAN_POINT('',(-135.,118.,794.525));
#11073 = SURFACE_CURVE('',#11074,(#11079,#11091),.PCURVE_S1.);
#11074 = CIRCLE('',#11075,41.);
#11075 = AXIS2_PLACEMENT_3D('',#11076,#11077,#11078);
#11076 = CARTESIAN_POINT('',(-176.,118.,794.525));
#11077 = DIRECTION('',(0.,0.,1.));
#11078 = DIRECTION('',(1.,0.,-0.));
#11079 = PCURVE('',#11080,#11085);
#11080 = CYLINDRICAL_SURFACE('',#11081,41.);
#11081 = AXIS2_PLACEMENT_3D('',#11082,#11083,#11084);
#11082 = CARTESIAN_POINT('',(-176.,118.,791.525));
#11083 = DIRECTION('',(0.,0.,1.));
#11084 = DIRECTION('',(1.,0.,-0.));
#11085 = DEFINITIONAL_REPRESENTATION('',(#11086),#11090);
#11086 = LINE('',#11087,#11088);
#11087 = CARTESIAN_POINT('',(0.,3.));
#11088 = VECTOR('',#11089,1.);
#11089 = DIRECTION('',(1.,0.));
#11090 = ( GEOMETRIC_REPRESENTATION_CONTEXT(2)
PARAMETRIC_REPRESENTATION_CONTEXT() REPRESENTATION_CONTEXT('2D SPACE',''
  ) );
#11091 = PCURVE('',#11092,#11097);
#11092 = PLANE('',#11093);
#11093 = AXIS2_PLACEMENT_3D('',#11094,#11095,#11096);
#11094 = CARTESIAN_POINT('',(-176.,118.,794.525));
#11095 = DIRECTION('',(0.,0.,1.));
#11096 = DIRECTION('',(1.,0.,-0.));
#11097 = DEFINITIONAL_REPRESENTATION('',(#11098),#11102);
#11098 = CIRCLE('',#11099,41.);
#11099 = AXIS2_PLACEMENT_2D('',#11100,#11101);
#11100 = CARTESIAN_POINT('',(0.,0.));
#11101 = DIRECTION('',(1.,0.));
#11102 = ( GEOMETRIC_REPRESENTATION_CONTEXT(2)
PARAMETRIC_REPRESENTATION_CONTEXT() REPRESENTATION_CONTEXT('2D SPACE',''
  ) );
#11103 = ORIENTED_EDGE('',*,*,#11104,.F.);
#11104 = EDGE_CURVE('',#11105,#11071,#11107,.T.);
#11105 = VERTEX_POINT('',#11106);
#11106 = CARTESIAN_POINT('',(-135.,118.,791.525));
#11107 = SEAM_CURVE('',#11108,(#11112,#11119),.PCURVE_S1.);
#11108 = LINE('',#11109,#11110);
#11109 = CARTESIAN_POINT('',(-135.,118.,791.525));
#11110 = VECTOR('',#11111,1.);
#11111 = DIRECTION('',(0.,0.,1.));
#11112 = PCURVE('',#11080,#11113);
#11113 = DEFINITIONAL_REPRESENTATION('',(#11114),#11118);
#11114 = LINE('',#11115,#11116);
#11115 = CARTESIAN_POINT('',(6.28318530718,-0.));
#11116 = VECTOR('',#11117,1.);
#11117 = DIRECTION('',(0.,1.));
#11118 = ( GEOMETRIC_REPRESENTATION_CONTEXT(2)
PARAMETRIC_REPRESENTATION_CONTEXT() REPRESENTATION_CONTEXT('2D SPACE',''
  ) );
#11119 = PCURVE('',#11080,#11120);
#11120 = DEFINITIONAL_REPRESENTATION('',(#11121),#11125);
#11121 = LINE('',#11122,#11123);
#11122 = CARTESIAN_POINT('',(0.,-0.));
#11123 = VECTOR('',#11124,1.);
#11124 = DIRECTION('',(0.,1.));
#11125 = ( GEOMETRIC_REPRESENTATION_CONTEXT(2)
PARAMETRIC_REPRESENTATION_CONTEXT() REPRESENTATION_CONTEXT('2D SPACE',''
  ) );
#11126 = ORIENTED_EDGE('',*,*,#11127,.T.);
#11127 = EDGE_CURVE('',#11105,#11105,#11128,.T.);
#11128 = SURFACE_CURVE('',#11129,(#11134,#11141),.PCURVE_S1.);
#11129 = CIRCLE('',#11130,41.);
#11130 = AXIS2_PLACEMENT_3D('',#11131,#11132,#11133);
#11131 = CARTESIAN_POINT('',(-176.,118.,791.525));
#11132 = DIRECTION('',(0.,0.,1.));
#11133 = DIRECTION('',(1.,0.,-0.));
#11134 = PCURVE('',#11080,#11135);
#11135 = DEFINITIONAL_REPRESENTATION('',(#11136),#11140);
#11136 = LINE('',#11137,#11138);
#11137 = CARTESIAN_POINT('',(0.,0.));
#11138 = VECTOR('',#11139,1.);
#11139 = DIRECTION('',(1.,0.));
#11140 = ( GEOMETRIC_REPRESENTATION_CONTEXT(2)
PARAMETRIC_REPRESENTATION_CONTEXT() REPRESENTATION_CONTEXT('2D SPACE',''
  ) );
#11141 = PCURVE('',#11142,#11147);
#11142 = PLANE('',#11143);
#11143 = AXIS2_PLACEMENT_3D('',#11144,#11145,#11146);
#11144 = CARTESIAN_POINT('',(-176.,118.,791.525));
#11145 = DIRECTION('',(0.,0.,1.));
#11146 = DIRECTION('',(1.,0.,-0.));
#11147 = DEFINITIONAL_REPRESENTATION('',(#11148),#11152);
#11148 = CIRCLE('',#11149,41.);
#11149 = AXIS2_PLACEMENT_2D('',#11150,#11151);
#11150 = CARTESIAN_POINT('',(0.,0.));
#11151 = DIRECTION('',(1.,0.));
#11152 = ( GEOMETRIC_REPRESENTATION_CONTEXT(2)
PARAMETRIC_REPRESENTATION_CONTEXT() REPRESENTATION_CONTEXT('2D SPACE',''
  ) );
#11153 = ORIENTED_EDGE('',*,*,#11104,.T.);
#11154 = ADVANCED_FACE('',(#11155),#11092,.T.);
#11155 = FACE_BOUND('',#11156,.T.);
#11156 = EDGE_LOOP('',(#11157));
#11157 = ORIENTED_EDGE('',*,*,#11070,.T.);
#11158 = ADVANCED_FACE('',(#11159),#11142,.F.);
#11159 = FACE_BOUND('',#11160,.T.);
#11160 = EDGE_LOOP('',(#11161));
#11161 = ORIENTED_EDGE('',*,*,#11127,.F.);
#11162 = ( GEOMETRIC_REPRESENTATION_CONTEXT(3)
GLOBAL_UNCERTAINTY_ASSIGNED_CONTEXT((#11166))
GLOBAL_UNIT_ASSIGNED_CONTEXT((#11163,#11164,#11165))
REPRESENTATION_CONTEXT('Context #1',
  '3D Context with UNIT and UNCERTAINTY') );
#11163 = ( LENGTH_UNIT() NAMED_UNIT(*) SI_UNIT(.MILLI.,.METRE.) );
#11164 = ( NAMED_UNIT(*) PLANE_ANGLE_UNIT() SI_UNIT($,.RADIAN.) );
#11165 = ( NAMED_UNIT(*) SI_UNIT($,.STERADIAN.) SOLID_ANGLE_UNIT() );
#11166 = UNCERTAINTY_MEASURE_WITH_UNIT(LENGTH_MEASURE(1.E-07),#11163,
  'distance_accuracy_value','confusion accuracy');
#11167 = CONTEXT_DEPENDENT_SHAPE_REPRESENTATION(#11168,#11170);
#11168 = ( REPRESENTATION_RELATIONSHIP('','',#11063,#10)
REPRESENTATION_RELATIONSHIP_WITH_TRANSFORMATION(#11169)
SHAPE_REPRESENTATION_RELATIONSHIP() );
#11169 = ITEM_DEFINED_TRANSFORMATION('','',#11,#51);
#11170 = PRODUCT_DEFINITION_SHAPE('Placement','Placement of an item',
  #11171);
#11171 = NEXT_ASSEMBLY_USAGE_OCCURRENCE('10','','',#5,#11058,$);
#11172 = PRODUCT_RELATED_PRODUCT_CATEGORY('part',$,(#11060));
#11173 = SHAPE_DEFINITION_REPRESENTATION(#11174,#11180);
#11174 = PRODUCT_DEFINITION_SHAPE('','',#11175);
#11175 = PRODUCT_DEFINITION('design','',#11176,#11179);
#11176 = PRODUCT_DEFINITION_FORMATION('','',#11177);
#11177 = PRODUCT('Open CASCADE STEP translator 7.7 4.11',
  'Open CASCADE STEP translator 7.7 4.11','',(#11178));
#11178 = PRODUCT_CONTEXT('',#2,'mechanical');
#11179 = PRODUCT_DEFINITION_CONTEXT('part definition',#2,'design');
#11180 = ADVANCED_BREP_SHAPE_REPRESENTATION('',(#11,#11181),#11279);
#11181 = MANIFOLD_SOLID_BREP('',#11182);
#11182 = CLOSED_SHELL('',(#11183,#11271,#11275));
#11183 = ADVANCED_FACE('',(#11184),#11197,.T.);
#11184 = FACE_BOUND('',#11185,.T.);
#11185 = EDGE_LOOP('',(#11186,#11220,#11243,#11270));
#11186 = ORIENTED_EDGE('',*,*,#11187,.F.);
#11187 = EDGE_CURVE('',#11188,#11188,#11190,.T.);
#11188 = VERTEX_POINT('',#11189);
#11189 = CARTESIAN_POINT('',(-204.,105.85,786.56));
#11190 = SURFACE_CURVE('',#11191,(#11196,#11208),.PCURVE_S1.);
#11191 = CIRCLE('',#11192,28.56);
#11192 = AXIS2_PLACEMENT_3D('',#11193,#11194,#11195);
#11193 = CARTESIAN_POINT('',(-204.,105.85,758.));
#11194 = DIRECTION('',(0.,1.,0.));
#11195 = DIRECTION('',(0.,-0.,1.));
#11196 = PCURVE('',#11197,#11202);
#11197 = CYLINDRICAL_SURFACE('',#11198,28.56);
#11198 = AXIS2_PLACEMENT_3D('',#11199,#11200,#11201);
#11199 = CARTESIAN_POINT('',(-204.,70.15,758.));
#11200 = DIRECTION('',(0.,1.,0.));
#11201 = DIRECTION('',(0.,-0.,1.));
#11202 = DEFINITIONAL_REPRESENTATION('',(#11203),#11207);
#11203 = LINE('',#11204,#11205);
#11204 = CARTESIAN_POINT('',(0.,35.7));
#11205 = VECTOR('',#11206,1.);
#11206 = DIRECTION('',(1.,0.));
#11207 = ( GEOMETRIC_REPRESENTATION_CONTEXT(2)
PARAMETRIC_REPRESENTATION_CONTEXT() REPRESENTATION_CONTEXT('2D SPACE',''
  ) );
#11208 = PCURVE('',#11209,#11214);
#11209 = PLANE('',#11210);
#11210 = AXIS2_PLACEMENT_3D('',#11211,#11212,#11213);
#11211 = CARTESIAN_POINT('',(-204.,105.85,758.));
#11212 = DIRECTION('',(0.,1.,0.));
#11213 = DIRECTION('',(0.,-0.,1.));
#11214 = DEFINITIONAL_REPRESENTATION('',(#11215),#11219);
#11215 = CIRCLE('',#11216,28.56);
#11216 = AXIS2_PLACEMENT_2D('',#11217,#11218);
#11217 = CARTESIAN_POINT('',(0.,0.));
#11218 = DIRECTION('',(1.,0.));
#11219 = ( GEOMETRIC_REPRESENTATION_CONTEXT(2)
PARAMETRIC_REPRESENTATION_CONTEXT() REPRESENTATION_CONTEXT('2D SPACE',''
  ) );
#11220 = ORIENTED_EDGE('',*,*,#11221,.F.);
#11221 = EDGE_CURVE('',#11222,#11188,#11224,.T.);
#11222 = VERTEX_POINT('',#11223);
#11223 = CARTESIAN_POINT('',(-204.,70.15,786.56));
#11224 = SEAM_CURVE('',#11225,(#11229,#11236),.PCURVE_S1.);
#11225 = LINE('',#11226,#11227);
#11226 = CARTESIAN_POINT('',(-204.,70.15,786.56));
#11227 = VECTOR('',#11228,1.);
#11228 = DIRECTION('',(0.,1.,0.));
#11229 = PCURVE('',#11197,#11230);
#11230 = DEFINITIONAL_REPRESENTATION('',(#11231),#11235);
#11231 = LINE('',#11232,#11233);
#11232 = CARTESIAN_POINT('',(6.28318530718,-0.));
#11233 = VECTOR('',#11234,1.);
#11234 = DIRECTION('',(0.,1.));
#11235 = ( GEOMETRIC_REPRESENTATION_CONTEXT(2)
PARAMETRIC_REPRESENTATION_CONTEXT() REPRESENTATION_CONTEXT('2D SPACE',''
  ) );
#11236 = PCURVE('',#11197,#11237);
#11237 = DEFINITIONAL_REPRESENTATION('',(#11238),#11242);
#11238 = LINE('',#11239,#11240);
#11239 = CARTESIAN_POINT('',(0.,-0.));
#11240 = VECTOR('',#11241,1.);
#11241 = DIRECTION('',(0.,1.));
#11242 = ( GEOMETRIC_REPRESENTATION_CONTEXT(2)
PARAMETRIC_REPRESENTATION_CONTEXT() REPRESENTATION_CONTEXT('2D SPACE',''
  ) );
#11243 = ORIENTED_EDGE('',*,*,#11244,.T.);
#11244 = EDGE_CURVE('',#11222,#11222,#11245,.T.);
#11245 = SURFACE_CURVE('',#11246,(#11251,#11258),.PCURVE_S1.);
#11246 = CIRCLE('',#11247,28.56);
#11247 = AXIS2_PLACEMENT_3D('',#11248,#11249,#11250);
#11248 = CARTESIAN_POINT('',(-204.,70.15,758.));
#11249 = DIRECTION('',(0.,1.,0.));
#11250 = DIRECTION('',(0.,-0.,1.));
#11251 = PCURVE('',#11197,#11252);
#11252 = DEFINITIONAL_REPRESENTATION('',(#11253),#11257);
#11253 = LINE('',#11254,#11255);
#11254 = CARTESIAN_POINT('',(0.,0.));
#11255 = VECTOR('',#11256,1.);
#11256 = DIRECTION('',(1.,0.));
#11257 = ( GEOMETRIC_REPRESENTATION_CONTEXT(2)
PARAMETRIC_REPRESENTATION_CONTEXT() REPRESENTATION_CONTEXT('2D SPACE',''
  ) );
#11258 = PCURVE('',#11259,#11264);
#11259 = PLANE('',#11260);
#11260 = AXIS2_PLACEMENT_3D('',#11261,#11262,#11263);
#11261 = CARTESIAN_POINT('',(-204.,70.15,758.));
#11262 = DIRECTION('',(0.,1.,0.));
#11263 = DIRECTION('',(0.,-0.,1.));
#11264 = DEFINITIONAL_REPRESENTATION('',(#11265),#11269);
#11265 = CIRCLE('',#11266,28.56);
#11266 = AXIS2_PLACEMENT_2D('',#11267,#11268);
#11267 = CARTESIAN_POINT('',(0.,0.));
#11268 = DIRECTION('',(1.,0.));
#11269 = ( GEOMETRIC_REPRESENTATION_CONTEXT(2)
PARAMETRIC_REPRESENTATION_CONTEXT() REPRESENTATION_CONTEXT('2D SPACE',''
  ) );
#11270 = ORIENTED_EDGE('',*,*,#11221,.T.);
#11271 = ADVANCED_FACE('',(#11272),#11209,.T.);
#11272 = FACE_BOUND('',#11273,.T.);
#11273 = EDGE_LOOP('',(#11274));
#11274 = ORIENTED_EDGE('',*,*,#11187,.T.);
#11275 = ADVANCED_FACE('',(#11276),#11259,.F.);
#11276 = FACE_BOUND('',#11277,.T.);
#11277 = EDGE_LOOP('',(#11278));
#11278 = ORIENTED_EDGE('',*,*,#11244,.F.);
#11279 = ( GEOMETRIC_REPRESENTATION_CONTEXT(3)
GLOBAL_UNCERTAINTY_ASSIGNED_CONTEXT((#11283))
GLOBAL_UNIT_ASSIGNED_CONTEXT((#11280,#11281,#11282))
REPRESENTATION_CONTEXT('Context #1',
  '3D Context with UNIT and UNCERTAINTY') );
#11280 = ( LENGTH_UNIT() NAMED_UNIT(*) SI_UNIT(.MILLI.,.METRE.) );
#11281 = ( NAMED_UNIT(*) PLANE_ANGLE_UNIT() SI_UNIT($,.RADIAN.) );
#11282 = ( NAMED_UNIT(*) SI_UNIT($,.STERADIAN.) SOLID_ANGLE_UNIT() );
#11283 = UNCERTAINTY_MEASURE_WITH_UNIT(LENGTH_MEASURE(1.E-07),#11280,
  'distance_accuracy_value','confusion accuracy');
#11284 = CONTEXT_DEPENDENT_SHAPE_REPRESENTATION(#11285,#11287);
#11285 = ( REPRESENTATION_RELATIONSHIP('','',#11180,#10)
REPRESENTATION_RELATIONSHIP_WITH_TRANSFORMATION(#11286)
SHAPE_REPRESENTATION_RELATIONSHIP() );
#11286 = ITEM_DEFINED_TRANSFORMATION('','',#11,#55);
#11287 = PRODUCT_DEFINITION_SHAPE('Placement','Placement of an item',
  #11288);
#11288 = NEXT_ASSEMBLY_USAGE_OCCURRENCE('11','','',#5,#11175,$);
#11289 = PRODUCT_RELATED_PRODUCT_CATEGORY('part',$,(#11177));
#11290 = SHAPE_DEFINITION_REPRESENTATION(#11291,#11297);
#11291 = PRODUCT_DEFINITION_SHAPE('','',#11292);
#11292 = PRODUCT_DEFINITION('design','',#11293,#11296);
#11293 = PRODUCT_DEFINITION_FORMATION('','',#11294);
#11294 = PRODUCT('Open CASCADE STEP translator 7.7 4.12',
  'Open CASCADE STEP translator 7.7 4.12','',(#11295));
#11295 = PRODUCT_CONTEXT('',#2,'mechanical');
#11296 = PRODUCT_DEFINITION_CONTEXT('part definition',#2,'design');
#11297 = ADVANCED_BREP_SHAPE_REPRESENTATION('',(#11,#11298),#11396);
#11298 = MANIFOLD_SOLID_BREP('',#11299);
#11299 = CLOSED_SHELL('',(#11300,#11388,#11392));
#11300 = ADVANCED_FACE('',(#11301),#11314,.T.);
#11301 = FACE_BOUND('',#11302,.T.);
#11302 = EDGE_LOOP('',(#11303,#11337,#11360,#11387));
#11303 = ORIENTED_EDGE('',*,*,#11304,.F.);
#11304 = EDGE_CURVE('',#11305,#11305,#11307,.T.);
#11305 = VERTEX_POINT('',#11306);
#11306 = CARTESIAN_POINT('',(-204.,70.15,792.));
#11307 = SURFACE_CURVE('',#11308,(#11313,#11325),.PCURVE_S1.);
#11308 = CIRCLE('',#11309,34.);
#11309 = AXIS2_PLACEMENT_3D('',#11310,#11311,#11312);
#11310 = CARTESIAN_POINT('',(-204.,70.15,758.));
#11311 = DIRECTION('',(0.,1.,0.));
#11312 = DIRECTION('',(0.,-0.,1.));
#11313 = PCURVE('',#11314,#11319);
#11314 = CYLINDRICAL_SURFACE('',#11315,34.);
#11315 = AXIS2_PLACEMENT_3D('',#11316,#11317,#11318);
#11316 = CARTESIAN_POINT('',(-204.,67.15,758.));
#11317 = DIRECTION('',(0.,1.,0.));
#11318 = DIRECTION('',(0.,-0.,1.));
#11319 = DEFINITIONAL_REPRESENTATION('',(#11320),#11324);
#11320 = LINE('',#11321,#11322);
#11321 = CARTESIAN_POINT('',(0.,3.));
#11322 = VECTOR('',#11323,1.);
#11323 = DIRECTION('',(1.,0.));
#11324 = ( GEOMETRIC_REPRESENTATION_CONTEXT(2)
PARAMETRIC_REPRESENTATION_CONTEXT() REPRESENTATION_CONTEXT('2D SPACE',''
  ) );
#11325 = PCURVE('',#11326,#11331);
#11326 = PLANE('',#11327);
#11327 = AXIS2_PLACEMENT_3D('',#11328,#11329,#11330);
#11328 = CARTESIAN_POINT('',(-204.,70.15,758.));
#11329 = DIRECTION('',(0.,1.,0.));
#11330 = DIRECTION('',(0.,-0.,1.));
#11331 = DEFINITIONAL_REPRESENTATION('',(#11332),#11336);
#11332 = CIRCLE('',#11333,34.);
#11333 = AXIS2_PLACEMENT_2D('',#11334,#11335);
#11334 = CARTESIAN_POINT('',(0.,0.));
#11335 = DIRECTION('',(1.,0.));
#11336 = ( GEOMETRIC_REPRESENTATION_CONTEXT(2)
PARAMETRIC_REPRESENTATION_CONTEXT() REPRESENTATION_CONTEXT('2D SPACE',''
  ) );
#11337 = ORIENTED_EDGE('',*,*,#11338,.F.);
#11338 = EDGE_CURVE('',#11339,#11305,#11341,.T.);
#11339 = VERTEX_POINT('',#11340);
#11340 = CARTESIAN_POINT('',(-204.,67.15,792.));
#11341 = SEAM_CURVE('',#11342,(#11346,#11353),.PCURVE_S1.);
#11342 = LINE('',#11343,#11344);
#11343 = CARTESIAN_POINT('',(-204.,67.15,792.));
#11344 = VECTOR('',#11345,1.);
#11345 = DIRECTION('',(0.,1.,0.));
#11346 = PCURVE('',#11314,#11347);
#11347 = DEFINITIONAL_REPRESENTATION('',(#11348),#11352);
#11348 = LINE('',#11349,#11350);
#11349 = CARTESIAN_POINT('',(6.28318530718,-0.));
#11350 = VECTOR('',#11351,1.);
#11351 = DIRECTION('',(0.,1.));
#11352 = ( GEOMETRIC_REPRESENTATION_CONTEXT(2)
PARAMETRIC_REPRESENTATION_CONTEXT() REPRESENTATION_CONTEXT('2D SPACE',''
  ) );
#11353 = PCURVE('',#11314,#11354);
#11354 = DEFINITIONAL_REPRESENTATION('',(#11355),#11359);
#11355 = LINE('',#11356,#11357);
#11356 = CARTESIAN_POINT('',(0.,-0.));
#11357 = VECTOR('',#11358,1.);
#11358 = DIRECTION('',(0.,1.));
#11359 = ( GEOMETRIC_REPRESENTATION_CONTEXT(2)
PARAMETRIC_REPRESENTATION_CONTEXT() REPRESENTATION_CONTEXT('2D SPACE',''
  ) );
#11360 = ORIENTED_EDGE('',*,*,#11361,.T.);
#11361 = EDGE_CURVE('',#11339,#11339,#11362,.T.);
#11362 = SURFACE_CURVE('',#11363,(#11368,#11375),.PCURVE_S1.);
#11363 = CIRCLE('',#11364,34.);
#11364 = AXIS2_PLACEMENT_3D('',#11365,#11366,#11367);
#11365 = CARTESIAN_POINT('',(-204.,67.15,758.));
#11366 = DIRECTION('',(0.,1.,0.));
#11367 = DIRECTION('',(0.,-0.,1.));
#11368 = PCURVE('',#11314,#11369);
#11369 = DEFINITIONAL_REPRESENTATION('',(#11370),#11374);
#11370 = LINE('',#11371,#11372);
#11371 = CARTESIAN_POINT('',(0.,0.));
#11372 = VECTOR('',#11373,1.);
#11373 = DIRECTION('',(1.,0.));
#11374 = ( GEOMETRIC_REPRESENTATION_CONTEXT(2)
PARAMETRIC_REPRESENTATION_CONTEXT() REPRESENTATION_CONTEXT('2D SPACE',''
  ) );
#11375 = PCURVE('',#11376,#11381);
#11376 = PLANE('',#11377);
#11377 = AXIS2_PLACEMENT_3D('',#11378,#11379,#11380);
#11378 = CARTESIAN_POINT('',(-204.,67.15,758.));
#11379 = DIRECTION('',(0.,1.,0.));
#11380 = DIRECTION('',(0.,-0.,1.));
#11381 = DEFINITIONAL_REPRESENTATION('',(#11382),#11386);
#11382 = CIRCLE('',#11383,34.);
#11383 = AXIS2_PLACEMENT_2D('',#11384,#11385);
#11384 = CARTESIAN_POINT('',(0.,0.));
#11385 = DIRECTION('',(1.,0.));
#11386 = ( GEOMETRIC_REPRESENTATION_CONTEXT(2)
PARAMETRIC_REPRESENTATION_CONTEXT() REPRESENTATION_CONTEXT('2D SPACE',''
  ) );
#11387 = ORIENTED_EDGE('',*,*,#11338,.T.);
#11388 = ADVANCED_FACE('',(#11389),#11326,.T.);
#11389 = FACE_BOUND('',#11390,.T.);
#11390 = EDGE_LOOP('',(#11391));
#11391 = ORIENTED_EDGE('',*,*,#11304,.T.);
#11392 = ADVANCED_FACE('',(#11393),#11376,.F.);
#11393 = FACE_BOUND('',#11394,.T.);
#11394 = EDGE_LOOP('',(#11395));
#11395 = ORIENTED_EDGE('',*,*,#11361,.F.);
#11396 = ( GEOMETRIC_REPRESENTATION_CONTEXT(3)
GLOBAL_UNCERTAINTY_ASSIGNED_CONTEXT((#11400))
GLOBAL_UNIT_ASSIGNED_CONTEXT((#11397,#11398,#11399))
REPRESENTATION_CONTEXT('Context #1',
  '3D Context with UNIT and UNCERTAINTY') );
#11397 = ( LENGTH_UNIT() NAMED_UNIT(*) SI_UNIT(.MILLI.,.METRE.) );
#11398 = ( NAMED_UNIT(*) PLANE_ANGLE_UNIT() SI_UNIT($,.RADIAN.) );
#11399 = ( NAMED_UNIT(*) SI_UNIT($,.STERADIAN.) SOLID_ANGLE_UNIT() );
#11400 = UNCERTAINTY_MEASURE_WITH_UNIT(LENGTH_MEASURE(1.E-07),#11397,
  'distance_accuracy_value','confusion accuracy');
#11401 = CONTEXT_DEPENDENT_SHAPE_REPRESENTATION(#11402,#11404);
#11402 = ( REPRESENTATION_RELATIONSHIP('','',#11297,#10)
REPRESENTATION_RELATIONSHIP_WITH_TRANSFORMATION(#11403)
SHAPE_REPRESENTATION_RELATIONSHIP() );
#11403 = ITEM_DEFINED_TRANSFORMATION('','',#11,#59);
#11404 = PRODUCT_DEFINITION_SHAPE('Placement','Placement of an item',
  #11405);
#11405 = NEXT_ASSEMBLY_USAGE_OCCURRENCE('12','','',#5,#11292,$);
#11406 = PRODUCT_RELATED_PRODUCT_CATEGORY('part',$,(#11294));
#11407 = SHAPE_DEFINITION_REPRESENTATION(#11408,#11414);
#11408 = PRODUCT_DEFINITION_SHAPE('','',#11409);
#11409 = PRODUCT_DEFINITION('design','',#11410,#11413);
#11410 = PRODUCT_DEFINITION_FORMATION('','',#11411);
#11411 = PRODUCT('Open CASCADE STEP translator 7.7 4.13',
  'Open CASCADE STEP translator 7.7 4.13','',(#11412));
#11412 = PRODUCT_CONTEXT('',#2,'mechanical');
#11413 = PRODUCT_DEFINITION_CONTEXT('part definition',#2,'design');
#11414 = ADVANCED_BREP_SHAPE_REPRESENTATION('',(#11,#11415),#11513);
#11415 = MANIFOLD_SOLID_BREP('',#11416);
#11416 = CLOSED_SHELL('',(#11417,#11505,#11509));
#11417 = ADVANCED_FACE('',(#11418),#11431,.T.);
#11418 = FACE_BOUND('',#11419,.T.);
#11419 = EDGE_LOOP('',(#11420,#11454,#11477,#11504));
#11420 = ORIENTED_EDGE('',*,*,#11421,.F.);
#11421 = EDGE_CURVE('',#11422,#11422,#11424,.T.);
#11422 = VERTEX_POINT('',#11423);
#11423 = CARTESIAN_POINT('',(-204.,108.85,792.));
#11424 = SURFACE_CURVE('',#11425,(#11430,#11442),.PCURVE_S1.);
#11425 = CIRCLE('',#11426,34.);
#11426 = AXIS2_PLACEMENT_3D('',#11427,#11428,#11429);
#11427 = CARTESIAN_POINT('',(-204.,108.85,758.));
#11428 = DIRECTION('',(0.,1.,0.));
#11429 = DIRECTION('',(0.,-0.,1.));
#11430 = PCURVE('',#11431,#11436);
#11431 = CYLINDRICAL_SURFACE('',#11432,34.);
#11432 = AXIS2_PLACEMENT_3D('',#11433,#11434,#11435);
#11433 = CARTESIAN_POINT('',(-204.,105.85,758.));
#11434 = DIRECTION('',(0.,1.,0.));
#11435 = DIRECTION('',(0.,-0.,1.));
#11436 = DEFINITIONAL_REPRESENTATION('',(#11437),#11441);
#11437 = LINE('',#11438,#11439);
#11438 = CARTESIAN_POINT('',(0.,3.));
#11439 = VECTOR('',#11440,1.);
#11440 = DIRECTION('',(1.,0.));
#11441 = ( GEOMETRIC_REPRESENTATION_CONTEXT(2)
PARAMETRIC_REPRESENTATION_CONTEXT() REPRESENTATION_CONTEXT('2D SPACE',''
  ) );
#11442 = PCURVE('',#11443,#11448);
#11443 = PLANE('',#11444);
#11444 = AXIS2_PLACEMENT_3D('',#11445,#11446,#11447);
#11445 = CARTESIAN_POINT('',(-204.,108.85,758.));
#11446 = DIRECTION('',(0.,1.,0.));
#11447 = DIRECTION('',(0.,-0.,1.));
#11448 = DEFINITIONAL_REPRESENTATION('',(#11449),#11453);
#11449 = CIRCLE('',#11450,34.);
#11450 = AXIS2_PLACEMENT_2D('',#11451,#11452);
#11451 = CARTESIAN_POINT('',(0.,0.));
#11452 = DIRECTION('',(1.,0.));
#11453 = ( GEOMETRIC_REPRESENTATION_CONTEXT(2)
PARAMETRIC_REPRESENTATION_CONTEXT() REPRESENTATION_CONTEXT('2D SPACE',''
  ) );
#11454 = ORIENTED_EDGE('',*,*,#11455,.F.);
#11455 = EDGE_CURVE('',#11456,#11422,#11458,.T.);
#11456 = VERTEX_POINT('',#11457);
#11457 = CARTESIAN_POINT('',(-204.,105.85,792.));
#11458 = SEAM_CURVE('',#11459,(#11463,#11470),.PCURVE_S1.);
#11459 = LINE('',#11460,#11461);
#11460 = CARTESIAN_POINT('',(-204.,105.85,792.));
#11461 = VECTOR('',#11462,1.);
#11462 = DIRECTION('',(0.,1.,0.));
#11463 = PCURVE('',#11431,#11464);
#11464 = DEFINITIONAL_REPRESENTATION('',(#11465),#11469);
#11465 = LINE('',#11466,#11467);
#11466 = CARTESIAN_POINT('',(6.28318530718,-0.));
#11467 = VECTOR('',#11468,1.);
#11468 = DIRECTION('',(0.,1.));
#11469 = ( GEOMETRIC_REPRESENTATION_CONTEXT(2)
PARAMETRIC_REPRESENTATION_CONTEXT() REPRESENTATION_CONTEXT('2D SPACE',''
  ) );
#11470 = PCURVE('',#11431,#11471);
#11471 = DEFINITIONAL_REPRESENTATION('',(#11472),#11476);
#11472 = LINE('',#11473,#11474);
#11473 = CARTESIAN_POINT('',(0.,-0.));
#11474 = VECTOR('',#11475,1.);
#11475 = DIRECTION('',(0.,1.));
#11476 = ( GEOMETRIC_REPRESENTATION_CONTEXT(2)
PARAMETRIC_REPRESENTATION_CONTEXT() REPRESENTATION_CONTEXT('2D SPACE',''
  ) );
#11477 = ORIENTED_EDGE('',*,*,#11478,.T.);
#11478 = EDGE_CURVE('',#11456,#11456,#11479,.T.);
#11479 = SURFACE_CURVE('',#11480,(#11485,#11492),.PCURVE_S1.);
#11480 = CIRCLE('',#11481,34.);
#11481 = AXIS2_PLACEMENT_3D('',#11482,#11483,#11484);
#11482 = CARTESIAN_POINT('',(-204.,105.85,758.));
#11483 = DIRECTION('',(0.,1.,0.));
#11484 = DIRECTION('',(0.,-0.,1.));
#11485 = PCURVE('',#11431,#11486);
#11486 = DEFINITIONAL_REPRESENTATION('',(#11487),#11491);
#11487 = LINE('',#11488,#11489);
#11488 = CARTESIAN_POINT('',(0.,0.));
#11489 = VECTOR('',#11490,1.);
#11490 = DIRECTION('',(1.,0.));
#11491 = ( GEOMETRIC_REPRESENTATION_CONTEXT(2)
PARAMETRIC_REPRESENTATION_CONTEXT() REPRESENTATION_CONTEXT('2D SPACE',''
  ) );
#11492 = PCURVE('',#11493,#11498);
#11493 = PLANE('',#11494);
#11494 = AXIS2_PLACEMENT_3D('',#11495,#11496,#11497);
#11495 = CARTESIAN_POINT('',(-204.,105.85,758.));
#11496 = DIRECTION('',(0.,1.,0.));
#11497 = DIRECTION('',(0.,-0.,1.));
#11498 = DEFINITIONAL_REPRESENTATION('',(#11499),#11503);
#11499 = CIRCLE('',#11500,34.);
#11500 = AXIS2_PLACEMENT_2D('',#11501,#11502);
#11501 = CARTESIAN_POINT('',(0.,0.));
#11502 = DIRECTION('',(1.,0.));
#11503 = ( GEOMETRIC_REPRESENTATION_CONTEXT(2)
PARAMETRIC_REPRESENTATION_CONTEXT() REPRESENTATION_CONTEXT('2D SPACE',''
  ) );
#11504 = ORIENTED_EDGE('',*,*,#11455,.T.);
#11505 = ADVANCED_FACE('',(#11506),#11443,.T.);
#11506 = FACE_BOUND('',#11507,.T.);
#11507 = EDGE_LOOP('',(#11508));
#11508 = ORIENTED_EDGE('',*,*,#11421,.T.);
#11509 = ADVANCED_FACE('',(#11510),#11493,.F.);
#11510 = FACE_BOUND('',#11511,.T.);
#11511 = EDGE_LOOP('',(#11512));
#11512 = ORIENTED_EDGE('',*,*,#11478,.F.);
#11513 = ( GEOMETRIC_REPRESENTATION_CONTEXT(3)
GLOBAL_UNCERTAINTY_ASSIGNED_CONTEXT((#11517))
GLOBAL_UNIT_ASSIGNED_CONTEXT((#11514,#11515,#11516))
REPRESENTATION_CONTEXT('Context #1',
  '3D Context with UNIT and UNCERTAINTY') );
#11514 = ( LENGTH_UNIT() NAMED_UNIT(*) SI_UNIT(.MILLI.,.METRE.) );
#11515 = ( NAMED_UNIT(*) PLANE_ANGLE_UNIT() SI_UNIT($,.RADIAN.) );
#11516 = ( NAMED_UNIT(*) SI_UNIT($,.STERADIAN.) SOLID_ANGLE_UNIT() );
#11517 = UNCERTAINTY_MEASURE_WITH_UNIT(LENGTH_MEASURE(1.E-07),#11514,
  'distance_accuracy_value','confusion accuracy');
#11518 = CONTEXT_DEPENDENT_SHAPE_REPRESENTATION(#11519,#11521);
#11519 = ( REPRESENTATION_RELATIONSHIP('','',#11414,#10)
REPRESENTATION_RELATIONSHIP_WITH_TRANSFORMATION(#11520)
SHAPE_REPRESENTATION_RELATIONSHIP() );
#11520 = ITEM_DEFINED_TRANSFORMATION('','',#11,#63);
#11521 = PRODUCT_DEFINITION_SHAPE('Placement','Placement of an item',
  #11522);
#11522 = NEXT_ASSEMBLY_USAGE_OCCURRENCE('13','','',#5,#11409,$);
#11523 = PRODUCT_RELATED_PRODUCT_CATEGORY('part',$,(#11411));
#11524 = SHAPE_DEFINITION_REPRESENTATION(#11525,#11531);
#11525 = PRODUCT_DEFINITION_SHAPE('','',#11526);
#11526 = PRODUCT_DEFINITION('design','',#11527,#11530);
#11527 = PRODUCT_DEFINITION_FORMATION('','',#11528);
#11528 = PRODUCT('Open CASCADE STEP translator 7.7 4.14',
  'Open CASCADE STEP translator 7.7 4.14','',(#11529));
#11529 = PRODUCT_CONTEXT('',#2,'mechanical');
#11530 = PRODUCT_DEFINITION_CONTEXT('part definition',#2,'design');
#11531 = ADVANCED_BREP_SHAPE_REPRESENTATION('',(#11,#11532),#11630);
#11532 = MANIFOLD_SOLID_BREP('',#11533);
#11533 = CLOSED_SHELL('',(#11534,#11622,#11626));
#11534 = ADVANCED_FACE('',(#11535),#11548,.T.);
#11535 = FACE_BOUND('',#11536,.T.);
#11536 = EDGE_LOOP('',(#11537,#11571,#11594,#11621));
#11537 = ORIENTED_EDGE('',*,*,#11538,.F.);
#11538 = EDGE_CURVE('',#11539,#11539,#11541,.T.);
#11539 = VERTEX_POINT('',#11540);
#11540 = CARTESIAN_POINT('',(-234.775,48.,754.36));
#11541 = SURFACE_CURVE('',#11542,(#11547,#11559),.PCURVE_S1.);
#11542 = CIRCLE('',#11543,24.36);
#11543 = AXIS2_PLACEMENT_3D('',#11544,#11545,#11546);
#11544 = CARTESIAN_POINT('',(-234.775,48.,730.));
#11545 = DIRECTION('',(1.,0.,0.));
#11546 = DIRECTION('',(-0.,0.,1.));
#11547 = PCURVE('',#11548,#11553);
#11548 = CYLINDRICAL_SURFACE('',#11549,24.36);
#11549 = AXIS2_PLACEMENT_3D('',#11550,#11551,#11552);
#11550 = CARTESIAN_POINT('',(-265.225,48.,730.));
#11551 = DIRECTION('',(1.,0.,0.));
#11552 = DIRECTION('',(-0.,0.,1.));
#11553 = DEFINITIONAL_REPRESENTATION('',(#11554),#11558);
#11554 = LINE('',#11555,#11556);
#11555 = CARTESIAN_POINT('',(0.,30.45));
#11556 = VECTOR('',#11557,1.);
#11557 = DIRECTION('',(1.,0.));
#11558 = ( GEOMETRIC_REPRESENTATION_CONTEXT(2)
PARAMETRIC_REPRESENTATION_CONTEXT() REPRESENTATION_CONTEXT('2D SPACE',''
  ) );
#11559 = PCURVE('',#11560,#11565);
#11560 = PLANE('',#11561);
#11561 = AXIS2_PLACEMENT_3D('',#11562,#11563,#11564);
#11562 = CARTESIAN_POINT('',(-234.775,48.,730.));
#11563 = DIRECTION('',(1.,0.,0.));
#11564 = DIRECTION('',(-0.,0.,1.));
#11565 = DEFINITIONAL_REPRESENTATION('',(#11566),#11570);
#11566 = CIRCLE('',#11567,24.36);
#11567 = AXIS2_PLACEMENT_2D('',#11568,#11569);
#11568 = CARTESIAN_POINT('',(0.,0.));
#11569 = DIRECTION('',(1.,0.));
#11570 = ( GEOMETRIC_REPRESENTATION_CONTEXT(2)
PARAMETRIC_REPRESENTATION_CONTEXT() REPRESENTATION_CONTEXT('2D SPACE',''
  ) );
#11571 = ORIENTED_EDGE('',*,*,#11572,.F.);
#11572 = EDGE_CURVE('',#11573,#11539,#11575,.T.);
#11573 = VERTEX_POINT('',#11574);
#11574 = CARTESIAN_POINT('',(-265.225,48.,754.36));
#11575 = SEAM_CURVE('',#11576,(#11580,#11587),.PCURVE_S1.);
#11576 = LINE('',#11577,#11578);
#11577 = CARTESIAN_POINT('',(-265.225,48.,754.36));
#11578 = VECTOR('',#11579,1.);
#11579 = DIRECTION('',(1.,0.,0.));
#11580 = PCURVE('',#11548,#11581);
#11581 = DEFINITIONAL_REPRESENTATION('',(#11582),#11586);
#11582 = LINE('',#11583,#11584);
#11583 = CARTESIAN_POINT('',(6.28318530718,-0.));
#11584 = VECTOR('',#11585,1.);
#11585 = DIRECTION('',(0.,1.));
#11586 = ( GEOMETRIC_REPRESENTATION_CONTEXT(2)
PARAMETRIC_REPRESENTATION_CONTEXT() REPRESENTATION_CONTEXT('2D SPACE',''
  ) );
#11587 = PCURVE('',#11548,#11588);
#11588 = DEFINITIONAL_REPRESENTATION('',(#11589),#11593);
#11589 = LINE('',#11590,#11591);
#11590 = CARTESIAN_POINT('',(0.,-0.));
#11591 = VECTOR('',#11592,1.);
#11592 = DIRECTION('',(0.,1.));
#11593 = ( GEOMETRIC_REPRESENTATION_CONTEXT(2)
PARAMETRIC_REPRESENTATION_CONTEXT() REPRESENTATION_CONTEXT('2D SPACE',''
  ) );
#11594 = ORIENTED_EDGE('',*,*,#11595,.T.);
#11595 = EDGE_CURVE('',#11573,#11573,#11596,.T.);
#11596 = SURFACE_CURVE('',#11597,(#11602,#11609),.PCURVE_S1.);
#11597 = CIRCLE('',#11598,24.36);
#11598 = AXIS2_PLACEMENT_3D('',#11599,#11600,#11601);
#11599 = CARTESIAN_POINT('',(-265.225,48.,730.));
#11600 = DIRECTION('',(1.,0.,0.));
#11601 = DIRECTION('',(-0.,0.,1.));
#11602 = PCURVE('',#11548,#11603);
#11603 = DEFINITIONAL_REPRESENTATION('',(#11604),#11608);
#11604 = LINE('',#11605,#11606);
#11605 = CARTESIAN_POINT('',(0.,0.));
#11606 = VECTOR('',#11607,1.);
#11607 = DIRECTION('',(1.,0.));
#11608 = ( GEOMETRIC_REPRESENTATION_CONTEXT(2)
PARAMETRIC_REPRESENTATION_CONTEXT() REPRESENTATION_CONTEXT('2D SPACE',''
  ) );
#11609 = PCURVE('',#11610,#11615);
#11610 = PLANE('',#11611);
#11611 = AXIS2_PLACEMENT_3D('',#11612,#11613,#11614);
#11612 = CARTESIAN_POINT('',(-265.225,48.,730.));
#11613 = DIRECTION('',(1.,0.,0.));
#11614 = DIRECTION('',(-0.,0.,1.));
#11615 = DEFINITIONAL_REPRESENTATION('',(#11616),#11620);
#11616 = CIRCLE('',#11617,24.36);
#11617 = AXIS2_PLACEMENT_2D('',#11618,#11619);
#11618 = CARTESIAN_POINT('',(0.,0.));
#11619 = DIRECTION('',(1.,0.));
#11620 = ( GEOMETRIC_REPRESENTATION_CONTEXT(2)
PARAMETRIC_REPRESENTATION_CONTEXT() REPRESENTATION_CONTEXT('2D SPACE',''
  ) );
#11621 = ORIENTED_EDGE('',*,*,#11572,.T.);
#11622 = ADVANCED_FACE('',(#11623),#11560,.T.);
#11623 = FACE_BOUND('',#11624,.T.);
#11624 = EDGE_LOOP('',(#11625));
#11625 = ORIENTED_EDGE('',*,*,#11538,.T.);
#11626 = ADVANCED_FACE('',(#11627),#11610,.F.);
#11627 = FACE_BOUND('',#11628,.T.);
#11628 = EDGE_LOOP('',(#11629));
#11629 = ORIENTED_EDGE('',*,*,#11595,.F.);
#11630 = ( GEOMETRIC_REPRESENTATION_CONTEXT(3)
GLOBAL_UNCERTAINTY_ASSIGNED_CONTEXT((#11634))
GLOBAL_UNIT_ASSIGNED_CONTEXT((#11631,#11632,#11633))
REPRESENTATION_CONTEXT('Context #1',
  '3D Context with UNIT and UNCERTAINTY') );
#11631 = ( LENGTH_UNIT() NAMED_UNIT(*) SI_UNIT(.MILLI.,.METRE.) );
#11632 = ( NAMED_UNIT(*) PLANE_ANGLE_UNIT() SI_UNIT($,.RADIAN.) );
#11633 = ( NAMED_UNIT(*) SI_UNIT($,.STERADIAN.) SOLID_ANGLE_UNIT() );
#11634 = UNCERTAINTY_MEASURE_WITH_UNIT(LENGTH_MEASURE(1.E-07),#11631,
  'distance_accuracy_value','confusion accuracy');
#11635 = CONTEXT_DEPENDENT_SHAPE_REPRESENTATION(#11636,#11638);
#11636 = ( REPRESENTATION_RELATIONSHIP('','',#11531,#10)
REPRESENTATION_RELATIONSHIP_WITH_TRANSFORMATION(#11637)
SHAPE_REPRESENTATION_RELATIONSHIP() );
#11637 = ITEM_DEFINED_TRANSFORMATION('','',#11,#67);
#11638 = PRODUCT_DEFINITION_SHAPE('Placement','Placement of an item',
  #11639);
#11639 = NEXT_ASSEMBLY_USAGE_OCCURRENCE('14','','',#5,#11526,$);
#11640 = PRODUCT_RELATED_PRODUCT_CATEGORY('part',$,(#11528));
#11641 = SHAPE_DEFINITION_REPRESENTATION(#11642,#11648);
#11642 = PRODUCT_DEFINITION_SHAPE('','',#11643);
#11643 = PRODUCT_DEFINITION('design','',#11644,#11647);
#11644 = PRODUCT_DEFINITION_FORMATION('','',#11645);
#11645 = PRODUCT('Open CASCADE STEP translator 7.7 4.15',
  'Open CASCADE STEP translator 7.7 4.15','',(#11646));
#11646 = PRODUCT_CONTEXT('',#2,'mechanical');
#11647 = PRODUCT_DEFINITION_CONTEXT('part definition',#2,'design');
#11648 = ADVANCED_BREP_SHAPE_REPRESENTATION('',(#11,#11649),#11747);
#11649 = MANIFOLD_SOLID_BREP('',#11650);
#11650 = CLOSED_SHELL('',(#11651,#11739,#11743));
#11651 = ADVANCED_FACE('',(#11652),#11665,.T.);
#11652 = FACE_BOUND('',#11653,.T.);
#11653 = EDGE_LOOP('',(#11654,#11688,#11711,#11738));
#11654 = ORIENTED_EDGE('',*,*,#11655,.F.);
#11655 = EDGE_CURVE('',#11656,#11656,#11658,.T.);
#11656 = VERTEX_POINT('',#11657);
#11657 = CARTESIAN_POINT('',(-265.225,48.,759.));
#11658 = SURFACE_CURVE('',#11659,(#11664,#11676),.PCURVE_S1.);
#11659 = CIRCLE('',#11660,29.);
#11660 = AXIS2_PLACEMENT_3D('',#11661,#11662,#11663);
#11661 = CARTESIAN_POINT('',(-265.225,48.,730.));
#11662 = DIRECTION('',(1.,0.,0.));
#11663 = DIRECTION('',(-0.,0.,1.));
#11664 = PCURVE('',#11665,#11670);
#11665 = CYLINDRICAL_SURFACE('',#11666,29.);
#11666 = AXIS2_PLACEMENT_3D('',#11667,#11668,#11669);
#11667 = CARTESIAN_POINT('',(-268.225,48.,730.));
#11668 = DIRECTION('',(1.,0.,0.));
#11669 = DIRECTION('',(-0.,0.,1.));
#11670 = DEFINITIONAL_REPRESENTATION('',(#11671),#11675);
#11671 = LINE('',#11672,#11673);
#11672 = CARTESIAN_POINT('',(0.,3.));
#11673 = VECTOR('',#11674,1.);
#11674 = DIRECTION('',(1.,0.));
#11675 = ( GEOMETRIC_REPRESENTATION_CONTEXT(2)
PARAMETRIC_REPRESENTATION_CONTEXT() REPRESENTATION_CONTEXT('2D SPACE',''
  ) );
#11676 = PCURVE('',#11677,#11682);
#11677 = PLANE('',#11678);
#11678 = AXIS2_PLACEMENT_3D('',#11679,#11680,#11681);
#11679 = CARTESIAN_POINT('',(-265.225,48.,730.));
#11680 = DIRECTION('',(1.,0.,0.));
#11681 = DIRECTION('',(-0.,0.,1.));
#11682 = DEFINITIONAL_REPRESENTATION('',(#11683),#11687);
#11683 = CIRCLE('',#11684,29.);
#11684 = AXIS2_PLACEMENT_2D('',#11685,#11686);
#11685 = CARTESIAN_POINT('',(0.,0.));
#11686 = DIRECTION('',(1.,0.));
#11687 = ( GEOMETRIC_REPRESENTATION_CONTEXT(2)
PARAMETRIC_REPRESENTATION_CONTEXT() REPRESENTATION_CONTEXT('2D SPACE',''
  ) );
#11688 = ORIENTED_EDGE('',*,*,#11689,.F.);
#11689 = EDGE_CURVE('',#11690,#11656,#11692,.T.);
#11690 = VERTEX_POINT('',#11691);
#11691 = CARTESIAN_POINT('',(-268.225,48.,759.));
#11692 = SEAM_CURVE('',#11693,(#11697,#11704),.PCURVE_S1.);
#11693 = LINE('',#11694,#11695);
#11694 = CARTESIAN_POINT('',(-268.225,48.,759.));
#11695 = VECTOR('',#11696,1.);
#11696 = DIRECTION('',(1.,0.,0.));
#11697 = PCURVE('',#11665,#11698);
#11698 = DEFINITIONAL_REPRESENTATION('',(#11699),#11703);
#11699 = LINE('',#11700,#11701);
#11700 = CARTESIAN_POINT('',(6.28318530718,-0.));
#11701 = VECTOR('',#11702,1.);
#11702 = DIRECTION('',(0.,1.));
#11703 = ( GEOMETRIC_REPRESENTATION_CONTEXT(2)
PARAMETRIC_REPRESENTATION_CONTEXT() REPRESENTATION_CONTEXT('2D SPACE',''
  ) );
#11704 = PCURVE('',#11665,#11705);
#11705 = DEFINITIONAL_REPRESENTATION('',(#11706),#11710);
#11706 = LINE('',#11707,#11708);
#11707 = CARTESIAN_POINT('',(0.,-0.));
#11708 = VECTOR('',#11709,1.);
#11709 = DIRECTION('',(0.,1.));
#11710 = ( GEOMETRIC_REPRESENTATION_CONTEXT(2)
PARAMETRIC_REPRESENTATION_CONTEXT() REPRESENTATION_CONTEXT('2D SPACE',''
  ) );
#11711 = ORIENTED_EDGE('',*,*,#11712,.T.);
#11712 = EDGE_CURVE('',#11690,#11690,#11713,.T.);
#11713 = SURFACE_CURVE('',#11714,(#11719,#11726),.PCURVE_S1.);
#11714 = CIRCLE('',#11715,29.);
#11715 = AXIS2_PLACEMENT_3D('',#11716,#11717,#11718);
#11716 = CARTESIAN_POINT('',(-268.225,48.,730.));
#11717 = DIRECTION('',(1.,0.,0.));
#11718 = DIRECTION('',(-0.,0.,1.));
#11719 = PCURVE('',#11665,#11720);
#11720 = DEFINITIONAL_REPRESENTATION('',(#11721),#11725);
#11721 = LINE('',#11722,#11723);
#11722 = CARTESIAN_POINT('',(0.,0.));
#11723 = VECTOR('',#11724,1.);
#11724 = DIRECTION('',(1.,0.));
#11725 = ( GEOMETRIC_REPRESENTATION_CONTEXT(2)
PARAMETRIC_REPRESENTATION_CONTEXT() REPRESENTATION_CONTEXT('2D SPACE',''
  ) );
#11726 = PCURVE('',#11727,#11732);
#11727 = PLANE('',#11728);
#11728 = AXIS2_PLACEMENT_3D('',#11729,#11730,#11731);
#11729 = CARTESIAN_POINT('',(-268.225,48.,730.));
#11730 = DIRECTION('',(1.,0.,0.));
#11731 = DIRECTION('',(-0.,0.,1.));
#11732 = DEFINITIONAL_REPRESENTATION('',(#11733),#11737);
#11733 = CIRCLE('',#11734,29.);
#11734 = AXIS2_PLACEMENT_2D('',#11735,#11736);
#11735 = CARTESIAN_POINT('',(0.,0.));
#11736 = DIRECTION('',(1.,0.));
#11737 = ( GEOMETRIC_REPRESENTATION_CONTEXT(2)
PARAMETRIC_REPRESENTATION_CONTEXT() REPRESENTATION_CONTEXT('2D SPACE',''
  ) );
#11738 = ORIENTED_EDGE('',*,*,#11689,.T.);
#11739 = ADVANCED_FACE('',(#11740),#11677,.T.);
#11740 = FACE_BOUND('',#11741,.T.);
#11741 = EDGE_LOOP('',(#11742));
#11742 = ORIENTED_EDGE('',*,*,#11655,.T.);
#11743 = ADVANCED_FACE('',(#11744),#11727,.F.);
#11744 = FACE_BOUND('',#11745,.T.);
#11745 = EDGE_LOOP('',(#11746));
#11746 = ORIENTED_EDGE('',*,*,#11712,.F.);
#11747 = ( GEOMETRIC_REPRESENTATION_CONTEXT(3)
GLOBAL_UNCERTAINTY_ASSIGNED_CONTEXT((#11751))
GLOBAL_UNIT_ASSIGNED_CONTEXT((#11748,#11749,#11750))
REPRESENTATION_CONTEXT('Context #1',
  '3D Context with UNIT and UNCERTAINTY') );
#11748 = ( LENGTH_UNIT() NAMED_UNIT(*) SI_UNIT(.MILLI.,.METRE.) );
#11749 = ( NAMED_UNIT(*) PLANE_ANGLE_UNIT() SI_UNIT($,.RADIAN.) );
#11750 = ( NAMED_UNIT(*) SI_UNIT($,.STERADIAN.) SOLID_ANGLE_UNIT() );
#11751 = UNCERTAINTY_MEASURE_WITH_UNIT(LENGTH_MEASURE(1.E-07),#11748,
  'distance_accuracy_value','confusion accuracy');
#11752 = CONTEXT_DEPENDENT_SHAPE_REPRESENTATION(#11753,#11755);
#11753 = ( REPRESENTATION_RELATIONSHIP('','',#11648,#10)
REPRESENTATION_RELATIONSHIP_WITH_TRANSFORMATION(#11754)
SHAPE_REPRESENTATION_RELATIONSHIP() );
#11754 = ITEM_DEFINED_TRANSFORMATION('','',#11,#71);
#11755 = PRODUCT_DEFINITION_SHAPE('Placement','Placement of an item',
  #11756);
#11756 = NEXT_ASSEMBLY_USAGE_OCCURRENCE('15','','',#5,#11643,$);
#11757 = PRODUCT_RELATED_PRODUCT_CATEGORY('part',$,(#11645));
#11758 = SHAPE_DEFINITION_REPRESENTATION(#11759,#11765);
#11759 = PRODUCT_DEFINITION_SHAPE('','',#11760);
#11760 = PRODUCT_DEFINITION('design','',#11761,#11764);
#11761 = PRODUCT_DEFINITION_FORMATION('','',#11762);
#11762 = PRODUCT('Open CASCADE STEP translator 7.7 4.16',
  'Open CASCADE STEP translator 7.7 4.16','',(#11763));
#11763 = PRODUCT_CONTEXT('',#2,'mechanical');
#11764 = PRODUCT_DEFINITION_CONTEXT('part definition',#2,'design');
#11765 = ADVANCED_BREP_SHAPE_REPRESENTATION('',(#11,#11766),#11864);
#11766 = MANIFOLD_SOLID_BREP('',#11767);
#11767 = CLOSED_SHELL('',(#11768,#11856,#11860));
#11768 = ADVANCED_FACE('',(#11769),#11782,.T.);
#11769 = FACE_BOUND('',#11770,.T.);
#11770 = EDGE_LOOP('',(#11771,#11805,#11828,#11855));
#11771 = ORIENTED_EDGE('',*,*,#11772,.F.);
#11772 = EDGE_CURVE('',#11773,#11773,#11775,.T.);
#11773 = VERTEX_POINT('',#11774);
#11774 = CARTESIAN_POINT('',(-231.775,48.,759.));
#11775 = SURFACE_CURVE('',#11776,(#11781,#11793),.PCURVE_S1.);
#11776 = CIRCLE('',#11777,29.);
#11777 = AXIS2_PLACEMENT_3D('',#11778,#11779,#11780);
#11778 = CARTESIAN_POINT('',(-231.775,48.,730.));
#11779 = DIRECTION('',(1.,0.,0.));
#11780 = DIRECTION('',(-0.,0.,1.));
#11781 = PCURVE('',#11782,#11787);
#11782 = CYLINDRICAL_SURFACE('',#11783,29.);
#11783 = AXIS2_PLACEMENT_3D('',#11784,#11785,#11786);
#11784 = CARTESIAN_POINT('',(-234.775,48.,730.));
#11785 = DIRECTION('',(1.,0.,0.));
#11786 = DIRECTION('',(-0.,0.,1.));
#11787 = DEFINITIONAL_REPRESENTATION('',(#11788),#11792);
#11788 = LINE('',#11789,#11790);
#11789 = CARTESIAN_POINT('',(0.,3.));
#11790 = VECTOR('',#11791,1.);
#11791 = DIRECTION('',(1.,0.));
#11792 = ( GEOMETRIC_REPRESENTATION_CONTEXT(2)
PARAMETRIC_REPRESENTATION_CONTEXT() REPRESENTATION_CONTEXT('2D SPACE',''
  ) );
#11793 = PCURVE('',#11794,#11799);
#11794 = PLANE('',#11795);
#11795 = AXIS2_PLACEMENT_3D('',#11796,#11797,#11798);
#11796 = CARTESIAN_POINT('',(-231.775,48.,730.));
#11797 = DIRECTION('',(1.,0.,0.));
#11798 = DIRECTION('',(-0.,0.,1.));
#11799 = DEFINITIONAL_REPRESENTATION('',(#11800),#11804);
#11800 = CIRCLE('',#11801,29.);
#11801 = AXIS2_PLACEMENT_2D('',#11802,#11803);
#11802 = CARTESIAN_POINT('',(0.,0.));
#11803 = DIRECTION('',(1.,0.));
#11804 = ( GEOMETRIC_REPRESENTATION_CONTEXT(2)
PARAMETRIC_REPRESENTATION_CONTEXT() REPRESENTATION_CONTEXT('2D SPACE',''
  ) );
#11805 = ORIENTED_EDGE('',*,*,#11806,.F.);
#11806 = EDGE_CURVE('',#11807,#11773,#11809,.T.);
#11807 = VERTEX_POINT('',#11808);
#11808 = CARTESIAN_POINT('',(-234.775,48.,759.));
#11809 = SEAM_CURVE('',#11810,(#11814,#11821),.PCURVE_S1.);
#11810 = LINE('',#11811,#11812);
#11811 = CARTESIAN_POINT('',(-234.775,48.,759.));
#11812 = VECTOR('',#11813,1.);
#11813 = DIRECTION('',(1.,0.,0.));
#11814 = PCURVE('',#11782,#11815);
#11815 = DEFINITIONAL_REPRESENTATION('',(#11816),#11820);
#11816 = LINE('',#11817,#11818);
#11817 = CARTESIAN_POINT('',(6.28318530718,-0.));
#11818 = VECTOR('',#11819,1.);
#11819 = DIRECTION('',(0.,1.));
#11820 = ( GEOMETRIC_REPRESENTATION_CONTEXT(2)
PARAMETRIC_REPRESENTATION_CONTEXT() REPRESENTATION_CONTEXT('2D SPACE',''
  ) );
#11821 = PCURVE('',#11782,#11822);
#11822 = DEFINITIONAL_REPRESENTATION('',(#11823),#11827);
#11823 = LINE('',#11824,#11825);
#11824 = CARTESIAN_POINT('',(0.,-0.));
#11825 = VECTOR('',#11826,1.);
#11826 = DIRECTION('',(0.,1.));
#11827 = ( GEOMETRIC_REPRESENTATION_CONTEXT(2)
PARAMETRIC_REPRESENTATION_CONTEXT() REPRESENTATION_CONTEXT('2D SPACE',''
  ) );
#11828 = ORIENTED_EDGE('',*,*,#11829,.T.);
#11829 = EDGE_CURVE('',#11807,#11807,#11830,.T.);
#11830 = SURFACE_CURVE('',#11831,(#11836,#11843),.PCURVE_S1.);
#11831 = CIRCLE('',#11832,29.);
#11832 = AXIS2_PLACEMENT_3D('',#11833,#11834,#11835);
#11833 = CARTESIAN_POINT('',(-234.775,48.,730.));
#11834 = DIRECTION('',(1.,0.,0.));
#11835 = DIRECTION('',(-0.,0.,1.));
#11836 = PCURVE('',#11782,#11837);
#11837 = DEFINITIONAL_REPRESENTATION('',(#11838),#11842);
#11838 = LINE('',#11839,#11840);
#11839 = CARTESIAN_POINT('',(0.,0.));
#11840 = VECTOR('',#11841,1.);
#11841 = DIRECTION('',(1.,0.));
#11842 = ( GEOMETRIC_REPRESENTATION_CONTEXT(2)
PARAMETRIC_REPRESENTATION_CONTEXT() REPRESENTATION_CONTEXT('2D SPACE',''
  ) );
#11843 = PCURVE('',#11844,#11849);
#11844 = PLANE('',#11845);
#11845 = AXIS2_PLACEMENT_3D('',#11846,#11847,#11848);
#11846 = CARTESIAN_POINT('',(-234.775,48.,730.));
#11847 = DIRECTION('',(1.,0.,0.));
#11848 = DIRECTION('',(-0.,0.,1.));
#11849 = DEFINITIONAL_REPRESENTATION('',(#11850),#11854);
#11850 = CIRCLE('',#11851,29.);
#11851 = AXIS2_PLACEMENT_2D('',#11852,#11853);
#11852 = CARTESIAN_POINT('',(0.,0.));
#11853 = DIRECTION('',(1.,0.));
#11854 = ( GEOMETRIC_REPRESENTATION_CONTEXT(2)
PARAMETRIC_REPRESENTATION_CONTEXT() REPRESENTATION_CONTEXT('2D SPACE',''
  ) );
#11855 = ORIENTED_EDGE('',*,*,#11806,.T.);
#11856 = ADVANCED_FACE('',(#11857),#11794,.T.);
#11857 = FACE_BOUND('',#11858,.T.);
#11858 = EDGE_LOOP('',(#11859));
#11859 = ORIENTED_EDGE('',*,*,#11772,.T.);
#11860 = ADVANCED_FACE('',(#11861),#11844,.F.);
#11861 = FACE_BOUND('',#11862,.T.);
#11862 = EDGE_LOOP('',(#11863));
#11863 = ORIENTED_EDGE('',*,*,#11829,.F.);
#11864 = ( GEOMETRIC_REPRESENTATION_CONTEXT(3)
GLOBAL_UNCERTAINTY_ASSIGNED_CONTEXT((#11868))
GLOBAL_UNIT_ASSIGNED_CONTEXT((#11865,#11866,#11867))
REPRESENTATION_CONTEXT('Context #1',
  '3D Context with UNIT and UNCERTAINTY') );
#11865 = ( LENGTH_UNIT() NAMED_UNIT(*) SI_UNIT(.MILLI.,.METRE.) );
#11866 = ( NAMED_UNIT(*) PLANE_ANGLE_UNIT() SI_UNIT($,.RADIAN.) );
#11867 = ( NAMED_UNIT(*) SI_UNIT($,.STERADIAN.) SOLID_ANGLE_UNIT() );
#11868 = UNCERTAINTY_MEASURE_WITH_UNIT(LENGTH_MEASURE(1.E-07),#11865,
  'distance_accuracy_value','confusion accuracy');
#11869 = CONTEXT_DEPENDENT_SHAPE_REPRESENTATION(#11870,#11872);
#11870 = ( REPRESENTATION_RELATIONSHIP('','',#11765,#10)
REPRESENTATION_RELATIONSHIP_WITH_TRANSFORMATION(#11871)
SHAPE_REPRESENTATION_RELATIONSHIP() );
#11871 = ITEM_DEFINED_TRANSFORMATION('','',#11,#75);
#11872 = PRODUCT_DEFINITION_SHAPE('Placement','Placement of an item',
  #11873);
#11873 = NEXT_ASSEMBLY_USAGE_OCCURRENCE('16','','',#5,#11760,$);
#11874 = PRODUCT_RELATED_PRODUCT_CATEGORY('part',$,(#11762));
#11875 = SHAPE_DEFINITION_REPRESENTATION(#11876,#11882);
#11876 = PRODUCT_DEFINITION_SHAPE('','',#11877);
#11877 = PRODUCT_DEFINITION('design','',#11878,#11881);
#11878 = PRODUCT_DEFINITION_FORMATION('','',#11879);
#11879 = PRODUCT('Open CASCADE STEP translator 7.7 4.17',
  'Open CASCADE STEP translator 7.7 4.17','',(#11880));
#11880 = PRODUCT_CONTEXT('',#2,'mechanical');
#11881 = PRODUCT_DEFINITION_CONTEXT('part definition',#2,'design');
#11882 = ADVANCED_BREP_SHAPE_REPRESENTATION('',(#11,#11883),#11981);
#11883 = MANIFOLD_SOLID_BREP('',#11884);
#11884 = CLOSED_SHELL('',(#11885,#11973,#11977));
#11885 = ADVANCED_FACE('',(#11886),#11899,.T.);
#11886 = FACE_BOUND('',#11887,.T.);
#11887 = EDGE_LOOP('',(#11888,#11922,#11945,#11972));
#11888 = ORIENTED_EDGE('',*,*,#11889,.F.);
#11889 = EDGE_CURVE('',#11890,#11890,#11892,.T.);
#11890 = VERTEX_POINT('',#11891);
#11891 = CARTESIAN_POINT('',(-375.,-90.825,647.68));
#11892 = SURFACE_CURVE('',#11893,(#11898,#11910),.PCURVE_S1.);
#11893 = CIRCLE('',#11894,22.68);
#11894 = AXIS2_PLACEMENT_3D('',#11895,#11896,#11897);
#11895 = CARTESIAN_POINT('',(-375.,-90.825,625.));
#11896 = DIRECTION('',(0.,1.,0.));
#11897 = DIRECTION('',(0.,-0.,1.));
#11898 = PCURVE('',#11899,#11904);
#11899 = CYLINDRICAL_SURFACE('',#11900,22.68);
#11900 = AXIS2_PLACEMENT_3D('',#11901,#11902,#11903);
#11901 = CARTESIAN_POINT('',(-375.,-119.175,625.));
#11902 = DIRECTION('',(0.,1.,0.));
#11903 = DIRECTION('',(0.,-0.,1.));
#11904 = DEFINITIONAL_REPRESENTATION('',(#11905),#11909);
#11905 = LINE('',#11906,#11907);
#11906 = CARTESIAN_POINT('',(0.,28.35));
#11907 = VECTOR('',#11908,1.);
#11908 = DIRECTION('',(1.,0.));
#11909 = ( GEOMETRIC_REPRESENTATION_CONTEXT(2)
PARAMETRIC_REPRESENTATION_CONTEXT() REPRESENTATION_CONTEXT('2D SPACE',''
  ) );
#11910 = PCURVE('',#11911,#11916);
#11911 = PLANE('',#11912);
#11912 = AXIS2_PLACEMENT_3D('',#11913,#11914,#11915);
#11913 = CARTESIAN_POINT('',(-375.,-90.825,625.));
#11914 = DIRECTION('',(0.,1.,0.));
#11915 = DIRECTION('',(0.,-0.,1.));
#11916 = DEFINITIONAL_REPRESENTATION('',(#11917),#11921);
#11917 = CIRCLE('',#11918,22.68);
#11918 = AXIS2_PLACEMENT_2D('',#11919,#11920);
#11919 = CARTESIAN_POINT('',(0.,0.));
#11920 = DIRECTION('',(1.,0.));
#11921 = ( GEOMETRIC_REPRESENTATION_CONTEXT(2)
PARAMETRIC_REPRESENTATION_CONTEXT() REPRESENTATION_CONTEXT('2D SPACE',''
  ) );
#11922 = ORIENTED_EDGE('',*,*,#11923,.F.);
#11923 = EDGE_CURVE('',#11924,#11890,#11926,.T.);
#11924 = VERTEX_POINT('',#11925);
#11925 = CARTESIAN_POINT('',(-375.,-119.175,647.68));
#11926 = SEAM_CURVE('',#11927,(#11931,#11938),.PCURVE_S1.);
#11927 = LINE('',#11928,#11929);
#11928 = CARTESIAN_POINT('',(-375.,-119.175,647.68));
#11929 = VECTOR('',#11930,1.);
#11930 = DIRECTION('',(0.,1.,0.));
#11931 = PCURVE('',#11899,#11932);
#11932 = DEFINITIONAL_REPRESENTATION('',(#11933),#11937);
#11933 = LINE('',#11934,#11935);
#11934 = CARTESIAN_POINT('',(6.28318530718,-0.));
#11935 = VECTOR('',#11936,1.);
#11936 = DIRECTION('',(0.,1.));
#11937 = ( GEOMETRIC_REPRESENTATION_CONTEXT(2)
PARAMETRIC_REPRESENTATION_CONTEXT() REPRESENTATION_CONTEXT('2D SPACE',''
  ) );
#11938 = PCURVE('',#11899,#11939);
#11939 = DEFINITIONAL_REPRESENTATION('',(#11940),#11944);
#11940 = LINE('',#11941,#11942);
#11941 = CARTESIAN_POINT('',(0.,-0.));
#11942 = VECTOR('',#11943,1.);
#11943 = DIRECTION('',(0.,1.));
#11944 = ( GEOMETRIC_REPRESENTATION_CONTEXT(2)
PARAMETRIC_REPRESENTATION_CONTEXT() REPRESENTATION_CONTEXT('2D SPACE',''
  ) );
#11945 = ORIENTED_EDGE('',*,*,#11946,.T.);
#11946 = EDGE_CURVE('',#11924,#11924,#11947,.T.);
#11947 = SURFACE_CURVE('',#11948,(#11953,#11960),.PCURVE_S1.);
#11948 = CIRCLE('',#11949,22.68);
#11949 = AXIS2_PLACEMENT_3D('',#11950,#11951,#11952);
#11950 = CARTESIAN_POINT('',(-375.,-119.175,625.));
#11951 = DIRECTION('',(0.,1.,0.));
#11952 = DIRECTION('',(0.,-0.,1.));
#11953 = PCURVE('',#11899,#11954);
#11954 = DEFINITIONAL_REPRESENTATION('',(#11955),#11959);
#11955 = LINE('',#11956,#11957);
#11956 = CARTESIAN_POINT('',(0.,0.));
#11957 = VECTOR('',#11958,1.);
#11958 = DIRECTION('',(1.,0.));
#11959 = ( GEOMETRIC_REPRESENTATION_CONTEXT(2)
PARAMETRIC_REPRESENTATION_CONTEXT() REPRESENTATION_CONTEXT('2D SPACE',''
  ) );
#11960 = PCURVE('',#11961,#11966);
#11961 = PLANE('',#11962);
#11962 = AXIS2_PLACEMENT_3D('',#11963,#11964,#11965);
#11963 = CARTESIAN_POINT('',(-375.,-119.175,625.));
#11964 = DIRECTION('',(0.,1.,0.));
#11965 = DIRECTION('',(0.,-0.,1.));
#11966 = DEFINITIONAL_REPRESENTATION('',(#11967),#11971);
#11967 = CIRCLE('',#11968,22.68);
#11968 = AXIS2_PLACEMENT_2D('',#11969,#11970);
#11969 = CARTESIAN_POINT('',(0.,0.));
#11970 = DIRECTION('',(1.,0.));
#11971 = ( GEOMETRIC_REPRESENTATION_CONTEXT(2)
PARAMETRIC_REPRESENTATION_CONTEXT() REPRESENTATION_CONTEXT('2D SPACE',''
  ) );
#11972 = ORIENTED_EDGE('',*,*,#11923,.T.);
#11973 = ADVANCED_FACE('',(#11974),#11911,.T.);
#11974 = FACE_BOUND('',#11975,.T.);
#11975 = EDGE_LOOP('',(#11976));
#11976 = ORIENTED_EDGE('',*,*,#11889,.T.);
#11977 = ADVANCED_FACE('',(#11978),#11961,.F.);
#11978 = FACE_BOUND('',#11979,.T.);
#11979 = EDGE_LOOP('',(#11980));
#11980 = ORIENTED_EDGE('',*,*,#11946,.F.);
#11981 = ( GEOMETRIC_REPRESENTATION_CONTEXT(3)
GLOBAL_UNCERTAINTY_ASSIGNED_CONTEXT((#11985))
GLOBAL_UNIT_ASSIGNED_CONTEXT((#11982,#11983,#11984))
REPRESENTATION_CONTEXT('Context #1',
  '3D Context with UNIT and UNCERTAINTY') );
#11982 = ( LENGTH_UNIT() NAMED_UNIT(*) SI_UNIT(.MILLI.,.METRE.) );
#11983 = ( NAMED_UNIT(*) PLANE_ANGLE_UNIT() SI_UNIT($,.RADIAN.) );
#11984 = ( NAMED_UNIT(*) SI_UNIT($,.STERADIAN.) SOLID_ANGLE_UNIT() );
#11985 = UNCERTAINTY_MEASURE_WITH_UNIT(LENGTH_MEASURE(1.E-07),#11982,
  'distance_accuracy_value','confusion accuracy');
#11986 = CONTEXT_DEPENDENT_SHAPE_REPRESENTATION(#11987,#11989);
#11987 = ( REPRESENTATION_RELATIONSHIP('','',#11882,#10)
REPRESENTATION_RELATIONSHIP_WITH_TRANSFORMATION(#11988)
SHAPE_REPRESENTATION_RELATIONSHIP() );
#11988 = ITEM_DEFINED_TRANSFORMATION('','',#11,#79);
#11989 = PRODUCT_DEFINITION_SHAPE('Placement','Placement of an item',
  #11990);
#11990 = NEXT_ASSEMBLY_USAGE_OCCURRENCE('17','','',#5,#11877,$);
#11991 = PRODUCT_RELATED_PRODUCT_CATEGORY('part',$,(#11879));
#11992 = SHAPE_DEFINITION_REPRESENTATION(#11993,#11999);
#11993 = PRODUCT_DEFINITION_SHAPE('','',#11994);
#11994 = PRODUCT_DEFINITION('design','',#11995,#11998);
#11995 = PRODUCT_DEFINITION_FORMATION('','',#11996);
#11996 = PRODUCT('Open CASCADE STEP translator 7.7 4.18',
  'Open CASCADE STEP translator 7.7 4.18','',(#11997));
#11997 = PRODUCT_CONTEXT('',#2,'mechanical');
#11998 = PRODUCT_DEFINITION_CONTEXT('part definition',#2,'design');
#11999 = ADVANCED_BREP_SHAPE_REPRESENTATION('',(#11,#12000),#12098);
#12000 = MANIFOLD_SOLID_BREP('',#12001);
#12001 = CLOSED_SHELL('',(#12002,#12090,#12094));
#12002 = ADVANCED_FACE('',(#12003),#12016,.T.);
#12003 = FACE_BOUND('',#12004,.T.);
#12004 = EDGE_LOOP('',(#12005,#12039,#12062,#12089));
#12005 = ORIENTED_EDGE('',*,*,#12006,.F.);
#12006 = EDGE_CURVE('',#12007,#12007,#12009,.T.);
#12007 = VERTEX_POINT('',#12008);
#12008 = CARTESIAN_POINT('',(-375.,-119.175,652.));
#12009 = SURFACE_CURVE('',#12010,(#12015,#12027),.PCURVE_S1.);
#12010 = CIRCLE('',#12011,27.);
#12011 = AXIS2_PLACEMENT_3D('',#12012,#12013,#12014);
#12012 = CARTESIAN_POINT('',(-375.,-119.175,625.));
#12013 = DIRECTION('',(0.,1.,0.));
#12014 = DIRECTION('',(0.,-0.,1.));
#12015 = PCURVE('',#12016,#12021);
#12016 = CYLINDRICAL_SURFACE('',#12017,27.);
#12017 = AXIS2_PLACEMENT_3D('',#12018,#12019,#12020);
#12018 = CARTESIAN_POINT('',(-375.,-122.175,625.));
#12019 = DIRECTION('',(0.,1.,0.));
#12020 = DIRECTION('',(0.,-0.,1.));
#12021 = DEFINITIONAL_REPRESENTATION('',(#12022),#12026);
#12022 = LINE('',#12023,#12024);
#12023 = CARTESIAN_POINT('',(0.,3.));
#12024 = VECTOR('',#12025,1.);
#12025 = DIRECTION('',(1.,0.));
#12026 = ( GEOMETRIC_REPRESENTATION_CONTEXT(2)
PARAMETRIC_REPRESENTATION_CONTEXT() REPRESENTATION_CONTEXT('2D SPACE',''
  ) );
#12027 = PCURVE('',#12028,#12033);
#12028 = PLANE('',#12029);
#12029 = AXIS2_PLACEMENT_3D('',#12030,#12031,#12032);
#12030 = CARTESIAN_POINT('',(-375.,-119.175,625.));
#12031 = DIRECTION('',(0.,1.,0.));
#12032 = DIRECTION('',(0.,-0.,1.));
#12033 = DEFINITIONAL_REPRESENTATION('',(#12034),#12038);
#12034 = CIRCLE('',#12035,27.);
#12035 = AXIS2_PLACEMENT_2D('',#12036,#12037);
#12036 = CARTESIAN_POINT('',(0.,0.));
#12037 = DIRECTION('',(1.,0.));
#12038 = ( GEOMETRIC_REPRESENTATION_CONTEXT(2)
PARAMETRIC_REPRESENTATION_CONTEXT() REPRESENTATION_CONTEXT('2D SPACE',''
  ) );
#12039 = ORIENTED_EDGE('',*,*,#12040,.F.);
#12040 = EDGE_CURVE('',#12041,#12007,#12043,.T.);
#12041 = VERTEX_POINT('',#12042);
#12042 = CARTESIAN_POINT('',(-375.,-122.175,652.));
#12043 = SEAM_CURVE('',#12044,(#12048,#12055),.PCURVE_S1.);
#12044 = LINE('',#12045,#12046);
#12045 = CARTESIAN_POINT('',(-375.,-122.175,652.));
#12046 = VECTOR('',#12047,1.);
#12047 = DIRECTION('',(0.,1.,0.));
#12048 = PCURVE('',#12016,#12049);
#12049 = DEFINITIONAL_REPRESENTATION('',(#12050),#12054);
#12050 = LINE('',#12051,#12052);
#12051 = CARTESIAN_POINT('',(6.28318530718,-0.));
#12052 = VECTOR('',#12053,1.);
#12053 = DIRECTION('',(0.,1.));
#12054 = ( GEOMETRIC_REPRESENTATION_CONTEXT(2)
PARAMETRIC_REPRESENTATION_CONTEXT() REPRESENTATION_CONTEXT('2D SPACE',''
  ) );
#12055 = PCURVE('',#12016,#12056);
#12056 = DEFINITIONAL_REPRESENTATION('',(#12057),#12061);
#12057 = LINE('',#12058,#12059);
#12058 = CARTESIAN_POINT('',(0.,-0.));
#12059 = VECTOR('',#12060,1.);
#12060 = DIRECTION('',(0.,1.));
#12061 = ( GEOMETRIC_REPRESENTATION_CONTEXT(2)
PARAMETRIC_REPRESENTATION_CONTEXT() REPRESENTATION_CONTEXT('2D SPACE',''
  ) );
#12062 = ORIENTED_EDGE('',*,*,#12063,.T.);
#12063 = EDGE_CURVE('',#12041,#12041,#12064,.T.);
#12064 = SURFACE_CURVE('',#12065,(#12070,#12077),.PCURVE_S1.);
#12065 = CIRCLE('',#12066,27.);
#12066 = AXIS2_PLACEMENT_3D('',#12067,#12068,#12069);
#12067 = CARTESIAN_POINT('',(-375.,-122.175,625.));
#12068 = DIRECTION('',(0.,1.,0.));
#12069 = DIRECTION('',(0.,-0.,1.));
#12070 = PCURVE('',#12016,#12071);
#12071 = DEFINITIONAL_REPRESENTATION('',(#12072),#12076);
#12072 = LINE('',#12073,#12074);
#12073 = CARTESIAN_POINT('',(0.,0.));
#12074 = VECTOR('',#12075,1.);
#12075 = DIRECTION('',(1.,0.));
#12076 = ( GEOMETRIC_REPRESENTATION_CONTEXT(2)
PARAMETRIC_REPRESENTATION_CONTEXT() REPRESENTATION_CONTEXT('2D SPACE',''
  ) );
#12077 = PCURVE('',#12078,#12083);
#12078 = PLANE('',#12079);
#12079 = AXIS2_PLACEMENT_3D('',#12080,#12081,#12082);
#12080 = CARTESIAN_POINT('',(-375.,-122.175,625.));
#12081 = DIRECTION('',(0.,1.,0.));
#12082 = DIRECTION('',(0.,-0.,1.));
#12083 = DEFINITIONAL_REPRESENTATION('',(#12084),#12088);
#12084 = CIRCLE('',#12085,27.);
#12085 = AXIS2_PLACEMENT_2D('',#12086,#12087);
#12086 = CARTESIAN_POINT('',(0.,0.));
#12087 = DIRECTION('',(1.,0.));
#12088 = ( GEOMETRIC_REPRESENTATION_CONTEXT(2)
PARAMETRIC_REPRESENTATION_CONTEXT() REPRESENTATION_CONTEXT('2D SPACE',''
  ) );
#12089 = ORIENTED_EDGE('',*,*,#12040,.T.);
#12090 = ADVANCED_FACE('',(#12091),#12028,.T.);
#12091 = FACE_BOUND('',#12092,.T.);
#12092 = EDGE_LOOP('',(#12093));
#12093 = ORIENTED_EDGE('',*,*,#12006,.T.);
#12094 = ADVANCED_FACE('',(#12095),#12078,.F.);
#12095 = FACE_BOUND('',#12096,.T.);
#12096 = EDGE_LOOP('',(#12097));
#12097 = ORIENTED_EDGE('',*,*,#12063,.F.);
#12098 = ( GEOMETRIC_REPRESENTATION_CONTEXT(3)
GLOBAL_UNCERTAINTY_ASSIGNED_CONTEXT((#12102))
GLOBAL_UNIT_ASSIGNED_CONTEXT((#12099,#12100,#12101))
REPRESENTATION_CONTEXT('Context #1',
  '3D Context with UNIT and UNCERTAINTY') );
#12099 = ( LENGTH_UNIT() NAMED_UNIT(*) SI_UNIT(.MILLI.,.METRE.) );
#12100 = ( NAMED_UNIT(*) PLANE_ANGLE_UNIT() SI_UNIT($,.RADIAN.) );
#12101 = ( NAMED_UNIT(*) SI_UNIT($,.STERADIAN.) SOLID_ANGLE_UNIT() );
#12102 = UNCERTAINTY_MEASURE_WITH_UNIT(LENGTH_MEASURE(1.E-07),#12099,
  'distance_accuracy_value','confusion accuracy');
#12103 = CONTEXT_DEPENDENT_SHAPE_REPRESENTATION(#12104,#12106);
#12104 = ( REPRESENTATION_RELATIONSHIP('','',#11999,#10)
REPRESENTATION_RELATIONSHIP_WITH_TRANSFORMATION(#12105)
SHAPE_REPRESENTATION_RELATIONSHIP() );
#12105 = ITEM_DEFINED_TRANSFORMATION('','',#11,#83);
#12106 = PRODUCT_DEFINITION_SHAPE('Placement','Placement of an item',
  #12107);
#12107 = NEXT_ASSEMBLY_USAGE_OCCURRENCE('18','','',#5,#11994,$);
#12108 = PRODUCT_RELATED_PRODUCT_CATEGORY('part',$,(#11996));
#12109 = SHAPE_DEFINITION_REPRESENTATION(#12110,#12116);
#12110 = PRODUCT_DEFINITION_SHAPE('','',#12111);
#12111 = PRODUCT_DEFINITION('design','',#12112,#12115);
#12112 = PRODUCT_DEFINITION_FORMATION('','',#12113);
#12113 = PRODUCT('Open CASCADE STEP translator 7.7 4.19',
  'Open CASCADE STEP translator 7.7 4.19','',(#12114));
#12114 = PRODUCT_CONTEXT('',#2,'mechanical');
#12115 = PRODUCT_DEFINITION_CONTEXT('part definition',#2,'design');
#12116 = ADVANCED_BREP_SHAPE_REPRESENTATION('',(#11,#12117),#12215);
#12117 = MANIFOLD_SOLID_BREP('',#12118);
#12118 = CLOSED_SHELL('',(#12119,#12207,#12211));
#12119 = ADVANCED_FACE('',(#12120),#12133,.T.);
#12120 = FACE_BOUND('',#12121,.T.);
#12121 = EDGE_LOOP('',(#12122,#12156,#12179,#12206));
#12122 = ORIENTED_EDGE('',*,*,#12123,.F.);
#12123 = EDGE_CURVE('',#12124,#12124,#12126,.T.);
#12124 = VERTEX_POINT('',#12125);
#12125 = CARTESIAN_POINT('',(-375.,-87.825,652.));
#12126 = SURFACE_CURVE('',#12127,(#12132,#12144),.PCURVE_S1.);
#12127 = CIRCLE('',#12128,27.);
#12128 = AXIS2_PLACEMENT_3D('',#12129,#12130,#12131);
#12129 = CARTESIAN_POINT('',(-375.,-87.825,625.));
#12130 = DIRECTION('',(0.,1.,0.));
#12131 = DIRECTION('',(0.,-0.,1.));
#12132 = PCURVE('',#12133,#12138);
#12133 = CYLINDRICAL_SURFACE('',#12134,27.);
#12134 = AXIS2_PLACEMENT_3D('',#12135,#12136,#12137);
#12135 = CARTESIAN_POINT('',(-375.,-90.825,625.));
#12136 = DIRECTION('',(0.,1.,0.));
#12137 = DIRECTION('',(0.,-0.,1.));
#12138 = DEFINITIONAL_REPRESENTATION('',(#12139),#12143);
#12139 = LINE('',#12140,#12141);
#12140 = CARTESIAN_POINT('',(0.,3.));
#12141 = VECTOR('',#12142,1.);
#12142 = DIRECTION('',(1.,0.));
#12143 = ( GEOMETRIC_REPRESENTATION_CONTEXT(2)
PARAMETRIC_REPRESENTATION_CONTEXT() REPRESENTATION_CONTEXT('2D SPACE',''
  ) );
#12144 = PCURVE('',#12145,#12150);
#12145 = PLANE('',#12146);
#12146 = AXIS2_PLACEMENT_3D('',#12147,#12148,#12149);
#12147 = CARTESIAN_POINT('',(-375.,-87.825,625.));
#12148 = DIRECTION('',(0.,1.,0.));
#12149 = DIRECTION('',(0.,-0.,1.));
#12150 = DEFINITIONAL_REPRESENTATION('',(#12151),#12155);
#12151 = CIRCLE('',#12152,27.);
#12152 = AXIS2_PLACEMENT_2D('',#12153,#12154);
#12153 = CARTESIAN_POINT('',(0.,0.));
#12154 = DIRECTION('',(1.,0.));
#12155 = ( GEOMETRIC_REPRESENTATION_CONTEXT(2)
PARAMETRIC_REPRESENTATION_CONTEXT() REPRESENTATION_CONTEXT('2D SPACE',''
  ) );
#12156 = ORIENTED_EDGE('',*,*,#12157,.F.);
#12157 = EDGE_CURVE('',#12158,#12124,#12160,.T.);
#12158 = VERTEX_POINT('',#12159);
#12159 = CARTESIAN_POINT('',(-375.,-90.825,652.));
#12160 = SEAM_CURVE('',#12161,(#12165,#12172),.PCURVE_S1.);
#12161 = LINE('',#12162,#12163);
#12162 = CARTESIAN_POINT('',(-375.,-90.825,652.));
#12163 = VECTOR('',#12164,1.);
#12164 = DIRECTION('',(0.,1.,0.));
#12165 = PCURVE('',#12133,#12166);
#12166 = DEFINITIONAL_REPRESENTATION('',(#12167),#12171);
#12167 = LINE('',#12168,#12169);
#12168 = CARTESIAN_POINT('',(6.28318530718,-0.));
#12169 = VECTOR('',#12170,1.);
#12170 = DIRECTION('',(0.,1.));
#12171 = ( GEOMETRIC_REPRESENTATION_CONTEXT(2)
PARAMETRIC_REPRESENTATION_CONTEXT() REPRESENTATION_CONTEXT('2D SPACE',''
  ) );
#12172 = PCURVE('',#12133,#12173);
#12173 = DEFINITIONAL_REPRESENTATION('',(#12174),#12178);
#12174 = LINE('',#12175,#12176);
#12175 = CARTESIAN_POINT('',(0.,-0.));
#12176 = VECTOR('',#12177,1.);
#12177 = DIRECTION('',(0.,1.));
#12178 = ( GEOMETRIC_REPRESENTATION_CONTEXT(2)
PARAMETRIC_REPRESENTATION_CONTEXT() REPRESENTATION_CONTEXT('2D SPACE',''
  ) );
#12179 = ORIENTED_EDGE('',*,*,#12180,.T.);
#12180 = EDGE_CURVE('',#12158,#12158,#12181,.T.);
#12181 = SURFACE_CURVE('',#12182,(#12187,#12194),.PCURVE_S1.);
#12182 = CIRCLE('',#12183,27.);
#12183 = AXIS2_PLACEMENT_3D('',#12184,#12185,#12186);
#12184 = CARTESIAN_POINT('',(-375.,-90.825,625.));
#12185 = DIRECTION('',(0.,1.,0.));
#12186 = DIRECTION('',(0.,-0.,1.));
#12187 = PCURVE('',#12133,#12188);
#12188 = DEFINITIONAL_REPRESENTATION('',(#12189),#12193);
#12189 = LINE('',#12190,#12191);
#12190 = CARTESIAN_POINT('',(0.,0.));
#12191 = VECTOR('',#12192,1.);
#12192 = DIRECTION('',(1.,0.));
#12193 = ( GEOMETRIC_REPRESENTATION_CONTEXT(2)
PARAMETRIC_REPRESENTATION_CONTEXT() REPRESENTATION_CONTEXT('2D SPACE',''
  ) );
#12194 = PCURVE('',#12195,#12200);
#12195 = PLANE('',#12196);
#12196 = AXIS2_PLACEMENT_3D('',#12197,#12198,#12199);
#12197 = CARTESIAN_POINT('',(-375.,-90.825,625.));
#12198 = DIRECTION('',(0.,1.,0.));
#12199 = DIRECTION('',(0.,-0.,1.));
#12200 = DEFINITIONAL_REPRESENTATION('',(#12201),#12205);
#12201 = CIRCLE('',#12202,27.);
#12202 = AXIS2_PLACEMENT_2D('',#12203,#12204);
#12203 = CARTESIAN_POINT('',(0.,0.));
#12204 = DIRECTION('',(1.,0.));
#12205 = ( GEOMETRIC_REPRESENTATION_CONTEXT(2)
PARAMETRIC_REPRESENTATION_CONTEXT() REPRESENTATION_CONTEXT('2D SPACE',''
  ) );
#12206 = ORIENTED_EDGE('',*,*,#12157,.T.);
#12207 = ADVANCED_FACE('',(#12208),#12145,.T.);
#12208 = FACE_BOUND('',#12209,.T.);
#12209 = EDGE_LOOP('',(#12210));
#12210 = ORIENTED_EDGE('',*,*,#12123,.T.);
#12211 = ADVANCED_FACE('',(#12212),#12195,.F.);
#12212 = FACE_BOUND('',#12213,.T.);
#12213 = EDGE_LOOP('',(#12214));
#12214 = ORIENTED_EDGE('',*,*,#12180,.F.);
#12215 = ( GEOMETRIC_REPRESENTATION_CONTEXT(3)
GLOBAL_UNCERTAINTY_ASSIGNED_CONTEXT((#12219))
GLOBAL_UNIT_ASSIGNED_CONTEXT((#12216,#12217,#12218))
REPRESENTATION_CONTEXT('Context #1',
  '3D Context with UNIT and UNCERTAINTY') );
#12216 = ( LENGTH_UNIT() NAMED_UNIT(*) SI_UNIT(.MILLI.,.METRE.) );
#12217 = ( NAMED_UNIT(*) PLANE_ANGLE_UNIT() SI_UNIT($,.RADIAN.) );
#12218 = ( NAMED_UNIT(*) SI_UNIT($,.STERADIAN.) SOLID_ANGLE_UNIT() );
#12219 = UNCERTAINTY_MEASURE_WITH_UNIT(LENGTH_MEASURE(1.E-07),#12216,
  'distance_accuracy_value','confusion accuracy');
#12220 = CONTEXT_DEPENDENT_SHAPE_REPRESENTATION(#12221,#12223);
#12221 = ( REPRESENTATION_RELATIONSHIP('','',#12116,#10)
REPRESENTATION_RELATIONSHIP_WITH_TRANSFORMATION(#12222)
SHAPE_REPRESENTATION_RELATIONSHIP() );
#12222 = ITEM_DEFINED_TRANSFORMATION('','',#11,#87);
#12223 = PRODUCT_DEFINITION_SHAPE('Placement','Placement of an item',
  #12224);
#12224 = NEXT_ASSEMBLY_USAGE_OCCURRENCE('19','','',#5,#12111,$);
#12225 = PRODUCT_RELATED_PRODUCT_CATEGORY('part',$,(#12113));
#12226 = SHAPE_DEFINITION_REPRESENTATION(#12227,#12233);
#12227 = PRODUCT_DEFINITION_SHAPE('','',#12228);
#12228 = PRODUCT_DEFINITION('design','',#12229,#12232);
#12229 = PRODUCT_DEFINITION_FORMATION('','',#12230);
#12230 = PRODUCT('Open CASCADE STEP translator 7.7 4.20',
  'Open CASCADE STEP translator 7.7 4.20','',(#12231));
#12231 = PRODUCT_CONTEXT('',#2,'mechanical');
#12232 = PRODUCT_DEFINITION_CONTEXT('part definition',#2,'design');
#12233 = ADVANCED_BREP_SHAPE_REPRESENTATION('',(#11,#12234),#12332);
#12234 = MANIFOLD_SOLID_BREP('',#12235);
#12235 = CLOSED_SHELL('',(#12236,#12324,#12328));
#12236 = ADVANCED_FACE('',(#12237),#12250,.T.);
#12237 = FACE_BOUND('',#12238,.T.);
#12238 = EDGE_LOOP('',(#12239,#12273,#12296,#12323));
#12239 = ORIENTED_EDGE('',*,*,#12240,.F.);
#12240 = EDGE_CURVE('',#12241,#12241,#12243,.T.);
#12241 = VERTEX_POINT('',#12242);
#12242 = CARTESIAN_POINT('',(-318.975,-245.,577.64));
#12243 = SURFACE_CURVE('',#12244,(#12249,#12261),.PCURVE_S1.);
#12244 = CIRCLE('',#12245,17.64);
#12245 = AXIS2_PLACEMENT_3D('',#12246,#12247,#12248);
#12246 = CARTESIAN_POINT('',(-318.975,-245.,560.));
#12247 = DIRECTION('',(1.,0.,0.));
#12248 = DIRECTION('',(-0.,0.,1.));
#12249 = PCURVE('',#12250,#12255);
#12250 = CYLINDRICAL_SURFACE('',#12251,17.64);
#12251 = AXIS2_PLACEMENT_3D('',#12252,#12253,#12254);
#12252 = CARTESIAN_POINT('',(-341.025,-245.,560.));
#12253 = DIRECTION('',(1.,0.,0.));
#12254 = DIRECTION('',(-0.,0.,1.));
#12255 = DEFINITIONAL_REPRESENTATION('',(#12256),#12260);
#12256 = LINE('',#12257,#12258);
#12257 = CARTESIAN_POINT('',(0.,22.05));
#12258 = VECTOR('',#12259,1.);
#12259 = DIRECTION('',(1.,0.));
#12260 = ( GEOMETRIC_REPRESENTATION_CONTEXT(2)
PARAMETRIC_REPRESENTATION_CONTEXT() REPRESENTATION_CONTEXT('2D SPACE',''
  ) );
#12261 = PCURVE('',#12262,#12267);
#12262 = PLANE('',#12263);
#12263 = AXIS2_PLACEMENT_3D('',#12264,#12265,#12266);
#12264 = CARTESIAN_POINT('',(-318.975,-245.,560.));
#12265 = DIRECTION('',(1.,0.,0.));
#12266 = DIRECTION('',(-0.,0.,1.));
#12267 = DEFINITIONAL_REPRESENTATION('',(#12268),#12272);
#12268 = CIRCLE('',#12269,17.64);
#12269 = AXIS2_PLACEMENT_2D('',#12270,#12271);
#12270 = CARTESIAN_POINT('',(0.,0.));
#12271 = DIRECTION('',(1.,0.));
#12272 = ( GEOMETRIC_REPRESENTATION_CONTEXT(2)
PARAMETRIC_REPRESENTATION_CONTEXT() REPRESENTATION_CONTEXT('2D SPACE',''
  ) );
#12273 = ORIENTED_EDGE('',*,*,#12274,.F.);
#12274 = EDGE_CURVE('',#12275,#12241,#12277,.T.);
#12275 = VERTEX_POINT('',#12276);
#12276 = CARTESIAN_POINT('',(-341.025,-245.,577.64));
#12277 = SEAM_CURVE('',#12278,(#12282,#12289),.PCURVE_S1.);
#12278 = LINE('',#12279,#12280);
#12279 = CARTESIAN_POINT('',(-341.025,-245.,577.64));
#12280 = VECTOR('',#12281,1.);
#12281 = DIRECTION('',(1.,0.,0.));
#12282 = PCURVE('',#12250,#12283);
#12283 = DEFINITIONAL_REPRESENTATION('',(#12284),#12288);
#12284 = LINE('',#12285,#12286);
#12285 = CARTESIAN_POINT('',(6.28318530718,-0.));
#12286 = VECTOR('',#12287,1.);
#12287 = DIRECTION('',(0.,1.));
#12288 = ( GEOMETRIC_REPRESENTATION_CONTEXT(2)
PARAMETRIC_REPRESENTATION_CONTEXT() REPRESENTATION_CONTEXT('2D SPACE',''
  ) );
#12289 = PCURVE('',#12250,#12290);
#12290 = DEFINITIONAL_REPRESENTATION('',(#12291),#12295);
#12291 = LINE('',#12292,#12293);
#12292 = CARTESIAN_POINT('',(0.,-0.));
#12293 = VECTOR('',#12294,1.);
#12294 = DIRECTION('',(0.,1.));
#12295 = ( GEOMETRIC_REPRESENTATION_CONTEXT(2)
PARAMETRIC_REPRESENTATION_CONTEXT() REPRESENTATION_CONTEXT('2D SPACE',''
  ) );
#12296 = ORIENTED_EDGE('',*,*,#12297,.T.);
#12297 = EDGE_CURVE('',#12275,#12275,#12298,.T.);
#12298 = SURFACE_CURVE('',#12299,(#12304,#12311),.PCURVE_S1.);
#12299 = CIRCLE('',#12300,17.64);
#12300 = AXIS2_PLACEMENT_3D('',#12301,#12302,#12303);
#12301 = CARTESIAN_POINT('',(-341.025,-245.,560.));
#12302 = DIRECTION('',(1.,0.,0.));
#12303 = DIRECTION('',(-0.,0.,1.));
#12304 = PCURVE('',#12250,#12305);
#12305 = DEFINITIONAL_REPRESENTATION('',(#12306),#12310);
#12306 = LINE('',#12307,#12308);
#12307 = CARTESIAN_POINT('',(0.,0.));
#12308 = VECTOR('',#12309,1.);
#12309 = DIRECTION('',(1.,0.));
#12310 = ( GEOMETRIC_REPRESENTATION_CONTEXT(2)
PARAMETRIC_REPRESENTATION_CONTEXT() REPRESENTATION_CONTEXT('2D SPACE',''
  ) );
#12311 = PCURVE('',#12312,#12317);
#12312 = PLANE('',#12313);
#12313 = AXIS2_PLACEMENT_3D('',#12314,#12315,#12316);
#12314 = CARTESIAN_POINT('',(-341.025,-245.,560.));
#12315 = DIRECTION('',(1.,0.,0.));
#12316 = DIRECTION('',(-0.,0.,1.));
#12317 = DEFINITIONAL_REPRESENTATION('',(#12318),#12322);
#12318 = CIRCLE('',#12319,17.64);
#12319 = AXIS2_PLACEMENT_2D('',#12320,#12321);
#12320 = CARTESIAN_POINT('',(0.,0.));
#12321 = DIRECTION('',(1.,0.));
#12322 = ( GEOMETRIC_REPRESENTATION_CONTEXT(2)
PARAMETRIC_REPRESENTATION_CONTEXT() REPRESENTATION_CONTEXT('2D SPACE',''
  ) );
#12323 = ORIENTED_EDGE('',*,*,#12274,.T.);
#12324 = ADVANCED_FACE('',(#12325),#12262,.T.);
#12325 = FACE_BOUND('',#12326,.T.);
#12326 = EDGE_LOOP('',(#12327));
#12327 = ORIENTED_EDGE('',*,*,#12240,.T.);
#12328 = ADVANCED_FACE('',(#12329),#12312,.F.);
#12329 = FACE_BOUND('',#12330,.T.);
#12330 = EDGE_LOOP('',(#12331));
#12331 = ORIENTED_EDGE('',*,*,#12297,.F.);
#12332 = ( GEOMETRIC_REPRESENTATION_CONTEXT(3)
GLOBAL_UNCERTAINTY_ASSIGNED_CONTEXT((#12336))
GLOBAL_UNIT_ASSIGNED_CONTEXT((#12333,#12334,#12335))
REPRESENTATION_CONTEXT('Context #1',
  '3D Context with UNIT and UNCERTAINTY') );
#12333 = ( LENGTH_UNIT() NAMED_UNIT(*) SI_UNIT(.MILLI.,.METRE.) );
#12334 = ( NAMED_UNIT(*) PLANE_ANGLE_UNIT() SI_UNIT($,.RADIAN.) );
#12335 = ( NAMED_UNIT(*) SI_UNIT($,.STERADIAN.) SOLID_ANGLE_UNIT() );
#12336 = UNCERTAINTY_MEASURE_WITH_UNIT(LENGTH_MEASURE(1.E-07),#12333,
  'distance_accuracy_value','confusion accuracy');
#12337 = CONTEXT_DEPENDENT_SHAPE_REPRESENTATION(#12338,#12340);
#12338 = ( REPRESENTATION_RELATIONSHIP('','',#12233,#10)
REPRESENTATION_RELATIONSHIP_WITH_TRANSFORMATION(#12339)
SHAPE_REPRESENTATION_RELATIONSHIP() );
#12339 = ITEM_DEFINED_TRANSFORMATION('','',#11,#91);
#12340 = PRODUCT_DEFINITION_SHAPE('Placement','Placement of an item',
  #12341);
#12341 = NEXT_ASSEMBLY_USAGE_OCCURRENCE('20','','',#5,#12228,$);
#12342 = PRODUCT_RELATED_PRODUCT_CATEGORY('part',$,(#12230));
#12343 = SHAPE_DEFINITION_REPRESENTATION(#12344,#12350);
#12344 = PRODUCT_DEFINITION_SHAPE('','',#12345);
#12345 = PRODUCT_DEFINITION('design','',#12346,#12349);
#12346 = PRODUCT_DEFINITION_FORMATION('','',#12347);
#12347 = PRODUCT('Open CASCADE STEP translator 7.7 4.21',
  'Open CASCADE STEP translator 7.7 4.21','',(#12348));
#12348 = PRODUCT_CONTEXT('',#2,'mechanical');
#12349 = PRODUCT_DEFINITION_CONTEXT('part definition',#2,'design');
#12350 = ADVANCED_BREP_SHAPE_REPRESENTATION('',(#11,#12351),#12449);
#12351 = MANIFOLD_SOLID_BREP('',#12352);
#12352 = CLOSED_SHELL('',(#12353,#12441,#12445));
#12353 = ADVANCED_FACE('',(#12354),#12367,.T.);
#12354 = FACE_BOUND('',#12355,.T.);
#12355 = EDGE_LOOP('',(#12356,#12390,#12413,#12440));
#12356 = ORIENTED_EDGE('',*,*,#12357,.F.);
#12357 = EDGE_CURVE('',#12358,#12358,#12360,.T.);
#12358 = VERTEX_POINT('',#12359);
#12359 = CARTESIAN_POINT('',(-341.025,-245.,581.));
#12360 = SURFACE_CURVE('',#12361,(#12366,#12378),.PCURVE_S1.);
#12361 = CIRCLE('',#12362,21.);
#12362 = AXIS2_PLACEMENT_3D('',#12363,#12364,#12365);
#12363 = CARTESIAN_POINT('',(-341.025,-245.,560.));
#12364 = DIRECTION('',(1.,0.,0.));
#12365 = DIRECTION('',(-0.,0.,1.));
#12366 = PCURVE('',#12367,#12372);
#12367 = CYLINDRICAL_SURFACE('',#12368,21.);
#12368 = AXIS2_PLACEMENT_3D('',#12369,#12370,#12371);
#12369 = CARTESIAN_POINT('',(-344.025,-245.,560.));
#12370 = DIRECTION('',(1.,0.,0.));
#12371 = DIRECTION('',(-0.,0.,1.));
#12372 = DEFINITIONAL_REPRESENTATION('',(#12373),#12377);
#12373 = LINE('',#12374,#12375);
#12374 = CARTESIAN_POINT('',(0.,3.));
#12375 = VECTOR('',#12376,1.);
#12376 = DIRECTION('',(1.,0.));
#12377 = ( GEOMETRIC_REPRESENTATION_CONTEXT(2)
PARAMETRIC_REPRESENTATION_CONTEXT() REPRESENTATION_CONTEXT('2D SPACE',''
  ) );
#12378 = PCURVE('',#12379,#12384);
#12379 = PLANE('',#12380);
#12380 = AXIS2_PLACEMENT_3D('',#12381,#12382,#12383);
#12381 = CARTESIAN_POINT('',(-341.025,-245.,560.));
#12382 = DIRECTION('',(1.,0.,0.));
#12383 = DIRECTION('',(-0.,0.,1.));
#12384 = DEFINITIONAL_REPRESENTATION('',(#12385),#12389);
#12385 = CIRCLE('',#12386,21.);
#12386 = AXIS2_PLACEMENT_2D('',#12387,#12388);
#12387 = CARTESIAN_POINT('',(0.,0.));
#12388 = DIRECTION('',(1.,0.));
#12389 = ( GEOMETRIC_REPRESENTATION_CONTEXT(2)
PARAMETRIC_REPRESENTATION_CONTEXT() REPRESENTATION_CONTEXT('2D SPACE',''
  ) );
#12390 = ORIENTED_EDGE('',*,*,#12391,.F.);
#12391 = EDGE_CURVE('',#12392,#12358,#12394,.T.);
#12392 = VERTEX_POINT('',#12393);
#12393 = CARTESIAN_POINT('',(-344.025,-245.,581.));
#12394 = SEAM_CURVE('',#12395,(#12399,#12406),.PCURVE_S1.);
#12395 = LINE('',#12396,#12397);
#12396 = CARTESIAN_POINT('',(-344.025,-245.,581.));
#12397 = VECTOR('',#12398,1.);
#12398 = DIRECTION('',(1.,0.,0.));
#12399 = PCURVE('',#12367,#12400);
#12400 = DEFINITIONAL_REPRESENTATION('',(#12401),#12405);
#12401 = LINE('',#12402,#12403);
#12402 = CARTESIAN_POINT('',(6.28318530718,-0.));
#12403 = VECTOR('',#12404,1.);
#12404 = DIRECTION('',(0.,1.));
#12405 = ( GEOMETRIC_REPRESENTATION_CONTEXT(2)
PARAMETRIC_REPRESENTATION_CONTEXT() REPRESENTATION_CONTEXT('2D SPACE',''
  ) );
#12406 = PCURVE('',#12367,#12407);
#12407 = DEFINITIONAL_REPRESENTATION('',(#12408),#12412);
#12408 = LINE('',#12409,#12410);
#12409 = CARTESIAN_POINT('',(0.,-0.));
#12410 = VECTOR('',#12411,1.);
#12411 = DIRECTION('',(0.,1.));
#12412 = ( GEOMETRIC_REPRESENTATION_CONTEXT(2)
PARAMETRIC_REPRESENTATION_CONTEXT() REPRESENTATION_CONTEXT('2D SPACE',''
  ) );
#12413 = ORIENTED_EDGE('',*,*,#12414,.T.);
#12414 = EDGE_CURVE('',#12392,#12392,#12415,.T.);
#12415 = SURFACE_CURVE('',#12416,(#12421,#12428),.PCURVE_S1.);
#12416 = CIRCLE('',#12417,21.);
#12417 = AXIS2_PLACEMENT_3D('',#12418,#12419,#12420);
#12418 = CARTESIAN_POINT('',(-344.025,-245.,560.));
#12419 = DIRECTION('',(1.,0.,0.));
#12420 = DIRECTION('',(-0.,0.,1.));
#12421 = PCURVE('',#12367,#12422);
#12422 = DEFINITIONAL_REPRESENTATION('',(#12423),#12427);
#12423 = LINE('',#12424,#12425);
#12424 = CARTESIAN_POINT('',(0.,0.));
#12425 = VECTOR('',#12426,1.);
#12426 = DIRECTION('',(1.,0.));
#12427 = ( GEOMETRIC_REPRESENTATION_CONTEXT(2)
PARAMETRIC_REPRESENTATION_CONTEXT() REPRESENTATION_CONTEXT('2D SPACE',''
  ) );
#12428 = PCURVE('',#12429,#12434);
#12429 = PLANE('',#12430);
#12430 = AXIS2_PLACEMENT_3D('',#12431,#12432,#12433);
#12431 = CARTESIAN_POINT('',(-344.025,-245.,560.));
#12432 = DIRECTION('',(1.,0.,0.));
#12433 = DIRECTION('',(-0.,0.,1.));
#12434 = DEFINITIONAL_REPRESENTATION('',(#12435),#12439);
#12435 = CIRCLE('',#12436,21.);
#12436 = AXIS2_PLACEMENT_2D('',#12437,#12438);
#12437 = CARTESIAN_POINT('',(0.,0.));
#12438 = DIRECTION('',(1.,0.));
#12439 = ( GEOMETRIC_REPRESENTATION_CONTEXT(2)
PARAMETRIC_REPRESENTATION_CONTEXT() REPRESENTATION_CONTEXT('2D SPACE',''
  ) );
#12440 = ORIENTED_EDGE('',*,*,#12391,.T.);
#12441 = ADVANCED_FACE('',(#12442),#12379,.T.);
#12442 = FACE_BOUND('',#12443,.T.);
#12443 = EDGE_LOOP('',(#12444));
#12444 = ORIENTED_EDGE('',*,*,#12357,.T.);
#12445 = ADVANCED_FACE('',(#12446),#12429,.F.);
#12446 = FACE_BOUND('',#12447,.T.);
#12447 = EDGE_LOOP('',(#12448));
#12448 = ORIENTED_EDGE('',*,*,#12414,.F.);
#12449 = ( GEOMETRIC_REPRESENTATION_CONTEXT(3)
GLOBAL_UNCERTAINTY_ASSIGNED_CONTEXT((#12453))
GLOBAL_UNIT_ASSIGNED_CONTEXT((#12450,#12451,#12452))
REPRESENTATION_CONTEXT('Context #1',
  '3D Context with UNIT and UNCERTAINTY') );
#12450 = ( LENGTH_UNIT() NAMED_UNIT(*) SI_UNIT(.MILLI.,.METRE.) );
#12451 = ( NAMED_UNIT(*) PLANE_ANGLE_UNIT() SI_UNIT($,.RADIAN.) );
#12452 = ( NAMED_UNIT(*) SI_UNIT($,.STERADIAN.) SOLID_ANGLE_UNIT() );
#12453 = UNCERTAINTY_MEASURE_WITH_UNIT(LENGTH_MEASURE(1.E-07),#12450,
  'distance_accuracy_value','confusion accuracy');
#12454 = CONTEXT_DEPENDENT_SHAPE_REPRESENTATION(#12455,#12457);
#12455 = ( REPRESENTATION_RELATIONSHIP('','',#12350,#10)
REPRESENTATION_RELATIONSHIP_WITH_TRANSFORMATION(#12456)
SHAPE_REPRESENTATION_RELATIONSHIP() );
#12456 = ITEM_DEFINED_TRANSFORMATION('','',#11,#95);
#12457 = PRODUCT_DEFINITION_SHAPE('Placement','Placement of an item',
  #12458);
#12458 = NEXT_ASSEMBLY_USAGE_OCCURRENCE('21','','',#5,#12345,$);
#12459 = PRODUCT_RELATED_PRODUCT_CATEGORY('part',$,(#12347));
#12460 = SHAPE_DEFINITION_REPRESENTATION(#12461,#12467);
#12461 = PRODUCT_DEFINITION_SHAPE('','',#12462);
#12462 = PRODUCT_DEFINITION('design','',#12463,#12466);
#12463 = PRODUCT_DEFINITION_FORMATION('','',#12464);
#12464 = PRODUCT('Open CASCADE STEP translator 7.7 4.22',
  'Open CASCADE STEP translator 7.7 4.22','',(#12465));
#12465 = PRODUCT_CONTEXT('',#2,'mechanical');
#12466 = PRODUCT_DEFINITION_CONTEXT('part definition',#2,'design');
#12467 = ADVANCED_BREP_SHAPE_REPRESENTATION('',(#11,#12468),#12566);
#12468 = MANIFOLD_SOLID_BREP('',#12469);
#12469 = CLOSED_SHELL('',(#12470,#12558,#12562));
#12470 = ADVANCED_FACE('',(#12471),#12484,.T.);
#12471 = FACE_BOUND('',#12472,.T.);
#12472 = EDGE_LOOP('',(#12473,#12507,#12530,#12557));
#12473 = ORIENTED_EDGE('',*,*,#12474,.F.);
#12474 = EDGE_CURVE('',#12475,#12475,#12477,.T.);
#12475 = VERTEX_POINT('',#12476);
#12476 = CARTESIAN_POINT('',(-315.975,-245.,581.));
#12477 = SURFACE_CURVE('',#12478,(#12483,#12495),.PCURVE_S1.);
#12478 = CIRCLE('',#12479,21.);
#12479 = AXIS2_PLACEMENT_3D('',#12480,#12481,#12482);
#12480 = CARTESIAN_POINT('',(-315.975,-245.,560.));
#12481 = DIRECTION('',(1.,0.,0.));
#12482 = DIRECTION('',(-0.,0.,1.));
#12483 = PCURVE('',#12484,#12489);
#12484 = CYLINDRICAL_SURFACE('',#12485,21.);
#12485 = AXIS2_PLACEMENT_3D('',#12486,#12487,#12488);
#12486 = CARTESIAN_POINT('',(-318.975,-245.,560.));
#12487 = DIRECTION('',(1.,0.,0.));
#12488 = DIRECTION('',(-0.,0.,1.));
#12489 = DEFINITIONAL_REPRESENTATION('',(#12490),#12494);
#12490 = LINE('',#12491,#12492);
#12491 = CARTESIAN_POINT('',(0.,3.));
#12492 = VECTOR('',#12493,1.);
#12493 = DIRECTION('',(1.,0.));
#12494 = ( GEOMETRIC_REPRESENTATION_CONTEXT(2)
PARAMETRIC_REPRESENTATION_CONTEXT() REPRESENTATION_CONTEXT('2D SPACE',''
  ) );
#12495 = PCURVE('',#12496,#12501);
#12496 = PLANE('',#12497);
#12497 = AXIS2_PLACEMENT_3D('',#12498,#12499,#12500);
#12498 = CARTESIAN_POINT('',(-315.975,-245.,560.));
#12499 = DIRECTION('',(1.,0.,0.));
#12500 = DIRECTION('',(-0.,0.,1.));
#12501 = DEFINITIONAL_REPRESENTATION('',(#12502),#12506);
#12502 = CIRCLE('',#12503,21.);
#12503 = AXIS2_PLACEMENT_2D('',#12504,#12505);
#12504 = CARTESIAN_POINT('',(0.,0.));
#12505 = DIRECTION('',(1.,0.));
#12506 = ( GEOMETRIC_REPRESENTATION_CONTEXT(2)
PARAMETRIC_REPRESENTATION_CONTEXT() REPRESENTATION_CONTEXT('2D SPACE',''
  ) );
#12507 = ORIENTED_EDGE('',*,*,#12508,.F.);
#12508 = EDGE_CURVE('',#12509,#12475,#12511,.T.);
#12509 = VERTEX_POINT('',#12510);
#12510 = CARTESIAN_POINT('',(-318.975,-245.,581.));
#12511 = SEAM_CURVE('',#12512,(#12516,#12523),.PCURVE_S1.);
#12512 = LINE('',#12513,#12514);
#12513 = CARTESIAN_POINT('',(-318.975,-245.,581.));
#12514 = VECTOR('',#12515,1.);
#12515 = DIRECTION('',(1.,0.,0.));
#12516 = PCURVE('',#12484,#12517);
#12517 = DEFINITIONAL_REPRESENTATION('',(#12518),#12522);
#12518 = LINE('',#12519,#12520);
#12519 = CARTESIAN_POINT('',(6.28318530718,-0.));
#12520 = VECTOR('',#12521,1.);
#12521 = DIRECTION('',(0.,1.));
#12522 = ( GEOMETRIC_REPRESENTATION_CONTEXT(2)
PARAMETRIC_REPRESENTATION_CONTEXT() REPRESENTATION_CONTEXT('2D SPACE',''
  ) );
#12523 = PCURVE('',#12484,#12524);
#12524 = DEFINITIONAL_REPRESENTATION('',(#12525),#12529);
#12525 = LINE('',#12526,#12527);
#12526 = CARTESIAN_POINT('',(0.,-0.));
#12527 = VECTOR('',#12528,1.);
#12528 = DIRECTION('',(0.,1.));
#12529 = ( GEOMETRIC_REPRESENTATION_CONTEXT(2)
PARAMETRIC_REPRESENTATION_CONTEXT() REPRESENTATION_CONTEXT('2D SPACE',''
  ) );
#12530 = ORIENTED_EDGE('',*,*,#12531,.T.);
#12531 = EDGE_CURVE('',#12509,#12509,#12532,.T.);
#12532 = SURFACE_CURVE('',#12533,(#12538,#12545),.PCURVE_S1.);
#12533 = CIRCLE('',#12534,21.);
#12534 = AXIS2_PLACEMENT_3D('',#12535,#12536,#12537);
#12535 = CARTESIAN_POINT('',(-318.975,-245.,560.));
#12536 = DIRECTION('',(1.,0.,0.));
#12537 = DIRECTION('',(-0.,0.,1.));
#12538 = PCURVE('',#12484,#12539);
#12539 = DEFINITIONAL_REPRESENTATION('',(#12540),#12544);
#12540 = LINE('',#12541,#12542);
#12541 = CARTESIAN_POINT('',(0.,0.));
#12542 = VECTOR('',#12543,1.);
#12543 = DIRECTION('',(1.,0.));
#12544 = ( GEOMETRIC_REPRESENTATION_CONTEXT(2)
PARAMETRIC_REPRESENTATION_CONTEXT() REPRESENTATION_CONTEXT('2D SPACE',''
  ) );
#12545 = PCURVE('',#12546,#12551);
#12546 = PLANE('',#12547);
#12547 = AXIS2_PLACEMENT_3D('',#12548,#12549,#12550);
#12548 = CARTESIAN_POINT('',(-318.975,-245.,560.));
#12549 = DIRECTION('',(1.,0.,0.));
#12550 = DIRECTION('',(-0.,0.,1.));
#12551 = DEFINITIONAL_REPRESENTATION('',(#12552),#12556);
#12552 = CIRCLE('',#12553,21.);
#12553 = AXIS2_PLACEMENT_2D('',#12554,#12555);
#12554 = CARTESIAN_POINT('',(0.,0.));
#12555 = DIRECTION('',(1.,0.));
#12556 = ( GEOMETRIC_REPRESENTATION_CONTEXT(2)
PARAMETRIC_REPRESENTATION_CONTEXT() REPRESENTATION_CONTEXT('2D SPACE',''
  ) );
#12557 = ORIENTED_EDGE('',*,*,#12508,.T.);
#12558 = ADVANCED_FACE('',(#12559),#12496,.T.);
#12559 = FACE_BOUND('',#12560,.T.);
#12560 = EDGE_LOOP('',(#12561));
#12561 = ORIENTED_EDGE('',*,*,#12474,.T.);
#12562 = ADVANCED_FACE('',(#12563),#12546,.F.);
#12563 = FACE_BOUND('',#12564,.T.);
#12564 = EDGE_LOOP('',(#12565));
#12565 = ORIENTED_EDGE('',*,*,#12531,.F.);
#12566 = ( GEOMETRIC_REPRESENTATION_CONTEXT(3)
GLOBAL_UNCERTAINTY_ASSIGNED_CONTEXT((#12570))
GLOBAL_UNIT_ASSIGNED_CONTEXT((#12567,#12568,#12569))
REPRESENTATION_CONTEXT('Context #1',
  '3D Context with UNIT and UNCERTAINTY') );
#12567 = ( LENGTH_UNIT() NAMED_UNIT(*) SI_UNIT(.MILLI.,.METRE.) );
#12568 = ( NAMED_UNIT(*) PLANE_ANGLE_UNIT() SI_UNIT($,.RADIAN.) );
#12569 = ( NAMED_UNIT(*) SI_UNIT($,.STERADIAN.) SOLID_ANGLE_UNIT() );
#12570 = UNCERTAINTY_MEASURE_WITH_UNIT(LENGTH_MEASURE(1.E-07),#12567,
  'distance_accuracy_value','confusion accuracy');
#12571 = CONTEXT_DEPENDENT_SHAPE_REPRESENTATION(#12572,#12574);
#12572 = ( REPRESENTATION_RELATIONSHIP('','',#12467,#10)
REPRESENTATION_RELATIONSHIP_WITH_TRANSFORMATION(#12573)
SHAPE_REPRESENTATION_RELATIONSHIP() );
#12573 = ITEM_DEFINED_TRANSFORMATION('','',#11,#99);
#12574 = PRODUCT_DEFINITION_SHAPE('Placement','Placement of an item',
  #12575);
#12575 = NEXT_ASSEMBLY_USAGE_OCCURRENCE('22','','',#5,#12462,$);
#12576 = PRODUCT_RELATED_PRODUCT_CATEGORY('part',$,(#12464));
#12577 = SHAPE_DEFINITION_REPRESENTATION(#12578,#12584);
#12578 = PRODUCT_DEFINITION_SHAPE('','',#12579);
#12579 = PRODUCT_DEFINITION('design','',#12580,#12583);
#12580 = PRODUCT_DEFINITION_FORMATION('','',#12581);
#12581 = PRODUCT('Open CASCADE STEP translator 7.7 4.23',
  'Open CASCADE STEP translator 7.7 4.23','',(#12582));
#12582 = PRODUCT_CONTEXT('',#2,'mechanical');
#12583 = PRODUCT_DEFINITION_CONTEXT('part definition',#2,'design');
#12584 = ADVANCED_BREP_SHAPE_REPRESENTATION('',(#11,#12585),#12683);
#12585 = MANIFOLD_SOLID_BREP('',#12586);
#12586 = CLOSED_SHELL('',(#12587,#12675,#12679));
#12587 = ADVANCED_FACE('',(#12588),#12601,.T.);
#12588 = FACE_BOUND('',#12589,.T.);
#12589 = EDGE_LOOP('',(#12590,#12624,#12647,#12674));
#12590 = ORIENTED_EDGE('',*,*,#12591,.F.);
#12591 = EDGE_CURVE('',#12592,#12592,#12594,.T.);
#12592 = VERTEX_POINT('',#12593);
#12593 = CARTESIAN_POINT('',(-270.,-286.075,554.28));
#12594 = SURFACE_CURVE('',#12595,(#12600,#12612),.PCURVE_S1.);
#12595 = CIRCLE('',#12596,14.28);
#12596 = AXIS2_PLACEMENT_3D('',#12597,#12598,#12599);
#12597 = CARTESIAN_POINT('',(-270.,-286.075,540.));
#12598 = DIRECTION('',(0.,1.,0.));
#12599 = DIRECTION('',(0.,-0.,1.));
#12600 = PCURVE('',#12601,#12606);
#12601 = CYLINDRICAL_SURFACE('',#12602,14.28);
#12602 = AXIS2_PLACEMENT_3D('',#12603,#12604,#12605);
#12603 = CARTESIAN_POINT('',(-270.,-303.925,540.));
#12604 = DIRECTION('',(0.,1.,0.));
#12605 = DIRECTION('',(0.,-0.,1.));
#12606 = DEFINITIONAL_REPRESENTATION('',(#12607),#12611);
#12607 = LINE('',#12608,#12609);
#12608 = CARTESIAN_POINT('',(0.,17.85));
#12609 = VECTOR('',#12610,1.);
#12610 = DIRECTION('',(1.,0.));
#12611 = ( GEOMETRIC_REPRESENTATION_CONTEXT(2)
PARAMETRIC_REPRESENTATION_CONTEXT() REPRESENTATION_CONTEXT('2D SPACE',''
  ) );
#12612 = PCURVE('',#12613,#12618);
#12613 = PLANE('',#12614);
#12614 = AXIS2_PLACEMENT_3D('',#12615,#12616,#12617);
#12615 = CARTESIAN_POINT('',(-270.,-286.075,540.));
#12616 = DIRECTION('',(0.,1.,0.));
#12617 = DIRECTION('',(0.,-0.,1.));
#12618 = DEFINITIONAL_REPRESENTATION('',(#12619),#12623);
#12619 = CIRCLE('',#12620,14.28);
#12620 = AXIS2_PLACEMENT_2D('',#12621,#12622);
#12621 = CARTESIAN_POINT('',(0.,0.));
#12622 = DIRECTION('',(1.,0.));
#12623 = ( GEOMETRIC_REPRESENTATION_CONTEXT(2)
PARAMETRIC_REPRESENTATION_CONTEXT() REPRESENTATION_CONTEXT('2D SPACE',''
  ) );
#12624 = ORIENTED_EDGE('',*,*,#12625,.F.);
#12625 = EDGE_CURVE('',#12626,#12592,#12628,.T.);
#12626 = VERTEX_POINT('',#12627);
#12627 = CARTESIAN_POINT('',(-270.,-303.925,554.28));
#12628 = SEAM_CURVE('',#12629,(#12633,#12640),.PCURVE_S1.);
#12629 = LINE('',#12630,#12631);
#12630 = CARTESIAN_POINT('',(-270.,-303.925,554.28));
#12631 = VECTOR('',#12632,1.);
#12632 = DIRECTION('',(0.,1.,0.));
#12633 = PCURVE('',#12601,#12634);
#12634 = DEFINITIONAL_REPRESENTATION('',(#12635),#12639);
#12635 = LINE('',#12636,#12637);
#12636 = CARTESIAN_POINT('',(6.28318530718,-0.));
#12637 = VECTOR('',#12638,1.);
#12638 = DIRECTION('',(0.,1.));
#12639 = ( GEOMETRIC_REPRESENTATION_CONTEXT(2)
PARAMETRIC_REPRESENTATION_CONTEXT() REPRESENTATION_CONTEXT('2D SPACE',''
  ) );
#12640 = PCURVE('',#12601,#12641);
#12641 = DEFINITIONAL_REPRESENTATION('',(#12642),#12646);
#12642 = LINE('',#12643,#12644);
#12643 = CARTESIAN_POINT('',(0.,-0.));
#12644 = VECTOR('',#12645,1.);
#12645 = DIRECTION('',(0.,1.));
#12646 = ( GEOMETRIC_REPRESENTATION_CONTEXT(2)
PARAMETRIC_REPRESENTATION_CONTEXT() REPRESENTATION_CONTEXT('2D SPACE',''
  ) );
#12647 = ORIENTED_EDGE('',*,*,#12648,.T.);
#12648 = EDGE_CURVE('',#12626,#12626,#12649,.T.);
#12649 = SURFACE_CURVE('',#12650,(#12655,#12662),.PCURVE_S1.);
#12650 = CIRCLE('',#12651,14.28);
#12651 = AXIS2_PLACEMENT_3D('',#12652,#12653,#12654);
#12652 = CARTESIAN_POINT('',(-270.,-303.925,540.));
#12653 = DIRECTION('',(0.,1.,0.));
#12654 = DIRECTION('',(0.,-0.,1.));
#12655 = PCURVE('',#12601,#12656);
#12656 = DEFINITIONAL_REPRESENTATION('',(#12657),#12661);
#12657 = LINE('',#12658,#12659);
#12658 = CARTESIAN_POINT('',(0.,0.));
#12659 = VECTOR('',#12660,1.);
#12660 = DIRECTION('',(1.,0.));
#12661 = ( GEOMETRIC_REPRESENTATION_CONTEXT(2)
PARAMETRIC_REPRESENTATION_CONTEXT() REPRESENTATION_CONTEXT('2D SPACE',''
  ) );
#12662 = PCURVE('',#12663,#12668);
#12663 = PLANE('',#12664);
#12664 = AXIS2_PLACEMENT_3D('',#12665,#12666,#12667);
#12665 = CARTESIAN_POINT('',(-270.,-303.925,540.));
#12666 = DIRECTION('',(0.,1.,0.));
#12667 = DIRECTION('',(0.,-0.,1.));
#12668 = DEFINITIONAL_REPRESENTATION('',(#12669),#12673);
#12669 = CIRCLE('',#12670,14.28);
#12670 = AXIS2_PLACEMENT_2D('',#12671,#12672);
#12671 = CARTESIAN_POINT('',(0.,0.));
#12672 = DIRECTION('',(1.,0.));
#12673 = ( GEOMETRIC_REPRESENTATION_CONTEXT(2)
PARAMETRIC_REPRESENTATION_CONTEXT() REPRESENTATION_CONTEXT('2D SPACE',''
  ) );
#12674 = ORIENTED_EDGE('',*,*,#12625,.T.);
#12675 = ADVANCED_FACE('',(#12676),#12613,.T.);
#12676 = FACE_BOUND('',#12677,.T.);
#12677 = EDGE_LOOP('',(#12678));
#12678 = ORIENTED_EDGE('',*,*,#12591,.T.);
#12679 = ADVANCED_FACE('',(#12680),#12663,.F.);
#12680 = FACE_BOUND('',#12681,.T.);
#12681 = EDGE_LOOP('',(#12682));
#12682 = ORIENTED_EDGE('',*,*,#12648,.F.);
#12683 = ( GEOMETRIC_REPRESENTATION_CONTEXT(3)
GLOBAL_UNCERTAINTY_ASSIGNED_CONTEXT((#12687))
GLOBAL_UNIT_ASSIGNED_CONTEXT((#12684,#12685,#12686))
REPRESENTATION_CONTEXT('Context #1',
  '3D Context with UNIT and UNCERTAINTY') );
#12684 = ( LENGTH_UNIT() NAMED_UNIT(*) SI_UNIT(.MILLI.,.METRE.) );
#12685 = ( NAMED_UNIT(*) PLANE_ANGLE_UNIT() SI_UNIT($,.RADIAN.) );
#12686 = ( NAMED_UNIT(*) SI_UNIT($,.STERADIAN.) SOLID_ANGLE_UNIT() );
#12687 = UNCERTAINTY_MEASURE_WITH_UNIT(LENGTH_MEASURE(1.E-07),#12684,
  'distance_accuracy_value','confusion accuracy');
#12688 = CONTEXT_DEPENDENT_SHAPE_REPRESENTATION(#12689,#12691);
#12689 = ( REPRESENTATION_RELATIONSHIP('','',#12584,#10)
REPRESENTATION_RELATIONSHIP_WITH_TRANSFORMATION(#12690)
SHAPE_REPRESENTATION_RELATIONSHIP() );
#12690 = ITEM_DEFINED_TRANSFORMATION('','',#11,#103);
#12691 = PRODUCT_DEFINITION_SHAPE('Placement','Placement of an item',
  #12692);
#12692 = NEXT_ASSEMBLY_USAGE_OCCURRENCE('23','','',#5,#12579,$);
#12693 = PRODUCT_RELATED_PRODUCT_CATEGORY('part',$,(#12581));
#12694 = SHAPE_DEFINITION_REPRESENTATION(#12695,#12701);
#12695 = PRODUCT_DEFINITION_SHAPE('','',#12696);
#12696 = PRODUCT_DEFINITION('design','',#12697,#12700);
#12697 = PRODUCT_DEFINITION_FORMATION('','',#12698);
#12698 = PRODUCT('Open CASCADE STEP translator 7.7 4.24',
  'Open CASCADE STEP translator 7.7 4.24','',(#12699));
#12699 = PRODUCT_CONTEXT('',#2,'mechanical');
#12700 = PRODUCT_DEFINITION_CONTEXT('part definition',#2,'design');
#12701 = ADVANCED_BREP_SHAPE_REPRESENTATION('',(#11,#12702),#12800);
#12702 = MANIFOLD_SOLID_BREP('',#12703);
#12703 = CLOSED_SHELL('',(#12704,#12792,#12796));
#12704 = ADVANCED_FACE('',(#12705),#12718,.T.);
#12705 = FACE_BOUND('',#12706,.T.);
#12706 = EDGE_LOOP('',(#12707,#12741,#12764,#12791));
#12707 = ORIENTED_EDGE('',*,*,#12708,.F.);
#12708 = EDGE_CURVE('',#12709,#12709,#12711,.T.);
#12709 = VERTEX_POINT('',#12710);
#12710 = CARTESIAN_POINT('',(-270.,-303.925,557.));
#12711 = SURFACE_CURVE('',#12712,(#12717,#12729),.PCURVE_S1.);
#12712 = CIRCLE('',#12713,17.);
#12713 = AXIS2_PLACEMENT_3D('',#12714,#12715,#12716);
#12714 = CARTESIAN_POINT('',(-270.,-303.925,540.));
#12715 = DIRECTION('',(0.,1.,0.));
#12716 = DIRECTION('',(0.,-0.,1.));
#12717 = PCURVE('',#12718,#12723);
#12718 = CYLINDRICAL_SURFACE('',#12719,17.);
#12719 = AXIS2_PLACEMENT_3D('',#12720,#12721,#12722);
#12720 = CARTESIAN_POINT('',(-270.,-306.925,540.));
#12721 = DIRECTION('',(0.,1.,0.));
#12722 = DIRECTION('',(0.,-0.,1.));
#12723 = DEFINITIONAL_REPRESENTATION('',(#12724),#12728);
#12724 = LINE('',#12725,#12726);
#12725 = CARTESIAN_POINT('',(0.,3.));
#12726 = VECTOR('',#12727,1.);
#12727 = DIRECTION('',(1.,0.));
#12728 = ( GEOMETRIC_REPRESENTATION_CONTEXT(2)
PARAMETRIC_REPRESENTATION_CONTEXT() REPRESENTATION_CONTEXT('2D SPACE',''
  ) );
#12729 = PCURVE('',#12730,#12735);
#12730 = PLANE('',#12731);
#12731 = AXIS2_PLACEMENT_3D('',#12732,#12733,#12734);
#12732 = CARTESIAN_POINT('',(-270.,-303.925,540.));
#12733 = DIRECTION('',(0.,1.,0.));
#12734 = DIRECTION('',(0.,-0.,1.));
#12735 = DEFINITIONAL_REPRESENTATION('',(#12736),#12740);
#12736 = CIRCLE('',#12737,17.);
#12737 = AXIS2_PLACEMENT_2D('',#12738,#12739);
#12738 = CARTESIAN_POINT('',(0.,0.));
#12739 = DIRECTION('',(1.,0.));
#12740 = ( GEOMETRIC_REPRESENTATION_CONTEXT(2)
PARAMETRIC_REPRESENTATION_CONTEXT() REPRESENTATION_CONTEXT('2D SPACE',''
  ) );
#12741 = ORIENTED_EDGE('',*,*,#12742,.F.);
#12742 = EDGE_CURVE('',#12743,#12709,#12745,.T.);
#12743 = VERTEX_POINT('',#12744);
#12744 = CARTESIAN_POINT('',(-270.,-306.925,557.));
#12745 = SEAM_CURVE('',#12746,(#12750,#12757),.PCURVE_S1.);
#12746 = LINE('',#12747,#12748);
#12747 = CARTESIAN_POINT('',(-270.,-306.925,557.));
#12748 = VECTOR('',#12749,1.);
#12749 = DIRECTION('',(0.,1.,0.));
#12750 = PCURVE('',#12718,#12751);
#12751 = DEFINITIONAL_REPRESENTATION('',(#12752),#12756);
#12752 = LINE('',#12753,#12754);
#12753 = CARTESIAN_POINT('',(6.28318530718,-0.));
#12754 = VECTOR('',#12755,1.);
#12755 = DIRECTION('',(0.,1.));
#12756 = ( GEOMETRIC_REPRESENTATION_CONTEXT(2)
PARAMETRIC_REPRESENTATION_CONTEXT() REPRESENTATION_CONTEXT('2D SPACE',''
  ) );
#12757 = PCURVE('',#12718,#12758);
#12758 = DEFINITIONAL_REPRESENTATION('',(#12759),#12763);
#12759 = LINE('',#12760,#12761);
#12760 = CARTESIAN_POINT('',(0.,-0.));
#12761 = VECTOR('',#12762,1.);
#12762 = DIRECTION('',(0.,1.));
#12763 = ( GEOMETRIC_REPRESENTATION_CONTEXT(2)
PARAMETRIC_REPRESENTATION_CONTEXT() REPRESENTATION_CONTEXT('2D SPACE',''
  ) );
#12764 = ORIENTED_EDGE('',*,*,#12765,.T.);
#12765 = EDGE_CURVE('',#12743,#12743,#12766,.T.);
#12766 = SURFACE_CURVE('',#12767,(#12772,#12779),.PCURVE_S1.);
#12767 = CIRCLE('',#12768,17.);
#12768 = AXIS2_PLACEMENT_3D('',#12769,#12770,#12771);
#12769 = CARTESIAN_POINT('',(-270.,-306.925,540.));
#12770 = DIRECTION('',(0.,1.,0.));
#12771 = DIRECTION('',(0.,-0.,1.));
#12772 = PCURVE('',#12718,#12773);
#12773 = DEFINITIONAL_REPRESENTATION('',(#12774),#12778);
#12774 = LINE('',#12775,#12776);
#12775 = CARTESIAN_POINT('',(0.,0.));
#12776 = VECTOR('',#12777,1.);
#12777 = DIRECTION('',(1.,0.));
#12778 = ( GEOMETRIC_REPRESENTATION_CONTEXT(2)
PARAMETRIC_REPRESENTATION_CONTEXT() REPRESENTATION_CONTEXT('2D SPACE',''
  ) );
#12779 = PCURVE('',#12780,#12785);
#12780 = PLANE('',#12781);
#12781 = AXIS2_PLACEMENT_3D('',#12782,#12783,#12784);
#12782 = CARTESIAN_POINT('',(-270.,-306.925,540.));
#12783 = DIRECTION('',(0.,1.,0.));
#12784 = DIRECTION('',(0.,-0.,1.));
#12785 = DEFINITIONAL_REPRESENTATION('',(#12786),#12790);
#12786 = CIRCLE('',#12787,17.);
#12787 = AXIS2_PLACEMENT_2D('',#12788,#12789);
#12788 = CARTESIAN_POINT('',(0.,0.));
#12789 = DIRECTION('',(1.,0.));
#12790 = ( GEOMETRIC_REPRESENTATION_CONTEXT(2)
PARAMETRIC_REPRESENTATION_CONTEXT() REPRESENTATION_CONTEXT('2D SPACE',''
  ) );
#12791 = ORIENTED_EDGE('',*,*,#12742,.T.);
#12792 = ADVANCED_FACE('',(#12793),#12730,.T.);
#12793 = FACE_BOUND('',#12794,.T.);
#12794 = EDGE_LOOP('',(#12795));
#12795 = ORIENTED_EDGE('',*,*,#12708,.T.);
#12796 = ADVANCED_FACE('',(#12797),#12780,.F.);
#12797 = FACE_BOUND('',#12798,.T.);
#12798 = EDGE_LOOP('',(#12799));
#12799 = ORIENTED_EDGE('',*,*,#12765,.F.);
#12800 = ( GEOMETRIC_REPRESENTATION_CONTEXT(3)
GLOBAL_UNCERTAINTY_ASSIGNED_CONTEXT((#12804))
GLOBAL_UNIT_ASSIGNED_CONTEXT((#12801,#12802,#12803))
REPRESENTATION_CONTEXT('Context #1',
  '3D Context with UNIT and UNCERTAINTY') );
#12801 = ( LENGTH_UNIT() NAMED_UNIT(*) SI_UNIT(.MILLI.,.METRE.) );
#12802 = ( NAMED_UNIT(*) PLANE_ANGLE_UNIT() SI_UNIT($,.RADIAN.) );
#12803 = ( NAMED_UNIT(*) SI_UNIT($,.STERADIAN.) SOLID_ANGLE_UNIT() );
#12804 = UNCERTAINTY_MEASURE_WITH_UNIT(LENGTH_MEASURE(1.E-07),#12801,
  'distance_accuracy_value','confusion accuracy');
#12805 = CONTEXT_DEPENDENT_SHAPE_REPRESENTATION(#12806,#12808);
#12806 = ( REPRESENTATION_RELATIONSHIP('','',#12701,#10)
REPRESENTATION_RELATIONSHIP_WITH_TRANSFORMATION(#12807)
SHAPE_REPRESENTATION_RELATIONSHIP() );
#12807 = ITEM_DEFINED_TRANSFORMATION('','',#11,#107);
#12808 = PRODUCT_DEFINITION_SHAPE('Placement','Placement of an item',
  #12809);
#12809 = NEXT_ASSEMBLY_USAGE_OCCURRENCE('24','','',#5,#12696,$);
#12810 = PRODUCT_RELATED_PRODUCT_CATEGORY('part',$,(#12698));
#12811 = SHAPE_DEFINITION_REPRESENTATION(#12812,#12818);
#12812 = PRODUCT_DEFINITION_SHAPE('','',#12813);
#12813 = PRODUCT_DEFINITION('design','',#12814,#12817);
#12814 = PRODUCT_DEFINITION_FORMATION('','',#12815);
#12815 = PRODUCT('Open CASCADE STEP translator 7.7 4.25',
  'Open CASCADE STEP translator 7.7 4.25','',(#12816));
#12816 = PRODUCT_CONTEXT('',#2,'mechanical');
#12817 = PRODUCT_DEFINITION_CONTEXT('part definition',#2,'design');
#12818 = ADVANCED_BREP_SHAPE_REPRESENTATION('',(#11,#12819),#12917);
#12819 = MANIFOLD_SOLID_BREP('',#12820);
#12820 = CLOSED_SHELL('',(#12821,#12909,#12913));
#12821 = ADVANCED_FACE('',(#12822),#12835,.T.);
#12822 = FACE_BOUND('',#12823,.T.);
#12823 = EDGE_LOOP('',(#12824,#12858,#12881,#12908));
#12824 = ORIENTED_EDGE('',*,*,#12825,.F.);
#12825 = EDGE_CURVE('',#12826,#12826,#12828,.T.);
#12826 = VERTEX_POINT('',#12827);
#12827 = CARTESIAN_POINT('',(-270.,-283.075,557.));
#12828 = SURFACE_CURVE('',#12829,(#12834,#12846),.PCURVE_S1.);
#12829 = CIRCLE('',#12830,17.);
#12830 = AXIS2_PLACEMENT_3D('',#12831,#12832,#12833);
#12831 = CARTESIAN_POINT('',(-270.,-283.075,540.));
#12832 = DIRECTION('',(0.,1.,0.));
#12833 = DIRECTION('',(0.,-0.,1.));
#12834 = PCURVE('',#12835,#12840);
#12835 = CYLINDRICAL_SURFACE('',#12836,17.);
#12836 = AXIS2_PLACEMENT_3D('',#12837,#12838,#12839);
#12837 = CARTESIAN_POINT('',(-270.,-286.075,540.));
#12838 = DIRECTION('',(0.,1.,0.));
#12839 = DIRECTION('',(0.,-0.,1.));
#12840 = DEFINITIONAL_REPRESENTATION('',(#12841),#12845);
#12841 = LINE('',#12842,#12843);
#12842 = CARTESIAN_POINT('',(0.,3.));
#12843 = VECTOR('',#12844,1.);
#12844 = DIRECTION('',(1.,0.));
#12845 = ( GEOMETRIC_REPRESENTATION_CONTEXT(2)
PARAMETRIC_REPRESENTATION_CONTEXT() REPRESENTATION_CONTEXT('2D SPACE',''
  ) );
#12846 = PCURVE('',#12847,#12852);
#12847 = PLANE('',#12848);
#12848 = AXIS2_PLACEMENT_3D('',#12849,#12850,#12851);
#12849 = CARTESIAN_POINT('',(-270.,-283.075,540.));
#12850 = DIRECTION('',(0.,1.,0.));
#12851 = DIRECTION('',(0.,-0.,1.));
#12852 = DEFINITIONAL_REPRESENTATION('',(#12853),#12857);
#12853 = CIRCLE('',#12854,17.);
#12854 = AXIS2_PLACEMENT_2D('',#12855,#12856);
#12855 = CARTESIAN_POINT('',(0.,0.));
#12856 = DIRECTION('',(1.,0.));
#12857 = ( GEOMETRIC_REPRESENTATION_CONTEXT(2)
PARAMETRIC_REPRESENTATION_CONTEXT() REPRESENTATION_CONTEXT('2D SPACE',''
  ) );
#12858 = ORIENTED_EDGE('',*,*,#12859,.F.);
#12859 = EDGE_CURVE('',#12860,#12826,#12862,.T.);
#12860 = VERTEX_POINT('',#12861);
#12861 = CARTESIAN_POINT('',(-270.,-286.075,557.));
#12862 = SEAM_CURVE('',#12863,(#12867,#12874),.PCURVE_S1.);
#12863 = LINE('',#12864,#12865);
#12864 = CARTESIAN_POINT('',(-270.,-286.075,557.));
#12865 = VECTOR('',#12866,1.);
#12866 = DIRECTION('',(0.,1.,0.));
#12867 = PCURVE('',#12835,#12868);
#12868 = DEFINITIONAL_REPRESENTATION('',(#12869),#12873);
#12869 = LINE('',#12870,#12871);
#12870 = CARTESIAN_POINT('',(6.28318530718,-0.));
#12871 = VECTOR('',#12872,1.);
#12872 = DIRECTION('',(0.,1.));
#12873 = ( GEOMETRIC_REPRESENTATION_CONTEXT(2)
PARAMETRIC_REPRESENTATION_CONTEXT() REPRESENTATION_CONTEXT('2D SPACE',''
  ) );
#12874 = PCURVE('',#12835,#12875);
#12875 = DEFINITIONAL_REPRESENTATION('',(#12876),#12880);
#12876 = LINE('',#12877,#12878);
#12877 = CARTESIAN_POINT('',(0.,-0.));
#12878 = VECTOR('',#12879,1.);
#12879 = DIRECTION('',(0.,1.));
#12880 = ( GEOMETRIC_REPRESENTATION_CONTEXT(2)
PARAMETRIC_REPRESENTATION_CONTEXT() REPRESENTATION_CONTEXT('2D SPACE',''
  ) );
#12881 = ORIENTED_EDGE('',*,*,#12882,.T.);
#12882 = EDGE_CURVE('',#12860,#12860,#12883,.T.);
#12883 = SURFACE_CURVE('',#12884,(#12889,#12896),.PCURVE_S1.);
#12884 = CIRCLE('',#12885,17.);
#12885 = AXIS2_PLACEMENT_3D('',#12886,#12887,#12888);
#12886 = CARTESIAN_POINT('',(-270.,-286.075,540.));
#12887 = DIRECTION('',(0.,1.,0.));
#12888 = DIRECTION('',(0.,-0.,1.));
#12889 = PCURVE('',#12835,#12890);
#12890 = DEFINITIONAL_REPRESENTATION('',(#12891),#12895);
#12891 = LINE('',#12892,#12893);
#12892 = CARTESIAN_POINT('',(0.,0.));
#12893 = VECTOR('',#12894,1.);
#12894 = DIRECTION('',(1.,0.));
#12895 = ( GEOMETRIC_REPRESENTATION_CONTEXT(2)
PARAMETRIC_REPRESENTATION_CONTEXT() REPRESENTATION_CONTEXT('2D SPACE',''
  ) );
#12896 = PCURVE('',#12897,#12902);
#12897 = PLANE('',#12898);
#12898 = AXIS2_PLACEMENT_3D('',#12899,#12900,#12901);
#12899 = CARTESIAN_POINT('',(-270.,-286.075,540.));
#12900 = DIRECTION('',(0.,1.,0.));
#12901 = DIRECTION('',(0.,-0.,1.));
#12902 = DEFINITIONAL_REPRESENTATION('',(#12903),#12907);
#12903 = CIRCLE('',#12904,17.);
#12904 = AXIS2_PLACEMENT_2D('',#12905,#12906);
#12905 = CARTESIAN_POINT('',(0.,0.));
#12906 = DIRECTION('',(1.,0.));
#12907 = ( GEOMETRIC_REPRESENTATION_CONTEXT(2)
PARAMETRIC_REPRESENTATION_CONTEXT() REPRESENTATION_CONTEXT('2D SPACE',''
  ) );
#12908 = ORIENTED_EDGE('',*,*,#12859,.T.);
#12909 = ADVANCED_FACE('',(#12910),#12847,.T.);
#12910 = FACE_BOUND('',#12911,.T.);
#12911 = EDGE_LOOP('',(#12912));
#12912 = ORIENTED_EDGE('',*,*,#12825,.T.);
#12913 = ADVANCED_FACE('',(#12914),#12897,.F.);
#12914 = FACE_BOUND('',#12915,.T.);
#12915 = EDGE_LOOP('',(#12916));
#12916 = ORIENTED_EDGE('',*,*,#12882,.F.);
#12917 = ( GEOMETRIC_REPRESENTATION_CONTEXT(3)
GLOBAL_UNCERTAINTY_ASSIGNED_CONTEXT((#12921))
GLOBAL_UNIT_ASSIGNED_CONTEXT((#12918,#12919,#12920))
REPRESENTATION_CONTEXT('Context #1',
  '3D Context with UNIT and UNCERTAINTY') );
#12918 = ( LENGTH_UNIT() NAMED_UNIT(*) SI_UNIT(.MILLI.,.METRE.) );
#12919 = ( NAMED_UNIT(*) PLANE_ANGLE_UNIT() SI_UNIT($,.RADIAN.) );
#12920 = ( NAMED_UNIT(*) SI_UNIT($,.STERADIAN.) SOLID_ANGLE_UNIT() );
#12921 = UNCERTAINTY_MEASURE_WITH_UNIT(LENGTH_MEASURE(1.E-07),#12918,
  'distance_accuracy_value','confusion accuracy');
#12922 = CONTEXT_DEPENDENT_SHAPE_REPRESENTATION(#12923,#12925);
#12923 = ( REPRESENTATION_RELATIONSHIP('','',#12818,#10)
REPRESENTATION_RELATIONSHIP_WITH_TRANSFORMATION(#12924)
SHAPE_REPRESENTATION_RELATIONSHIP() );
#12924 = ITEM_DEFINED_TRANSFORMATION('','',#11,#111);
#12925 = PRODUCT_DEFINITION_SHAPE('Placement','Placement of an item',
  #12926);
#12926 = NEXT_ASSEMBLY_USAGE_OCCURRENCE('25','','',#5,#12813,$);
#12927 = PRODUCT_RELATED_PRODUCT_CATEGORY('part',$,(#12815));
#12928 = SHAPE_DEFINITION_REPRESENTATION(#12929,#12935);
#12929 = PRODUCT_DEFINITION_SHAPE('','',#12930);
#12930 = PRODUCT_DEFINITION('design','',#12931,#12934);
#12931 = PRODUCT_DEFINITION_FORMATION('','',#12932);
#12932 = PRODUCT('Open CASCADE STEP translator 7.7 4.26',
  'Open CASCADE STEP translator 7.7 4.26','',(#12933));
#12933 = PRODUCT_CONTEXT('',#2,'mechanical');
#12934 = PRODUCT_DEFINITION_CONTEXT('part definition',#2,'design');
#12935 = ADVANCED_BREP_SHAPE_REPRESENTATION('',(#11,#12936),#13034);
#12936 = MANIFOLD_SOLID_BREP('',#12937);
#12937 = CLOSED_SHELL('',(#12938,#13026,#13030));
#12938 = ADVANCED_FACE('',(#12939),#12952,.T.);
#12939 = FACE_BOUND('',#12940,.T.);
#12940 = EDGE_LOOP('',(#12941,#12975,#12998,#13025));
#12941 = ORIENTED_EDGE('',*,*,#12942,.F.);
#12942 = EDGE_CURVE('',#12943,#12943,#12945,.T.);
#12943 = VERTEX_POINT('',#12944);
#12944 = CARTESIAN_POINT('',(-217.125,-318.,540.6));
#12945 = SURFACE_CURVE('',#12946,(#12951,#12963),.PCURVE_S1.);
#12946 = CIRCLE('',#12947,12.6);
#12947 = AXIS2_PLACEMENT_3D('',#12948,#12949,#12950);
#12948 = CARTESIAN_POINT('',(-217.125,-318.,528.));
#12949 = DIRECTION('',(1.,0.,0.));
#12950 = DIRECTION('',(-0.,0.,1.));
#12951 = PCURVE('',#12952,#12957);
#12952 = CYLINDRICAL_SURFACE('',#12953,12.6);
#12953 = AXIS2_PLACEMENT_3D('',#12954,#12955,#12956);
#12954 = CARTESIAN_POINT('',(-232.875,-318.,528.));
#12955 = DIRECTION('',(1.,0.,0.));
#12956 = DIRECTION('',(-0.,0.,1.));
#12957 = DEFINITIONAL_REPRESENTATION('',(#12958),#12962);
#12958 = LINE('',#12959,#12960);
#12959 = CARTESIAN_POINT('',(0.,15.75));
#12960 = VECTOR('',#12961,1.);
#12961 = DIRECTION('',(1.,0.));
#12962 = ( GEOMETRIC_REPRESENTATION_CONTEXT(2)
PARAMETRIC_REPRESENTATION_CONTEXT() REPRESENTATION_CONTEXT('2D SPACE',''
  ) );
#12963 = PCURVE('',#12964,#12969);
#12964 = PLANE('',#12965);
#12965 = AXIS2_PLACEMENT_3D('',#12966,#12967,#12968);
#12966 = CARTESIAN_POINT('',(-217.125,-318.,528.));
#12967 = DIRECTION('',(1.,0.,0.));
#12968 = DIRECTION('',(-0.,0.,1.));
#12969 = DEFINITIONAL_REPRESENTATION('',(#12970),#12974);
#12970 = CIRCLE('',#12971,12.6);
#12971 = AXIS2_PLACEMENT_2D('',#12972,#12973);
#12972 = CARTESIAN_POINT('',(0.,0.));
#12973 = DIRECTION('',(1.,0.));
#12974 = ( GEOMETRIC_REPRESENTATION_CONTEXT(2)
PARAMETRIC_REPRESENTATION_CONTEXT() REPRESENTATION_CONTEXT('2D SPACE',''
  ) );
#12975 = ORIENTED_EDGE('',*,*,#12976,.F.);
#12976 = EDGE_CURVE('',#12977,#12943,#12979,.T.);
#12977 = VERTEX_POINT('',#12978);
#12978 = CARTESIAN_POINT('',(-232.875,-318.,540.6));
#12979 = SEAM_CURVE('',#12980,(#12984,#12991),.PCURVE_S1.);
#12980 = LINE('',#12981,#12982);
#12981 = CARTESIAN_POINT('',(-232.875,-318.,540.6));
#12982 = VECTOR('',#12983,1.);
#12983 = DIRECTION('',(1.,0.,0.));
#12984 = PCURVE('',#12952,#12985);
#12985 = DEFINITIONAL_REPRESENTATION('',(#12986),#12990);
#12986 = LINE('',#12987,#12988);
#12987 = CARTESIAN_POINT('',(6.28318530718,-0.));
#12988 = VECTOR('',#12989,1.);
#12989 = DIRECTION('',(0.,1.));
#12990 = ( GEOMETRIC_REPRESENTATION_CONTEXT(2)
PARAMETRIC_REPRESENTATION_CONTEXT() REPRESENTATION_CONTEXT('2D SPACE',''
  ) );
#12991 = PCURVE('',#12952,#12992);
#12992 = DEFINITIONAL_REPRESENTATION('',(#12993),#12997);
#12993 = LINE('',#12994,#12995);
#12994 = CARTESIAN_POINT('',(0.,-0.));
#12995 = VECTOR('',#12996,1.);
#12996 = DIRECTION('',(0.,1.));
#12997 = ( GEOMETRIC_REPRESENTATION_CONTEXT(2)
PARAMETRIC_REPRESENTATION_CONTEXT() REPRESENTATION_CONTEXT('2D SPACE',''
  ) );
#12998 = ORIENTED_EDGE('',*,*,#12999,.T.);
#12999 = EDGE_CURVE('',#12977,#12977,#13000,.T.);
#13000 = SURFACE_CURVE('',#13001,(#13006,#13013),.PCURVE_S1.);
#13001 = CIRCLE('',#13002,12.6);
#13002 = AXIS2_PLACEMENT_3D('',#13003,#13004,#13005);
#13003 = CARTESIAN_POINT('',(-232.875,-318.,528.));
#13004 = DIRECTION('',(1.,0.,0.));
#13005 = DIRECTION('',(-0.,0.,1.));
#13006 = PCURVE('',#12952,#13007);
#13007 = DEFINITIONAL_REPRESENTATION('',(#13008),#13012);
#13008 = LINE('',#13009,#13010);
#13009 = CARTESIAN_POINT('',(0.,0.));
#13010 = VECTOR('',#13011,1.);
#13011 = DIRECTION('',(1.,0.));
#13012 = ( GEOMETRIC_REPRESENTATION_CONTEXT(2)
PARAMETRIC_REPRESENTATION_CONTEXT() REPRESENTATION_CONTEXT('2D SPACE',''
  ) );
#13013 = PCURVE('',#13014,#13019);
#13014 = PLANE('',#13015);
#13015 = AXIS2_PLACEMENT_3D('',#13016,#13017,#13018);
#13016 = CARTESIAN_POINT('',(-232.875,-318.,528.));
#13017 = DIRECTION('',(1.,0.,0.));
#13018 = DIRECTION('',(-0.,0.,1.));
#13019 = DEFINITIONAL_REPRESENTATION('',(#13020),#13024);
#13020 = CIRCLE('',#13021,12.6);
#13021 = AXIS2_PLACEMENT_2D('',#13022,#13023);
#13022 = CARTESIAN_POINT('',(0.,0.));
#13023 = DIRECTION('',(1.,0.));
#13024 = ( GEOMETRIC_REPRESENTATION_CONTEXT(2)
PARAMETRIC_REPRESENTATION_CONTEXT() REPRESENTATION_CONTEXT('2D SPACE',''
  ) );
#13025 = ORIENTED_EDGE('',*,*,#12976,.T.);
#13026 = ADVANCED_FACE('',(#13027),#12964,.T.);
#13027 = FACE_BOUND('',#13028,.T.);
#13028 = EDGE_LOOP('',(#13029));
#13029 = ORIENTED_EDGE('',*,*,#12942,.T.);
#13030 = ADVANCED_FACE('',(#13031),#13014,.F.);
#13031 = FACE_BOUND('',#13032,.T.);
#13032 = EDGE_LOOP('',(#13033));
#13033 = ORIENTED_EDGE('',*,*,#12999,.F.);
#13034 = ( GEOMETRIC_REPRESENTATION_CONTEXT(3)
GLOBAL_UNCERTAINTY_ASSIGNED_CONTEXT((#13038))
GLOBAL_UNIT_ASSIGNED_CONTEXT((#13035,#13036,#13037))
REPRESENTATION_CONTEXT('Context #1',
  '3D Context with UNIT and UNCERTAINTY') );
#13035 = ( LENGTH_UNIT() NAMED_UNIT(*) SI_UNIT(.MILLI.,.METRE.) );
#13036 = ( NAMED_UNIT(*) PLANE_ANGLE_UNIT() SI_UNIT($,.RADIAN.) );
#13037 = ( NAMED_UNIT(*) SI_UNIT($,.STERADIAN.) SOLID_ANGLE_UNIT() );
#13038 = UNCERTAINTY_MEASURE_WITH_UNIT(LENGTH_MEASURE(1.E-07),#13035,
  'distance_accuracy_value','confusion accuracy');
#13039 = CONTEXT_DEPENDENT_SHAPE_REPRESENTATION(#13040,#13042);
#13040 = ( REPRESENTATION_RELATIONSHIP('','',#12935,#10)
REPRESENTATION_RELATIONSHIP_WITH_TRANSFORMATION(#13041)
SHAPE_REPRESENTATION_RELATIONSHIP() );
#13041 = ITEM_DEFINED_TRANSFORMATION('','',#11,#115);
#13042 = PRODUCT_DEFINITION_SHAPE('Placement','Placement of an item',
  #13043);
#13043 = NEXT_ASSEMBLY_USAGE_OCCURRENCE('26','','',#5,#12930,$);
#13044 = PRODUCT_RELATED_PRODUCT_CATEGORY('part',$,(#12932));
#13045 = SHAPE_DEFINITION_REPRESENTATION(#13046,#13052);
#13046 = PRODUCT_DEFINITION_SHAPE('','',#13047);
#13047 = PRODUCT_DEFINITION('design','',#13048,#13051);
#13048 = PRODUCT_DEFINITION_FORMATION('','',#13049);
#13049 = PRODUCT('Open CASCADE STEP translator 7.7 4.27',
  'Open CASCADE STEP translator 7.7 4.27','',(#13050));
#13050 = PRODUCT_CONTEXT('',#2,'mechanical');
#13051 = PRODUCT_DEFINITION_CONTEXT('part definition',#2,'design');
#13052 = ADVANCED_BREP_SHAPE_REPRESENTATION('',(#11,#13053),#13151);
#13053 = MANIFOLD_SOLID_BREP('',#13054);
#13054 = CLOSED_SHELL('',(#13055,#13143,#13147));
#13055 = ADVANCED_FACE('',(#13056),#13069,.T.);
#13056 = FACE_BOUND('',#13057,.T.);
#13057 = EDGE_LOOP('',(#13058,#13092,#13115,#13142));
#13058 = ORIENTED_EDGE('',*,*,#13059,.F.);
#13059 = EDGE_CURVE('',#13060,#13060,#13062,.T.);
#13060 = VERTEX_POINT('',#13061);
#13061 = CARTESIAN_POINT('',(-232.875,-318.,543.));
#13062 = SURFACE_CURVE('',#13063,(#13068,#13080),.PCURVE_S1.);
#13063 = CIRCLE('',#13064,15.);
#13064 = AXIS2_PLACEMENT_3D('',#13065,#13066,#13067);
#13065 = CARTESIAN_POINT('',(-232.875,-318.,528.));
#13066 = DIRECTION('',(1.,0.,0.));
#13067 = DIRECTION('',(-0.,0.,1.));
#13068 = PCURVE('',#13069,#13074);
#13069 = CYLINDRICAL_SURFACE('',#13070,15.);
#13070 = AXIS2_PLACEMENT_3D('',#13071,#13072,#13073);
#13071 = CARTESIAN_POINT('',(-235.875,-318.,528.));
#13072 = DIRECTION('',(1.,0.,0.));
#13073 = DIRECTION('',(-0.,0.,1.));
#13074 = DEFINITIONAL_REPRESENTATION('',(#13075),#13079);
#13075 = LINE('',#13076,#13077);
#13076 = CARTESIAN_POINT('',(0.,3.));
#13077 = VECTOR('',#13078,1.);
#13078 = DIRECTION('',(1.,0.));
#13079 = ( GEOMETRIC_REPRESENTATION_CONTEXT(2)
PARAMETRIC_REPRESENTATION_CONTEXT() REPRESENTATION_CONTEXT('2D SPACE',''
  ) );
#13080 = PCURVE('',#13081,#13086);
#13081 = PLANE('',#13082);
#13082 = AXIS2_PLACEMENT_3D('',#13083,#13084,#13085);
#13083 = CARTESIAN_POINT('',(-232.875,-318.,528.));
#13084 = DIRECTION('',(1.,0.,0.));
#13085 = DIRECTION('',(-0.,0.,1.));
#13086 = DEFINITIONAL_REPRESENTATION('',(#13087),#13091);
#13087 = CIRCLE('',#13088,15.);
#13088 = AXIS2_PLACEMENT_2D('',#13089,#13090);
#13089 = CARTESIAN_POINT('',(0.,0.));
#13090 = DIRECTION('',(1.,0.));
#13091 = ( GEOMETRIC_REPRESENTATION_CONTEXT(2)
PARAMETRIC_REPRESENTATION_CONTEXT() REPRESENTATION_CONTEXT('2D SPACE',''
  ) );
#13092 = ORIENTED_EDGE('',*,*,#13093,.F.);
#13093 = EDGE_CURVE('',#13094,#13060,#13096,.T.);
#13094 = VERTEX_POINT('',#13095);
#13095 = CARTESIAN_POINT('',(-235.875,-318.,543.));
#13096 = SEAM_CURVE('',#13097,(#13101,#13108),.PCURVE_S1.);
#13097 = LINE('',#13098,#13099);
#13098 = CARTESIAN_POINT('',(-235.875,-318.,543.));
#13099 = VECTOR('',#13100,1.);
#13100 = DIRECTION('',(1.,0.,0.));
#13101 = PCURVE('',#13069,#13102);
#13102 = DEFINITIONAL_REPRESENTATION('',(#13103),#13107);
#13103 = LINE('',#13104,#13105);
#13104 = CARTESIAN_POINT('',(6.28318530718,-0.));
#13105 = VECTOR('',#13106,1.);
#13106 = DIRECTION('',(0.,1.));
#13107 = ( GEOMETRIC_REPRESENTATION_CONTEXT(2)
PARAMETRIC_REPRESENTATION_CONTEXT() REPRESENTATION_CONTEXT('2D SPACE',''
  ) );
#13108 = PCURVE('',#13069,#13109);
#13109 = DEFINITIONAL_REPRESENTATION('',(#13110),#13114);
#13110 = LINE('',#13111,#13112);
#13111 = CARTESIAN_POINT('',(0.,-0.));
#13112 = VECTOR('',#13113,1.);
#13113 = DIRECTION('',(0.,1.));
#13114 = ( GEOMETRIC_REPRESENTATION_CONTEXT(2)
PARAMETRIC_REPRESENTATION_CONTEXT() REPRESENTATION_CONTEXT('2D SPACE',''
  ) );
#13115 = ORIENTED_EDGE('',*,*,#13116,.T.);
#13116 = EDGE_CURVE('',#13094,#13094,#13117,.T.);
#13117 = SURFACE_CURVE('',#13118,(#13123,#13130),.PCURVE_S1.);
#13118 = CIRCLE('',#13119,15.);
#13119 = AXIS2_PLACEMENT_3D('',#13120,#13121,#13122);
#13120 = CARTESIAN_POINT('',(-235.875,-318.,528.));
#13121 = DIRECTION('',(1.,0.,0.));
#13122 = DIRECTION('',(-0.,0.,1.));
#13123 = PCURVE('',#13069,#13124);
#13124 = DEFINITIONAL_REPRESENTATION('',(#13125),#13129);
#13125 = LINE('',#13126,#13127);
#13126 = CARTESIAN_POINT('',(0.,0.));
#13127 = VECTOR('',#13128,1.);
#13128 = DIRECTION('',(1.,0.));
#13129 = ( GEOMETRIC_REPRESENTATION_CONTEXT(2)
PARAMETRIC_REPRESENTATION_CONTEXT() REPRESENTATION_CONTEXT('2D SPACE',''
  ) );
#13130 = PCURVE('',#13131,#13136);
#13131 = PLANE('',#13132);
#13132 = AXIS2_PLACEMENT_3D('',#13133,#13134,#13135);
#13133 = CARTESIAN_POINT('',(-235.875,-318.,528.));
#13134 = DIRECTION('',(1.,0.,0.));
#13135 = DIRECTION('',(-0.,0.,1.));
#13136 = DEFINITIONAL_REPRESENTATION('',(#13137),#13141);
#13137 = CIRCLE('',#13138,15.);
#13138 = AXIS2_PLACEMENT_2D('',#13139,#13140);
#13139 = CARTESIAN_POINT('',(0.,0.));
#13140 = DIRECTION('',(1.,0.));
#13141 = ( GEOMETRIC_REPRESENTATION_CONTEXT(2)
PARAMETRIC_REPRESENTATION_CONTEXT() REPRESENTATION_CONTEXT('2D SPACE',''
  ) );
#13142 = ORIENTED_EDGE('',*,*,#13093,.T.);
#13143 = ADVANCED_FACE('',(#13144),#13081,.T.);
#13144 = FACE_BOUND('',#13145,.T.);
#13145 = EDGE_LOOP('',(#13146));
#13146 = ORIENTED_EDGE('',*,*,#13059,.T.);
#13147 = ADVANCED_FACE('',(#13148),#13131,.F.);
#13148 = FACE_BOUND('',#13149,.T.);
#13149 = EDGE_LOOP('',(#13150));
#13150 = ORIENTED_EDGE('',*,*,#13116,.F.);
#13151 = ( GEOMETRIC_REPRESENTATION_CONTEXT(3)
GLOBAL_UNCERTAINTY_ASSIGNED_CONTEXT((#13155))
GLOBAL_UNIT_ASSIGNED_CONTEXT((#13152,#13153,#13154))
REPRESENTATION_CONTEXT('Context #1',
  '3D Context with UNIT and UNCERTAINTY') );
#13152 = ( LENGTH_UNIT() NAMED_UNIT(*) SI_UNIT(.MILLI.,.METRE.) );
#13153 = ( NAMED_UNIT(*) PLANE_ANGLE_UNIT() SI_UNIT($,.RADIAN.) );
#13154 = ( NAMED_UNIT(*) SI_UNIT($,.STERADIAN.) SOLID_ANGLE_UNIT() );
#13155 = UNCERTAINTY_MEASURE_WITH_UNIT(LENGTH_MEASURE(1.E-07),#13152,
  'distance_accuracy_value','confusion accuracy');
#13156 = CONTEXT_DEPENDENT_SHAPE_REPRESENTATION(#13157,#13159);
#13157 = ( REPRESENTATION_RELATIONSHIP('','',#13052,#10)
REPRESENTATION_RELATIONSHIP_WITH_TRANSFORMATION(#13158)
SHAPE_REPRESENTATION_RELATIONSHIP() );
#13158 = ITEM_DEFINED_TRANSFORMATION('','',#11,#119);
#13159 = PRODUCT_DEFINITION_SHAPE('Placement','Placement of an item',
  #13160);
#13160 = NEXT_ASSEMBLY_USAGE_OCCURRENCE('27','','',#5,#13047,$);
#13161 = PRODUCT_RELATED_PRODUCT_CATEGORY('part',$,(#13049));
#13162 = SHAPE_DEFINITION_REPRESENTATION(#13163,#13169);
#13163 = PRODUCT_DEFINITION_SHAPE('','',#13164);
#13164 = PRODUCT_DEFINITION('design','',#13165,#13168);
#13165 = PRODUCT_DEFINITION_FORMATION('','',#13166);
#13166 = PRODUCT('Open CASCADE STEP translator 7.7 4.28',
  'Open CASCADE STEP translator 7.7 4.28','',(#13167));
#13167 = PRODUCT_CONTEXT('',#2,'mechanical');
#13168 = PRODUCT_DEFINITION_CONTEXT('part definition',#2,'design');
#13169 = ADVANCED_BREP_SHAPE_REPRESENTATION('',(#11,#13170),#13268);
#13170 = MANIFOLD_SOLID_BREP('',#13171);
#13171 = CLOSED_SHELL('',(#13172,#13260,#13264));
#13172 = ADVANCED_FACE('',(#13173),#13186,.T.);
#13173 = FACE_BOUND('',#13174,.T.);
#13174 = EDGE_LOOP('',(#13175,#13209,#13232,#13259));
#13175 = ORIENTED_EDGE('',*,*,#13176,.F.);
#13176 = EDGE_CURVE('',#13177,#13177,#13179,.T.);
#13177 = VERTEX_POINT('',#13178);
#13178 = CARTESIAN_POINT('',(-214.125,-318.,543.));
#13179 = SURFACE_CURVE('',#13180,(#13185,#13197),.PCURVE_S1.);
#13180 = CIRCLE('',#13181,15.);
#13181 = AXIS2_PLACEMENT_3D('',#13182,#13183,#13184);
#13182 = CARTESIAN_POINT('',(-214.125,-318.,528.));
#13183 = DIRECTION('',(1.,0.,0.));
#13184 = DIRECTION('',(-0.,0.,1.));
#13185 = PCURVE('',#13186,#13191);
#13186 = CYLINDRICAL_SURFACE('',#13187,15.);
#13187 = AXIS2_PLACEMENT_3D('',#13188,#13189,#13190);
#13188 = CARTESIAN_POINT('',(-217.125,-318.,528.));
#13189 = DIRECTION('',(1.,0.,0.));
#13190 = DIRECTION('',(-0.,0.,1.));
#13191 = DEFINITIONAL_REPRESENTATION('',(#13192),#13196);
#13192 = LINE('',#13193,#13194);
#13193 = CARTESIAN_POINT('',(0.,3.));
#13194 = VECTOR('',#13195,1.);
#13195 = DIRECTION('',(1.,0.));
#13196 = ( GEOMETRIC_REPRESENTATION_CONTEXT(2)
PARAMETRIC_REPRESENTATION_CONTEXT() REPRESENTATION_CONTEXT('2D SPACE',''
  ) );
#13197 = PCURVE('',#13198,#13203);
#13198 = PLANE('',#13199);
#13199 = AXIS2_PLACEMENT_3D('',#13200,#13201,#13202);
#13200 = CARTESIAN_POINT('',(-214.125,-318.,528.));
#13201 = DIRECTION('',(1.,0.,0.));
#13202 = DIRECTION('',(-0.,0.,1.));
#13203 = DEFINITIONAL_REPRESENTATION('',(#13204),#13208);
#13204 = CIRCLE('',#13205,15.);
#13205 = AXIS2_PLACEMENT_2D('',#13206,#13207);
#13206 = CARTESIAN_POINT('',(0.,0.));
#13207 = DIRECTION('',(1.,0.));
#13208 = ( GEOMETRIC_REPRESENTATION_CONTEXT(2)
PARAMETRIC_REPRESENTATION_CONTEXT() REPRESENTATION_CONTEXT('2D SPACE',''
  ) );
#13209 = ORIENTED_EDGE('',*,*,#13210,.F.);
#13210 = EDGE_CURVE('',#13211,#13177,#13213,.T.);
#13211 = VERTEX_POINT('',#13212);
#13212 = CARTESIAN_POINT('',(-217.125,-318.,543.));
#13213 = SEAM_CURVE('',#13214,(#13218,#13225),.PCURVE_S1.);
#13214 = LINE('',#13215,#13216);
#13215 = CARTESIAN_POINT('',(-217.125,-318.,543.));
#13216 = VECTOR('',#13217,1.);
#13217 = DIRECTION('',(1.,0.,0.));
#13218 = PCURVE('',#13186,#13219);
#13219 = DEFINITIONAL_REPRESENTATION('',(#13220),#13224);
#13220 = LINE('',#13221,#13222);
#13221 = CARTESIAN_POINT('',(6.28318530718,-0.));
#13222 = VECTOR('',#13223,1.);
#13223 = DIRECTION('',(0.,1.));
#13224 = ( GEOMETRIC_REPRESENTATION_CONTEXT(2)
PARAMETRIC_REPRESENTATION_CONTEXT() REPRESENTATION_CONTEXT('2D SPACE',''
  ) );
#13225 = PCURVE('',#13186,#13226);
#13226 = DEFINITIONAL_REPRESENTATION('',(#13227),#13231);
#13227 = LINE('',#13228,#13229);
#13228 = CARTESIAN_POINT('',(0.,-0.));
#13229 = VECTOR('',#13230,1.);
#13230 = DIRECTION('',(0.,1.));
#13231 = ( GEOMETRIC_REPRESENTATION_CONTEXT(2)
PARAMETRIC_REPRESENTATION_CONTEXT() REPRESENTATION_CONTEXT('2D SPACE',''
  ) );
#13232 = ORIENTED_EDGE('',*,*,#13233,.T.);
#13233 = EDGE_CURVE('',#13211,#13211,#13234,.T.);
#13234 = SURFACE_CURVE('',#13235,(#13240,#13247),.PCURVE_S1.);
#13235 = CIRCLE('',#13236,15.);
#13236 = AXIS2_PLACEMENT_3D('',#13237,#13238,#13239);
#13237 = CARTESIAN_POINT('',(-217.125,-318.,528.));
#13238 = DIRECTION('',(1.,0.,0.));
#13239 = DIRECTION('',(-0.,0.,1.));
#13240 = PCURVE('',#13186,#13241);
#13241 = DEFINITIONAL_REPRESENTATION('',(#13242),#13246);
#13242 = LINE('',#13243,#13244);
#13243 = CARTESIAN_POINT('',(0.,0.));
#13244 = VECTOR('',#13245,1.);
#13245 = DIRECTION('',(1.,0.));
#13246 = ( GEOMETRIC_REPRESENTATION_CONTEXT(2)
PARAMETRIC_REPRESENTATION_CONTEXT() REPRESENTATION_CONTEXT('2D SPACE',''
  ) );
#13247 = PCURVE('',#13248,#13253);
#13248 = PLANE('',#13249);
#13249 = AXIS2_PLACEMENT_3D('',#13250,#13251,#13252);
#13250 = CARTESIAN_POINT('',(-217.125,-318.,528.));
#13251 = DIRECTION('',(1.,0.,0.));
#13252 = DIRECTION('',(-0.,0.,1.));
#13253 = DEFINITIONAL_REPRESENTATION('',(#13254),#13258);
#13254 = CIRCLE('',#13255,15.);
#13255 = AXIS2_PLACEMENT_2D('',#13256,#13257);
#13256 = CARTESIAN_POINT('',(0.,0.));
#13257 = DIRECTION('',(1.,0.));
#13258 = ( GEOMETRIC_REPRESENTATION_CONTEXT(2)
PARAMETRIC_REPRESENTATION_CONTEXT() REPRESENTATION_CONTEXT('2D SPACE',''
  ) );
#13259 = ORIENTED_EDGE('',*,*,#13210,.T.);
#13260 = ADVANCED_FACE('',(#13261),#13198,.T.);
#13261 = FACE_BOUND('',#13262,.T.);
#13262 = EDGE_LOOP('',(#13263));
#13263 = ORIENTED_EDGE('',*,*,#13176,.T.);
#13264 = ADVANCED_FACE('',(#13265),#13248,.F.);
#13265 = FACE_BOUND('',#13266,.T.);
#13266 = EDGE_LOOP('',(#13267));
#13267 = ORIENTED_EDGE('',*,*,#13233,.F.);
#13268 = ( GEOMETRIC_REPRESENTATION_CONTEXT(3)
GLOBAL_UNCERTAINTY_ASSIGNED_CONTEXT((#13272))
GLOBAL_UNIT_ASSIGNED_CONTEXT((#13269,#13270,#13271))
REPRESENTATION_CONTEXT('Context #1',
  '3D Context with UNIT and UNCERTAINTY') );
#13269 = ( LENGTH_UNIT() NAMED_UNIT(*) SI_UNIT(.MILLI.,.METRE.) );
#13270 = ( NAMED_UNIT(*) PLANE_ANGLE_UNIT() SI_UNIT($,.RADIAN.) );
#13271 = ( NAMED_UNIT(*) SI_UNIT($,.STERADIAN.) SOLID_ANGLE_UNIT() );
#13272 = UNCERTAINTY_MEASURE_WITH_UNIT(LENGTH_MEASURE(1.E-07),#13269,
  'distance_accuracy_value','confusion accuracy');
#13273 = CONTEXT_DEPENDENT_SHAPE_REPRESENTATION(#13274,#13276);
#13274 = ( REPRESENTATION_RELATIONSHIP('','',#13169,#10)
REPRESENTATION_RELATIONSHIP_WITH_TRANSFORMATION(#13275)
SHAPE_REPRESENTATION_RELATIONSHIP() );
#13275 = ITEM_DEFINED_TRANSFORMATION('','',#11,#123);
#13276 = PRODUCT_DEFINITION_SHAPE('Placement','Placement of an item',
  #13277);
#13277 = NEXT_ASSEMBLY_USAGE_OCCURRENCE('28','','',#5,#13164,$);
#13278 = PRODUCT_RELATED_PRODUCT_CATEGORY('part',$,(#13166));
#13279 = SHAPE_DEFINITION_REPRESENTATION(#13280,#13286);
#13280 = PRODUCT_DEFINITION_SHAPE('','',#13281);
#13281 = PRODUCT_DEFINITION('design','',#13282,#13285);
#13282 = PRODUCT_DEFINITION_FORMATION('','',#13283);
#13283 = PRODUCT('Open CASCADE STEP translator 7.7 4.29',
  'Open CASCADE STEP translator 7.7 4.29','',(#13284));
#13284 = PRODUCT_CONTEXT('',#2,'mechanical');
#13285 = PRODUCT_DEFINITION_CONTEXT('part definition',#2,'design');
#13286 = ADVANCED_BREP_SHAPE_REPRESENTATION('',(#11,#13287),#13385);
#13287 = MANIFOLD_SOLID_BREP('',#13288);
#13288 = CLOSED_SHELL('',(#13289,#13377,#13381));
#13289 = ADVANCED_FACE('',(#13290),#13303,.T.);
#13290 = FACE_BOUND('',#13291,.T.);
#13291 = EDGE_LOOP('',(#13292,#13326,#13349,#13376));
#13292 = ORIENTED_EDGE('',*,*,#13293,.F.);
#13293 = EDGE_CURVE('',#13294,#13294,#13296,.T.);
#13294 = VERTEX_POINT('',#13295);
#13295 = CARTESIAN_POINT('',(-170.,-335.,534.));
#13296 = SURFACE_CURVE('',#13297,(#13302,#13314),.PCURVE_S1.);
#13297 = CIRCLE('',#13298,14.);
#13298 = AXIS2_PLACEMENT_3D('',#13299,#13300,#13301);
#13299 = CARTESIAN_POINT('',(-170.,-335.,520.));
#13300 = DIRECTION('',(1.,0.,0.));
#13301 = DIRECTION('',(-0.,0.,1.));
#13302 = PCURVE('',#13303,#13308);
#13303 = CYLINDRICAL_SURFACE('',#13304,14.);
#13304 = AXIS2_PLACEMENT_3D('',#13305,#13306,#13307);
#13305 = CARTESIAN_POINT('',(-194.,-335.,520.));
#13306 = DIRECTION('',(1.,0.,0.));
#13307 = DIRECTION('',(-0.,0.,1.));
#13308 = DEFINITIONAL_REPRESENTATION('',(#13309),#13313);
#13309 = LINE('',#13310,#13311);
#13310 = CARTESIAN_POINT('',(0.,24.));
#13311 = VECTOR('',#13312,1.);
#13312 = DIRECTION('',(1.,0.));
#13313 = ( GEOMETRIC_REPRESENTATION_CONTEXT(2)
PARAMETRIC_REPRESENTATION_CONTEXT() REPRESENTATION_CONTEXT('2D SPACE',''
  ) );
#13314 = PCURVE('',#13315,#13320);
#13315 = PLANE('',#13316);
#13316 = AXIS2_PLACEMENT_3D('',#13317,#13318,#13319);
#13317 = CARTESIAN_POINT('',(-170.,-335.,520.));
#13318 = DIRECTION('',(1.,0.,0.));
#13319 = DIRECTION('',(-0.,0.,1.));
#13320 = DEFINITIONAL_REPRESENTATION('',(#13321),#13325);
#13321 = CIRCLE('',#13322,14.);
#13322 = AXIS2_PLACEMENT_2D('',#13323,#13324);
#13323 = CARTESIAN_POINT('',(0.,0.));
#13324 = DIRECTION('',(1.,0.));
#13325 = ( GEOMETRIC_REPRESENTATION_CONTEXT(2)
PARAMETRIC_REPRESENTATION_CONTEXT() REPRESENTATION_CONTEXT('2D SPACE',''
  ) );
#13326 = ORIENTED_EDGE('',*,*,#13327,.F.);
#13327 = EDGE_CURVE('',#13328,#13294,#13330,.T.);
#13328 = VERTEX_POINT('',#13329);
#13329 = CARTESIAN_POINT('',(-194.,-335.,534.));
#13330 = SEAM_CURVE('',#13331,(#13335,#13342),.PCURVE_S1.);
#13331 = LINE('',#13332,#13333);
#13332 = CARTESIAN_POINT('',(-194.,-335.,534.));
#13333 = VECTOR('',#13334,1.);
#13334 = DIRECTION('',(1.,0.,0.));
#13335 = PCURVE('',#13303,#13336);
#13336 = DEFINITIONAL_REPRESENTATION('',(#13337),#13341);
#13337 = LINE('',#13338,#13339);
#13338 = CARTESIAN_POINT('',(6.28318530718,-0.));
#13339 = VECTOR('',#13340,1.);
#13340 = DIRECTION('',(0.,1.));
#13341 = ( GEOMETRIC_REPRESENTATION_CONTEXT(2)
PARAMETRIC_REPRESENTATION_CONTEXT() REPRESENTATION_CONTEXT('2D SPACE',''
  ) );
#13342 = PCURVE('',#13303,#13343);
#13343 = DEFINITIONAL_REPRESENTATION('',(#13344),#13348);
#13344 = LINE('',#13345,#13346);
#13345 = CARTESIAN_POINT('',(0.,-0.));
#13346 = VECTOR('',#13347,1.);
#13347 = DIRECTION('',(0.,1.));
#13348 = ( GEOMETRIC_REPRESENTATION_CONTEXT(2)
PARAMETRIC_REPRESENTATION_CONTEXT() REPRESENTATION_CONTEXT('2D SPACE',''
  ) );
#13349 = ORIENTED_EDGE('',*,*,#13350,.T.);
#13350 = EDGE_CURVE('',#13328,#13328,#13351,.T.);
#13351 = SURFACE_CURVE('',#13352,(#13357,#13364),.PCURVE_S1.);
#13352 = CIRCLE('',#13353,14.);
#13353 = AXIS2_PLACEMENT_3D('',#13354,#13355,#13356);
#13354 = CARTESIAN_POINT('',(-194.,-335.,520.));
#13355 = DIRECTION('',(1.,0.,0.));
#13356 = DIRECTION('',(-0.,0.,1.));
#13357 = PCURVE('',#13303,#13358);
#13358 = DEFINITIONAL_REPRESENTATION('',(#13359),#13363);
#13359 = LINE('',#13360,#13361);
#13360 = CARTESIAN_POINT('',(0.,0.));
#13361 = VECTOR('',#13362,1.);
#13362 = DIRECTION('',(1.,0.));
#13363 = ( GEOMETRIC_REPRESENTATION_CONTEXT(2)
PARAMETRIC_REPRESENTATION_CONTEXT() REPRESENTATION_CONTEXT('2D SPACE',''
  ) );
#13364 = PCURVE('',#13365,#13370);
#13365 = PLANE('',#13366);
#13366 = AXIS2_PLACEMENT_3D('',#13367,#13368,#13369);
#13367 = CARTESIAN_POINT('',(-194.,-335.,520.));
#13368 = DIRECTION('',(1.,0.,0.));
#13369 = DIRECTION('',(-0.,0.,1.));
#13370 = DEFINITIONAL_REPRESENTATION('',(#13371),#13375);
#13371 = CIRCLE('',#13372,14.);
#13372 = AXIS2_PLACEMENT_2D('',#13373,#13374);
#13373 = CARTESIAN_POINT('',(0.,0.));
#13374 = DIRECTION('',(1.,0.));
#13375 = ( GEOMETRIC_REPRESENTATION_CONTEXT(2)
PARAMETRIC_REPRESENTATION_CONTEXT() REPRESENTATION_CONTEXT('2D SPACE',''
  ) );
#13376 = ORIENTED_EDGE('',*,*,#13327,.T.);
#13377 = ADVANCED_FACE('',(#13378),#13315,.T.);
#13378 = FACE_BOUND('',#13379,.T.);
#13379 = EDGE_LOOP('',(#13380));
#13380 = ORIENTED_EDGE('',*,*,#13293,.T.);
#13381 = ADVANCED_FACE('',(#13382),#13365,.F.);
#13382 = FACE_BOUND('',#13383,.T.);
#13383 = EDGE_LOOP('',(#13384));
#13384 = ORIENTED_EDGE('',*,*,#13350,.F.);
#13385 = ( GEOMETRIC_REPRESENTATION_CONTEXT(3)
GLOBAL_UNCERTAINTY_ASSIGNED_CONTEXT((#13389))
GLOBAL_UNIT_ASSIGNED_CONTEXT((#13386,#13387,#13388))
REPRESENTATION_CONTEXT('Context #1',
  '3D Context with UNIT and UNCERTAINTY') );
#13386 = ( LENGTH_UNIT() NAMED_UNIT(*) SI_UNIT(.MILLI.,.METRE.) );
#13387 = ( NAMED_UNIT(*) PLANE_ANGLE_UNIT() SI_UNIT($,.RADIAN.) );
#13388 = ( NAMED_UNIT(*) SI_UNIT($,.STERADIAN.) SOLID_ANGLE_UNIT() );
#13389 = UNCERTAINTY_MEASURE_WITH_UNIT(LENGTH_MEASURE(1.E-07),#13386,
  'distance_accuracy_value','confusion accuracy');
#13390 = CONTEXT_DEPENDENT_SHAPE_REPRESENTATION(#13391,#13393);
#13391 = ( REPRESENTATION_RELATIONSHIP('','',#13286,#10)
REPRESENTATION_RELATIONSHIP_WITH_TRANSFORMATION(#13392)
SHAPE_REPRESENTATION_RELATIONSHIP() );
#13392 = ITEM_DEFINED_TRANSFORMATION('','',#11,#127);
#13393 = PRODUCT_DEFINITION_SHAPE('Placement','Placement of an item',
  #13394);
#13394 = NEXT_ASSEMBLY_USAGE_OCCURRENCE('29','','',#5,#13281,$);
#13395 = PRODUCT_RELATED_PRODUCT_CATEGORY('part',$,(#13283));
ENDSEC;
END-ISO-10303-21;
