ISO-10303-21;
HEADER;
FILE_DESCRIPTION(('Open CASCADE Model'),'2;1');
FILE_NAME('Open CASCADE Shape Model','2026-08-06T00:00:00',('Author'),(
    'Open CASCADE'),'Open CASCADE STEP processor 7.7','Open CASCADE 7.7'
  ,'Unknown');
FILE_SCHEMA(('AUTOMOTIVE_DESIGN { 1 0 10303 214 1 1 1 1 }'));
ENDSEC;
DATA;
#1 = APPLICATION_PROTOCOL_DEFINITION('international standard',
  'automotive_design',2000,#2);
#2 = APPLICATION_CONTEXT(
  'core data for automotive mechanical design processes');
#3 = SHAPE_DEFINITION_REPRESENTATION(#4,#10);
#4 = PRODUCT_DEFINITION_SHAPE('','',#5);
#5 = PRODUCT_DEFINITION('design','',#6,#9);
#6 = PRODUCT_DEFINITION_FORMATION('','',#7);
#7 = PRODUCT('Open CASCADE STEP translator 7.7 15',
  'Open CASCADE STEP translator 7.7 15','',(#8));
#8 = PRODUCT_CONTEXT('',#2,'mechanical');
#9 = PRODUCT_DEFINITION_CONTEXT('part definition',#2,'design');
#10 = SHAPE_REPRESENTATION('',(#11,#15,#19),#23);
#11 = AXIS2_PLACEMENT_3D('',#12,#13,#14);
#12 = CARTESIAN_POINT('',(0.,0.,0.));
#13 = DIRECTION('',(0.,0.,1.));
#14 = DIRECTION('',(1.,0.,-0.));
#15 = AXIS2_PLACEMENT_3D('',#16,#17,#18);
#16 = CARTESIAN_POINT('',(0.,0.,0.));
#17 = DIRECTION('',(0.,0.,1.));
#18 = DIRECTION('',(1.,0.,-0.));
#19 = AXIS2_PLACEMENT_3D('',#20,#21,#22);
#20 = CARTESIAN_POINT('',(0.,0.,0.));
#21 = DIRECTION('',(0.,0.,1.));
#22 = DIRECTION('',(1.,0.,0.));
#23 = ( GEOMETRIC_REPRESENTATION_CONTEXT(3)
GLOBAL_UNCERTAINTY_ASSIGNED_CONTEXT((#27)) GLOBAL_UNIT_ASSIGNED_CONTEXT(
(#24,#25,#26)) REPRESENTATION_CONTEXT('Context #1',
  '3D Context with UNIT and UNCERTAINTY') );
#24 = ( LENGTH_UNIT() NAMED_UNIT(*) SI_UNIT(.MILLI.,.METRE.) );
#25 = ( NAMED_UNIT(*) PLANE_ANGLE_UNIT() SI_UNIT($,.RADIAN.) );
#26 = ( NAMED_UNIT(*) SI_UNIT($,.STERADIAN.) SOLID_ANGLE_UNIT() );
#27 = UNCERTAINTY_MEASURE_WITH_UNIT(LENGTH_MEASURE(1.E-07),#24,
  'distance_accuracy_value','confusion accuracy');
#28 = PRODUCT_RELATED_PRODUCT_CATEGORY('part',$,(#7));
#29 = SHAPE_DEFINITION_REPRESENTATION(#30,#36);
#30 = PRODUCT_DEFINITION_SHAPE('','',#31);
#31 = PRODUCT_DEFINITION('design','',#32,#35);
#32 = PRODUCT_DEFINITION_FORMATION('','',#33);
#33 = PRODUCT('Open CASCADE STEP translator 7.7 15.1',
  'Open CASCADE STEP translator 7.7 15.1','',(#34));
#34 = PRODUCT_CONTEXT('',#2,'mechanical');
#35 = PRODUCT_DEFINITION_CONTEXT('part definition',#2,'design');
#36 = ADVANCED_BREP_SHAPE_REPRESENTATION('',(#11,#37),#2316);
#37 = MANIFOLD_SOLID_BREP('',#38);
#38 = CLOSED_SHELL('',(#39,#470,#474,#545,#828,#834,#881,#908,#1308,
    #1379,#1807,#1813,#1817,#1843,#1900,#1935,#1990,#2108,#2184,#2233,
    #2282,#2309));
#39 = ADVANCED_FACE('',(#40),#54,.T.);
#40 = FACE_BOUND('',#41,.T.);
#41 = EDGE_LOOP('',(#42,#72,#101,#420,#442,#443));
#42 = ORIENTED_EDGE('',*,*,#43,.T.);
#43 = EDGE_CURVE('',#44,#46,#48,.T.);
#44 = VERTEX_POINT('',#45);
#45 = CARTESIAN_POINT('',(-225.,-150.,960.));
#46 = VERTEX_POINT('',#47);
#47 = CARTESIAN_POINT('',(-225.,-150.,1.26E+03));
#48 = SEAM_CURVE('',#49,(#53,#65),.PCURVE_S1.);
#49 = LINE('',#50,#51);
#50 = CARTESIAN_POINT('',(-225.,-150.,960.));
#51 = VECTOR('',#52,1.);
#52 = DIRECTION('',(0.,0.,1.));
#53 = PCURVE('',#54,#59);
#54 = CYLINDRICAL_SURFACE('',#55,75.);
#55 = AXIS2_PLACEMENT_3D('',#56,#57,#58);
#56 = CARTESIAN_POINT('',(-300.,-150.,960.));
#57 = DIRECTION('',(0.,0.,1.));
#58 = DIRECTION('',(1.,0.,0.));
#59 = DEFINITIONAL_REPRESENTATION('',(#60),#64);
#60 = LINE('',#61,#62);
#61 = CARTESIAN_POINT('',(6.28318530718,-0.));
#62 = VECTOR('',#63,1.);
#63 = DIRECTION('',(0.,1.));
#64 = ( GEOMETRIC_REPRESENTATION_CONTEXT(2)
PARAMETRIC_REPRESENTATION_CONTEXT() REPRESENTATION_CONTEXT('2D SPACE',''
  ) );
#65 = PCURVE('',#54,#66);
#66 = DEFINITIONAL_REPRESENTATION('',(#67),#71);
#67 = LINE('',#68,#69);
#68 = CARTESIAN_POINT('',(0.,-0.));
#69 = VECTOR('',#70,1.);
#70 = DIRECTION('',(0.,1.));
#71 = ( GEOMETRIC_REPRESENTATION_CONTEXT(2)
PARAMETRIC_REPRESENTATION_CONTEXT() REPRESENTATION_CONTEXT('2D SPACE',''
  ) );
#72 = ORIENTED_EDGE('',*,*,#73,.F.);
#73 = EDGE_CURVE('',#74,#46,#76,.T.);
#74 = VERTEX_POINT('',#75);
#75 = CARTESIAN_POINT('',(-367.2606868832,-116.8186799539,1.26E+03));
#76 = SURFACE_CURVE('',#77,(#82,#89),.PCURVE_S1.);
#77 = CIRCLE('',#78,75.);
#78 = AXIS2_PLACEMENT_3D('',#79,#80,#81);
#79 = CARTESIAN_POINT('',(-300.,-150.,1.26E+03));
#80 = DIRECTION('',(0.,0.,1.));
#81 = DIRECTION('',(1.,0.,0.));
#82 = PCURVE('',#54,#83);
#83 = DEFINITIONAL_REPRESENTATION('',(#84),#88);
#84 = LINE('',#85,#86);
#85 = CARTESIAN_POINT('',(0.,300.));
#86 = VECTOR('',#87,1.);
#87 = DIRECTION('',(1.,0.));
#88 = ( GEOMETRIC_REPRESENTATION_CONTEXT(2)
PARAMETRIC_REPRESENTATION_CONTEXT() REPRESENTATION_CONTEXT('2D SPACE',''
  ) );
#89 = PCURVE('',#90,#95);
#90 = PLANE('',#91);
#91 = AXIS2_PLACEMENT_3D('',#92,#93,#94);
#92 = CARTESIAN_POINT('',(-300.,-150.,1.26E+03));
#93 = DIRECTION('',(0.,0.,1.));
#94 = DIRECTION('',(1.,0.,0.));
#95 = DEFINITIONAL_REPRESENTATION('',(#96),#100);
#96 = CIRCLE('',#97,75.);
#97 = AXIS2_PLACEMENT_2D('',#98,#99);
#98 = CARTESIAN_POINT('',(0.,0.));
#99 = DIRECTION('',(1.,0.));
#100 = ( GEOMETRIC_REPRESENTATION_CONTEXT(2)
PARAMETRIC_REPRESENTATION_CONTEXT() REPRESENTATION_CONTEXT('2D SPACE',''
  ) );
#101 = ORIENTED_EDGE('',*,*,#102,.T.);
#102 = EDGE_CURVE('',#74,#103,#105,.T.);
#103 = VERTEX_POINT('',#104);
#104 = CARTESIAN_POINT('',(-232.7393131167,-116.8186799539,1.26E+03));
#105 = SURFACE_CURVE('',#106,(#207,#311),.PCURVE_S1.);
#106 = B_SPLINE_CURVE_WITH_KNOTS('',8,(#107,#108,#109,#110,#111,#112,
    #113,#114,#115,#116,#117,#118,#119,#120,#121,#122,#123,#124,#125,
    #126,#127,#128,#129,#130,#131,#132,#133,#134,#135,#136,#137,#138,
    #139,#140,#141,#142,#143,#144,#145,#146,#147,#148,#149,#150,#151,
    #152,#153,#154,#155,#156,#157,#158,#159,#160,#161,#162,#163,#164,
    #165,#166,#167,#168,#169,#170,#171,#172,#173,#174,#175,#176,#177,
    #178,#179,#180,#181,#182,#183,#184,#185,#186,#187,#188,#189,#190,
    #191,#192,#193,#194,#195,#196,#197,#198,#199,#200,#201,#202,#203,
    #204,#205,#206),.UNSPECIFIED.,.F.,.F.,(9,7,7,7,7,7,7,7,7,7,7,7,7,7,9
    ),(0.,4.195836305674E-02,0.167031087318,0.336452737235,
    0.394506847169,0.436763795551,0.457643893085,0.500008458834,
    0.541788541181,0.563252139713,0.605315465945,0.663602198645,
    0.833198441394,0.958277996164,1.),.UNSPECIFIED.);
#107 = CARTESIAN_POINT('',(-367.2606869724,-116.8186801347,
    1.2600000006E+03));
#108 = CARTESIAN_POINT('',(-367.1227746198,-116.5391228533,
    1.259072392587E+03));
#109 = CARTESIAN_POINT('',(-366.9712597579,-116.2353392688,
    1.258153804677E+03));
#110 = CARTESIAN_POINT('',(-366.8064954003,-115.9090876037,
    1.257244015172E+03));
#111 = CARTESIAN_POINT('',(-366.6288118251,-115.5621059359,
    1.256342898027E+03));
#112 = CARTESIAN_POINT('',(-366.438529952,-115.1961022256,
    1.255450410458E+03));
#113 = CARTESIAN_POINT('',(-366.2359716386,-114.8127453218,
    1.254566580489E+03));
#114 = CARTESIAN_POINT('',(-366.0214668945,-114.4136569486,
    1.253691494412E+03));
#115 = CARTESIAN_POINT('',(-365.1213552266,-112.7685504161,
    1.250243217886E+03));
#116 = CARTESIAN_POINT('',(-364.3411130222,-111.4051219249,
    1.247728030242E+03));
#117 = CARTESIAN_POINT('',(-363.4602417936,-109.94633401,
    1.245277672589E+03));
#118 = CARTESIAN_POINT('',(-362.4830076026,-108.4218147693,
    1.242890647457E+03));
#119 = CARTESIAN_POINT('',(-361.4119965594,-106.8522158589,
    1.240563229352E+03));
#120 = CARTESIAN_POINT('',(-360.2462975713,-105.2500537745,
    1.238288714168E+03));
#121 = CARTESIAN_POINT('',(-358.980336795,-103.6217256547,
    1.236058353272E+03));
#122 = CARTESIAN_POINT('',(-355.7377212997,-99.73279549054,
    1.230889531822E+03));
#123 = CARTESIAN_POINT('',(-353.685331026,-97.47323336926,
    1.22800766439E+03));
#124 = CARTESIAN_POINT('',(-351.4330517478,-95.20903690512,
    1.225205282551E+03));
#125 = CARTESIAN_POINT('',(-348.9625444127,-92.95350696869,
    1.222478965137E+03));
#126 = CARTESIAN_POINT('',(-346.2520306528,-90.72317905307,
    1.219833950963E+03));
#127 = CARTESIAN_POINT('',(-343.2778739928,-88.54038959198,
    1.217285188265E+03));
#128 = CARTESIAN_POINT('',(-340.0158915767,-86.43559277622,
    1.214858075571E+03));
#129 = CARTESIAN_POINT('',(-335.2195547817,-83.76900686793,
    1.21181335968E+03));
#130 = CARTESIAN_POINT('',(-333.957740424,-83.10168312343,
    1.211054207132E+03));
#131 = CARTESIAN_POINT('',(-332.656986021,-82.44917792268,
    1.210314433569E+03));
#132 = CARTESIAN_POINT('',(-331.3161282034,-81.81328891209,
    1.209595755437E+03));
#133 = CARTESIAN_POINT('',(-329.9340564784,-81.19601751017,
    1.208900123909E+03));
#134 = CARTESIAN_POINT('',(-328.5097302261,-80.59957768256,
    1.208229732478E+03));
#135 = CARTESIAN_POINT('',(-327.0421956959,-80.02640471711,
    1.20758702455E+03));
#136 = CARTESIAN_POINT('',(-324.4303313003,-79.08083349639,
    1.206528997471E+03));
#137 = CARTESIAN_POINT('',(-323.3064090057,-78.69613089368,
    1.206099267617E+03));
#138 = CARTESIAN_POINT('',(-322.1590686785,-78.326308897,
    1.205686805819E+03));
#139 = CARTESIAN_POINT('',(-320.9885813769,-77.97262407637,
    1.205292909034E+03));
#140 = CARTESIAN_POINT('',(-319.7952566712,-77.63633606279,
    1.20491887754E+03));
#141 = CARTESIAN_POINT('',(-318.5794426575,-77.3187067455,
    1.204566015636E+03));
#142 = CARTESIAN_POINT('',(-317.3415259706,-77.02099946913,
    1.204235632353E+03));
#143 = CARTESIAN_POINT('',(-315.4595383169,-76.6078429403,
    1.203777549133E+03));
#144 = CARTESIAN_POINT('',(-314.8319544709,-76.47640281803,
    1.203631890329E+03));
#145 = CARTESIAN_POINT('',(-314.1993533277,-76.35033357687,
    1.203492249864E+03));
#146 = CARTESIAN_POINT('',(-313.5619100512,-76.22980391937,
    1.203358804476E+03));
#147 = CARTESIAN_POINT('',(-312.9198019009,-76.11497553798,
    1.203231723528E+03));
#148 = CARTESIAN_POINT('',(-312.2732082325,-76.006003115,
    1.203111169009E+03));
#149 = CARTESIAN_POINT('',(-311.6223104974,-75.90303432259,
    1.20299729553E+03));
#150 = CARTESIAN_POINT('',(-309.6382963477,-75.6097582554,
    1.202673061524E+03));
#151 = CARTESIAN_POINT('',(-308.291698436,-75.43850549902,
    1.202483877871E+03));
#152 = CARTESIAN_POINT('',(-306.9302855422,-75.29385845416,
    1.202324186341E+03));
#153 = CARTESIAN_POINT('',(-305.5568696821,-75.1769544222,
    1.202195185571E+03));
#154 = CARTESIAN_POINT('',(-304.174282652,-75.08865970393,
    1.202097786379E+03));
#155 = CARTESIAN_POINT('',(-302.7853708281,-75.02956819809,
    1.202032612279E+03));
#156 = CARTESIAN_POINT('',(-301.392989966,-75.,1.202E+03));
#157 = CARTESIAN_POINT('',(-298.626228442,-75.,1.202E+03));
#158 = CARTESIAN_POINT('',(-297.2530292212,-75.02875795441,
    1.202031718606E+03));
#159 = CARTESIAN_POINT('',(-295.8831538744,-75.08623226874,
    1.202095109066E+03));
#160 = CARTESIAN_POINT('',(-294.5193501043,-75.17212004085,
    1.202189852716E+03));
#161 = CARTESIAN_POINT('',(-293.1643568987,-75.28585835514,
    1.202315358505E+03));
#162 = CARTESIAN_POINT('',(-291.8208996504,-75.42662557683,
    1.20247076252E+03));
#163 = CARTESIAN_POINT('',(-290.4916852764,-75.59334264609,
    1.202654927505E+03));
#164 = CARTESIAN_POINT('',(-288.5052382673,-75.88296683912,
    1.202975103503E+03));
#165 = CARTESIAN_POINT('',(-287.8353942801,-75.98777778479,
    1.203091007154E+03));
#166 = CARTESIAN_POINT('',(-287.1700668237,-76.09895548415,
    1.20321399451E+03));
#167 = CARTESIAN_POINT('',(-286.5094550601,-76.21634025956,
    1.203343898378E+03));
#168 = CARTESIAN_POINT('',(-285.8537558667,-76.33976448085,
    1.203480543193E+03));
#169 = CARTESIAN_POINT('',(-285.2031638355,-76.46905256537,
    1.203623745024E+03));
#170 = CARTESIAN_POINT('',(-284.5578712735,-76.60402097795,
    1.20377331157E+03));
#171 = CARTESIAN_POINT('',(-282.6642129709,-77.01973958774,
    1.204234235472E+03));
#172 = CARTESIAN_POINT('',(-281.4318340278,-77.31599527193,
    1.204563006559E+03));
#173 = CARTESIAN_POINT('',(-280.2213527813,-77.63199833585,
    1.204914058676E+03));
#174 = CARTESIAN_POINT('',(-279.0331527824,-77.96650224436,
    1.205286100164E+03));
#175 = CARTESIAN_POINT('',(-277.8675797308,-78.31826166368,
    1.205677843762E+03));
#176 = CARTESIAN_POINT('',(-276.7249414813,-78.68603325028,
    1.206088005916E+03));
#177 = CARTESIAN_POINT('',(-275.6055080497,-79.06857643974,
    1.206515306085E+03));
#178 = CARTESIAN_POINT('',(-272.990800268,-80.01349529719,
    1.207572548417E+03));
#179 = CARTESIAN_POINT('',(-271.5165171179,-80.58853254456,
    1.208217315938E+03));
#180 = CARTESIAN_POINT('',(-270.0858045953,-81.18706433785,
    1.208890030548E+03));
#181 = CARTESIAN_POINT('',(-268.6976993021,-81.80662285857,
    1.209588215835E+03));
#182 = CARTESIAN_POINT('',(-267.3511493593,-82.44496516819,
    1.210309649302E+03));
#183 = CARTESIAN_POINT('',(-266.0450317499,-83.10006426662,
    1.211052354628E+03));
#184 = CARTESIAN_POINT('',(-264.7781696624,-83.77010015066,
    1.211814593918E+03));
#185 = CARTESIAN_POINT('',(-259.9738667673,-86.44178869035,
    1.214865191199E+03));
#186 = CARTESIAN_POINT('',(-256.7092602361,-88.54907967904,
    1.217295255924E+03));
#187 = CARTESIAN_POINT('',(-253.7330116897,-90.73445148147,
    1.219847163247E+03));
#188 = CARTESIAN_POINT('',(-251.0208705337,-92.96737214319,
    1.222495458629E+03));
#189 = CARTESIAN_POINT('',(-248.5491394651,-95.22545231759,
    1.225225172871E+03));
#190 = CARTESIAN_POINT('',(-246.2959907284,-97.49211550881,
    1.228031078562E+03));
#191 = CARTESIAN_POINT('',(-244.2430552174,-99.75401701898,
    1.230916633671E+03));
#192 = CARTESIAN_POINT('',(-241.0013964235,-103.6450023116,
    1.236090114743E+03));
#193 = CARTESIAN_POINT('',(-239.7365482727,-105.2732175562,
    1.238321298675E+03));
#194 = CARTESIAN_POINT('',(-238.5719630071,-106.8751411348,
    1.240596666162E+03));
#195 = CARTESIAN_POINT('',(-237.5020761927,-108.4443441992,
    1.242924970608E+03));
#196 = CARTESIAN_POINT('',(-236.5259806763,-109.9682854705,
    1.245312947061E+03));
#197 = CARTESIAN_POINT('',(-235.6462770215,-111.4262620535,
    1.247764349218E+03));
#198 = CARTESIAN_POINT('',(-234.8672533501,-112.7885568689,
    1.250280684577E+03));
#199 = CARTESIAN_POINT('',(-233.9701557167,-114.4292475316,
    1.253725709037E+03));
#200 = CARTESIAN_POINT('',(-233.7572483608,-114.825579781,
    1.254596193559E+03));
#201 = CARTESIAN_POINT('',(-233.5561619084,-115.206313931,
    1.255475328418E+03));
#202 = CARTESIAN_POINT('',(-233.36722167,-115.5698525371,
    1.256363027215E+03));
#203 = CARTESIAN_POINT('',(-233.1907447878,-115.9145526451,
    1.257259261036E+03));
#204 = CARTESIAN_POINT('',(-233.0270473334,-116.238733588,
    1.258164070615E+03));
#205 = CARTESIAN_POINT('',(-232.876454377,-116.5406857265,
    1.259077578407E+03));
#206 = CARTESIAN_POINT('',(-232.7393130275,-116.8186801347,
    1.2600000006E+03));
#207 = PCURVE('',#54,#208);
#208 = DEFINITIONAL_REPRESENTATION('',(#209),#310);
#209 = B_SPLINE_CURVE_WITH_KNOTS('',8,(#210,#211,#212,#213,#214,#215,
    #216,#217,#218,#219,#220,#221,#222,#223,#224,#225,#226,#227,#228,
    #229,#230,#231,#232,#233,#234,#235,#236,#237,#238,#239,#240,#241,
    #242,#243,#244,#245,#246,#247,#248,#249,#250,#251,#252,#253,#254,
    #255,#256,#257,#258,#259,#260,#261,#262,#263,#264,#265,#266,#267,
    #268,#269,#270,#271,#272,#273,#274,#275,#276,#277,#278,#279,#280,
    #281,#282,#283,#284,#285,#286,#287,#288,#289,#290,#291,#292,#293,
    #294,#295,#296,#297,#298,#299,#300,#301,#302,#303,#304,#305,#306,
    #307,#308,#309),.UNSPECIFIED.,.F.,.F.,(9,7,7,7,7,7,7,7,7,7,7,7,7,7,9
    ),(0.,4.195836305674E-02,0.167031087318,0.336452737235,
    0.394506847169,0.436763795551,0.457643893085,0.500008458834,
    0.541788541181,0.563252139713,0.605315465945,0.663602198645,
    0.833198441394,0.958277996164,1.),.UNSPECIFIED.);
#210 = CARTESIAN_POINT('',(2.683299989328,300.0000006));
#211 = CARTESIAN_POINT('',(2.67914366423,299.07239258688));
#212 = CARTESIAN_POINT('',(2.674617414327,298.15380467667));
#213 = CARTESIAN_POINT('',(2.669744236471,297.2440151724));
#214 = CARTESIAN_POINT('',(2.664546670784,296.3428980266));
#215 = CARTESIAN_POINT('',(2.659046740833,295.45041045768));
#216 = CARTESIAN_POINT('',(2.653265897207,294.56658048921));
#217 = CARTESIAN_POINT('',(2.647224964493,293.69149441233));
#218 = CARTESIAN_POINT('',(2.622221581547,290.2432178858));
#219 = CARTESIAN_POINT('',(2.601280128274,287.72803024247));
#220 = CARTESIAN_POINT('',(2.578569246933,285.27767258866));
#221 = CARTESIAN_POINT('',(2.554442823314,282.89064745656));
#222 = CARTESIAN_POINT('',(2.529128959755,280.56322935249));
#223 = CARTESIAN_POINT('',(2.502732503916,278.28871416848));
#224 = CARTESIAN_POINT('',(2.475247901709,276.05835327191));
#225 = CARTESIAN_POINT('',(2.407735488928,270.88953182237));
#226 = CARTESIAN_POINT('',(2.367071648577,268.00766438951));
#227 = CARTESIAN_POINT('',(2.324564273881,265.20528255067));
#228 = CARTESIAN_POINT('',(2.280068537422,262.47896513652));
#229 = CARTESIAN_POINT('',(2.233400187216,259.8339509627));
#230 = CARTESIAN_POINT('',(2.184352464569,257.28518826498));
#231 = CARTESIAN_POINT('',(2.132702537027,254.85807557067));
#232 = CARTESIAN_POINT('',(2.05953238275,251.8133596804));
#233 = CARTESIAN_POINT('',(2.04050444518,251.05420713207));
#234 = CARTESIAN_POINT('',(2.021108787314,250.31443356926));
#235 = CARTESIAN_POINT('',(2.001332017625,249.59575543689));
#236 = CARTESIAN_POINT('',(1.98116082266,248.90012390875));
#237 = CARTESIAN_POINT('',(1.960581892017,248.22973247843));
#238 = CARTESIAN_POINT('',(1.939581843312,247.58702455014));
#239 = CARTESIAN_POINT('',(1.902545067463,246.52899747097));
#240 = CARTESIAN_POINT('',(1.886708333694,246.09926761729));
#241 = CARTESIAN_POINT('',(1.870639758969,245.68680581863));
#242 = CARTESIAN_POINT('',(1.854341926738,245.29290903422));
#243 = CARTESIAN_POINT('',(1.837817164847,244.91887753991));
#244 = CARTESIAN_POINT('',(1.82106751961,244.56601563563));
#245 = CARTESIAN_POINT('',(1.804094729891,244.23563235281));
#246 = CARTESIAN_POINT('',(1.778404002307,243.77754913316));
#247 = CARTESIAN_POINT('',(1.769855064494,243.63189032916));
#248 = CARTESIAN_POINT('',(1.761255202998,243.49224986378));
#249 = CARTESIAN_POINT('',(1.752606198021,243.35880447564));
#250 = CARTESIAN_POINT('',(1.743909794703,243.23172352796));
#251 = CARTESIAN_POINT('',(1.73516770312,243.1111690086));
#252 = CARTESIAN_POINT('',(1.726381598285,242.99729553003));
#253 = CARTESIAN_POINT('',(1.699640625153,242.67306152379));
#254 = CARTESIAN_POINT('',(1.681545087862,242.48387787062));
#255 = CARTESIAN_POINT('',(1.663297263604,242.32418634108));
#256 = CARTESIAN_POINT('',(1.644926942358,242.19518557143));
#257 = CARTESIAN_POINT('',(1.626463192091,242.09778637916));
#258 = CARTESIAN_POINT('',(1.607934602098,242.03261227917));
#259 = CARTESIAN_POINT('',(1.589369526343,242.));
#260 = CARTESIAN_POINT('',(1.552479372689,242.));
#261 = CARTESIAN_POINT('',(1.534170051947,242.03171860647));
#262 = CARTESIAN_POINT('',(1.515895680412,242.09510906602));
#263 = CARTESIAN_POINT('',(1.497683566395,242.1898527156));
#264 = CARTESIAN_POINT('',(1.479561238744,242.3153585052));
#265 = CARTESIAN_POINT('',(1.46155667491,242.47076252047));
#266 = CARTESIAN_POINT('',(1.44369852901,242.65492750544));
#267 = CARTESIAN_POINT('',(1.416932534354,242.97510350325));
#268 = CARTESIAN_POINT('',(1.407893105874,243.09100715356));
#269 = CARTESIAN_POINT('',(1.398899874168,243.21399450994));
#270 = CARTESIAN_POINT('',(1.389954678881,243.34389837756));
#271 = CARTESIAN_POINT('',(1.381059399591,243.48054319298));
#272 = CARTESIAN_POINT('',(1.372215955803,243.6237450241));
#273 = CARTESIAN_POINT('',(1.363426306957,243.77331157017));
#274 = CARTESIAN_POINT('',(1.33757626512,244.23423547177));
#275 = CARTESIAN_POINT('',(1.320679744692,244.56300655904));
#276 = CARTESIAN_POINT('',(1.304004304028,244.91405867602));
#277 = CARTESIAN_POINT('',(1.287551683811,245.28610016408));
#278 = CARTESIAN_POINT('',(1.271323927298,245.67784376222));
#279 = CARTESIAN_POINT('',(1.255323355098,246.08800591585));
#280 = CARTESIAN_POINT('',(1.239552539955,246.51530608546));
#281 = CARTESIAN_POINT('',(1.202483071402,247.57254841696));
#282 = CARTESIAN_POINT('',(1.181390251114,248.2173159382));
#283 = CARTESIAN_POINT('',(1.16072213518,248.89003054798));
#284 = CARTESIAN_POINT('',(1.140465188794,249.58821583458));
#285 = CARTESIAN_POINT('',(1.120605951192,250.30964930225));
#286 = CARTESIAN_POINT('',(1.101130959023,251.05235462791));
#287 = CARTESIAN_POINT('',(1.08202666972,251.81459391783));
#288 = CARTESIAN_POINT('',(1.008730623489,254.86519119902));
#289 = CARTESIAN_POINT('',(0.957033592072,257.29525592437));
#290 = CARTESIAN_POINT('',(0.90794338712,259.84716324726));
#291 = CARTESIAN_POINT('',(0.861236643317,262.49545862939));
#292 = CARTESIAN_POINT('',(0.816706173662,265.22517287059));
#293 = CARTESIAN_POINT('',(0.774167461658,268.03107856247));
#294 = CARTESIAN_POINT('',(0.733475704737,270.91663367062));
#295 = CARTESIAN_POINT('',(0.66595040968,276.0901147434));
#296 = CARTESIAN_POINT('',(0.638476081272,278.3212986751));
#297 = CARTESIAN_POINT('',(0.612090909824,280.59666616167));
#298 = CARTESIAN_POINT('',(0.586789819632,282.9249706084));
#299 = CARTESIAN_POINT('',(0.5626780438,285.31294706084));
#300 = CARTESIAN_POINT('',(0.539984436885,287.76434921841));
#301 = CARTESIAN_POINT('',(0.519064153957,290.28068457671));
#302 = CARTESIAN_POINT('',(0.494131711854,293.72570903749));
#303 = CARTESIAN_POINT('',(0.488133227855,294.59619355886));
#304 = CARTESIAN_POINT('',(0.482392466731,295.47532841818));
#305 = CARTESIAN_POINT('',(0.47692994604,296.36302721463));
#306 = CARTESIAN_POINT('',(0.471766787449,297.25926103628));
#307 = CARTESIAN_POINT('',(0.466924665541,298.16407061492));
#308 = CARTESIAN_POINT('',(0.462425753302,299.07757840686));
#309 = CARTESIAN_POINT('',(0.458292664262,300.0000006));
#310 = ( GEOMETRIC_REPRESENTATION_CONTEXT(2)
PARAMETRIC_REPRESENTATION_CONTEXT() REPRESENTATION_CONTEXT('2D SPACE',''
  ) );
#311 = PCURVE('',#312,#317);
#312 = CYLINDRICAL_SURFACE('',#313,68.);
#313 = AXIS2_PLACEMENT_3D('',#314,#315,#316);
#314 = CARTESIAN_POINT('',(-300.,70.,1.27E+03));
#315 = DIRECTION('',(-0.,1.,-0.));
#316 = DIRECTION('',(1.,0.,0.));
#317 = DEFINITIONAL_REPRESENTATION('',(#318),#419);
#318 = B_SPLINE_CURVE_WITH_KNOTS('',8,(#319,#320,#321,#322,#323,#324,
    #325,#326,#327,#328,#329,#330,#331,#332,#333,#334,#335,#336,#337,
    #338,#339,#340,#341,#342,#343,#344,#345,#346,#347,#348,#349,#350,
    #351,#352,#353,#354,#355,#356,#357,#358,#359,#360,#361,#362,#363,
    #364,#365,#366,#367,#368,#369,#370,#371,#372,#373,#374,#375,#376,
    #377,#378,#379,#380,#381,#382,#383,#384,#385,#386,#387,#388,#389,
    #390,#391,#392,#393,#394,#395,#396,#397,#398,#399,#400,#401,#402,
    #403,#404,#405,#406,#407,#408,#409,#410,#411,#412,#413,#414,#415,
    #416,#417,#418),.UNSPECIFIED.,.F.,.F.,(9,7,7,7,7,7,7,7,7,7,7,7,7,7,9
    ),(0.,4.195836305674E-02,0.167031087318,0.336452737235,
    0.394506847169,0.436763795551,0.457643893085,0.500008458834,
    0.541788541181,0.563252139713,0.605315465945,0.663602198645,
    0.833198441394,0.958277996164,1.),.UNSPECIFIED.);
#319 = CARTESIAN_POINT('',(-3.289186750328,-186.8186801347));
#320 = CARTESIAN_POINT('',(-3.302977986411,-186.5391228533));
#321 = CARTESIAN_POINT('',(-3.316667433573,-186.2353392688));
#322 = CARTESIAN_POINT('',(-3.330261548963,-185.9090876037));
#323 = CARTESIAN_POINT('',(-3.343765203263,-185.5621059359));
#324 = CARTESIAN_POINT('',(-3.357181869699,-185.1961022256));
#325 = CARTESIAN_POINT('',(-3.370513804258,-184.8127453218));
#326 = CARTESIAN_POINT('',(-3.383762217112,-184.4136569486));
#327 = CARTESIAN_POINT('',(-3.436171332749,-182.7685504161));
#328 = CARTESIAN_POINT('',(-3.474858211266,-181.4051219249));
#329 = CARTESIAN_POINT('',(-3.513088451128,-179.94633401));
#330 = CARTESIAN_POINT('',(-3.550948747673,-178.4218147693));
#331 = CARTESIAN_POINT('',(-3.588557496272,-176.8522158589));
#332 = CARTESIAN_POINT('',(-3.626086455742,-175.2500537745));
#333 = CARTESIAN_POINT('',(-3.663764605209,-173.6217256547));
#334 = CARTESIAN_POINT('',(-3.753496123276,-169.7327954905));
#335 = CARTESIAN_POINT('',(-3.805436372705,-167.4732333692));
#336 = CARTESIAN_POINT('',(-3.858158174326,-165.2090369051));
#337 = CARTESIAN_POINT('',(-3.912068088991,-162.9535069686));
#338 = CARTESIAN_POINT('',(-3.967539945567,-160.723179053));
#339 = CARTESIAN_POINT('',(-4.024920709033,-158.5403895919));
#340 = CARTESIAN_POINT('',(-4.084549153894,-156.4355927762));
#341 = CARTESIAN_POINT('',(-4.168095058313,-153.7690068679));
#342 = CARTESIAN_POINT('',(-4.18974438224,-153.1016831234));
#343 = CARTESIAN_POINT('',(-4.21173923143,-152.4491779226));
#344 = CARTESIAN_POINT('',(-4.234097171858,-151.813288912));
#345 = CARTESIAN_POINT('',(-4.256835541983,-151.1960175101));
#346 = CARTESIAN_POINT('',(-4.279971618665,-150.5995776825));
#347 = CARTESIAN_POINT('',(-4.303522783082,-150.0264047171));
#348 = CARTESIAN_POINT('',(-4.344964306381,-149.0808334963));
#349 = CARTESIAN_POINT('',(-4.362656087074,-148.6961308936));
#350 = CARTESIAN_POINT('',(-4.380579824504,-148.326308897));
#351 = CARTESIAN_POINT('',(-4.398733681168,-147.9726240763));
#352 = CARTESIAN_POINT('',(-4.417116214022,-147.6363360627));
#353 = CARTESIAN_POINT('',(-4.435726402222,-147.3187067455));
#354 = CARTESIAN_POINT('',(-4.454563674862,-147.0209994691));
#355 = CARTESIAN_POINT('',(-4.483048015264,-146.6078429403));
#356 = CARTESIAN_POINT('',(-4.492521960376,-146.476402818));
#357 = CARTESIAN_POINT('',(-4.502047942709,-146.3503335768));
#358 = CARTESIAN_POINT('',(-4.511624179648,-146.2298039193));
#359 = CARTESIAN_POINT('',(-4.521248937309,-146.1149755379));
#360 = CARTESIAN_POINT('',(-4.530920530532,-146.006003115));
#361 = CARTESIAN_POINT('',(-4.540637322887,-145.9030343225));
#362 = CARTESIAN_POINT('',(-4.570201047375,-145.6097582554));
#363 = CARTESIAN_POINT('',(-4.590193411379,-145.438505499));
#364 = CARTESIAN_POINT('',(-4.610342669847,-145.2938584541));
#365 = CARTESIAN_POINT('',(-4.630617957744,-145.1769544222));
#366 = CARTESIAN_POINT('',(-4.650989371413,-145.0886597039));
#367 = CARTESIAN_POINT('',(-4.671427646158,-145.029568198));
#368 = CARTESIAN_POINT('',(-4.691903833825,-145.));
#369 = CARTESIAN_POINT('',(-4.732591503296,-145.));
#370 = CARTESIAN_POINT('',(-4.752785608125,-145.0287579544));
#371 = CARTESIAN_POINT('',(-4.772943399814,-145.0862322687));
#372 = CARTESIAN_POINT('',(-4.793036988894,-145.1721200408));
#373 = CARTESIAN_POINT('',(-4.813038189361,-145.2858583551));
#374 = CARTESIAN_POINT('',(-4.832918216551,-145.4266255768));
#375 = CARTESIAN_POINT('',(-4.852647385013,-145.593342646));
#376 = CARTESIAN_POINT('',(-4.88223686425,-145.8829668391));
#377 = CARTESIAN_POINT('',(-4.892233216822,-145.9877777847));
#378 = CARTESIAN_POINT('',(-4.902182120723,-146.0989554841));
#379 = CARTESIAN_POINT('',(-4.912081777293,-146.2163402595));
#380 = CARTESIAN_POINT('',(-4.921930332584,-146.3397644808));
#381 = CARTESIAN_POINT('',(-4.931725877367,-146.4690525653));
#382 = CARTESIAN_POINT('',(-4.941466447125,-146.6040209779));
#383 = CARTESIAN_POINT('',(-4.970127425632,-147.0197395877));
#384 = CARTESIAN_POINT('',(-4.988879963976,-147.3159952719));
#385 = CARTESIAN_POINT('',(-5.007407515949,-147.6319983358));
#386 = CARTESIAN_POINT('',(-5.025709490747,-147.9665022443));
#387 = CARTESIAN_POINT('',(-5.043784854828,-148.3182616636));
#388 = CARTESIAN_POINT('',(-5.061632158834,-148.6860332502));
#389 = CARTESIAN_POINT('',(-5.079249564519,-149.0685764397));
#390 = CARTESIAN_POINT('',(-5.120725518832,-150.0134952971));
#391 = CARTESIAN_POINT('',(-5.144379621899,-150.5885325445));
#392 = CARTESIAN_POINT('',(-5.167615039509,-151.1870643378));
#393 = CARTESIAN_POINT('',(-5.190449353122,-151.8066228585));
#394 = CARTESIAN_POINT('',(-5.212900036316,-152.4449651681));
#395 = CARTESIAN_POINT('',(-5.234984624087,-153.1000642666));
#396 = CARTESIAN_POINT('',(-5.256720882147,-153.7701001506));
#397 = CARTESIAN_POINT('',(-5.340412044509,-156.4417886903));
#398 = CARTESIAN_POINT('',(-5.400096878231,-158.549079679));
#399 = CARTESIAN_POINT('',(-5.457530482523,-160.7344514814));
#400 = CARTESIAN_POINT('',(-5.513052573456,-162.9673721431));
#401 = CARTESIAN_POINT('',(-5.567011070918,-165.2254523175));
#402 = CARTESIAN_POINT('',(-5.619780868077,-167.4921155088));
#403 = CARTESIAN_POINT('',(-5.671769682365,-169.7540170189));
#404 = CARTESIAN_POINT('',(-5.76155178372,-173.6450023116));
#405 = CARTESIAN_POINT('',(-5.799232389846,-175.2732175562));
#406 = CARTESIAN_POINT('',(-5.83676502095,-176.8751411348));
#407 = CARTESIAN_POINT('',(-5.874378685772,-178.4443441992));
#408 = CARTESIAN_POINT('',(-5.912245552518,-179.9682854705));
#409 = CARTESIAN_POINT('',(-5.950484395462,-181.4262620535));
#410 = CARTESIAN_POINT('',(-5.989182049198,-182.7885568689));
#411 = CARTESIAN_POINT('',(-6.041533705038,-184.4292475316));
#412 = CARTESIAN_POINT('',(-6.054710826385,-184.825579781));
#413 = CARTESIAN_POINT('',(-6.067970666833,-185.206313931));
#414 = CARTESIAN_POINT('',(-6.081314395656,-185.5698525371));
#415 = CARTESIAN_POINT('',(-6.094744213182,-185.9145526451));
#416 = CARTESIAN_POINT('',(-6.108263516641,-186.238733588));
#417 = CARTESIAN_POINT('',(-6.121877074671,-186.5406857265));
#418 = CARTESIAN_POINT('',(-6.135591210441,-186.8186801347));
#419 = ( GEOMETRIC_REPRESENTATION_CONTEXT(2)
PARAMETRIC_REPRESENTATION_CONTEXT() REPRESENTATION_CONTEXT('2D SPACE',''
  ) );
#420 = ORIENTED_EDGE('',*,*,#421,.F.);
#421 = EDGE_CURVE('',#46,#103,#422,.T.);
#422 = SURFACE_CURVE('',#423,(#428,#435),.PCURVE_S1.);
#423 = CIRCLE('',#424,75.);
#424 = AXIS2_PLACEMENT_3D('',#425,#426,#427);
#425 = CARTESIAN_POINT('',(-300.,-150.,1.26E+03));
#426 = DIRECTION('',(0.,0.,1.));
#427 = DIRECTION('',(1.,0.,0.));
#428 = PCURVE('',#54,#429);
#429 = DEFINITIONAL_REPRESENTATION('',(#430),#434);
#430 = LINE('',#431,#432);
#431 = CARTESIAN_POINT('',(0.,300.));
#432 = VECTOR('',#433,1.);
#433 = DIRECTION('',(1.,0.));
#434 = ( GEOMETRIC_REPRESENTATION_CONTEXT(2)
PARAMETRIC_REPRESENTATION_CONTEXT() REPRESENTATION_CONTEXT('2D SPACE',''
  ) );
#435 = PCURVE('',#90,#436);
#436 = DEFINITIONAL_REPRESENTATION('',(#437),#441);
#437 = CIRCLE('',#438,75.);
#438 = AXIS2_PLACEMENT_2D('',#439,#440);
#439 = CARTESIAN_POINT('',(0.,0.));
#440 = DIRECTION('',(1.,0.));
#441 = ( GEOMETRIC_REPRESENTATION_CONTEXT(2)
PARAMETRIC_REPRESENTATION_CONTEXT() REPRESENTATION_CONTEXT('2D SPACE',''
  ) );
#442 = ORIENTED_EDGE('',*,*,#43,.F.);
#443 = ORIENTED_EDGE('',*,*,#444,.T.);
#444 = EDGE_CURVE('',#44,#44,#445,.T.);
#445 = SURFACE_CURVE('',#446,(#451,#458),.PCURVE_S1.);
#446 = CIRCLE('',#447,75.);
#447 = AXIS2_PLACEMENT_3D('',#448,#449,#450);
#448 = CARTESIAN_POINT('',(-300.,-150.,960.));
#449 = DIRECTION('',(0.,0.,1.));
#450 = DIRECTION('',(1.,0.,0.));
#451 = PCURVE('',#54,#452);
#452 = DEFINITIONAL_REPRESENTATION('',(#453),#457);
#453 = LINE('',#454,#455);
#454 = CARTESIAN_POINT('',(0.,0.));
#455 = VECTOR('',#456,1.);
#456 = DIRECTION('',(1.,0.));
#457 = ( GEOMETRIC_REPRESENTATION_CONTEXT(2)
PARAMETRIC_REPRESENTATION_CONTEXT() REPRESENTATION_CONTEXT('2D SPACE',''
  ) );
#458 = PCURVE('',#459,#464);
#459 = PLANE('',#460);
#460 = AXIS2_PLACEMENT_3D('',#461,#462,#463);
#461 = CARTESIAN_POINT('',(-300.,-150.,960.));
#462 = DIRECTION('',(0.,0.,1.));
#463 = DIRECTION('',(1.,0.,0.));
#464 = DEFINITIONAL_REPRESENTATION('',(#465),#469);
#465 = CIRCLE('',#466,75.);
#466 = AXIS2_PLACEMENT_2D('',#467,#468);
#467 = CARTESIAN_POINT('',(0.,0.));
#468 = DIRECTION('',(1.,0.));
#469 = ( GEOMETRIC_REPRESENTATION_CONTEXT(2)
PARAMETRIC_REPRESENTATION_CONTEXT() REPRESENTATION_CONTEXT('2D SPACE',''
  ) );
#470 = ADVANCED_FACE('',(#471),#459,.F.);
#471 = FACE_BOUND('',#472,.T.);
#472 = EDGE_LOOP('',(#473));
#473 = ORIENTED_EDGE('',*,*,#444,.F.);
#474 = ADVANCED_FACE('',(#475),#90,.T.);
#475 = FACE_BOUND('',#476,.T.);
#476 = EDGE_LOOP('',(#477,#478,#479,#500,#526));
#477 = ORIENTED_EDGE('',*,*,#73,.T.);
#478 = ORIENTED_EDGE('',*,*,#421,.T.);
#479 = ORIENTED_EDGE('',*,*,#480,.F.);
#480 = EDGE_CURVE('',#481,#103,#483,.T.);
#481 = VERTEX_POINT('',#482);
#482 = CARTESIAN_POINT('',(-232.7393131167,-150.,1.26E+03));
#483 = SURFACE_CURVE('',#484,(#488,#494),.PCURVE_S1.);
#484 = LINE('',#485,#486);
#485 = CARTESIAN_POINT('',(-232.7393131167,70.,1.26E+03));
#486 = VECTOR('',#487,1.);
#487 = DIRECTION('',(-0.,1.,-0.));
#488 = PCURVE('',#90,#489);
#489 = DEFINITIONAL_REPRESENTATION('',(#490),#493);
#490 = B_SPLINE_CURVE_WITH_KNOTS('',1,(#491,#492),.UNSPECIFIED.,.F.,.F.,
  (2,2),(-220.0000006,-130.),.PIECEWISE_BEZIER_KNOTS.);
#491 = CARTESIAN_POINT('',(67.260686883201,-5.999999928008E-07));
#492 = CARTESIAN_POINT('',(67.260686883201,90.));
#493 = ( GEOMETRIC_REPRESENTATION_CONTEXT(2)
PARAMETRIC_REPRESENTATION_CONTEXT() REPRESENTATION_CONTEXT('2D SPACE',''
  ) );
#494 = PCURVE('',#312,#495);
#495 = DEFINITIONAL_REPRESENTATION('',(#496),#499);
#496 = B_SPLINE_CURVE_WITH_KNOTS('',1,(#497,#498),.UNSPECIFIED.,.F.,.F.,
  (2,2),(-220.0000006,-130.),.PIECEWISE_BEZIER_KNOTS.);
#497 = CARTESIAN_POINT('',(-6.135591201521,-220.0000006));
#498 = CARTESIAN_POINT('',(-6.135591201521,-130.));
#499 = ( GEOMETRIC_REPRESENTATION_CONTEXT(2)
PARAMETRIC_REPRESENTATION_CONTEXT() REPRESENTATION_CONTEXT('2D SPACE',''
  ) );
#500 = ORIENTED_EDGE('',*,*,#501,.F.);
#501 = EDGE_CURVE('',#502,#481,#504,.T.);
#502 = VERTEX_POINT('',#503);
#503 = CARTESIAN_POINT('',(-367.2606868832,-150.,1.26E+03));
#504 = SURFACE_CURVE('',#505,(#509,#515),.PCURVE_S1.);
#505 = LINE('',#506,#507);
#506 = CARTESIAN_POINT('',(-300.,-150.,1.26E+03));
#507 = VECTOR('',#508,1.);
#508 = DIRECTION('',(1.,0.,0.));
#509 = PCURVE('',#90,#510);
#510 = DEFINITIONAL_REPRESENTATION('',(#511),#514);
#511 = B_SPLINE_CURVE_WITH_KNOTS('',1,(#512,#513),.UNSPECIFIED.,.F.,.F.,
  (2,2),(-68.,68.),.PIECEWISE_BEZIER_KNOTS.);
#512 = CARTESIAN_POINT('',(-68.,0.));
#513 = CARTESIAN_POINT('',(68.,0.));
#514 = ( GEOMETRIC_REPRESENTATION_CONTEXT(2)
PARAMETRIC_REPRESENTATION_CONTEXT() REPRESENTATION_CONTEXT('2D SPACE',''
  ) );
#515 = PCURVE('',#516,#521);
#516 = PLANE('',#517);
#517 = AXIS2_PLACEMENT_3D('',#518,#519,#520);
#518 = CARTESIAN_POINT('',(-300.,-150.,1.27E+03));
#519 = DIRECTION('',(-0.,-1.,-0.));
#520 = DIRECTION('',(0.,0.,-1.));
#521 = DEFINITIONAL_REPRESENTATION('',(#522),#525);
#522 = B_SPLINE_CURVE_WITH_KNOTS('',1,(#523,#524),.UNSPECIFIED.,.F.,.F.,
  (2,2),(-68.,68.),.PIECEWISE_BEZIER_KNOTS.);
#523 = CARTESIAN_POINT('',(10.,-68.));
#524 = CARTESIAN_POINT('',(10.,68.));
#525 = ( GEOMETRIC_REPRESENTATION_CONTEXT(2)
PARAMETRIC_REPRESENTATION_CONTEXT() REPRESENTATION_CONTEXT('2D SPACE',''
  ) );
#526 = ORIENTED_EDGE('',*,*,#527,.T.);
#527 = EDGE_CURVE('',#502,#74,#528,.T.);
#528 = SURFACE_CURVE('',#529,(#533,#539),.PCURVE_S1.);
#529 = LINE('',#530,#531);
#530 = CARTESIAN_POINT('',(-367.2606868832,70.,1.26E+03));
#531 = VECTOR('',#532,1.);
#532 = DIRECTION('',(-0.,1.,-0.));
#533 = PCURVE('',#90,#534);
#534 = DEFINITIONAL_REPRESENTATION('',(#535),#538);
#535 = B_SPLINE_CURVE_WITH_KNOTS('',1,(#536,#537),.UNSPECIFIED.,.F.,.F.,
  (2,2),(-220.0000006,-130.),.PIECEWISE_BEZIER_KNOTS.);
#536 = CARTESIAN_POINT('',(-67.2606868832,-5.999999928008E-07));
#537 = CARTESIAN_POINT('',(-67.2606868832,90.));
#538 = ( GEOMETRIC_REPRESENTATION_CONTEXT(2)
PARAMETRIC_REPRESENTATION_CONTEXT() REPRESENTATION_CONTEXT('2D SPACE',''
  ) );
#539 = PCURVE('',#312,#540);
#540 = DEFINITIONAL_REPRESENTATION('',(#541),#544);
#541 = B_SPLINE_CURVE_WITH_KNOTS('',1,(#542,#543),.UNSPECIFIED.,.F.,.F.,
  (2,2),(-220.0000006,-130.),.PIECEWISE_BEZIER_KNOTS.);
#542 = CARTESIAN_POINT('',(-3.289186759249,-220.0000006));
#543 = CARTESIAN_POINT('',(-3.289186759249,-130.));
#544 = ( GEOMETRIC_REPRESENTATION_CONTEXT(2)
PARAMETRIC_REPRESENTATION_CONTEXT() REPRESENTATION_CONTEXT('2D SPACE',''
  ) );
#545 = ADVANCED_FACE('',(#546),#312,.T.);
#546 = FACE_BOUND('',#547,.F.);
#547 = EDGE_LOOP('',(#548,#572,#573,#574,#575,#597,#620,#649,#675,#805,
    #827));
#548 = ORIENTED_EDGE('',*,*,#549,.T.);
#549 = EDGE_CURVE('',#550,#502,#552,.T.);
#550 = VERTEX_POINT('',#551);
#551 = CARTESIAN_POINT('',(-232.,-150.,1.27E+03));
#552 = SURFACE_CURVE('',#553,(#558,#565),.PCURVE_S1.);
#553 = CIRCLE('',#554,68.);
#554 = AXIS2_PLACEMENT_3D('',#555,#556,#557);
#555 = CARTESIAN_POINT('',(-300.,-150.,1.27E+03));
#556 = DIRECTION('',(0.,-1.,0.));
#557 = DIRECTION('',(1.,0.,0.));
#558 = PCURVE('',#312,#559);
#559 = DEFINITIONAL_REPRESENTATION('',(#560),#564);
#560 = LINE('',#561,#562);
#561 = CARTESIAN_POINT('',(-0.,-220.));
#562 = VECTOR('',#563,1.);
#563 = DIRECTION('',(-1.,0.));
#564 = ( GEOMETRIC_REPRESENTATION_CONTEXT(2)
PARAMETRIC_REPRESENTATION_CONTEXT() REPRESENTATION_CONTEXT('2D SPACE',''
  ) );
#565 = PCURVE('',#516,#566);
#566 = DEFINITIONAL_REPRESENTATION('',(#567),#571);
#567 = CIRCLE('',#568,68.);
#568 = AXIS2_PLACEMENT_2D('',#569,#570);
#569 = CARTESIAN_POINT('',(0.,0.));
#570 = DIRECTION('',(0.,1.));
#571 = ( GEOMETRIC_REPRESENTATION_CONTEXT(2)
PARAMETRIC_REPRESENTATION_CONTEXT() REPRESENTATION_CONTEXT('2D SPACE',''
  ) );
#572 = ORIENTED_EDGE('',*,*,#527,.T.);
#573 = ORIENTED_EDGE('',*,*,#102,.T.);
#574 = ORIENTED_EDGE('',*,*,#480,.F.);
#575 = ORIENTED_EDGE('',*,*,#576,.T.);
#576 = EDGE_CURVE('',#481,#550,#577,.T.);
#577 = SURFACE_CURVE('',#578,(#583,#590),.PCURVE_S1.);
#578 = CIRCLE('',#579,68.);
#579 = AXIS2_PLACEMENT_3D('',#580,#581,#582);
#580 = CARTESIAN_POINT('',(-300.,-150.,1.27E+03));
#581 = DIRECTION('',(0.,-1.,0.));
#582 = DIRECTION('',(1.,0.,0.));
#583 = PCURVE('',#312,#584);
#584 = DEFINITIONAL_REPRESENTATION('',(#585),#589);
#585 = LINE('',#586,#587);
#586 = CARTESIAN_POINT('',(-0.,-220.));
#587 = VECTOR('',#588,1.);
#588 = DIRECTION('',(-1.,0.));
#589 = ( GEOMETRIC_REPRESENTATION_CONTEXT(2)
PARAMETRIC_REPRESENTATION_CONTEXT() REPRESENTATION_CONTEXT('2D SPACE',''
  ) );
#590 = PCURVE('',#516,#591);
#591 = DEFINITIONAL_REPRESENTATION('',(#592),#596);
#592 = CIRCLE('',#593,68.);
#593 = AXIS2_PLACEMENT_2D('',#594,#595);
#594 = CARTESIAN_POINT('',(0.,0.));
#595 = DIRECTION('',(0.,1.));
#596 = ( GEOMETRIC_REPRESENTATION_CONTEXT(2)
PARAMETRIC_REPRESENTATION_CONTEXT() REPRESENTATION_CONTEXT('2D SPACE',''
  ) );
#597 = ORIENTED_EDGE('',*,*,#598,.F.);
#598 = EDGE_CURVE('',#599,#550,#601,.T.);
#599 = VERTEX_POINT('',#600);
#600 = CARTESIAN_POINT('',(-232.,290.,1.27E+03));
#601 = SEAM_CURVE('',#602,(#606,#613),.PCURVE_S1.);
#602 = LINE('',#603,#604);
#603 = CARTESIAN_POINT('',(-232.,290.,1.27E+03));
#604 = VECTOR('',#605,1.);
#605 = DIRECTION('',(0.,-1.,0.));
#606 = PCURVE('',#312,#607);
#607 = DEFINITIONAL_REPRESENTATION('',(#608),#612);
#608 = LINE('',#609,#610);
#609 = CARTESIAN_POINT('',(-6.28318530718,220.));
#610 = VECTOR('',#611,1.);
#611 = DIRECTION('',(-0.,-1.));
#612 = ( GEOMETRIC_REPRESENTATION_CONTEXT(2)
PARAMETRIC_REPRESENTATION_CONTEXT() REPRESENTATION_CONTEXT('2D SPACE',''
  ) );
#613 = PCURVE('',#312,#614);
#614 = DEFINITIONAL_REPRESENTATION('',(#615),#619);
#615 = LINE('',#616,#617);
#616 = CARTESIAN_POINT('',(-0.,220.));
#617 = VECTOR('',#618,1.);
#618 = DIRECTION('',(-0.,-1.));
#619 = ( GEOMETRIC_REPRESENTATION_CONTEXT(2)
PARAMETRIC_REPRESENTATION_CONTEXT() REPRESENTATION_CONTEXT('2D SPACE',''
  ) );
#620 = ORIENTED_EDGE('',*,*,#621,.F.);
#621 = EDGE_CURVE('',#622,#599,#624,.T.);
#622 = VERTEX_POINT('',#623);
#623 = CARTESIAN_POINT('',(-361.0245852095,290.,1.3E+03));
#624 = SURFACE_CURVE('',#625,(#630,#637),.PCURVE_S1.);
#625 = CIRCLE('',#626,68.);
#626 = AXIS2_PLACEMENT_3D('',#627,#628,#629);
#627 = CARTESIAN_POINT('',(-300.,290.,1.27E+03));
#628 = DIRECTION('',(0.,-1.,0.));
#629 = DIRECTION('',(1.,0.,0.));
#630 = PCURVE('',#312,#631);
#631 = DEFINITIONAL_REPRESENTATION('',(#632),#636);
#632 = LINE('',#633,#634);
#633 = CARTESIAN_POINT('',(0.,220.));
#634 = VECTOR('',#635,1.);
#635 = DIRECTION('',(-1.,-0.));
#636 = ( GEOMETRIC_REPRESENTATION_CONTEXT(2)
PARAMETRIC_REPRESENTATION_CONTEXT() REPRESENTATION_CONTEXT('2D SPACE',''
  ) );
#637 = PCURVE('',#638,#643);
#638 = PLANE('',#639);
#639 = AXIS2_PLACEMENT_3D('',#640,#641,#642);
#640 = CARTESIAN_POINT('',(-300.,290.,1.27E+03));
#641 = DIRECTION('',(-0.,-1.,-0.));
#642 = DIRECTION('',(0.,0.,-1.));
#643 = DEFINITIONAL_REPRESENTATION('',(#644),#648);
#644 = CIRCLE('',#645,68.);
#645 = AXIS2_PLACEMENT_2D('',#646,#647);
#646 = CARTESIAN_POINT('',(0.,0.));
#647 = DIRECTION('',(0.,1.));
#648 = ( GEOMETRIC_REPRESENTATION_CONTEXT(2)
PARAMETRIC_REPRESENTATION_CONTEXT() REPRESENTATION_CONTEXT('2D SPACE',''
  ) );
#649 = ORIENTED_EDGE('',*,*,#650,.T.);
#650 = EDGE_CURVE('',#622,#651,#653,.T.);
#651 = VERTEX_POINT('',#652);
#652 = CARTESIAN_POINT('',(-361.0245852095,232.93490263109,1.3E+03));
#653 = SURFACE_CURVE('',#654,(#658,#664),.PCURVE_S1.);
#654 = LINE('',#655,#656);
#655 = CARTESIAN_POINT('',(-361.0245852095,70.,1.3E+03));
#656 = VECTOR('',#657,1.);
#657 = DIRECTION('',(0.,-1.,0.));
#658 = PCURVE('',#312,#659);
#659 = DEFINITIONAL_REPRESENTATION('',(#660),#663);
#660 = B_SPLINE_CURVE_WITH_KNOTS('',1,(#661,#662),.UNSPECIFIED.,.F.,.F.,
  (2,2),(-220.0000006,-143.2),.PIECEWISE_BEZIER_KNOTS.);
#661 = CARTESIAN_POINT('',(-2.684683454928,220.0000006));
#662 = CARTESIAN_POINT('',(-2.684683454928,143.2));
#663 = ( GEOMETRIC_REPRESENTATION_CONTEXT(2)
PARAMETRIC_REPRESENTATION_CONTEXT() REPRESENTATION_CONTEXT('2D SPACE',''
  ) );
#664 = PCURVE('',#665,#670);
#665 = PLANE('',#666);
#666 = AXIS2_PLACEMENT_3D('',#667,#668,#669);
#667 = CARTESIAN_POINT('',(-390.,290.,1.3E+03));
#668 = DIRECTION('',(0.,0.,1.));
#669 = DIRECTION('',(1.,0.,0.));
#670 = DEFINITIONAL_REPRESENTATION('',(#671),#674);
#671 = B_SPLINE_CURVE_WITH_KNOTS('',1,(#672,#673),.UNSPECIFIED.,.F.,.F.,
  (2,2),(-220.0000006,-143.2),.PIECEWISE_BEZIER_KNOTS.);
#672 = CARTESIAN_POINT('',(28.975414790431,6.000000212225E-07));
#673 = CARTESIAN_POINT('',(28.975414790431,-76.8));
#674 = ( GEOMETRIC_REPRESENTATION_CONTEXT(2)
PARAMETRIC_REPRESENTATION_CONTEXT() REPRESENTATION_CONTEXT('2D SPACE',''
  ) );
#675 = ORIENTED_EDGE('',*,*,#676,.T.);
#676 = EDGE_CURVE('',#651,#677,#679,.T.);
#677 = VERTEX_POINT('',#678);
#678 = CARTESIAN_POINT('',(-325.9999999999,290.,1.33283311229E+03));
#679 = SURFACE_CURVE('',#680,(#718,#759),.PCURVE_S1.);
#680 = B_SPLINE_CURVE_WITH_KNOTS('',6,(#681,#682,#683,#684,#685,#686,
    #687,#688,#689,#690,#691,#692,#693,#694,#695,#696,#697,#698,#699,
    #700,#701,#702,#703,#704,#705,#706,#707,#708,#709,#710,#711,#712,
    #713,#714,#715,#716,#717),.UNSPECIFIED.,.F.,.F.,(7,5,5,5,5,5,5,7),(
    0.,0.128932802421,0.194693550426,0.325952371184,0.492220018015,
    0.588984314785,0.776702181115,1.),.UNSPECIFIED.);
#681 = CARTESIAN_POINT('',(-361.0245855045,232.93490248132,
    1.2999999994E+03));
#682 = CARTESIAN_POINT('',(-360.2736700061,233.31618786876,
    1.301527476332E+03));
#683 = CARTESIAN_POINT('',(-359.4756926506,233.73628361003,
    1.303034800801E+03));
#684 = CARTESIAN_POINT('',(-358.6323685103,234.19827438874,
    1.304517805729E+03));
#685 = CARTESIAN_POINT('',(-357.7459041317,234.70546395661,
    1.305972694409E+03));
#686 = CARTESIAN_POINT('',(-356.8189658166,235.26135828491,
    1.307396037334E+03));
#687 = CARTESIAN_POINT('',(-355.3628082298,236.17990051365,
    1.309493076232E+03));
#688 = CARTESIAN_POINT('',(-354.8613544488,236.50371348182,
    1.310192221774E+03));
#689 = CARTESIAN_POINT('',(-354.3508831379,236.84145426934,
    1.310881550729E+03));
#690 = CARTESIAN_POINT('',(-353.8320313862,237.19347542313,
    1.311560472099E+03));
#691 = CARTESIAN_POINT('',(-353.3054702843,237.56011266992,
    1.312228457683E+03));
#692 = CARTESIAN_POINT('',(-351.7068859791,238.70329711036,
    1.314195584837E+03));
#693 = CARTESIAN_POINT('',(-350.6134624012,239.52474571887,
    1.315461291454E+03));
#694 = CARTESIAN_POINT('',(-349.4987525723,240.40748965429,
    1.316676387239E+03));
#695 = CARTESIAN_POINT('',(-348.3704412441,241.35222086536,
    1.317836734151E+03));
#696 = CARTESIAN_POINT('',(-347.2364840209,242.358632354,
    1.318939604287E+03));
#697 = CARTESIAN_POINT('',(-344.6713193551,244.77621315203,
    1.321305716276E+03));
#698 = CARTESIAN_POINT('',(-343.2439767052,246.22140785507,
    1.322530990039E+03));
#699 = CARTESIAN_POINT('',(-341.8382170789,247.75767629825,
    1.323657387073E+03));
#700 = CARTESIAN_POINT('',(-340.4692824588,249.37900121311,
    1.324685707488E+03));
#701 = CARTESIAN_POINT('',(-339.151399337,251.07587715412,
    1.325618801015E+03));
#702 = CARTESIAN_POINT('',(-337.1666683953,253.85833481919,
    1.326950961751E+03));
#703 = CARTESIAN_POINT('',(-336.4575177961,254.90355990393,
    1.327410511951E+03));
#704 = CARTESIAN_POINT('',(-335.7709714144,255.96896197126,
    1.327840868582E+03));
#705 = CARTESIAN_POINT('',(-335.1084956752,257.05292246492,
    1.328243354242E+03));
#706 = CARTESIAN_POINT('',(-334.4713911521,258.15363829453,
    1.328619271431E+03));
#707 = CARTESIAN_POINT('',(-332.6762000838,261.43309659887,
    1.329650078044E+03));
#708 = CARTESIAN_POINT('',(-331.5918248232,263.65168615585,
    1.330234762433E+03));
#709 = CARTESIAN_POINT('',(-330.6121383262,265.91660345388,
    1.330735376254E+03));
#710 = CARTESIAN_POINT('',(-329.7401788316,268.21935982378,
    1.331161432219E+03));
#711 = CARTESIAN_POINT('',(-328.9777741445,270.55138307994,
    1.331520754452E+03));
#712 = CARTESIAN_POINT('',(-327.5498195446,275.70281686935,
    1.332175040301E+03));
#713 = CARTESIAN_POINT('',(-326.9294074372,278.53303000903,
    1.33244517687E+03));
#714 = CARTESIAN_POINT('',(-326.4645344983,281.38564980125,
    1.332640890908E+03));
#715 = CARTESIAN_POINT('',(-326.1548192676,284.252617268,
    1.33276904878E+03));
#716 = CARTESIAN_POINT('',(-326.,287.12649192963,1.33283311229E+03));
#717 = CARTESIAN_POINT('',(-326.,290.,1.33283311229E+03));
#718 = PCURVE('',#312,#719);
#719 = DEFINITIONAL_REPRESENTATION('',(#720),#758);
#720 = B_SPLINE_CURVE_WITH_KNOTS('',6,(#721,#722,#723,#724,#725,#726,
    #727,#728,#729,#730,#731,#732,#733,#734,#735,#736,#737,#738,#739,
    #740,#741,#742,#743,#744,#745,#746,#747,#748,#749,#750,#751,#752,
    #753,#754,#755,#756,#757),.UNSPECIFIED.,.F.,.F.,(7,5,5,5,5,5,5,7),(
    0.,0.128932802421,0.194693550426,0.325952371184,0.492220018015,
    0.588984314785,0.776702181115,1.),.UNSPECIFIED.);
#721 = CARTESIAN_POINT('',(-2.68468346476,162.93490248132));
#722 = CARTESIAN_POINT('',(-2.659652947647,163.31618786876));
#723 = CARTESIAN_POINT('',(-2.634583060503,163.73628361003));
#724 = CARTESIAN_POINT('',(-2.609511682898,164.19827438874));
#725 = CARTESIAN_POINT('',(-2.584474594522,164.70546395661));
#726 = CARTESIAN_POINT('',(-2.559506726337,165.26135828491));
#727 = CARTESIAN_POINT('',(-2.521962153461,166.17990051365));
#728 = CARTESIAN_POINT('',(-2.509310921728,166.50371348182));
#729 = CARTESIAN_POINT('',(-2.496698958881,166.84145426934));
#730 = CARTESIAN_POINT('',(-2.484135166868,167.19347542313));
#731 = CARTESIAN_POINT('',(-2.471628146225,167.56011266992));
#732 = CARTESIAN_POINT('',(-2.434352110815,168.70329711037));
#733 = CARTESIAN_POINT('',(-2.409766243598,169.52474571887));
#734 = CARTESIAN_POINT('',(-2.385532820083,170.40748965429));
#735 = CARTESIAN_POINT('',(-2.361745950127,171.35222086536));
#736 = CARTESIAN_POINT('',(-2.338491853785,172.358632354));
#737 = CARTESIAN_POINT('',(-2.287171578087,174.77621315203));
#738 = CARTESIAN_POINT('',(-2.259525702747,176.22140785507));
#739 = CARTESIAN_POINT('',(-2.233056530803,177.75767629825));
#740 = CARTESIAN_POINT('',(-2.20789374704,179.37900121311));
#741 = CARTESIAN_POINT('',(-2.184154537409,181.07587715412));
#742 = CARTESIAN_POINT('',(-2.149002220737,183.85833481919));
#743 = CARTESIAN_POINT('',(-2.136576883717,184.90355990393));
#744 = CARTESIAN_POINT('',(-2.124662921344,185.96896197126));
#745 = CARTESIAN_POINT('',(-2.113265032227,187.05292246492));
#746 = CARTESIAN_POINT('',(-2.102387257417,188.15363829453));
#747 = CARTESIAN_POINT('',(-2.071944755156,191.43309659887));
#748 = CARTESIAN_POINT('',(-2.053834164805,193.65168615585));
#749 = CARTESIAN_POINT('',(-2.03765973355,195.91660345388));
#750 = CARTESIAN_POINT('',(-2.023390235167,198.21935982378));
#751 = CARTESIAN_POINT('',(-2.010996296913,200.55138307994));
#752 = CARTESIAN_POINT('',(-1.987897552998,205.70281686935));
#753 = CARTESIAN_POINT('',(-1.977948282485,208.53303000903));
#754 = CARTESIAN_POINT('',(-1.970530839537,211.38564980125));
#755 = CARTESIAN_POINT('',(-1.965601695915,214.252617268));
#756 = CARTESIAN_POINT('',(-1.9631377139,217.12649192963));
#757 = CARTESIAN_POINT('',(-1.9631377139,220.));
#758 = ( GEOMETRIC_REPRESENTATION_CONTEXT(2)
PARAMETRIC_REPRESENTATION_CONTEXT() REPRESENTATION_CONTEXT('2D SPACE',''
  ) );
#759 = PCURVE('',#760,#765);
#760 = CYLINDRICAL_SURFACE('',#761,64.);
#761 = AXIS2_PLACEMENT_3D('',#762,#763,#764);
#762 = CARTESIAN_POINT('',(-390.,290.,1.3E+03));
#763 = DIRECTION('',(0.,0.,1.));
#764 = DIRECTION('',(1.,0.,0.));
#765 = DEFINITIONAL_REPRESENTATION('',(#766),#804);
#766 = B_SPLINE_CURVE_WITH_KNOTS('',6,(#767,#768,#769,#770,#771,#772,
    #773,#774,#775,#776,#777,#778,#779,#780,#781,#782,#783,#784,#785,
    #786,#787,#788,#789,#790,#791,#792,#793,#794,#795,#796,#797,#798,
    #799,#800,#801,#802,#803),.UNSPECIFIED.,.F.,.F.,(7,5,5,5,5,5,5,7),(
    0.,0.128932802421,0.194693550426,0.325952371184,0.492220018015,
    0.588984314785,0.776702181115,1.),.UNSPECIFIED.);
#767 = CARTESIAN_POINT('',(5.182225865719,-6.E-07));
#768 = CARTESIAN_POINT('',(5.195384793523,1.527476331816));
#769 = CARTESIAN_POINT('',(5.209473924548,3.034800801123));
#770 = CARTESIAN_POINT('',(5.224495314265,4.517805728736));
#771 = CARTESIAN_POINT('',(5.240448540833,5.972694408887));
#772 = CARTESIAN_POINT('',(5.257332507186,7.396037333541));
#773 = CARTESIAN_POINT('',(5.284233451892,9.493076232165));
#774 = CARTESIAN_POINT('',(5.293559764886,10.192221774415));
#775 = CARTESIAN_POINT('',(5.303122703775,10.881550728934));
#776 = CARTESIAN_POINT('',(5.312918497213,11.560472098852));
#777 = CARTESIAN_POINT('',(5.322943178092,12.228457683168));
#778 = CARTESIAN_POINT('',(5.353650745541,14.195584837134));
#779 = CARTESIAN_POINT('',(5.375013768637,15.461291453609));
#780 = CARTESIAN_POINT('',(5.397219683795,16.676387238986));
#781 = CARTESIAN_POINT('',(5.420199745568,17.83673415055));
#782 = CARTESIAN_POINT('',(5.443879009908,18.939604287492));
#783 = CARTESIAN_POINT('',(5.498955232565,21.305716276292));
#784 = CARTESIAN_POINT('',(5.530672833353,22.530990039461));
#785 = CARTESIAN_POINT('',(5.563173508213,23.657387073169));
#786 = CARTESIAN_POINT('',(5.596287924842,24.685707487622));
#787 = CARTESIAN_POINT('',(5.629830926651,25.618801014697));
#788 = CARTESIAN_POINT('',(5.683233756159,26.950961751324));
#789 = CARTESIAN_POINT('',(5.702964064968,27.410511950824));
#790 = CARTESIAN_POINT('',(5.722759576239,27.840868582236));
#791 = CARTESIAN_POINT('',(5.742600647419,28.243354241689));
#792 = CARTESIAN_POINT('',(5.762466886057,28.619271431296));
#793 = CARTESIAN_POINT('',(5.820883404979,29.650078044051));
#794 = CARTESIAN_POINT('',(5.859426789823,30.234762432998));
#795 = CARTESIAN_POINT('',(5.897922799237,30.735376254469));
#796 = CARTESIAN_POINT('',(5.936335243785,31.161432219096));
#797 = CARTESIAN_POINT('',(5.974631163555,31.520754452252));
#798 = CARTESIAN_POINT('',(6.058157457054,32.175040301026));
#799 = CARTESIAN_POINT('',(6.103362082629,32.445176870302));
#800 = CARTESIAN_POINT('',(6.14842313906,32.640890907799));
#801 = CARTESIAN_POINT('',(6.193382459433,32.769048780262));
#802 = CARTESIAN_POINT('',(6.23828674358,32.83311228962));
#803 = CARTESIAN_POINT('',(6.28318530718,32.83311228962));
#804 = ( GEOMETRIC_REPRESENTATION_CONTEXT(2)
PARAMETRIC_REPRESENTATION_CONTEXT() REPRESENTATION_CONTEXT('2D SPACE',''
  ) );
#805 = ORIENTED_EDGE('',*,*,#806,.F.);
#806 = EDGE_CURVE('',#599,#677,#807,.T.);
#807 = SURFACE_CURVE('',#808,(#813,#820),.PCURVE_S1.);
#808 = CIRCLE('',#809,68.);
#809 = AXIS2_PLACEMENT_3D('',#810,#811,#812);
#810 = CARTESIAN_POINT('',(-300.,290.,1.27E+03));
#811 = DIRECTION('',(0.,-1.,0.));
#812 = DIRECTION('',(1.,0.,0.));
#813 = PCURVE('',#312,#814);
#814 = DEFINITIONAL_REPRESENTATION('',(#815),#819);
#815 = LINE('',#816,#817);
#816 = CARTESIAN_POINT('',(0.,220.));
#817 = VECTOR('',#818,1.);
#818 = DIRECTION('',(-1.,-0.));
#819 = ( GEOMETRIC_REPRESENTATION_CONTEXT(2)
PARAMETRIC_REPRESENTATION_CONTEXT() REPRESENTATION_CONTEXT('2D SPACE',''
  ) );
#820 = PCURVE('',#638,#821);
#821 = DEFINITIONAL_REPRESENTATION('',(#822),#826);
#822 = CIRCLE('',#823,68.);
#823 = AXIS2_PLACEMENT_2D('',#824,#825);
#824 = CARTESIAN_POINT('',(0.,0.));
#825 = DIRECTION('',(0.,1.));
#826 = ( GEOMETRIC_REPRESENTATION_CONTEXT(2)
PARAMETRIC_REPRESENTATION_CONTEXT() REPRESENTATION_CONTEXT('2D SPACE',''
  ) );
#827 = ORIENTED_EDGE('',*,*,#598,.T.);
#828 = ADVANCED_FACE('',(#829),#516,.T.);
#829 = FACE_BOUND('',#830,.T.);
#830 = EDGE_LOOP('',(#831,#832,#833));
#831 = ORIENTED_EDGE('',*,*,#576,.T.);
#832 = ORIENTED_EDGE('',*,*,#549,.T.);
#833 = ORIENTED_EDGE('',*,*,#501,.T.);
#834 = ADVANCED_FACE('',(#835),#638,.F.);
#835 = FACE_BOUND('',#836,.F.);
#836 = EDGE_LOOP('',(#837,#838,#839,#862));
#837 = ORIENTED_EDGE('',*,*,#621,.T.);
#838 = ORIENTED_EDGE('',*,*,#806,.T.);
#839 = ORIENTED_EDGE('',*,*,#840,.F.);
#840 = EDGE_CURVE('',#841,#677,#843,.T.);
#841 = VERTEX_POINT('',#842);
#842 = CARTESIAN_POINT('',(-326.,290.,1.3E+03));
#843 = SURFACE_CURVE('',#844,(#848,#855),.PCURVE_S1.);
#844 = LINE('',#845,#846);
#845 = CARTESIAN_POINT('',(-326.,290.,1.3E+03));
#846 = VECTOR('',#847,1.);
#847 = DIRECTION('',(0.,0.,1.));
#848 = PCURVE('',#638,#849);
#849 = DEFINITIONAL_REPRESENTATION('',(#850),#854);
#850 = LINE('',#851,#852);
#851 = CARTESIAN_POINT('',(-30.,-26.));
#852 = VECTOR('',#853,1.);
#853 = DIRECTION('',(-1.,0.));
#854 = ( GEOMETRIC_REPRESENTATION_CONTEXT(2)
PARAMETRIC_REPRESENTATION_CONTEXT() REPRESENTATION_CONTEXT('2D SPACE',''
  ) );
#855 = PCURVE('',#760,#856);
#856 = DEFINITIONAL_REPRESENTATION('',(#857),#861);
#857 = LINE('',#858,#859);
#858 = CARTESIAN_POINT('',(0.,-0.));
#859 = VECTOR('',#860,1.);
#860 = DIRECTION('',(0.,1.));
#861 = ( GEOMETRIC_REPRESENTATION_CONTEXT(2)
PARAMETRIC_REPRESENTATION_CONTEXT() REPRESENTATION_CONTEXT('2D SPACE',''
  ) );
#862 = ORIENTED_EDGE('',*,*,#863,.T.);
#863 = EDGE_CURVE('',#841,#622,#864,.T.);
#864 = SURFACE_CURVE('',#865,(#869,#875),.PCURVE_S1.);
#865 = LINE('',#866,#867);
#866 = CARTESIAN_POINT('',(-345.,290.,1.3E+03));
#867 = VECTOR('',#868,1.);
#868 = DIRECTION('',(-1.,0.,0.));
#869 = PCURVE('',#638,#870);
#870 = DEFINITIONAL_REPRESENTATION('',(#871),#874);
#871 = B_SPLINE_CURVE_WITH_KNOTS('',1,(#872,#873),.UNSPECIFIED.,.F.,.F.,
  (2,2),(-19.,23.),.PIECEWISE_BEZIER_KNOTS.);
#872 = CARTESIAN_POINT('',(-30.,-26.));
#873 = CARTESIAN_POINT('',(-30.,-68.));
#874 = ( GEOMETRIC_REPRESENTATION_CONTEXT(2)
PARAMETRIC_REPRESENTATION_CONTEXT() REPRESENTATION_CONTEXT('2D SPACE',''
  ) );
#875 = PCURVE('',#665,#876);
#876 = DEFINITIONAL_REPRESENTATION('',(#877),#880);
#877 = B_SPLINE_CURVE_WITH_KNOTS('',1,(#878,#879),.UNSPECIFIED.,.F.,.F.,
  (2,2),(-19.,23.),.PIECEWISE_BEZIER_KNOTS.);
#878 = CARTESIAN_POINT('',(64.,0.));
#879 = CARTESIAN_POINT('',(22.,0.));
#880 = ( GEOMETRIC_REPRESENTATION_CONTEXT(2)
PARAMETRIC_REPRESENTATION_CONTEXT() REPRESENTATION_CONTEXT('2D SPACE',''
  ) );
#881 = ADVANCED_FACE('',(#882),#665,.F.);
#882 = FACE_BOUND('',#883,.F.);
#883 = EDGE_LOOP('',(#884,#885,#907));
#884 = ORIENTED_EDGE('',*,*,#863,.F.);
#885 = ORIENTED_EDGE('',*,*,#886,.T.);
#886 = EDGE_CURVE('',#841,#651,#887,.T.);
#887 = SURFACE_CURVE('',#888,(#893,#900),.PCURVE_S1.);
#888 = CIRCLE('',#889,64.);
#889 = AXIS2_PLACEMENT_3D('',#890,#891,#892);
#890 = CARTESIAN_POINT('',(-390.,290.,1.3E+03));
#891 = DIRECTION('',(0.,0.,1.));
#892 = DIRECTION('',(1.,0.,0.));
#893 = PCURVE('',#665,#894);
#894 = DEFINITIONAL_REPRESENTATION('',(#895),#899);
#895 = CIRCLE('',#896,64.);
#896 = AXIS2_PLACEMENT_2D('',#897,#898);
#897 = CARTESIAN_POINT('',(0.,0.));
#898 = DIRECTION('',(1.,0.));
#899 = ( GEOMETRIC_REPRESENTATION_CONTEXT(2)
PARAMETRIC_REPRESENTATION_CONTEXT() REPRESENTATION_CONTEXT('2D SPACE',''
  ) );
#900 = PCURVE('',#760,#901);
#901 = DEFINITIONAL_REPRESENTATION('',(#902),#906);
#902 = LINE('',#903,#904);
#903 = CARTESIAN_POINT('',(0.,0.));
#904 = VECTOR('',#905,1.);
#905 = DIRECTION('',(1.,0.));
#906 = ( GEOMETRIC_REPRESENTATION_CONTEXT(2)
PARAMETRIC_REPRESENTATION_CONTEXT() REPRESENTATION_CONTEXT('2D SPACE',''
  ) );
#907 = ORIENTED_EDGE('',*,*,#650,.F.);
#908 = ADVANCED_FACE('',(#909),#760,.T.);
#909 = FACE_BOUND('',#910,.T.);
#910 = EDGE_LOOP('',(#911,#912,#935,#964,#1283,#1305,#1306,#1307));
#911 = ORIENTED_EDGE('',*,*,#676,.T.);
#912 = ORIENTED_EDGE('',*,*,#913,.T.);
#913 = EDGE_CURVE('',#677,#914,#916,.T.);
#914 = VERTEX_POINT('',#915);
#915 = CARTESIAN_POINT('',(-326.,290.,1.56E+03));
#916 = SEAM_CURVE('',#917,(#921,#928),.PCURVE_S1.);
#917 = LINE('',#918,#919);
#918 = CARTESIAN_POINT('',(-326.,290.,1.3E+03));
#919 = VECTOR('',#920,1.);
#920 = DIRECTION('',(0.,0.,1.));
#921 = PCURVE('',#760,#922);
#922 = DEFINITIONAL_REPRESENTATION('',(#923),#927);
#923 = LINE('',#924,#925);
#924 = CARTESIAN_POINT('',(0.,-0.));
#925 = VECTOR('',#926,1.);
#926 = DIRECTION('',(0.,1.));
#927 = ( GEOMETRIC_REPRESENTATION_CONTEXT(2)
PARAMETRIC_REPRESENTATION_CONTEXT() REPRESENTATION_CONTEXT('2D SPACE',''
  ) );
#928 = PCURVE('',#760,#929);
#929 = DEFINITIONAL_REPRESENTATION('',(#930),#934);
#930 = LINE('',#931,#932);
#931 = CARTESIAN_POINT('',(6.28318530718,-0.));
#932 = VECTOR('',#933,1.);
#933 = DIRECTION('',(0.,1.));
#934 = ( GEOMETRIC_REPRESENTATION_CONTEXT(2)
PARAMETRIC_REPRESENTATION_CONTEXT() REPRESENTATION_CONTEXT('2D SPACE',''
  ) );
#935 = ORIENTED_EDGE('',*,*,#936,.F.);
#936 = EDGE_CURVE('',#937,#914,#939,.T.);
#937 = VERTEX_POINT('',#938);
#938 = CARTESIAN_POINT('',(-447.1314274283,318.84441020371,1.56E+03));
#939 = SURFACE_CURVE('',#940,(#945,#952),.PCURVE_S1.);
#940 = CIRCLE('',#941,64.);
#941 = AXIS2_PLACEMENT_3D('',#942,#943,#944);
#942 = CARTESIAN_POINT('',(-390.,290.,1.56E+03));
#943 = DIRECTION('',(0.,0.,1.));
#944 = DIRECTION('',(1.,0.,0.));
#945 = PCURVE('',#760,#946);
#946 = DEFINITIONAL_REPRESENTATION('',(#947),#951);
#947 = LINE('',#948,#949);
#948 = CARTESIAN_POINT('',(0.,260.));
#949 = VECTOR('',#950,1.);
#950 = DIRECTION('',(1.,0.));
#951 = ( GEOMETRIC_REPRESENTATION_CONTEXT(2)
PARAMETRIC_REPRESENTATION_CONTEXT() REPRESENTATION_CONTEXT('2D SPACE',''
  ) );
#952 = PCURVE('',#953,#958);
#953 = PLANE('',#954);
#954 = AXIS2_PLACEMENT_3D('',#955,#956,#957);
#955 = CARTESIAN_POINT('',(-390.,290.,1.56E+03));
#956 = DIRECTION('',(0.,0.,1.));
#957 = DIRECTION('',(1.,0.,0.));
#958 = DEFINITIONAL_REPRESENTATION('',(#959),#963);
#959 = CIRCLE('',#960,64.);
#960 = AXIS2_PLACEMENT_2D('',#961,#962);
#961 = CARTESIAN_POINT('',(0.,0.));
#962 = DIRECTION('',(1.,0.));
#963 = ( GEOMETRIC_REPRESENTATION_CONTEXT(2)
PARAMETRIC_REPRESENTATION_CONTEXT() REPRESENTATION_CONTEXT('2D SPACE',''
  ) );
#964 = ORIENTED_EDGE('',*,*,#965,.T.);
#965 = EDGE_CURVE('',#937,#966,#968,.T.);
#966 = VERTEX_POINT('',#967);
#967 = CARTESIAN_POINT('',(-332.8685725716,318.84441020371,1.56E+03));
#968 = SURFACE_CURVE('',#969,(#1070,#1174),.PCURVE_S1.);
#969 = B_SPLINE_CURVE_WITH_KNOTS('',8,(#970,#971,#972,#973,#974,#975,
    #976,#977,#978,#979,#980,#981,#982,#983,#984,#985,#986,#987,#988,
    #989,#990,#991,#992,#993,#994,#995,#996,#997,#998,#999,#1000,#1001,
    #1002,#1003,#1004,#1005,#1006,#1007,#1008,#1009,#1010,#1011,#1012,
    #1013,#1014,#1015,#1016,#1017,#1018,#1019,#1020,#1021,#1022,#1023,
    #1024,#1025,#1026,#1027,#1028,#1029,#1030,#1031,#1032,#1033,#1034,
    #1035,#1036,#1037,#1038,#1039,#1040,#1041,#1042,#1043,#1044,#1045,
    #1046,#1047,#1048,#1049,#1050,#1051,#1052,#1053,#1054,#1055,#1056,
    #1057,#1058,#1059,#1060,#1061,#1062,#1063,#1064,#1065,#1066,#1067,
    #1068,#1069),.UNSPECIFIED.,.F.,.F.,(9,7,7,7,7,7,7,7,7,7,7,7,7,7,9),(
    0.,7.573055780092E-02,0.160199103792,0.333040961966,0.392335252856,
    0.435155245268,0.456825283258,0.500004680635,0.543364119805,
    0.564938920323,0.607565684793,0.666537506493,0.840075179098,
    0.924550990125,1.),.UNSPECIFIED.);
#970 = CARTESIAN_POINT('',(-447.1314275333,318.84440999569,
    1.5600000006E+03));
#971 = CARTESIAN_POINT('',(-446.8893432559,319.32390048806,
    1.558616938482E+03));
#972 = CARTESIAN_POINT('',(-446.612242227,319.861316393,
    1.557259130666E+03));
#973 = CARTESIAN_POINT('',(-446.3017135247,320.44848312081,
    1.555925077543E+03));
#974 = CARTESIAN_POINT('',(-445.9590592017,321.07785976064,
    1.554613755886E+03));
#975 = CARTESIAN_POINT('',(-445.5853901977,321.74273513151,
    1.553324342453E+03));
#976 = CARTESIAN_POINT('',(-445.1816109085,322.43734991232,
    1.552055985455E+03));
#977 = CARTESIAN_POINT('',(-444.7483252197,323.15695716626,
    1.550807626629E+03));
#978 = CARTESIAN_POINT('',(-443.7696891492,324.72419422577,
    1.548206234983E+03));
#979 = CARTESIAN_POINT('',(-443.2165636982,325.57799741786,
    1.546856114614E+03));
#980 = CARTESIAN_POINT('',(-442.6268953726,326.4533855315,
    1.545527012807E+03));
#981 = CARTESIAN_POINT('',(-442.0009422067,327.34562960402,
    1.544218214402E+03));
#982 = CARTESIAN_POINT('',(-441.338570055,328.25106717131,
    1.542928764747E+03));
#983 = CARTESIAN_POINT('',(-440.639158776,329.166954762,
    1.541657492034E+03));
#984 = CARTESIAN_POINT('',(-439.9015259367,330.09126494881,
    1.540403090153E+03));
#985 = CARTESIAN_POINT('',(-437.5327128513,332.92789036891,
    1.536629371849E+03));
#986 = CARTESIAN_POINT('',(-435.7822252868,334.85239338905,
    1.534172690814E+03));
#987 = CARTESIAN_POINT('',(-433.8614097022,336.78092071597,
    1.531783824348E+03));
#988 = CARTESIAN_POINT('',(-431.7546618368,338.70211290252,
    1.529459872036E+03));
#989 = CARTESIAN_POINT('',(-429.4434509859,340.60186908406,
    1.527205301418E+03));
#990 = CARTESIAN_POINT('',(-426.9076648322,342.46115849562,
    1.525032838848E+03));
#991 = CARTESIAN_POINT('',(-424.1267265735,344.25405024409,
    1.522964102118E+03));
#992 = CARTESIAN_POINT('',(-420.0368570778,346.52623636717,
    1.520368173282E+03));
#993 = CARTESIAN_POINT('',(-418.959970918,347.09534107272,
    1.519720381573E+03));
#994 = CARTESIAN_POINT('',(-417.8498470631,347.65179896932,
    1.51908914599E+03));
#995 = CARTESIAN_POINT('',(-416.7054936953,348.19407429638,
    1.518475932879E+03));
#996 = CARTESIAN_POINT('',(-415.5259642356,348.72045747713,
    1.51788240892E+03));
#997 = CARTESIAN_POINT('',(-414.3103718278,349.22905764538,
    1.517310447593E+03));
#998 = CARTESIAN_POINT('',(-413.0579038229,349.71779517234,
    1.516762135641E+03));
#999 = CARTESIAN_POINT('',(-410.83620048,350.52135355725,
    1.515862554609E+03));
#1000 = CARTESIAN_POINT('',(-409.8847045152,350.84685846685,
    1.515498764238E+03));
#1001 = CARTESIAN_POINT('',(-408.91354129,351.15986560438,
    1.515149486514E+03));
#1002 = CARTESIAN_POINT('',(-407.9229355682,351.45932832404,
    1.514815801844E+03));
#1003 = CARTESIAN_POINT('',(-406.9131439601,351.74419731464,
    1.514498793535E+03));
#1004 = CARTESIAN_POINT('',(-405.8844549264,352.01342126228,
    1.514199548371E+03));
#1005 = CARTESIAN_POINT('',(-404.8371887822,352.26594751297,
    1.513919157191E+03));
#1006 = CARTESIAN_POINT('',(-403.2324815333,352.61953611425,
    1.513526912972E+03));
#1007 = CARTESIAN_POINT('',(-402.6886811586,352.73378492564,
    1.513400240168E+03));
#1008 = CARTESIAN_POINT('',(-402.1404517058,352.84331141597,
    1.513278862399E+03));
#1009 = CARTESIAN_POINT('',(-401.5879502238,352.94796422512,
    1.513162938277E+03));
#1010 = CARTESIAN_POINT('',(-401.0313356817,353.04759838635,
    1.513052619684E+03));
#1011 = CARTESIAN_POINT('',(-400.4707689684,353.14207532626,
    1.51294805177E+03));
#1012 = CARTESIAN_POINT('',(-399.906412893,353.23126286485,
    1.512849372959E+03));
#1013 = CARTESIAN_POINT('',(-398.2066822202,353.48195876301,
    1.512572085944E+03));
#1014 = CARTESIAN_POINT('',(-397.0600005432,353.62746191482,
    1.512411273914E+03));
#1015 = CARTESIAN_POINT('',(-395.9007518584,353.75035364467,
    1.512275537969E+03));
#1016 = CARTESIAN_POINT('',(-394.7313219966,353.84967119178,
    1.512165893038E+03));
#1017 = CARTESIAN_POINT('',(-393.5541135075,353.92468124599,
    1.512083110299E+03));
#1018 = CARTESIAN_POINT('',(-392.3715412522,353.9748811331,
    1.512027717621E+03));
#1019 = CARTESIAN_POINT('',(-391.1860279957,354.,1.512E+03));
#1020 = CARTESIAN_POINT('',(-388.809026715,354.,1.512E+03));
#1021 = CARTESIAN_POINT('',(-387.6185808207,353.97467122514,
    1.512027949251E+03));
#1022 = CARTESIAN_POINT('',(-386.4311157501,353.92405261789,
    1.512083803957E+03));
#1023 = CARTESIAN_POINT('',(-385.2490813299,353.84841964101,
    1.512167274275E+03));
#1024 = CARTESIAN_POINT('',(-384.0749192962,353.74828306395,
    1.512277823853E+03));
#1025 = CARTESIAN_POINT('',(-382.9110588093,353.62438774919,
    1.512414669391E+03));
#1026 = CARTESIAN_POINT('',(-381.7599119694,353.47771143858,
    1.512576780181E+03));
#1027 = CARTESIAN_POINT('',(-380.0585969529,353.22574670833,
    1.512855476091E+03));
#1028 = CARTESIAN_POINT('',(-379.4969288168,353.13666892507,
    1.512954035413E+03));
#1029 = CARTESIAN_POINT('',(-378.9390263586,353.0423545533,
    1.513058425429E+03));
#1030 = CARTESIAN_POINT('',(-378.3850491228,352.94293417435,
    1.513168509399E+03));
#1031 = CARTESIAN_POINT('',(-377.8351547624,352.83854458748,
    1.513284144039E+03));
#1032 = CARTESIAN_POINT('',(-377.2894990387,352.72932880992,
    1.513405179521E+03));
#1033 = CARTESIAN_POINT('',(-376.7482358216,352.61543607681,
    1.513531459475E+03));
#1034 = CARTESIAN_POINT('',(-375.1510862885,352.26306298137,
    1.513922360643E+03));
#1035 = CARTESIAN_POINT('',(-374.1087241897,352.01152618548,
    1.514201656274E+03));
#1036 = CARTESIAN_POINT('',(-373.0847770797,351.74345066427,
    1.514499627121E+03));
#1037 = CARTESIAN_POINT('',(-372.0795599402,351.45987485614,
    1.514815197082E+03));
#1038 = CARTESIAN_POINT('',(-371.09335646,351.16183578243,
    1.515147294148E+03));
#1039 = CARTESIAN_POINT('',(-370.1264190469,350.85036840275,
    1.51549484983E+03));
#1040 = CARTESIAN_POINT('',(-369.1789688395,350.5265049703,
    1.515856798594E+03));
#1041 = CARTESIAN_POINT('',(-366.967671818,349.72750101806,
    1.51675125506E+03));
#1042 = CARTESIAN_POINT('',(-365.7213429,349.2418032756,
    1.517296133603E+03));
#1043 = CARTESIAN_POINT('',(-364.5114992499,348.7364220305,
    1.517864441677E+03));
#1044 = CARTESIAN_POINT('',(-363.3373441251,348.21340630689,
    1.51845412288E+03));
#1045 = CARTESIAN_POINT('',(-362.1980078881,347.67462054474,
    1.519063329341E+03));
#1046 = CARTESIAN_POINT('',(-361.092562139,347.12175186212,
    1.519690415412E+03));
#1047 = CARTESIAN_POINT('',(-360.0200338476,346.5563173176,
    1.520333931356E+03));
#1048 = CARTESIAN_POINT('',(-355.9171807903,344.2827619191,
    1.522930945844E+03));
#1049 = CARTESIAN_POINT('',(-353.1216629552,342.48342397595,
    1.525006743181E+03));
#1050 = CARTESIAN_POINT('',(-350.5735427263,340.61688863066,
    1.527187318161E+03));
#1051 = CARTESIAN_POINT('',(-348.251981172,338.7094640577,
    1.529450709523E+03));
#1052 = CARTESIAN_POINT('',(-346.136603113,336.78043016391,
    1.531783998546E+03));
#1053 = CARTESIAN_POINT('',(-344.2086355826,334.84404684468,
    1.534182667567E+03));
#1054 = CARTESIAN_POINT('',(-342.4522812622,332.91177587539,
    1.536649688244E+03));
#1055 = CARTESIAN_POINT('',(-340.079549376,330.06768281551,
    1.54043501908E+03));
#1056 = CARTESIAN_POINT('',(-339.3426802022,329.14343572822,
    1.541689957347E+03));
#1057 = CARTESIAN_POINT('',(-338.6440257935,328.22766143667,
    1.542961780896E+03));
#1058 = CARTESIAN_POINT('',(-337.9824054308,327.32239117176,
    1.544251804174E+03));
#1059 = CARTESIAN_POINT('',(-337.3572029677,326.43037693234,
    1.545561204532E+03));
#1060 = CARTESIAN_POINT('',(-336.7682896216,325.55529457296,
    1.546890939526E+03));
#1061 = CARTESIAN_POINT('',(-336.2159293072,324.70189074779,
    1.548241725366E+03));
#1062 = CARTESIAN_POINT('',(-335.2405318001,323.13844373934,
    1.550839761707E+03));
#1063 = CARTESIAN_POINT('',(-334.8094887965,322.42203435141,
    1.552083966996E+03));
#1064 = CARTESIAN_POINT('',(-334.4077452498,321.73051833228,
    1.553348047024E+03));
#1065 = CARTESIAN_POINT('',(-334.0359038401,321.06860677293,
    1.554633043245E+03));
#1066 = CARTESIAN_POINT('',(-333.6948618804,320.44200719981,
    1.555939795974E+03));
#1067 = CARTESIAN_POINT('',(-333.3857197126,319.8573636161,
    1.55726911957E+03));
#1068 = CARTESIAN_POINT('',(-333.1097660881,319.32213638742,
    1.558622026926E+03));
#1069 = CARTESIAN_POINT('',(-332.8685724666,318.84440999569,
    1.5600000006E+03));
#1070 = PCURVE('',#760,#1071);
#1071 = DEFINITIONAL_REPRESENTATION('',(#1072),#1173);
#1072 = B_SPLINE_CURVE_WITH_KNOTS('',8,(#1073,#1074,#1075,#1076,#1077,
    #1078,#1079,#1080,#1081,#1082,#1083,#1084,#1085,#1086,#1087,#1088,
    #1089,#1090,#1091,#1092,#1093,#1094,#1095,#1096,#1097,#1098,#1099,
    #1100,#1101,#1102,#1103,#1104,#1105,#1106,#1107,#1108,#1109,#1110,
    #1111,#1112,#1113,#1114,#1115,#1116,#1117,#1118,#1119,#1120,#1121,
    #1122,#1123,#1124,#1125,#1126,#1127,#1128,#1129,#1130,#1131,#1132,
    #1133,#1134,#1135,#1136,#1137,#1138,#1139,#1140,#1141,#1142,#1143,
    #1144,#1145,#1146,#1147,#1148,#1149,#1150,#1151,#1152,#1153,#1154,
    #1155,#1156,#1157,#1158,#1159,#1160,#1161,#1162,#1163,#1164,#1165,
    #1166,#1167,#1168,#1169,#1170,#1171,#1172),.UNSPECIFIED.,.F.,.F.,(9,
    7,7,7,7,7,7,7,7,7,7,7,7,7,9),(0.,7.573055780092E-02,0.160199103792,
    0.333040961966,0.392335252856,0.435155245268,0.456825283258,
    0.500004680635,0.543364119805,0.564938920323,0.607565684793,
    0.666537506493,0.840075179098,0.924550990125,1.),.UNSPECIFIED.);
#1073 = CARTESIAN_POINT('',(2.674050136534,260.0000006));
#1074 = CARTESIAN_POINT('',(2.665657374213,258.61693848193));
#1075 = CARTESIAN_POINT('',(2.656210071352,257.2591306655));
#1076 = CARTESIAN_POINT('',(2.645832535925,255.92507754272));
#1077 = CARTESIAN_POINT('',(2.634637272096,254.61375588557));
#1078 = CARTESIAN_POINT('',(2.622722655751,253.32434245278));
#1079 = CARTESIAN_POINT('',(2.61017120191,252.05598545482));
#1080 = CARTESIAN_POINT('',(2.597048197052,250.80762662878));
#1081 = CARTESIAN_POINT('',(2.568178031402,248.2062349825));
#1082 = CARTESIAN_POINT('',(2.55228470667,246.85611461406));
#1083 = CARTESIAN_POINT('',(2.535797514667,245.52701280689));
#1084 = CARTESIAN_POINT('',(2.518773890029,244.21821440162));
#1085 = CARTESIAN_POINT('',(2.501252116671,242.92876474714));
#1086 = CARTESIAN_POINT('',(2.483252588043,241.65749203423));
#1087 = CARTESIAN_POINT('',(2.464779630476,240.40309015338));
#1088 = CARTESIAN_POINT('',(2.40703533116,236.62937184882));
#1089 = CARTESIAN_POINT('',(2.366422929593,234.17269081368));
#1090 = CARTESIAN_POINT('',(2.323967447072,231.7838243483));
#1091 = CARTESIAN_POINT('',(2.279524840537,229.45987203648));
#1092 = CARTESIAN_POINT('',(2.232911581147,227.20530141804));
#1093 = CARTESIAN_POINT('',(2.183921616431,225.03283884822));
#1094 = CARTESIAN_POINT('',(2.132332805495,222.96410211761));
#1095 = CARTESIAN_POINT('',(2.059228738196,220.36817328178));
#1096 = CARTESIAN_POINT('',(2.04020141363,219.72038157332));
#1097 = CARTESIAN_POINT('',(2.020806132323,219.08914598995));
#1098 = CARTESIAN_POINT('',(2.001029520509,218.47593287861));
#1099 = CARTESIAN_POINT('',(1.980858282007,217.88240891991));
#1100 = CARTESIAN_POINT('',(1.960279122846,217.31044759311));
#1101 = CARTESIAN_POINT('',(1.939278675896,216.76213564105));
#1102 = CARTESIAN_POINT('',(1.902363735192,215.86255460927));
#1103 = CARTESIAN_POINT('',(1.8866531042,215.49876423835));
#1104 = CARTESIAN_POINT('',(1.870714258756,215.14948651357));
#1105 = CARTESIAN_POINT('',(1.854549703557,214.81580184382));
#1106 = CARTESIAN_POINT('',(1.83816169655,214.49879353529));
#1107 = CARTESIAN_POINT('',(1.821552223743,214.19954837112));
#1108 = CARTESIAN_POINT('',(1.804722973996,213.91915719095));
#1109 = CARTESIAN_POINT('',(1.779047954913,213.52691297225));
#1110 = CARTESIAN_POINT('',(1.770365996381,213.40024016791));
#1111 = CARTESIAN_POINT('',(1.761631350196,213.27886239899));
#1112 = CARTESIAN_POINT('',(1.752845891088,213.16293827703));
#1113 = CARTESIAN_POINT('',(1.744011456546,213.05261968361));
#1114 = CARTESIAN_POINT('',(1.735129846827,212.94805177035));
#1115 = CARTESIAN_POINT('',(1.726202824952,212.84937295894));
#1116 = CARTESIAN_POINT('',(1.699357216052,212.57208594434));
#1117 = CARTESIAN_POINT('',(1.681300337857,212.41127391413));
#1118 = CARTESIAN_POINT('',(1.663092056739,212.27553796892));
#1119 = CARTESIAN_POINT('',(1.644761991991,212.16589303766));
#1120 = CARTESIAN_POINT('',(1.626339048301,212.08311029908));
#1121 = CARTESIAN_POINT('',(1.607851656487,212.02771762108));
#1122 = CARTESIAN_POINT('',(1.589328014229,212.));
#1123 = CARTESIAN_POINT('',(1.552187369217,212.));
#1124 = CARTESIAN_POINT('',(1.533586654569,212.02794925051));
#1125 = CARTESIAN_POINT('',(1.51502269063,212.08380395746));
#1126 = CARTESIAN_POINT('',(1.496523977402,212.16727427474));
#1127 = CARTESIAN_POINT('',(1.478119252464,212.27782385345));
#1128 = CARTESIAN_POINT('',(1.459837736336,212.41466939111));
#1129 = CARTESIAN_POINT('',(1.441709377839,212.57678018086));
#1130 = CARTESIAN_POINT('',(1.414836380955,212.85547609098));
#1131 = CARTESIAN_POINT('',(1.405951102917,212.95403541298));
#1132 = CARTESIAN_POINT('',(1.397110953519,213.05842542927));
#1133 = CARTESIAN_POINT('',(1.388317657358,213.16850939915));
#1134 = CARTESIAN_POINT('',(1.379572975446,213.28414403872));
#1135 = CARTESIAN_POINT('',(1.370878705211,213.40517952084));
#1136 = CARTESIAN_POINT('',(1.362236680495,213.53145947516));
#1137 = CARTESIAN_POINT('',(1.336681070228,213.92236064253));
#1138 = CARTESIAN_POINT('',(1.319929888945,214.2016562736));
#1139 = CARTESIAN_POINT('',(1.303396566603,214.4996271206));
#1140 = CARTESIAN_POINT('',(1.287082758039,214.81519708221));
#1141 = CARTESIAN_POINT('',(1.270990409421,215.14729414801));
#1142 = CARTESIAN_POINT('',(1.255121733629,215.49484982999));
#1143 = CARTESIAN_POINT('',(1.239479185634,215.85679859411));
#1144 = CARTESIAN_POINT('',(1.202741352054,216.75125506004));
#1145 = CARTESIAN_POINT('',(1.1818474278,217.29613360327));
#1146 = CARTESIAN_POINT('',(1.161370392332,217.86444167744));
#1147 = CARTESIAN_POINT('',(1.141297118453,218.45412288018));
#1148 = CARTESIAN_POINT('',(1.121614551422,219.063329341));
#1149 = CARTESIAN_POINT('',(1.102309635815,219.6904154115));
#1150 = CARTESIAN_POINT('',(1.083369242389,220.33393135566));
#1151 = CARTESIAN_POINT('',(1.010077403202,222.93094584437));
#1152 = CARTESIAN_POINT('',(0.958244233289,225.00674318062));
#1153 = CARTESIAN_POINT('',(0.909033857276,227.18731816104));
#1154 = CARTESIAN_POINT('',(0.862221279315,229.45070952263));
#1155 = CARTESIAN_POINT('',(0.817597746734,231.7839985461));
#1156 = CARTESIAN_POINT('',(0.774977269615,234.18266756678));
#1157 = CARTESIAN_POINT('',(0.734213775831,236.6496882438));
#1158 = CARTESIAN_POINT('',(0.676340661624,240.43501908042));
#1159 = CARTESIAN_POINT('',(0.657875909951,241.68995734654));
#1160 = CARTESIAN_POINT('',(0.639884954689,242.96178089618));
#1161 = CARTESIAN_POINT('',(0.622372214267,244.25180417427));
#1162 = CARTESIAN_POINT('',(0.605358253522,245.56120453161));
#1163 = CARTESIAN_POINT('',(0.58888160323,246.89093952613));
#1164 = CARTESIAN_POINT('',(0.573000008408,248.24172536621));
#1165 = CARTESIAN_POINT('',(0.544206873117,250.8397617074));
#1166 = CARTESIAN_POINT('',(0.531144725088,252.08396699595));
#1167 = CARTESIAN_POINT('',(0.518651082814,253.34804702395));
#1168 = CARTESIAN_POINT('',(0.506790795663,254.63304324542));
#1169 = CARTESIAN_POINT('',(0.495645664618,255.93979597437));
#1170 = CARTESIAN_POINT('',(0.485313096296,257.26911956983));
#1171 = CARTESIAN_POINT('',(0.47590440144,258.62202692646));
#1172 = CARTESIAN_POINT('',(0.467542517056,260.0000006));
#1173 = ( GEOMETRIC_REPRESENTATION_CONTEXT(2)
PARAMETRIC_REPRESENTATION_CONTEXT() REPRESENTATION_CONTEXT('2D SPACE',''
  ) );
#1174 = PCURVE('',#1175,#1180);
#1175 = CYLINDRICAL_SURFACE('',#1176,58.);
#1176 = AXIS2_PLACEMENT_3D('',#1177,#1178,#1179);
#1177 = CARTESIAN_POINT('',(-390.,450.,1.57E+03));
#1178 = DIRECTION('',(-0.,1.,-0.));
#1179 = DIRECTION('',(1.,0.,0.));
#1180 = DEFINITIONAL_REPRESENTATION('',(#1181),#1282);
#1181 = B_SPLINE_CURVE_WITH_KNOTS('',8,(#1182,#1183,#1184,#1185,#1186,
    #1187,#1188,#1189,#1190,#1191,#1192,#1193,#1194,#1195,#1196,#1197,
    #1198,#1199,#1200,#1201,#1202,#1203,#1204,#1205,#1206,#1207,#1208,
    #1209,#1210,#1211,#1212,#1213,#1214,#1215,#1216,#1217,#1218,#1219,
    #1220,#1221,#1222,#1223,#1224,#1225,#1226,#1227,#1228,#1229,#1230,
    #1231,#1232,#1233,#1234,#1235,#1236,#1237,#1238,#1239,#1240,#1241,
    #1242,#1243,#1244,#1245,#1246,#1247,#1248,#1249,#1250,#1251,#1252,
    #1253,#1254,#1255,#1256,#1257,#1258,#1259,#1260,#1261,#1262,#1263,
    #1264,#1265,#1266,#1267,#1268,#1269,#1270,#1271,#1272,#1273,#1274,
    #1275,#1276,#1277,#1278,#1279,#1280,#1281),.UNSPECIFIED.,.F.,.F.,(9,
    7,7,7,7,7,7,7,7,7,7,7,7,7,9),(0.,7.573055780092E-02,0.160199103792,
    0.333040961966,0.392335252856,0.435155245268,0.456825283258,
    0.500004680635,0.543364119805,0.564938920323,0.607565684793,
    0.666537506493,0.840075179098,0.924550990125,1.),.UNSPECIFIED.);
#1182 = CARTESIAN_POINT('',(-3.314872279505,-131.1555900043));
#1183 = CARTESIAN_POINT('',(-3.339080708697,-130.6760995119));
#1184 = CARTESIAN_POINT('',(-3.362964332788,-130.1386836069));
#1185 = CARTESIAN_POINT('',(-3.386565510202,-129.5515168791));
#1186 = CARTESIAN_POINT('',(-3.409916943928,-128.9221402393));
#1187 = CARTESIAN_POINT('',(-3.433046930782,-128.2572648684));
#1188 = CARTESIAN_POINT('',(-3.455983695258,-127.5626500876));
#1189 = CARTESIAN_POINT('',(-3.478759152998,-126.8430428337));
#1190 = CARTESIAN_POINT('',(-3.52667954085,-125.2758057742));
#1191 = CARTESIAN_POINT('',(-3.551824672369,-124.4220025821));
#1192 = CARTESIAN_POINT('',(-3.576877045021,-123.5466144684));
#1193 = CARTESIAN_POINT('',(-3.601870223587,-122.6543703959));
#1194 = CARTESIAN_POINT('',(-3.626843572924,-121.7489328286));
#1195 = CARTESIAN_POINT('',(-3.651843260491,-120.8330452379));
#1196 = CARTESIAN_POINT('',(-3.676922499916,-119.9087350511));
#1197 = CARTESIAN_POINT('',(-3.753742906927,-117.072109631));
#1198 = CARTESIAN_POINT('',(-3.805663041819,-115.1476066109));
#1199 = CARTESIAN_POINT('',(-3.858363534368,-113.219079284));
#1200 = CARTESIAN_POINT('',(-3.91225013856,-111.2978870974));
#1201 = CARTESIAN_POINT('',(-3.967695981806,-109.3981309159));
#1202 = CARTESIAN_POINT('',(-4.025047450577,-107.5388415043));
#1203 = CARTESIAN_POINT('',(-4.084642753594,-105.7459497559));
#1204 = CARTESIAN_POINT('',(-4.168162740972,-103.4737636328));
#1205 = CARTESIAN_POINT('',(-4.189823884547,-102.9046589272));
#1206 = CARTESIAN_POINT('',(-4.211830710185,-102.3482010306));
#1207 = CARTESIAN_POINT('',(-4.234200784531,-101.8059257036));
#1208 = CARTESIAN_POINT('',(-4.256951447112,-101.2795425228));
#1209 = CARTESIAN_POINT('',(-4.280099977056,-100.7709423546));
#1210 = CARTESIAN_POINT('',(-4.303663759798,-100.2822048276));
#1211 = CARTESIAN_POINT('',(-4.344989917387,-99.47864644275));
#1212 = CARTESIAN_POINT('',(-4.362549833314,-99.15314153314));
#1213 = CARTESIAN_POINT('',(-4.380338077027,-98.84013439561));
#1214 = CARTESIAN_POINT('',(-4.398352878655,-98.54067167595));
#1215 = CARTESIAN_POINT('',(-4.416592850019,-98.25580268535));
#1216 = CARTESIAN_POINT('',(-4.435057011645,-97.98657873771));
#1217 = CARTESIAN_POINT('',(-4.453744819776,-97.73405248702));
#1218 = CARTESIAN_POINT('',(-4.482226727179,-97.38046388575));
#1219 = CARTESIAN_POINT('',(-4.491853034054,-97.26621507435));
#1220 = CARTESIAN_POINT('',(-4.501533183675,-97.15668858402));
#1221 = CARTESIAN_POINT('',(-4.511265297587,-97.05203577487));
#1222 = CARTESIAN_POINT('',(-4.521047549222,-96.95240161365));
#1223 = CARTESIAN_POINT('',(-4.530878163891,-96.85792467373));
#1224 = CARTESIAN_POINT('',(-4.54075541879,-96.76873713514));
#1225 = CARTESIAN_POINT('',(-4.570448520279,-96.51804123699));
#1226 = CARTESIAN_POINT('',(-4.590407368526,-96.37253808518));
#1227 = CARTESIAN_POINT('',(-4.610522222835,-96.24964635532));
#1228 = CARTESIAN_POINT('',(-4.630762390497,-96.15032880821));
#1229 = CARTESIAN_POINT('',(-4.651098131589,-96.075318754));
#1230 = CARTESIAN_POINT('',(-4.671500339563,-96.0251188669));
#1231 = CARTESIAN_POINT('',(-4.691940221837,-96.));
#1232 = CARTESIAN_POINT('',(-4.732923002539,-96.));
#1233 = CARTESIAN_POINT('',(-4.753447930248,-96.02532877485));
#1234 = CARTESIAN_POINT('',(-4.773934660815,-96.0759473821));
#1235 = CARTESIAN_POINT('',(-4.79435409709,-96.15158035898));
#1236 = CARTESIAN_POINT('',(-4.81467682191,-96.25171693604));
#1237 = CARTESIAN_POINT('',(-4.834872772549,-96.3756122508));
#1238 = CARTESIAN_POINT('',(-4.854910915167,-96.52228856141));
#1239 = CARTESIAN_POINT('',(-4.884634894063,-96.77425329166));
#1240 = CARTESIAN_POINT('',(-4.894466153817,-96.86333107492));
#1241 = CARTESIAN_POINT('',(-4.904251065585,-96.95764544669));
#1242 = CARTESIAN_POINT('',(-4.913987945672,-97.05706582565));
#1243 = CARTESIAN_POINT('',(-4.923675059615,-97.16145541251));
#1244 = CARTESIAN_POINT('',(-4.933310622187,-97.27067119007));
#1245 = CARTESIAN_POINT('',(-4.942892797397,-97.38456392319));
#1246 = CARTESIAN_POINT('',(-4.971242628912,-97.73693701862));
#1247 = CARTESIAN_POINT('',(-4.989843939051,-97.98847381452));
#1248 = CARTESIAN_POINT('',(-5.008223557901,-98.25654933572));
#1249 = CARTESIAN_POINT('',(-5.026380960725,-98.54012514385));
#1250 = CARTESIAN_POINT('',(-5.044315195483,-98.83816421756));
#1251 = CARTESIAN_POINT('',(-5.062024909251,-99.14963159725));
#1252 = CARTESIAN_POINT('',(-5.079508374649,-99.47349502969));
#1253 = CARTESIAN_POINT('',(-5.120635070828,-100.2724989819));
#1254 = CARTESIAN_POINT('',(-5.144078298143,-100.7581967243));
#1255 = CARTESIAN_POINT('',(-5.167110545059,-101.2635779694));
#1256 = CARTESIAN_POINT('',(-5.189748890412,-101.7865936931));
#1257 = CARTESIAN_POINT('',(-5.212010306766,-102.3253794552));
#1258 = CARTESIAN_POINT('',(-5.233911822177,-102.8782481378));
#1259 = CARTESIAN_POINT('',(-5.255470681945,-103.4436826823));
#1260 = CARTESIAN_POINT('',(-5.339189762816,-105.7172380808));
#1261 = CARTESIAN_POINT('',(-5.399057027655,-107.516576024));
#1262 = CARTESIAN_POINT('',(-5.456658053508,-109.3831113693));
#1263 = CARTESIAN_POINT('',(-5.512335072506,-111.2905359422));
#1264 = CARTESIAN_POINT('',(-5.566438573773,-113.219569836));
#1265 = CARTESIAN_POINT('',(-5.619346319258,-115.1559531553));
#1266 = CARTESIAN_POINT('',(-5.671469269841,-117.0882241246));
#1267 = CARTESIAN_POINT('',(-5.7484951896,-119.9323171844));
#1268 = CARTESIAN_POINT('',(-5.773575731284,-120.8565642717));
#1269 = CARTESIAN_POINT('',(-5.798577452089,-121.7723385633));
#1270 = CARTESIAN_POINT('',(-5.823553674968,-122.6776088282));
#1271 = CARTESIAN_POINT('',(-5.848550627316,-123.5696230676));
#1272 = CARTESIAN_POINT('',(-5.873607694265,-124.444705427));
#1273 = CARTESIAN_POINT('',(-5.89875843869,-125.2981092522));
#1274 = CARTESIAN_POINT('',(-5.946605031161,-126.8615562606));
#1275 = CARTESIAN_POINT('',(-5.969300240598,-127.5779656485));
#1276 = CARTESIAN_POINT('',(-5.992156228873,-128.2694816677));
#1277 = CARTESIAN_POINT('',(-6.0152044658,-128.931393227));
#1278 = CARTESIAN_POINT('',(-6.038472834178,-129.5579928001));
#1279 = CARTESIAN_POINT('',(-6.061989329834,-130.1426363838));
#1280 = CARTESIAN_POINT('',(-6.085786317666,-130.6778636125));
#1281 = CARTESIAN_POINT('',(-6.109905681264,-131.1555900043));
#1282 = ( GEOMETRIC_REPRESENTATION_CONTEXT(2)
PARAMETRIC_REPRESENTATION_CONTEXT() REPRESENTATION_CONTEXT('2D SPACE',''
  ) );
#1283 = ORIENTED_EDGE('',*,*,#1284,.F.);
#1284 = EDGE_CURVE('',#914,#966,#1285,.T.);
#1285 = SURFACE_CURVE('',#1286,(#1291,#1298),.PCURVE_S1.);
#1286 = CIRCLE('',#1287,64.);
#1287 = AXIS2_PLACEMENT_3D('',#1288,#1289,#1290);
#1288 = CARTESIAN_POINT('',(-390.,290.,1.56E+03));
#1289 = DIRECTION('',(0.,0.,1.));
#1290 = DIRECTION('',(1.,0.,0.));
#1291 = PCURVE('',#760,#1292);
#1292 = DEFINITIONAL_REPRESENTATION('',(#1293),#1297);
#1293 = LINE('',#1294,#1295);
#1294 = CARTESIAN_POINT('',(0.,260.));
#1295 = VECTOR('',#1296,1.);
#1296 = DIRECTION('',(1.,0.));
#1297 = ( GEOMETRIC_REPRESENTATION_CONTEXT(2)
PARAMETRIC_REPRESENTATION_CONTEXT() REPRESENTATION_CONTEXT('2D SPACE',''
  ) );
#1298 = PCURVE('',#953,#1299);
#1299 = DEFINITIONAL_REPRESENTATION('',(#1300),#1304);
#1300 = CIRCLE('',#1301,64.);
#1301 = AXIS2_PLACEMENT_2D('',#1302,#1303);
#1302 = CARTESIAN_POINT('',(0.,0.));
#1303 = DIRECTION('',(1.,0.));
#1304 = ( GEOMETRIC_REPRESENTATION_CONTEXT(2)
PARAMETRIC_REPRESENTATION_CONTEXT() REPRESENTATION_CONTEXT('2D SPACE',''
  ) );
#1305 = ORIENTED_EDGE('',*,*,#913,.F.);
#1306 = ORIENTED_EDGE('',*,*,#840,.F.);
#1307 = ORIENTED_EDGE('',*,*,#886,.T.);
#1308 = ADVANCED_FACE('',(#1309),#953,.T.);
#1309 = FACE_BOUND('',#1310,.T.);
#1310 = EDGE_LOOP('',(#1311,#1312,#1313,#1334,#1360));
#1311 = ORIENTED_EDGE('',*,*,#936,.T.);
#1312 = ORIENTED_EDGE('',*,*,#1284,.T.);
#1313 = ORIENTED_EDGE('',*,*,#1314,.F.);
#1314 = EDGE_CURVE('',#1315,#966,#1317,.T.);
#1315 = VERTEX_POINT('',#1316);
#1316 = CARTESIAN_POINT('',(-332.8685725716,270.,1.56E+03));
#1317 = SURFACE_CURVE('',#1318,(#1322,#1328),.PCURVE_S1.);
#1318 = LINE('',#1319,#1320);
#1319 = CARTESIAN_POINT('',(-332.8685725716,450.,1.56E+03));
#1320 = VECTOR('',#1321,1.);
#1321 = DIRECTION('',(-0.,1.,-0.));
#1322 = PCURVE('',#953,#1323);
#1323 = DEFINITIONAL_REPRESENTATION('',(#1324),#1327);
#1324 = B_SPLINE_CURVE_WITH_KNOTS('',1,(#1325,#1326),.UNSPECIFIED.,.F.,
  .F.,(2,2),(-180.0000006,-83.2),.PIECEWISE_BEZIER_KNOTS.);
#1325 = CARTESIAN_POINT('',(57.131427428343,-20.0000006));
#1326 = CARTESIAN_POINT('',(57.131427428343,76.8));
#1327 = ( GEOMETRIC_REPRESENTATION_CONTEXT(2)
PARAMETRIC_REPRESENTATION_CONTEXT() REPRESENTATION_CONTEXT('2D SPACE',''
  ) );
#1328 = PCURVE('',#1175,#1329);
#1329 = DEFINITIONAL_REPRESENTATION('',(#1330),#1333);
#1330 = B_SPLINE_CURVE_WITH_KNOTS('',1,(#1331,#1332),.UNSPECIFIED.,.F.,
  .F.,(2,2),(-180.0000006,-83.2),.PIECEWISE_BEZIER_KNOTS.);
#1331 = CARTESIAN_POINT('',(-6.109905670762,-180.0000006));
#1332 = CARTESIAN_POINT('',(-6.109905670762,-83.2));
#1333 = ( GEOMETRIC_REPRESENTATION_CONTEXT(2)
PARAMETRIC_REPRESENTATION_CONTEXT() REPRESENTATION_CONTEXT('2D SPACE',''
  ) );
#1334 = ORIENTED_EDGE('',*,*,#1335,.F.);
#1335 = EDGE_CURVE('',#1336,#1315,#1338,.T.);
#1336 = VERTEX_POINT('',#1337);
#1337 = CARTESIAN_POINT('',(-447.1314274283,270.,1.56E+03));
#1338 = SURFACE_CURVE('',#1339,(#1343,#1349),.PCURVE_S1.);
#1339 = LINE('',#1340,#1341);
#1340 = CARTESIAN_POINT('',(-390.,270.,1.56E+03));
#1341 = VECTOR('',#1342,1.);
#1342 = DIRECTION('',(1.,0.,0.));
#1343 = PCURVE('',#953,#1344);
#1344 = DEFINITIONAL_REPRESENTATION('',(#1345),#1348);
#1345 = B_SPLINE_CURVE_WITH_KNOTS('',1,(#1346,#1347),.UNSPECIFIED.,.F.,
  .F.,(2,2),(-58.,58.),.PIECEWISE_BEZIER_KNOTS.);
#1346 = CARTESIAN_POINT('',(-58.,-20.));
#1347 = CARTESIAN_POINT('',(58.,-20.));
#1348 = ( GEOMETRIC_REPRESENTATION_CONTEXT(2)
PARAMETRIC_REPRESENTATION_CONTEXT() REPRESENTATION_CONTEXT('2D SPACE',''
  ) );
#1349 = PCURVE('',#1350,#1355);
#1350 = PLANE('',#1351);
#1351 = AXIS2_PLACEMENT_3D('',#1352,#1353,#1354);
#1352 = CARTESIAN_POINT('',(-390.,270.,1.57E+03));
#1353 = DIRECTION('',(-0.,-1.,-0.));
#1354 = DIRECTION('',(0.,0.,-1.));
#1355 = DEFINITIONAL_REPRESENTATION('',(#1356),#1359);
#1356 = B_SPLINE_CURVE_WITH_KNOTS('',1,(#1357,#1358),.UNSPECIFIED.,.F.,
  .F.,(2,2),(-58.,58.),.PIECEWISE_BEZIER_KNOTS.);
#1357 = CARTESIAN_POINT('',(10.,-58.));
#1358 = CARTESIAN_POINT('',(10.,58.));
#1359 = ( GEOMETRIC_REPRESENTATION_CONTEXT(2)
PARAMETRIC_REPRESENTATION_CONTEXT() REPRESENTATION_CONTEXT('2D SPACE',''
  ) );
#1360 = ORIENTED_EDGE('',*,*,#1361,.T.);
#1361 = EDGE_CURVE('',#1336,#937,#1362,.T.);
#1362 = SURFACE_CURVE('',#1363,(#1367,#1373),.PCURVE_S1.);
#1363 = LINE('',#1364,#1365);
#1364 = CARTESIAN_POINT('',(-447.1314274283,450.,1.56E+03));
#1365 = VECTOR('',#1366,1.);
#1366 = DIRECTION('',(-0.,1.,-0.));
#1367 = PCURVE('',#953,#1368);
#1368 = DEFINITIONAL_REPRESENTATION('',(#1369),#1372);
#1369 = B_SPLINE_CURVE_WITH_KNOTS('',1,(#1370,#1371),.UNSPECIFIED.,.F.,
  .F.,(2,2),(-180.0000006,-83.2),.PIECEWISE_BEZIER_KNOTS.);
#1370 = CARTESIAN_POINT('',(-57.13142742834,-20.0000006));
#1371 = CARTESIAN_POINT('',(-57.13142742834,76.8));
#1372 = ( GEOMETRIC_REPRESENTATION_CONTEXT(2)
PARAMETRIC_REPRESENTATION_CONTEXT() REPRESENTATION_CONTEXT('2D SPACE',''
  ) );
#1373 = PCURVE('',#1175,#1374);
#1374 = DEFINITIONAL_REPRESENTATION('',(#1375),#1378);
#1375 = B_SPLINE_CURVE_WITH_KNOTS('',1,(#1376,#1377),.UNSPECIFIED.,.F.,
  .F.,(2,2),(-180.0000006,-83.2),.PIECEWISE_BEZIER_KNOTS.);
#1376 = CARTESIAN_POINT('',(-3.314872290007,-180.0000006));
#1377 = CARTESIAN_POINT('',(-3.314872290007,-83.2));
#1378 = ( GEOMETRIC_REPRESENTATION_CONTEXT(2)
PARAMETRIC_REPRESENTATION_CONTEXT() REPRESENTATION_CONTEXT('2D SPACE',''
  ) );
#1379 = ADVANCED_FACE('',(#1380,#1482),#1175,.T.);
#1380 = FACE_BOUND('',#1381,.F.);
#1381 = EDGE_LOOP('',(#1382,#1406,#1407,#1408,#1409,#1431,#1454,#1481));
#1382 = ORIENTED_EDGE('',*,*,#1383,.T.);
#1383 = EDGE_CURVE('',#1384,#1336,#1386,.T.);
#1384 = VERTEX_POINT('',#1385);
#1385 = CARTESIAN_POINT('',(-332.,270.,1.57E+03));
#1386 = SURFACE_CURVE('',#1387,(#1392,#1399),.PCURVE_S1.);
#1387 = CIRCLE('',#1388,58.);
#1388 = AXIS2_PLACEMENT_3D('',#1389,#1390,#1391);
#1389 = CARTESIAN_POINT('',(-390.,270.,1.57E+03));
#1390 = DIRECTION('',(0.,-1.,0.));
#1391 = DIRECTION('',(1.,0.,0.));
#1392 = PCURVE('',#1175,#1393);
#1393 = DEFINITIONAL_REPRESENTATION('',(#1394),#1398);
#1394 = LINE('',#1395,#1396);
#1395 = CARTESIAN_POINT('',(-0.,-180.));
#1396 = VECTOR('',#1397,1.);
#1397 = DIRECTION('',(-1.,0.));
#1398 = ( GEOMETRIC_REPRESENTATION_CONTEXT(2)
PARAMETRIC_REPRESENTATION_CONTEXT() REPRESENTATION_CONTEXT('2D SPACE',''
  ) );
#1399 = PCURVE('',#1350,#1400);
#1400 = DEFINITIONAL_REPRESENTATION('',(#1401),#1405);
#1401 = CIRCLE('',#1402,58.);
#1402 = AXIS2_PLACEMENT_2D('',#1403,#1404);
#1403 = CARTESIAN_POINT('',(0.,0.));
#1404 = DIRECTION('',(0.,1.));
#1405 = ( GEOMETRIC_REPRESENTATION_CONTEXT(2)
PARAMETRIC_REPRESENTATION_CONTEXT() REPRESENTATION_CONTEXT('2D SPACE',''
  ) );
#1406 = ORIENTED_EDGE('',*,*,#1361,.T.);
#1407 = ORIENTED_EDGE('',*,*,#965,.T.);
#1408 = ORIENTED_EDGE('',*,*,#1314,.F.);
#1409 = ORIENTED_EDGE('',*,*,#1410,.T.);
#1410 = EDGE_CURVE('',#1315,#1384,#1411,.T.);
#1411 = SURFACE_CURVE('',#1412,(#1417,#1424),.PCURVE_S1.);
#1412 = CIRCLE('',#1413,58.);
#1413 = AXIS2_PLACEMENT_3D('',#1414,#1415,#1416);
#1414 = CARTESIAN_POINT('',(-390.,270.,1.57E+03));
#1415 = DIRECTION('',(0.,-1.,0.));
#1416 = DIRECTION('',(1.,0.,0.));
#1417 = PCURVE('',#1175,#1418);
#1418 = DEFINITIONAL_REPRESENTATION('',(#1419),#1423);
#1419 = LINE('',#1420,#1421);
#1420 = CARTESIAN_POINT('',(-0.,-180.));
#1421 = VECTOR('',#1422,1.);
#1422 = DIRECTION('',(-1.,0.));
#1423 = ( GEOMETRIC_REPRESENTATION_CONTEXT(2)
PARAMETRIC_REPRESENTATION_CONTEXT() REPRESENTATION_CONTEXT('2D SPACE',''
  ) );
#1424 = PCURVE('',#1350,#1425);
#1425 = DEFINITIONAL_REPRESENTATION('',(#1426),#1430);
#1426 = CIRCLE('',#1427,58.);
#1427 = AXIS2_PLACEMENT_2D('',#1428,#1429);
#1428 = CARTESIAN_POINT('',(0.,0.));
#1429 = DIRECTION('',(0.,1.));
#1430 = ( GEOMETRIC_REPRESENTATION_CONTEXT(2)
PARAMETRIC_REPRESENTATION_CONTEXT() REPRESENTATION_CONTEXT('2D SPACE',''
  ) );
#1431 = ORIENTED_EDGE('',*,*,#1432,.F.);
#1432 = EDGE_CURVE('',#1433,#1384,#1435,.T.);
#1433 = VERTEX_POINT('',#1434);
#1434 = CARTESIAN_POINT('',(-332.,630.,1.57E+03));
#1435 = SEAM_CURVE('',#1436,(#1440,#1447),.PCURVE_S1.);
#1436 = LINE('',#1437,#1438);
#1437 = CARTESIAN_POINT('',(-332.,630.,1.57E+03));
#1438 = VECTOR('',#1439,1.);
#1439 = DIRECTION('',(0.,-1.,0.));
#1440 = PCURVE('',#1175,#1441);
#1441 = DEFINITIONAL_REPRESENTATION('',(#1442),#1446);
#1442 = LINE('',#1443,#1444);
#1443 = CARTESIAN_POINT('',(-6.28318530718,180.));
#1444 = VECTOR('',#1445,1.);
#1445 = DIRECTION('',(-0.,-1.));
#1446 = ( GEOMETRIC_REPRESENTATION_CONTEXT(2)
PARAMETRIC_REPRESENTATION_CONTEXT() REPRESENTATION_CONTEXT('2D SPACE',''
  ) );
#1447 = PCURVE('',#1175,#1448);
#1448 = DEFINITIONAL_REPRESENTATION('',(#1449),#1453);
#1449 = LINE('',#1450,#1451);
#1450 = CARTESIAN_POINT('',(-0.,180.));
#1451 = VECTOR('',#1452,1.);
#1452 = DIRECTION('',(-0.,-1.));
#1453 = ( GEOMETRIC_REPRESENTATION_CONTEXT(2)
PARAMETRIC_REPRESENTATION_CONTEXT() REPRESENTATION_CONTEXT('2D SPACE',''
  ) );
#1454 = ORIENTED_EDGE('',*,*,#1455,.F.);
#1455 = EDGE_CURVE('',#1433,#1433,#1456,.T.);
#1456 = SURFACE_CURVE('',#1457,(#1462,#1469),.PCURVE_S1.);
#1457 = CIRCLE('',#1458,58.);
#1458 = AXIS2_PLACEMENT_3D('',#1459,#1460,#1461);
#1459 = CARTESIAN_POINT('',(-390.,630.,1.57E+03));
#1460 = DIRECTION('',(0.,-1.,0.));
#1461 = DIRECTION('',(1.,0.,0.));
#1462 = PCURVE('',#1175,#1463);
#1463 = DEFINITIONAL_REPRESENTATION('',(#1464),#1468);
#1464 = LINE('',#1465,#1466);
#1465 = CARTESIAN_POINT('',(0.,180.));
#1466 = VECTOR('',#1467,1.);
#1467 = DIRECTION('',(-1.,-0.));
#1468 = ( GEOMETRIC_REPRESENTATION_CONTEXT(2)
PARAMETRIC_REPRESENTATION_CONTEXT() REPRESENTATION_CONTEXT('2D SPACE',''
  ) );
#1469 = PCURVE('',#1470,#1475);
#1470 = PLANE('',#1471);
#1471 = AXIS2_PLACEMENT_3D('',#1472,#1473,#1474);
#1472 = CARTESIAN_POINT('',(-390.,630.,1.57E+03));
#1473 = DIRECTION('',(-0.,-1.,-0.));
#1474 = DIRECTION('',(0.,0.,-1.));
#1475 = DEFINITIONAL_REPRESENTATION('',(#1476),#1480);
#1476 = CIRCLE('',#1477,58.);
#1477 = AXIS2_PLACEMENT_2D('',#1478,#1479);
#1478 = CARTESIAN_POINT('',(0.,0.));
#1479 = DIRECTION('',(0.,1.));
#1480 = ( GEOMETRIC_REPRESENTATION_CONTEXT(2)
PARAMETRIC_REPRESENTATION_CONTEXT() REPRESENTATION_CONTEXT('2D SPACE',''
  ) );
#1481 = ORIENTED_EDGE('',*,*,#1432,.T.);
#1482 = FACE_BOUND('',#1483,.F.);
#1483 = EDGE_LOOP('',(#1484,#1512,#1663));
#1484 = ORIENTED_EDGE('',*,*,#1485,.T.);
#1485 = EDGE_CURVE('',#1486,#1488,#1490,.T.);
#1486 = VERTEX_POINT('',#1487);
#1487 = CARTESIAN_POINT('',(-432.,603.40411969127,1.61E+03));
#1488 = VERTEX_POINT('',#1489);
#1489 = CARTESIAN_POINT('',(-432.,496.59588030872,1.61E+03));
#1490 = SURFACE_CURVE('',#1491,(#1495,#1501),.PCURVE_S1.);
#1491 = LINE('',#1492,#1493);
#1492 = CARTESIAN_POINT('',(-432.,450.,1.61E+03));
#1493 = VECTOR('',#1494,1.);
#1494 = DIRECTION('',(0.,-1.,0.));
#1495 = PCURVE('',#1175,#1496);
#1496 = DEFINITIONAL_REPRESENTATION('',(#1497),#1500);
#1497 = B_SPLINE_CURVE_WITH_KNOTS('',1,(#1498,#1499),.UNSPECIFIED.,.F.,
  .F.,(2,2),(-164.8,-35.2),.PIECEWISE_BEZIER_KNOTS.);
#1498 = CARTESIAN_POINT('',(-2.380579899365,164.8));
#1499 = CARTESIAN_POINT('',(-2.380579899365,35.2));
#1500 = ( GEOMETRIC_REPRESENTATION_CONTEXT(2)
PARAMETRIC_REPRESENTATION_CONTEXT() REPRESENTATION_CONTEXT('2D SPACE',''
  ) );
#1501 = PCURVE('',#1502,#1507);
#1502 = PLANE('',#1503);
#1503 = AXIS2_PLACEMENT_3D('',#1504,#1505,#1506);
#1504 = CARTESIAN_POINT('',(-440.,550.,1.61E+03));
#1505 = DIRECTION('',(0.,0.,1.));
#1506 = DIRECTION('',(1.,0.,0.));
#1507 = DEFINITIONAL_REPRESENTATION('',(#1508),#1511);
#1508 = B_SPLINE_CURVE_WITH_KNOTS('',1,(#1509,#1510),.UNSPECIFIED.,.F.,
  .F.,(2,2),(-164.8,-35.2),.PIECEWISE_BEZIER_KNOTS.);
#1509 = CARTESIAN_POINT('',(8.,64.8));
#1510 = CARTESIAN_POINT('',(8.,-64.8));
#1511 = ( GEOMETRIC_REPRESENTATION_CONTEXT(2)
PARAMETRIC_REPRESENTATION_CONTEXT() REPRESENTATION_CONTEXT('2D SPACE',''
  ) );
#1512 = ORIENTED_EDGE('',*,*,#1513,.T.);
#1513 = EDGE_CURVE('',#1488,#1514,#1516,.T.);
#1514 = VERTEX_POINT('',#1515);
#1515 = CARTESIAN_POINT('',(-386.,550.,1.627861904566E+03));
#1516 = SURFACE_CURVE('',#1517,(#1562,#1610),.PCURVE_S1.);
#1517 = B_SPLINE_CURVE_WITH_KNOTS('',7,(#1518,#1519,#1520,#1521,#1522,
    #1523,#1524,#1525,#1526,#1527,#1528,#1529,#1530,#1531,#1532,#1533,
    #1534,#1535,#1536,#1537,#1538,#1539,#1540,#1541,#1542,#1543,#1544,
    #1545,#1546,#1547,#1548,#1549,#1550,#1551,#1552,#1553,#1554,#1555,
    #1556,#1557,#1558,#1559,#1560,#1561),.UNSPECIFIED.,.F.,.F.,(8,6,6,6,
    6,6,6,8),(0.,9.145363170538E-02,0.140098281833,0.238051090408,
    0.379728799203,0.466244016193,0.744017509157,1.),.UNSPECIFIED.);
#1518 = CARTESIAN_POINT('',(-432.0000005714,496.59588022312,
    1.6099999994E+03));
#1519 = CARTESIAN_POINT('',(-431.2499571194,496.70823760701,
    1.610787545047E+03));
#1520 = CARTESIAN_POINT('',(-430.4784563013,496.83637468143,
    1.611563122658E+03));
#1521 = CARTESIAN_POINT('',(-429.6861077278,496.98160618113,
    1.612325392443E+03));
#1522 = CARTESIAN_POINT('',(-428.8735955004,497.14527685991,
    1.613073104893E+03));
#1523 = CARTESIAN_POINT('',(-428.0416744073,497.32875843196,
    1.613805099372E+03));
#1524 = CARTESIAN_POINT('',(-427.1911661175,497.53344651327,
    1.614520302723E+03));
#1525 = CARTESIAN_POINT('',(-425.8611496852,497.88166546219,
    1.615588691822E+03));
#1526 = CARTESIAN_POINT('',(-425.3944093288,498.00895467221,
    1.6159545667E+03));
#1527 = CARTESIAN_POINT('',(-424.9229742401,498.14280766508,
    1.616315123433E+03));
#1528 = CARTESIAN_POINT('',(-424.4470909685,498.28340104983,
    1.616670150971E+03));
#1529 = CARTESIAN_POINT('',(-423.9670119013,498.43090505685,
    1.617019455947E+03));
#1530 = CARTESIAN_POINT('',(-423.4829944842,498.58548302229,
    1.617362862351E+03));
#1531 = CARTESIAN_POINT('',(-422.0132602562,499.07311361593,
    1.618379510311E+03));
#1532 = CARTESIAN_POINT('',(-421.0159467622,499.42837282391,
    1.61903450021E+03));
#1533 = CARTESIAN_POINT('',(-420.0064403342,499.814062388,
    1.61966318428E+03));
#1534 = CARTESIAN_POINT('',(-418.9879048089,500.23091270746,
    1.620264040424E+03));
#1535 = CARTESIAN_POINT('',(-417.9635592377,500.67935358949,
    1.620835983605E+03));
#1536 = CARTESIAN_POINT('',(-416.9366496417,501.15947714946,
    1.621378328401E+03));
#1537 = CARTESIAN_POINT('',(-414.4260962397,502.41086194933,
    1.622631913925E+03));
#1538 = CARTESIAN_POINT('',(-412.9459971248,503.21501711413,
    1.623309080259E+03));
#1539 = CARTESIAN_POINT('',(-411.4791756671,504.08254306416,
    1.623922079761E+03));
#1540 = CARTESIAN_POINT('',(-410.0346009767,505.01105357313,
    1.624472104604E+03));
#1541 = CARTESIAN_POINT('',(-408.6210203447,505.99652471708,
    1.624961514982E+03));
#1542 = CARTESIAN_POINT('',(-407.2467849972,507.03310365067,
    1.62539362079E+03));
#1543 = CARTESIAN_POINT('',(-405.1092219507,508.7722767823,
    1.626003765063E+03));
#1544 = CARTESIAN_POINT('',(-404.3156019194,509.4483880572,
    1.62621543742E+03));
#1545 = CARTESIAN_POINT('',(-403.5395616657,510.14033986045,
    1.626408600811E+03));
#1546 = CARTESIAN_POINT('',(-402.7818303178,510.84716093101,
    1.626584386281E+03));
#1547 = CARTESIAN_POINT('',(-402.0430803117,511.56780206037,
    1.62674390848E+03));
#1548 = CARTESIAN_POINT('',(-401.323923045,512.30113466934,
    1.626888262062E+03));
#1549 = CARTESIAN_POINT('',(-398.3805731779,515.43731812111,
    1.627436729689E+03));
#1550 = CARTESIAN_POINT('',(-396.3471958552,517.94347740591,
    1.627708990861E+03));
#1551 = CARTESIAN_POINT('',(-394.5245897448,520.54200451759,
    1.627874697277E+03));
#1552 = CARTESIAN_POINT('',(-392.909526518,523.21350741586,
    1.627964512724E+03));
#1553 = CARTESIAN_POINT('',(-391.4974153579,525.94167362279,
    1.628002771815E+03));
#1554 = CARTESIAN_POINT('',(-390.2831357561,528.71301274306,
    1.628008301274E+03));
#1555 = CARTESIAN_POINT('',(-388.3206932343,534.10000980477,
    1.627983323969E+03));
#1556 = CARTESIAN_POINT('',(-387.5424950459,536.71340947119,
    1.627955597649E+03));
#1557 = CARTESIAN_POINT('',(-386.9236524294,539.34926237834,
    1.627923170165E+03));
#1558 = CARTESIAN_POINT('',(-386.4613891051,542.00125453938,
    1.627893799698E+03));
#1559 = CARTESIAN_POINT('',(-386.1538180463,544.66380710666,
    1.627872538197E+03));
#1560 = CARTESIAN_POINT('',(-386.,547.33174563593,1.627861904566E+03));
#1561 = CARTESIAN_POINT('',(-386.,550.,1.627861904566E+03));
#1562 = PCURVE('',#1175,#1563);
#1563 = DEFINITIONAL_REPRESENTATION('',(#1564),#1609);
#1564 = B_SPLINE_CURVE_WITH_KNOTS('',7,(#1565,#1566,#1567,#1568,#1569,
    #1570,#1571,#1572,#1573,#1574,#1575,#1576,#1577,#1578,#1579,#1580,
    #1581,#1582,#1583,#1584,#1585,#1586,#1587,#1588,#1589,#1590,#1591,
    #1592,#1593,#1594,#1595,#1596,#1597,#1598,#1599,#1600,#1601,#1602,
    #1603,#1604,#1605,#1606,#1607,#1608),.UNSPECIFIED.,.F.,.F.,(8,6,6,6,
    6,6,6,8),(0.,9.145363170538E-02,0.140098281833,0.238051090408,
    0.379728799203,0.466244016193,0.744017509157,1.),.UNSPECIFIED.);
#1565 = CARTESIAN_POINT('',(-2.380579913651,46.595880223125));
#1566 = CARTESIAN_POINT('',(-2.361828827071,46.708237607013));
#1567 = CARTESIAN_POINT('',(-2.342972022595,46.836374681431));
#1568 = CARTESIAN_POINT('',(-2.32402270538,46.981606181136));
#1569 = CARTESIAN_POINT('',(-2.304993298455,47.145276859914));
#1570 = CARTESIAN_POINT('',(-2.28589559523,47.328758431964));
#1571 = CARTESIAN_POINT('',(-2.266740912003,47.533446513273));
#1572 = CARTESIAN_POINT('',(-2.237327305983,47.881665462197));
#1573 = CARTESIAN_POINT('',(-2.227102991188,48.008954672217));
#1574 = CARTESIAN_POINT('',(-2.216871254167,48.142807665085));
#1575 = CARTESIAN_POINT('',(-2.206635930876,48.283401049832));
#1576 = CARTESIAN_POINT('',(-2.196400744417,48.430905056857));
#1577 = CARTESIAN_POINT('',(-2.18616931432,48.585483022293));
#1578 = CARTESIAN_POINT('',(-2.155357412424,49.073113615935));
#1579 = CARTESIAN_POINT('',(-2.134791537908,49.42837282392));
#1580 = CARTESIAN_POINT('',(-2.11429649306,49.814062388003));
#1581 = CARTESIAN_POINT('',(-2.093918023767,50.230912707468));
#1582 = CARTESIAN_POINT('',(-2.073699310754,50.679353589496));
#1583 = CARTESIAN_POINT('',(-2.053681609316,51.159477149465));
#1584 = CARTESIAN_POINT('',(-2.005300089926,52.410861949335));
#1585 = CARTESIAN_POINT('',(-1.97725338248,53.215017114139));
#1586 = CARTESIAN_POINT('',(-1.94986749308,54.082543064164));
#1587 = CARTESIAN_POINT('',(-1.923240061385,55.01105357313));
#1588 = CARTESIAN_POINT('',(-1.897465950624,55.996524717089));
#1589 = CARTESIAN_POINT('',(-1.872637345408,57.033103650676));
#1590 = CARTESIAN_POINT('',(-1.834310834141,58.772276782301));
#1591 = CARTESIAN_POINT('',(-1.82015153781,59.448388057208));
#1592 = CARTESIAN_POINT('',(-1.806366279678,60.140339860458));
#1593 = CARTESIAN_POINT('',(-1.79295793758,60.847160931017));
#1594 = CARTESIAN_POINT('',(-1.779929559917,61.567802060378));
#1595 = CARTESIAN_POINT('',(-1.767284189949,62.301134669342));
#1596 = CARTESIAN_POINT('',(-1.715663243519,65.437318121118));
#1597 = CARTESIAN_POINT('',(-1.680338339851,67.943477405911));
#1598 = CARTESIAN_POINT('',(-1.648822995608,70.542004517598));
#1599 = CARTESIAN_POINT('',(-1.620957377808,73.213507415858));
#1600 = CARTESIAN_POINT('',(-1.596611989156,75.941673622792));
#1601 = CARTESIAN_POINT('',(-1.575679060344,78.71301274306));
#1602 = CARTESIAN_POINT('',(-1.541841104021,84.100009804776));
#1603 = CARTESIAN_POINT('',(-1.528418894401,86.713409471199));
#1604 = CARTESIAN_POINT('',(-1.51773597496,89.349262378326));
#1605 = CARTESIAN_POINT('',(-1.509750001093,92.001254539394));
#1606 = CARTESIAN_POINT('',(-1.504434385608,94.663807106663));
#1607 = CARTESIAN_POINT('',(-1.501776022757,97.331745635937));
#1608 = CARTESIAN_POINT('',(-1.501776022757,100.));
#1609 = ( GEOMETRIC_REPRESENTATION_CONTEXT(2)
PARAMETRIC_REPRESENTATION_CONTEXT() REPRESENTATION_CONTEXT('2D SPACE',''
  ) );
#1610 = PCURVE('',#1611,#1616);
#1611 = CYLINDRICAL_SURFACE('',#1612,54.);
#1612 = AXIS2_PLACEMENT_3D('',#1613,#1614,#1615);
#1613 = CARTESIAN_POINT('',(-440.,550.,1.61E+03));
#1614 = DIRECTION('',(0.,0.,1.));
#1615 = DIRECTION('',(1.,0.,0.));
#1616 = DEFINITIONAL_REPRESENTATION('',(#1617),#1662);
#1617 = B_SPLINE_CURVE_WITH_KNOTS('',7,(#1618,#1619,#1620,#1621,#1622,
    #1623,#1624,#1625,#1626,#1627,#1628,#1629,#1630,#1631,#1632,#1633,
    #1634,#1635,#1636,#1637,#1638,#1639,#1640,#1641,#1642,#1643,#1644,
    #1645,#1646,#1647,#1648,#1649,#1650,#1651,#1652,#1653,#1654,#1655,
    #1656,#1657,#1658,#1659,#1660,#1661),.UNSPECIFIED.,.F.,.F.,(8,6,6,6,
    6,6,6,8),(0.,9.145363170538E-02,0.140098281833,0.238051090408,
    0.379728799203,0.466244016193,0.744017509157,1.),.UNSPECIFIED.);
#1618 = CARTESIAN_POINT('',(4.861084463952,-6.E-07));
#1619 = CARTESIAN_POINT('',(4.875129137941,0.787545047074));
#1620 = CARTESIAN_POINT('',(4.889610076482,1.563122657645));
#1621 = CARTESIAN_POINT('',(4.904524249148,2.325392443005));
#1622 = CARTESIAN_POINT('',(4.919868604401,3.07310489256));
#1623 = CARTESIAN_POINT('',(4.935640303767,3.805099372208));
#1624 = CARTESIAN_POINT('',(4.951836956013,4.520302722716));
#1625 = CARTESIAN_POINT('',(4.97729705785,5.58869182168));
#1626 = CARTESIAN_POINT('',(4.986255598035,5.954566700284));
#1627 = CARTESIAN_POINT('',(4.995330157369,6.31512343337));
#1628 = CARTESIAN_POINT('',(5.004518412254,6.670150971071));
#1629 = CARTESIAN_POINT('',(5.013818041291,7.019455947022));
#1630 = CARTESIAN_POINT('',(5.023226736555,7.362862351189));
#1631 = CARTESIAN_POINT('',(5.051902961734,8.379510311403));
#1632 = CARTESIAN_POINT('',(5.071503835575,9.034500209749));
#1633 = CARTESIAN_POINT('',(5.091507909025,9.663184280272));
#1634 = CARTESIAN_POINT('',(5.111877785769,10.264040423669));
#1635 = CARTESIAN_POINT('',(5.132575334309,10.835983605162));
#1636 = CARTESIAN_POINT('',(5.153561421716,11.378328400854));
#1637 = CARTESIAN_POINT('',(5.20550856399,12.631913925481));
#1638 = CARTESIAN_POINT('',(5.236682592763,13.309080258777));
#1639 = CARTESIAN_POINT('',(5.268207398993,13.922079760589));
#1640 = CARTESIAN_POINT('',(5.299968325363,14.472104603529));
#1641 = CARTESIAN_POINT('',(5.331843321266,14.961514982313));
#1642 = CARTESIAN_POINT('',(5.363698504932,15.393620790395));
#1643 = CARTESIAN_POINT('',(5.414730041751,16.003765063144));
#1644 = CARTESIAN_POINT('',(5.434032016796,16.215437419847));
#1645 = CARTESIAN_POINT('',(5.453278426532,16.408600811163));
#1646 = CARTESIAN_POINT('',(5.472459028067,16.584386281146));
#1647 = CARTESIAN_POINT('',(5.491563060787,16.743908480241));
#1648 = CARTESIAN_POINT('',(5.510579114567,16.888262061524));
#1649 = CARTESIAN_POINT('',(5.590228024988,17.436729689182));
#1650 = CARTESIAN_POINT('',(5.649837686347,17.70899086116));
#1651 = CARTESIAN_POINT('',(5.708389456924,17.874697276624));
#1652 = CARTESIAN_POINT('',(5.765967193076,17.96451272426));
#1653 = CARTESIAN_POINT('',(5.822663416075,18.002771814779));
#1654 = CARTESIAN_POINT('',(5.87858138399,18.008301274211));
#1655 = CARTESIAN_POINT('',(5.984753911614,17.983323968667));
#1656 = CARTESIAN_POINT('',(6.035159568813,17.955597649058));
#1657 = CARTESIAN_POINT('',(6.085161440228,17.923170165497));
#1658 = CARTESIAN_POINT('',(6.134863340091,17.893799697953));
#1659 = CARTESIAN_POINT('',(6.184366920717,17.872538197127));
#1660 = CARTESIAN_POINT('',(6.233773189327,17.861904565958));
#1661 = CARTESIAN_POINT('',(6.28318530718,17.861904565958));
#1662 = ( GEOMETRIC_REPRESENTATION_CONTEXT(2)
PARAMETRIC_REPRESENTATION_CONTEXT() REPRESENTATION_CONTEXT('2D SPACE',''
  ) );
#1663 = ORIENTED_EDGE('',*,*,#1664,.T.);
#1664 = EDGE_CURVE('',#1514,#1486,#1665,.T.);
#1665 = SURFACE_CURVE('',#1666,(#1711,#1759),.PCURVE_S1.);
#1666 = B_SPLINE_CURVE_WITH_KNOTS('',7,(#1667,#1668,#1669,#1670,#1671,
    #1672,#1673,#1674,#1675,#1676,#1677,#1678,#1679,#1680,#1681,#1682,
    #1683,#1684,#1685,#1686,#1687,#1688,#1689,#1690,#1691,#1692,#1693,
    #1694,#1695,#1696,#1697,#1698,#1699,#1700,#1701,#1702,#1703,#1704,
    #1705,#1706,#1707,#1708,#1709,#1710),.UNSPECIFIED.,.F.,.F.,(8,6,6,6,
    6,6,6,8),(0.,0.25647806711,0.53395916618,0.620432436036,
    0.761637956632,0.859810531279,0.908520775616,1.),.UNSPECIFIED.);
#1667 = CARTESIAN_POINT('',(-386.,550.,1.627861904566E+03));
#1668 = CARTESIAN_POINT('',(-386.,552.67343656055,1.627861904566E+03));
#1669 = CARTESIAN_POINT('',(-386.1544161065,555.34655423183,
    1.627872579544E+03));
#1670 = CARTESIAN_POINT('',(-386.4631825309,558.01425455687,
    1.627893923666E+03));
#1671 = CARTESIAN_POINT('',(-386.9272460193,560.67133369292,
    1.627923398453E+03));
#1672 = CARTESIAN_POINT('',(-387.5485086536,563.31217923077,
    1.62795591257E+03));
#1673 = CARTESIAN_POINT('',(-388.3297684597,565.93043604754,
    1.627983646735E+03));
#1674 = CARTESIAN_POINT('',(-390.2969315507,571.31879157718,
    1.628008249686E+03));
#1675 = CARTESIAN_POINT('',(-391.5118472611,574.08681972328,
    1.628002419485E+03));
#1676 = CARTESIAN_POINT('',(-392.9242300224,576.81167760598,
    1.62796378311E+03));
#1677 = CARTESIAN_POINT('',(-394.5391796584,579.47988691994,
    1.627873539315E+03));
#1678 = CARTESIAN_POINT('',(-396.3612602361,582.07516005697,
    1.627707397829E+03));
#1679 = CARTESIAN_POINT('',(-398.3936712863,584.57814557338,
    1.627434762665E+03));
#1680 = CARTESIAN_POINT('',(-401.3355422996,587.71077088281,
    1.626885947674E+03));
#1681 = CARTESIAN_POINT('',(-402.0546286247,588.44358111595,
    1.626741455297E+03));
#1682 = CARTESIAN_POINT('',(-402.7932842111,589.16370084302,
    1.626581795827E+03));
#1683 = CARTESIAN_POINT('',(-403.5508967255,589.87000231745,
    1.62640587614E+03));
#1684 = CARTESIAN_POINT('',(-404.3267928678,590.56143727822,
    1.626212583312E+03));
#1685 = CARTESIAN_POINT('',(-405.1202427307,591.23703552118,
    1.626000788231E+03));
#1686 = CARTESIAN_POINT('',(-407.2535058211,592.9717942278,
    1.625391423559E+03));
#1687 = CARTESIAN_POINT('',(-408.6232712948,594.00470270899,
    1.624960545512E+03));
#1688 = CARTESIAN_POINT('',(-410.0320942931,594.98683293364,
    1.624472740147E+03));
#1689 = CARTESIAN_POINT('',(-411.4717115666,595.91239605499,
    1.62392473123E+03));
#1690 = CARTESIAN_POINT('',(-412.933468993,596.77740631243,
    1.623314178685E+03));
#1691 = CARTESIAN_POINT('',(-414.4084927852,597.57949325659,
    1.622639893158E+03));
#1692 = CARTESIAN_POINT('',(-416.9163262056,598.83098656852,
    1.621389029604E+03));
#1693 = CARTESIAN_POINT('',(-417.945566301,599.31270975161,
    1.620845969113E+03));
#1694 = CARTESIAN_POINT('',(-418.9722779839,599.76260912325,
    1.62027316735E+03));
#1695 = CARTESIAN_POINT('',(-419.9931914569,600.18077281821,
    1.61967131085E+03));
#1696 = CARTESIAN_POINT('',(-421.0050638775,600.56763025109,
    1.619041489403E+03));
#1697 = CARTESIAN_POINT('',(-422.0047079914,600.92391458831,
    1.618385233932E+03));
#1698 = CARTESIAN_POINT('',(-423.4774068114,601.41272909427,
    1.617366821905E+03));
#1699 = CARTESIAN_POINT('',(-423.9621090949,601.56758241164,
    1.617023014023E+03));
#1700 = CARTESIAN_POINT('',(-424.4428647058,601.71534162321,
    1.616673290287E+03));
#1701 = CARTESIAN_POINT('',(-424.919415033,601.85617064057,
    1.616317827371E+03));
#1702 = CARTESIAN_POINT('',(-425.3915065486,601.99024031631,
    1.615956819407E+03));
#1703 = CARTESIAN_POINT('',(-425.8588915938,602.11772792466,
    1.615590478315E+03));
#1704 = CARTESIAN_POINT('',(-427.189800074,602.46622469745,
    1.61452145139E+03));
#1705 = CARTESIAN_POINT('',(-428.0405607355,602.6709959314,
    1.613806079244E+03));
#1706 = CARTESIAN_POINT('',(-428.8727254382,602.85454787747,
    1.613073905566E+03));
#1707 = CARTESIAN_POINT('',(-429.6854716166,603.01827723242,
    1.612326004425E+03));
#1708 = CARTESIAN_POINT('',(-430.478043662,603.16355679001,
    1.611563537493E+03));
#1709 = CARTESIAN_POINT('',(-431.2497567337,603.29173237496,
    1.610787755452E+03));
#1710 = CARTESIAN_POINT('',(-432.0000005714,603.40411977687,
    1.6099999994E+03));
#1711 = PCURVE('',#1175,#1712);
#1712 = DEFINITIONAL_REPRESENTATION('',(#1713),#1758);
#1713 = B_SPLINE_CURVE_WITH_KNOTS('',7,(#1714,#1715,#1716,#1717,#1718,
    #1719,#1720,#1721,#1722,#1723,#1724,#1725,#1726,#1727,#1728,#1729,
    #1730,#1731,#1732,#1733,#1734,#1735,#1736,#1737,#1738,#1739,#1740,
    #1741,#1742,#1743,#1744,#1745,#1746,#1747,#1748,#1749,#1750,#1751,
    #1752,#1753,#1754,#1755,#1756,#1757),.UNSPECIFIED.,.F.,.F.,(8,6,6,6,
    6,6,6,8),(0.,0.25647806711,0.53395916618,0.620432436036,
    0.761637956632,0.859810531279,0.908520775616,1.),.UNSPECIFIED.);
#1714 = CARTESIAN_POINT('',(-1.501776022757,100.));
#1715 = CARTESIAN_POINT('',(-1.501776022757,102.67343656055));
#1716 = CARTESIAN_POINT('',(-1.504444721568,105.34655423183));
#1717 = CARTESIAN_POINT('',(-1.509780996164,108.01425455687));
#1718 = CARTESIAN_POINT('',(-1.517798056971,110.67133369291));
#1719 = CARTESIAN_POINT('',(-1.528522705614,113.31217923077));
#1720 = CARTESIAN_POINT('',(-1.541997631179,115.93043604754));
#1721 = CARTESIAN_POINT('',(-1.57591688872,121.31879157718));
#1722 = CARTESIAN_POINT('',(-1.596860798698,124.08681972328));
#1723 = CARTESIAN_POINT('',(-1.621211027202,126.81167760598));
#1724 = CARTESIAN_POINT('',(-1.649075094683,129.47988691994));
#1725 = CARTESIAN_POINT('',(-1.680582125206,132.07516005697));
#1726 = CARTESIAN_POINT('',(-1.715891463322,134.57814557338));
#1727 = CARTESIAN_POINT('',(-1.767488441938,137.71077088281));
#1728 = CARTESIAN_POINT('',(-1.780133084,138.44358111595));
#1729 = CARTESIAN_POINT('',(-1.793160370643,139.16370084302));
#1730 = CARTESIAN_POINT('',(-1.80656724104,139.87000231745));
#1731 = CARTESIAN_POINT('',(-1.820350628728,140.56143727822));
#1732 = CARTESIAN_POINT('',(-1.834507637044,141.23703552118));
#1733 = CARTESIAN_POINT('',(-1.872759169839,142.9717942278));
#1734 = CARTESIAN_POINT('',(-1.897507985797,144.00470270899));
#1735 = CARTESIAN_POINT('',(-1.923195698627,144.98683293364));
#1736 = CARTESIAN_POINT('',(-1.949731126712,145.91239605499));
#1737 = CARTESIAN_POINT('',(-1.977020444707,146.77740631243));
#1738 = CARTESIAN_POINT('',(-2.004967090257,147.57949325659));
#1739 = CARTESIAN_POINT('',(-2.053285692321,148.83098656852));
#1740 = CARTESIAN_POINT('',(-2.073344657592,149.31270975161));
#1741 = CARTESIAN_POINT('',(-2.093606151199,149.76260912325));
#1742 = CARTESIAN_POINT('',(-2.11402862897,150.18077281821));
#1743 = CARTESIAN_POINT('',(-2.134568604843,150.56763025109));
#1744 = CARTESIAN_POINT('',(-2.155180005163,150.92391458831));
#1745 = CARTESIAN_POINT('',(-2.186051246683,151.41272909427));
#1746 = CARTESIAN_POINT('',(-2.196296309742,151.56758241164));
#1747 = CARTESIAN_POINT('',(-2.20654517149,151.71534162321));
#1748 = CARTESIAN_POINT('',(-2.216794196434,151.85617064057));
#1749 = CARTESIAN_POINT('',(-2.227039644911,151.99024031631));
#1750 = CARTESIAN_POINT('',(-2.237277663747,152.11772792466));
#1751 = CARTESIAN_POINT('',(-2.266710147341,152.46622469745));
#1752 = CARTESIAN_POINT('',(-2.285870029978,152.6709959314));
#1753 = CARTESIAN_POINT('',(-2.304972921205,152.85454787747));
#1754 = CARTESIAN_POINT('',(-2.324007492325,153.01827723242));
#1755 = CARTESIAN_POINT('',(-2.342961936791,153.16355679001));
#1756 = CARTESIAN_POINT('',(-2.361823817427,153.29173237496));
#1757 = CARTESIAN_POINT('',(-2.380579913651,153.40411977687));
#1758 = ( GEOMETRIC_REPRESENTATION_CONTEXT(2)
PARAMETRIC_REPRESENTATION_CONTEXT() REPRESENTATION_CONTEXT('2D SPACE',''
  ) );
#1759 = PCURVE('',#1611,#1760);
#1760 = DEFINITIONAL_REPRESENTATION('',(#1761),#1806);
#1761 = B_SPLINE_CURVE_WITH_KNOTS('',7,(#1762,#1763,#1764,#1765,#1766,
    #1767,#1768,#1769,#1770,#1771,#1772,#1773,#1774,#1775,#1776,#1777,
    #1778,#1779,#1780,#1781,#1782,#1783,#1784,#1785,#1786,#1787,#1788,
    #1789,#1790,#1791,#1792,#1793,#1794,#1795,#1796,#1797,#1798,#1799,
    #1800,#1801,#1802,#1803,#1804,#1805),.UNSPECIFIED.,.F.,.F.,(8,6,6,6,
    6,6,6,8),(0.,0.25647806711,0.53395916618,0.620432436036,
    0.761637956632,0.859810531279,0.908520775616,1.),.UNSPECIFIED.);
#1762 = CARTESIAN_POINT('',(0.,17.861904565958));
#1763 = CARTESIAN_POINT('',(4.950808445478E-02,17.861904565958));
#1764 = CARTESIAN_POINT('',(9.90102630932E-02,17.872579543903));
#1765 = CARTESIAN_POINT('',(0.148610322944,17.893923665576));
#1766 = CARTESIAN_POINT('',(0.198409874137,17.923398452569));
#1767 = CARTESIAN_POINT('',(0.248511175825,17.955912569711));
#1768 = CARTESIAN_POINT('',(0.299018663305,17.983646735235));
#1769 = CARTESIAN_POINT('',(0.405244775669,18.008249685775));
#1770 = CARTESIAN_POINT('',(0.461111639135,18.002419484805));
#1771 = CARTESIAN_POINT('',(0.51775629407,17.963783109652));
#1772 = CARTESIAN_POINT('',(0.575281384717,17.873539315432));
#1773 = CARTESIAN_POINT('',(0.633778870408,17.707397828817));
#1774 = CARTESIAN_POINT('',(0.693332077736,17.434762664537));
#1775 = CARTESIAN_POINT('',(0.7729142048,16.885947673986));
#1776 = CARTESIAN_POINT('',(0.791922438463,16.741455297265));
#1777 = CARTESIAN_POINT('',(0.811018487424,16.581795826741));
#1778 = CARTESIAN_POINT('',(0.83019092818,16.405876139518));
#1779 = CARTESIAN_POINT('',(0.849428987336,16.212583311633));
#1780 = CARTESIAN_POINT('',(0.868722409902,16.000788231473));
#1781 = CARTESIAN_POINT('',(0.91964058838,15.391423559222));
#1782 = CARTESIAN_POINT('',(0.951388967954,14.960545512488));
#1783 = CARTESIAN_POINT('',(0.983156671258,14.47274014745));
#1784 = CARTESIAN_POINT('',(1.014811262694,13.924731229539));
#1785 = CARTESIAN_POINT('',(1.046231967033,13.314178685122));
#1786 = CARTESIAN_POINT('',(1.077305307601,12.639893157947));
#1787 = CARTESIAN_POINT('',(1.129208271742,11.389029603934));
#1788 = CARTESIAN_POINT('',(1.150245953825,10.845969113101));
#1789 = CARTESIAN_POINT('',(1.170994400409,10.273167349624));
#1790 = CARTESIAN_POINT('',(1.19141416822,9.671310850117));
#1791 = CARTESIAN_POINT('',(1.211466828531,9.041489402728));
#1792 = CARTESIAN_POINT('',(1.231114697416,8.385233932114));
#1793 = CARTESIAN_POINT('',(1.259849933594,7.366821904599));
#1794 = CARTESIAN_POINT('',(1.269272259134,7.023014023215));
#1795 = CARTESIAN_POINT('',(1.278585248393,6.673290286976));
#1796 = CARTESIAN_POINT('',(1.287786582259,6.317827370618));
#1797 = CARTESIAN_POINT('',(1.296873928094,5.956819406551));
#1798 = CARTESIAN_POINT('',(1.305844951089,5.590478314521));
#1799 = CARTESIAN_POINT('',(1.331322336791,4.521451389772));
#1800 = CARTESIAN_POINT('',(1.347523890182,3.806079243701));
#1801 = CARTESIAN_POINT('',(1.363300271595,3.073905565557));
#1802 = CARTESIAN_POINT('',(1.378649084704,2.326004424509));
#1803 = CARTESIAN_POINT('',(1.393567485543,1.563537492794));
#1804 = CARTESIAN_POINT('',(1.408052416986,0.78775545211));
#1805 = CARTESIAN_POINT('',(1.422100843227,-6.E-07));
#1806 = ( GEOMETRIC_REPRESENTATION_CONTEXT(2)
PARAMETRIC_REPRESENTATION_CONTEXT() REPRESENTATION_CONTEXT('2D SPACE',''
  ) );
#1807 = ADVANCED_FACE('',(#1808),#1350,.T.);
#1808 = FACE_BOUND('',#1809,.T.);
#1809 = EDGE_LOOP('',(#1810,#1811,#1812));
#1810 = ORIENTED_EDGE('',*,*,#1410,.T.);
#1811 = ORIENTED_EDGE('',*,*,#1383,.T.);
#1812 = ORIENTED_EDGE('',*,*,#1335,.T.);
#1813 = ADVANCED_FACE('',(#1814),#1470,.F.);
#1814 = FACE_BOUND('',#1815,.F.);
#1815 = EDGE_LOOP('',(#1816));
#1816 = ORIENTED_EDGE('',*,*,#1455,.T.);
#1817 = ADVANCED_FACE('',(#1818),#1502,.F.);
#1818 = FACE_BOUND('',#1819,.F.);
#1819 = EDGE_LOOP('',(#1820,#1821));
#1820 = ORIENTED_EDGE('',*,*,#1485,.F.);
#1821 = ORIENTED_EDGE('',*,*,#1822,.T.);
#1822 = EDGE_CURVE('',#1486,#1488,#1823,.T.);
#1823 = SURFACE_CURVE('',#1824,(#1829,#1836),.PCURVE_S1.);
#1824 = CIRCLE('',#1825,54.);
#1825 = AXIS2_PLACEMENT_3D('',#1826,#1827,#1828);
#1826 = CARTESIAN_POINT('',(-440.,550.,1.61E+03));
#1827 = DIRECTION('',(0.,0.,1.));
#1828 = DIRECTION('',(1.,0.,0.));
#1829 = PCURVE('',#1502,#1830);
#1830 = DEFINITIONAL_REPRESENTATION('',(#1831),#1835);
#1831 = CIRCLE('',#1832,54.);
#1832 = AXIS2_PLACEMENT_2D('',#1833,#1834);
#1833 = CARTESIAN_POINT('',(0.,0.));
#1834 = DIRECTION('',(1.,0.));
#1835 = ( GEOMETRIC_REPRESENTATION_CONTEXT(2)
PARAMETRIC_REPRESENTATION_CONTEXT() REPRESENTATION_CONTEXT('2D SPACE',''
  ) );
#1836 = PCURVE('',#1611,#1837);
#1837 = DEFINITIONAL_REPRESENTATION('',(#1838),#1842);
#1838 = LINE('',#1839,#1840);
#1839 = CARTESIAN_POINT('',(0.,0.));
#1840 = VECTOR('',#1841,1.);
#1841 = DIRECTION('',(1.,0.));
#1842 = ( GEOMETRIC_REPRESENTATION_CONTEXT(2)
PARAMETRIC_REPRESENTATION_CONTEXT() REPRESENTATION_CONTEXT('2D SPACE',''
  ) );
#1843 = ADVANCED_FACE('',(#1844),#1611,.T.);
#1844 = FACE_BOUND('',#1845,.T.);
#1845 = EDGE_LOOP('',(#1846,#1869,#1896,#1897,#1898,#1899));
#1846 = ORIENTED_EDGE('',*,*,#1847,.T.);
#1847 = EDGE_CURVE('',#1514,#1848,#1850,.T.);
#1848 = VERTEX_POINT('',#1849);
#1849 = CARTESIAN_POINT('',(-386.,550.,1.79E+03));
#1850 = SEAM_CURVE('',#1851,(#1855,#1862),.PCURVE_S1.);
#1851 = LINE('',#1852,#1853);
#1852 = CARTESIAN_POINT('',(-386.,550.,1.61E+03));
#1853 = VECTOR('',#1854,1.);
#1854 = DIRECTION('',(0.,0.,1.));
#1855 = PCURVE('',#1611,#1856);
#1856 = DEFINITIONAL_REPRESENTATION('',(#1857),#1861);
#1857 = LINE('',#1858,#1859);
#1858 = CARTESIAN_POINT('',(6.28318530718,-0.));
#1859 = VECTOR('',#1860,1.);
#1860 = DIRECTION('',(0.,1.));
#1861 = ( GEOMETRIC_REPRESENTATION_CONTEXT(2)
PARAMETRIC_REPRESENTATION_CONTEXT() REPRESENTATION_CONTEXT('2D SPACE',''
  ) );
#1862 = PCURVE('',#1611,#1863);
#1863 = DEFINITIONAL_REPRESENTATION('',(#1864),#1868);
#1864 = LINE('',#1865,#1866);
#1865 = CARTESIAN_POINT('',(0.,-0.));
#1866 = VECTOR('',#1867,1.);
#1867 = DIRECTION('',(0.,1.));
#1868 = ( GEOMETRIC_REPRESENTATION_CONTEXT(2)
PARAMETRIC_REPRESENTATION_CONTEXT() REPRESENTATION_CONTEXT('2D SPACE',''
  ) );
#1869 = ORIENTED_EDGE('',*,*,#1870,.F.);
#1870 = EDGE_CURVE('',#1848,#1848,#1871,.T.);
#1871 = SURFACE_CURVE('',#1872,(#1877,#1884),.PCURVE_S1.);
#1872 = CIRCLE('',#1873,54.);
#1873 = AXIS2_PLACEMENT_3D('',#1874,#1875,#1876);
#1874 = CARTESIAN_POINT('',(-440.,550.,1.79E+03));
#1875 = DIRECTION('',(0.,0.,1.));
#1876 = DIRECTION('',(1.,0.,0.));
#1877 = PCURVE('',#1611,#1878);
#1878 = DEFINITIONAL_REPRESENTATION('',(#1879),#1883);
#1879 = LINE('',#1880,#1881);
#1880 = CARTESIAN_POINT('',(0.,180.));
#1881 = VECTOR('',#1882,1.);
#1882 = DIRECTION('',(1.,0.));
#1883 = ( GEOMETRIC_REPRESENTATION_CONTEXT(2)
PARAMETRIC_REPRESENTATION_CONTEXT() REPRESENTATION_CONTEXT('2D SPACE',''
  ) );
#1884 = PCURVE('',#1885,#1890);
#1885 = PLANE('',#1886);
#1886 = AXIS2_PLACEMENT_3D('',#1887,#1888,#1889);
#1887 = CARTESIAN_POINT('',(-440.,550.,1.79E+03));
#1888 = DIRECTION('',(0.,0.,1.));
#1889 = DIRECTION('',(1.,0.,0.));
#1890 = DEFINITIONAL_REPRESENTATION('',(#1891),#1895);
#1891 = CIRCLE('',#1892,54.);
#1892 = AXIS2_PLACEMENT_2D('',#1893,#1894);
#1893 = CARTESIAN_POINT('',(0.,0.));
#1894 = DIRECTION('',(1.,0.));
#1895 = ( GEOMETRIC_REPRESENTATION_CONTEXT(2)
PARAMETRIC_REPRESENTATION_CONTEXT() REPRESENTATION_CONTEXT('2D SPACE',''
  ) );
#1896 = ORIENTED_EDGE('',*,*,#1847,.F.);
#1897 = ORIENTED_EDGE('',*,*,#1664,.T.);
#1898 = ORIENTED_EDGE('',*,*,#1822,.T.);
#1899 = ORIENTED_EDGE('',*,*,#1513,.T.);
#1900 = ADVANCED_FACE('',(#1901,#1904),#1885,.T.);
#1901 = FACE_BOUND('',#1902,.T.);
#1902 = EDGE_LOOP('',(#1903));
#1903 = ORIENTED_EDGE('',*,*,#1870,.T.);
#1904 = FACE_BOUND('',#1905,.T.);
#1905 = EDGE_LOOP('',(#1906));
#1906 = ORIENTED_EDGE('',*,*,#1907,.F.);
#1907 = EDGE_CURVE('',#1908,#1908,#1910,.T.);
#1908 = VERTEX_POINT('',#1909);
#1909 = CARTESIAN_POINT('',(-392.,550.,1.79E+03));
#1910 = SURFACE_CURVE('',#1911,(#1916,#1923),.PCURVE_S1.);
#1911 = CIRCLE('',#1912,48.);
#1912 = AXIS2_PLACEMENT_3D('',#1913,#1914,#1915);
#1913 = CARTESIAN_POINT('',(-440.,550.,1.79E+03));
#1914 = DIRECTION('',(0.,0.,1.));
#1915 = DIRECTION('',(1.,0.,-0.));
#1916 = PCURVE('',#1885,#1917);
#1917 = DEFINITIONAL_REPRESENTATION('',(#1918),#1922);
#1918 = CIRCLE('',#1919,48.);
#1919 = AXIS2_PLACEMENT_2D('',#1920,#1921);
#1920 = CARTESIAN_POINT('',(0.,0.));
#1921 = DIRECTION('',(1.,0.));
#1922 = ( GEOMETRIC_REPRESENTATION_CONTEXT(2)
PARAMETRIC_REPRESENTATION_CONTEXT() REPRESENTATION_CONTEXT('2D SPACE',''
  ) );
#1923 = PCURVE('',#1924,#1929);
#1924 = CYLINDRICAL_SURFACE('',#1925,48.);
#1925 = AXIS2_PLACEMENT_3D('',#1926,#1927,#1928);
#1926 = CARTESIAN_POINT('',(-440.,550.,1.78E+03));
#1927 = DIRECTION('',(0.,0.,1.));
#1928 = DIRECTION('',(1.,0.,0.));
#1929 = DEFINITIONAL_REPRESENTATION('',(#1930),#1934);
#1930 = LINE('',#1931,#1932);
#1931 = CARTESIAN_POINT('',(0.,10.));
#1932 = VECTOR('',#1933,1.);
#1933 = DIRECTION('',(1.,0.));
#1934 = ( GEOMETRIC_REPRESENTATION_CONTEXT(2)
PARAMETRIC_REPRESENTATION_CONTEXT() REPRESENTATION_CONTEXT('2D SPACE',''
  ) );
#1935 = ADVANCED_FACE('',(#1936),#1924,.T.);
#1936 = FACE_BOUND('',#1937,.T.);
#1937 = EDGE_LOOP('',(#1938,#1939,#1962,#1989));
#1938 = ORIENTED_EDGE('',*,*,#1907,.T.);
#1939 = ORIENTED_EDGE('',*,*,#1940,.T.);
#1940 = EDGE_CURVE('',#1908,#1941,#1943,.T.);
#1941 = VERTEX_POINT('',#1942);
#1942 = CARTESIAN_POINT('',(-392.,550.,1.9E+03));
#1943 = SEAM_CURVE('',#1944,(#1948,#1955),.PCURVE_S1.);
#1944 = LINE('',#1945,#1946);
#1945 = CARTESIAN_POINT('',(-392.,550.,1.78E+03));
#1946 = VECTOR('',#1947,1.);
#1947 = DIRECTION('',(0.,0.,1.));
#1948 = PCURVE('',#1924,#1949);
#1949 = DEFINITIONAL_REPRESENTATION('',(#1950),#1954);
#1950 = LINE('',#1951,#1952);
#1951 = CARTESIAN_POINT('',(0.,-0.));
#1952 = VECTOR('',#1953,1.);
#1953 = DIRECTION('',(0.,1.));
#1954 = ( GEOMETRIC_REPRESENTATION_CONTEXT(2)
PARAMETRIC_REPRESENTATION_CONTEXT() REPRESENTATION_CONTEXT('2D SPACE',''
  ) );
#1955 = PCURVE('',#1924,#1956);
#1956 = DEFINITIONAL_REPRESENTATION('',(#1957),#1961);
#1957 = LINE('',#1958,#1959);
#1958 = CARTESIAN_POINT('',(6.28318530718,-0.));
#1959 = VECTOR('',#1960,1.);
#1960 = DIRECTION('',(0.,1.));
#1961 = ( GEOMETRIC_REPRESENTATION_CONTEXT(2)
PARAMETRIC_REPRESENTATION_CONTEXT() REPRESENTATION_CONTEXT('2D SPACE',''
  ) );
#1962 = ORIENTED_EDGE('',*,*,#1963,.F.);
#1963 = EDGE_CURVE('',#1941,#1941,#1964,.T.);
#1964 = SURFACE_CURVE('',#1965,(#1970,#1977),.PCURVE_S1.);
#1965 = CIRCLE('',#1966,48.);
#1966 = AXIS2_PLACEMENT_3D('',#1967,#1968,#1969);
#1967 = CARTESIAN_POINT('',(-440.,550.,1.9E+03));
#1968 = DIRECTION('',(0.,0.,1.));
#1969 = DIRECTION('',(1.,0.,-0.));
#1970 = PCURVE('',#1924,#1971);
#1971 = DEFINITIONAL_REPRESENTATION('',(#1972),#1976);
#1972 = LINE('',#1973,#1974);
#1973 = CARTESIAN_POINT('',(0.,120.));
#1974 = VECTOR('',#1975,1.);
#1975 = DIRECTION('',(1.,0.));
#1976 = ( GEOMETRIC_REPRESENTATION_CONTEXT(2)
PARAMETRIC_REPRESENTATION_CONTEXT() REPRESENTATION_CONTEXT('2D SPACE',''
  ) );
#1977 = PCURVE('',#1978,#1983);
#1978 = PLANE('',#1979);
#1979 = AXIS2_PLACEMENT_3D('',#1980,#1981,#1982);
#1980 = CARTESIAN_POINT('',(-540.,450.,1.9E+03));
#1981 = DIRECTION('',(0.,0.,1.));
#1982 = DIRECTION('',(1.,0.,0.));
#1983 = DEFINITIONAL_REPRESENTATION('',(#1984),#1988);
#1984 = CIRCLE('',#1985,48.);
#1985 = AXIS2_PLACEMENT_2D('',#1986,#1987);
#1986 = CARTESIAN_POINT('',(100.,100.));
#1987 = DIRECTION('',(1.,0.));
#1988 = ( GEOMETRIC_REPRESENTATION_CONTEXT(2)
PARAMETRIC_REPRESENTATION_CONTEXT() REPRESENTATION_CONTEXT('2D SPACE',''
  ) );
#1989 = ORIENTED_EDGE('',*,*,#1940,.F.);
#1990 = ADVANCED_FACE('',(#1991,#2105),#1978,.F.);
#1991 = FACE_BOUND('',#1992,.F.);
#1992 = EDGE_LOOP('',(#1993,#2023,#2051,#2079));
#1993 = ORIENTED_EDGE('',*,*,#1994,.F.);
#1994 = EDGE_CURVE('',#1995,#1997,#1999,.T.);
#1995 = VERTEX_POINT('',#1996);
#1996 = CARTESIAN_POINT('',(-540.,450.,1.9E+03));
#1997 = VERTEX_POINT('',#1998);
#1998 = CARTESIAN_POINT('',(-540.,650.,1.9E+03));
#1999 = SURFACE_CURVE('',#2000,(#2004,#2011),.PCURVE_S1.);
#2000 = LINE('',#2001,#2002);
#2001 = CARTESIAN_POINT('',(-540.,450.,1.9E+03));
#2002 = VECTOR('',#2003,1.);
#2003 = DIRECTION('',(0.,1.,0.));
#2004 = PCURVE('',#1978,#2005);
#2005 = DEFINITIONAL_REPRESENTATION('',(#2006),#2010);
#2006 = LINE('',#2007,#2008);
#2007 = CARTESIAN_POINT('',(0.,0.));
#2008 = VECTOR('',#2009,1.);
#2009 = DIRECTION('',(0.,1.));
#2010 = ( GEOMETRIC_REPRESENTATION_CONTEXT(2)
PARAMETRIC_REPRESENTATION_CONTEXT() REPRESENTATION_CONTEXT('2D SPACE',''
  ) );
#2011 = PCURVE('',#2012,#2017);
#2012 = PLANE('',#2013);
#2013 = AXIS2_PLACEMENT_3D('',#2014,#2015,#2016);
#2014 = CARTESIAN_POINT('',(-540.,450.,1.9E+03));
#2015 = DIRECTION('',(1.,0.,0.));
#2016 = DIRECTION('',(0.,0.,1.));
#2017 = DEFINITIONAL_REPRESENTATION('',(#2018),#2022);
#2018 = LINE('',#2019,#2020);
#2019 = CARTESIAN_POINT('',(0.,0.));
#2020 = VECTOR('',#2021,1.);
#2021 = DIRECTION('',(0.,-1.));
#2022 = ( GEOMETRIC_REPRESENTATION_CONTEXT(2)
PARAMETRIC_REPRESENTATION_CONTEXT() REPRESENTATION_CONTEXT('2D SPACE',''
  ) );
#2023 = ORIENTED_EDGE('',*,*,#2024,.T.);
#2024 = EDGE_CURVE('',#1995,#2025,#2027,.T.);
#2025 = VERTEX_POINT('',#2026);
#2026 = CARTESIAN_POINT('',(-340.,450.,1.9E+03));
#2027 = SURFACE_CURVE('',#2028,(#2032,#2039),.PCURVE_S1.);
#2028 = LINE('',#2029,#2030);
#2029 = CARTESIAN_POINT('',(-540.,450.,1.9E+03));
#2030 = VECTOR('',#2031,1.);
#2031 = DIRECTION('',(1.,0.,0.));
#2032 = PCURVE('',#1978,#2033);
#2033 = DEFINITIONAL_REPRESENTATION('',(#2034),#2038);
#2034 = LINE('',#2035,#2036);
#2035 = CARTESIAN_POINT('',(0.,0.));
#2036 = VECTOR('',#2037,1.);
#2037 = DIRECTION('',(1.,0.));
#2038 = ( GEOMETRIC_REPRESENTATION_CONTEXT(2)
PARAMETRIC_REPRESENTATION_CONTEXT() REPRESENTATION_CONTEXT('2D SPACE',''
  ) );
#2039 = PCURVE('',#2040,#2045);
#2040 = PLANE('',#2041);
#2041 = AXIS2_PLACEMENT_3D('',#2042,#2043,#2044);
#2042 = CARTESIAN_POINT('',(-540.,450.,1.9E+03));
#2043 = DIRECTION('',(0.,1.,0.));
#2044 = DIRECTION('',(0.,0.,1.));
#2045 = DEFINITIONAL_REPRESENTATION('',(#2046),#2050);
#2046 = LINE('',#2047,#2048);
#2047 = CARTESIAN_POINT('',(0.,0.));
#2048 = VECTOR('',#2049,1.);
#2049 = DIRECTION('',(0.,1.));
#2050 = ( GEOMETRIC_REPRESENTATION_CONTEXT(2)
PARAMETRIC_REPRESENTATION_CONTEXT() REPRESENTATION_CONTEXT('2D SPACE',''
  ) );
#2051 = ORIENTED_EDGE('',*,*,#2052,.T.);
#2052 = EDGE_CURVE('',#2025,#2053,#2055,.T.);
#2053 = VERTEX_POINT('',#2054);
#2054 = CARTESIAN_POINT('',(-340.,650.,1.9E+03));
#2055 = SURFACE_CURVE('',#2056,(#2060,#2067),.PCURVE_S1.);
#2056 = LINE('',#2057,#2058);
#2057 = CARTESIAN_POINT('',(-340.,450.,1.9E+03));
#2058 = VECTOR('',#2059,1.);
#2059 = DIRECTION('',(0.,1.,0.));
#2060 = PCURVE('',#1978,#2061);
#2061 = DEFINITIONAL_REPRESENTATION('',(#2062),#2066);
#2062 = LINE('',#2063,#2064);
#2063 = CARTESIAN_POINT('',(200.,0.));
#2064 = VECTOR('',#2065,1.);
#2065 = DIRECTION('',(0.,1.));
#2066 = ( GEOMETRIC_REPRESENTATION_CONTEXT(2)
PARAMETRIC_REPRESENTATION_CONTEXT() REPRESENTATION_CONTEXT('2D SPACE',''
  ) );
#2067 = PCURVE('',#2068,#2073);
#2068 = PLANE('',#2069);
#2069 = AXIS2_PLACEMENT_3D('',#2070,#2071,#2072);
#2070 = CARTESIAN_POINT('',(-340.,450.,1.9E+03));
#2071 = DIRECTION('',(1.,0.,0.));
#2072 = DIRECTION('',(0.,0.,1.));
#2073 = DEFINITIONAL_REPRESENTATION('',(#2074),#2078);
#2074 = LINE('',#2075,#2076);
#2075 = CARTESIAN_POINT('',(0.,0.));
#2076 = VECTOR('',#2077,1.);
#2077 = DIRECTION('',(0.,-1.));
#2078 = ( GEOMETRIC_REPRESENTATION_CONTEXT(2)
PARAMETRIC_REPRESENTATION_CONTEXT() REPRESENTATION_CONTEXT('2D SPACE',''
  ) );
#2079 = ORIENTED_EDGE('',*,*,#2080,.F.);
#2080 = EDGE_CURVE('',#1997,#2053,#2081,.T.);
#2081 = SURFACE_CURVE('',#2082,(#2086,#2093),.PCURVE_S1.);
#2082 = LINE('',#2083,#2084);
#2083 = CARTESIAN_POINT('',(-540.,650.,1.9E+03));
#2084 = VECTOR('',#2085,1.);
#2085 = DIRECTION('',(1.,0.,0.));
#2086 = PCURVE('',#1978,#2087);
#2087 = DEFINITIONAL_REPRESENTATION('',(#2088),#2092);
#2088 = LINE('',#2089,#2090);
#2089 = CARTESIAN_POINT('',(0.,200.));
#2090 = VECTOR('',#2091,1.);
#2091 = DIRECTION('',(1.,0.));
#2092 = ( GEOMETRIC_REPRESENTATION_CONTEXT(2)
PARAMETRIC_REPRESENTATION_CONTEXT() REPRESENTATION_CONTEXT('2D SPACE',''
  ) );
#2093 = PCURVE('',#2094,#2099);
#2094 = PLANE('',#2095);
#2095 = AXIS2_PLACEMENT_3D('',#2096,#2097,#2098);
#2096 = CARTESIAN_POINT('',(-540.,650.,1.9E+03));
#2097 = DIRECTION('',(0.,1.,0.));
#2098 = DIRECTION('',(0.,0.,1.));
#2099 = DEFINITIONAL_REPRESENTATION('',(#2100),#2104);
#2100 = LINE('',#2101,#2102);
#2101 = CARTESIAN_POINT('',(0.,0.));
#2102 = VECTOR('',#2103,1.);
#2103 = DIRECTION('',(0.,1.));
#2104 = ( GEOMETRIC_REPRESENTATION_CONTEXT(2)
PARAMETRIC_REPRESENTATION_CONTEXT() REPRESENTATION_CONTEXT('2D SPACE',''
  ) );
#2105 = FACE_BOUND('',#2106,.F.);
#2106 = EDGE_LOOP('',(#2107));
#2107 = ORIENTED_EDGE('',*,*,#1963,.F.);
#2108 = ADVANCED_FACE('',(#2109),#2012,.F.);
#2109 = FACE_BOUND('',#2110,.F.);
#2110 = EDGE_LOOP('',(#2111,#2134,#2135,#2158));
#2111 = ORIENTED_EDGE('',*,*,#2112,.F.);
#2112 = EDGE_CURVE('',#1995,#2113,#2115,.T.);
#2113 = VERTEX_POINT('',#2114);
#2114 = CARTESIAN_POINT('',(-540.,450.,2.2E+03));
#2115 = SURFACE_CURVE('',#2116,(#2120,#2127),.PCURVE_S1.);
#2116 = LINE('',#2117,#2118);
#2117 = CARTESIAN_POINT('',(-540.,450.,1.9E+03));
#2118 = VECTOR('',#2119,1.);
#2119 = DIRECTION('',(0.,0.,1.));
#2120 = PCURVE('',#2012,#2121);
#2121 = DEFINITIONAL_REPRESENTATION('',(#2122),#2126);
#2122 = LINE('',#2123,#2124);
#2123 = CARTESIAN_POINT('',(0.,0.));
#2124 = VECTOR('',#2125,1.);
#2125 = DIRECTION('',(1.,0.));
#2126 = ( GEOMETRIC_REPRESENTATION_CONTEXT(2)
PARAMETRIC_REPRESENTATION_CONTEXT() REPRESENTATION_CONTEXT('2D SPACE',''
  ) );
#2127 = PCURVE('',#2040,#2128);
#2128 = DEFINITIONAL_REPRESENTATION('',(#2129),#2133);
#2129 = LINE('',#2130,#2131);
#2130 = CARTESIAN_POINT('',(0.,0.));
#2131 = VECTOR('',#2132,1.);
#2132 = DIRECTION('',(1.,0.));
#2133 = ( GEOMETRIC_REPRESENTATION_CONTEXT(2)
PARAMETRIC_REPRESENTATION_CONTEXT() REPRESENTATION_CONTEXT('2D SPACE',''
  ) );
#2134 = ORIENTED_EDGE('',*,*,#1994,.T.);
#2135 = ORIENTED_EDGE('',*,*,#2136,.T.);
#2136 = EDGE_CURVE('',#1997,#2137,#2139,.T.);
#2137 = VERTEX_POINT('',#2138);
#2138 = CARTESIAN_POINT('',(-540.,650.,2.2E+03));
#2139 = SURFACE_CURVE('',#2140,(#2144,#2151),.PCURVE_S1.);
#2140 = LINE('',#2141,#2142);
#2141 = CARTESIAN_POINT('',(-540.,650.,1.9E+03));
#2142 = VECTOR('',#2143,1.);
#2143 = DIRECTION('',(0.,0.,1.));
#2144 = PCURVE('',#2012,#2145);
#2145 = DEFINITIONAL_REPRESENTATION('',(#2146),#2150);
#2146 = LINE('',#2147,#2148);
#2147 = CARTESIAN_POINT('',(0.,-200.));
#2148 = VECTOR('',#2149,1.);
#2149 = DIRECTION('',(1.,0.));
#2150 = ( GEOMETRIC_REPRESENTATION_CONTEXT(2)
PARAMETRIC_REPRESENTATION_CONTEXT() REPRESENTATION_CONTEXT('2D SPACE',''
  ) );
#2151 = PCURVE('',#2094,#2152);
#2152 = DEFINITIONAL_REPRESENTATION('',(#2153),#2157);
#2153 = LINE('',#2154,#2155);
#2154 = CARTESIAN_POINT('',(0.,0.));
#2155 = VECTOR('',#2156,1.);
#2156 = DIRECTION('',(1.,0.));
#2157 = ( GEOMETRIC_REPRESENTATION_CONTEXT(2)
PARAMETRIC_REPRESENTATION_CONTEXT() REPRESENTATION_CONTEXT('2D SPACE',''
  ) );
#2158 = ORIENTED_EDGE('',*,*,#2159,.F.);
#2159 = EDGE_CURVE('',#2113,#2137,#2160,.T.);
#2160 = SURFACE_CURVE('',#2161,(#2165,#2172),.PCURVE_S1.);
#2161 = LINE('',#2162,#2163);
#2162 = CARTESIAN_POINT('',(-540.,450.,2.2E+03));
#2163 = VECTOR('',#2164,1.);
#2164 = DIRECTION('',(0.,1.,0.));
#2165 = PCURVE('',#2012,#2166);
#2166 = DEFINITIONAL_REPRESENTATION('',(#2167),#2171);
#2167 = LINE('',#2168,#2169);
#2168 = CARTESIAN_POINT('',(300.,0.));
#2169 = VECTOR('',#2170,1.);
#2170 = DIRECTION('',(0.,-1.));
#2171 = ( GEOMETRIC_REPRESENTATION_CONTEXT(2)
PARAMETRIC_REPRESENTATION_CONTEXT() REPRESENTATION_CONTEXT('2D SPACE',''
  ) );
#2172 = PCURVE('',#2173,#2178);
#2173 = PLANE('',#2174);
#2174 = AXIS2_PLACEMENT_3D('',#2175,#2176,#2177);
#2175 = CARTESIAN_POINT('',(-540.,450.,2.2E+03));
#2176 = DIRECTION('',(0.,0.,1.));
#2177 = DIRECTION('',(1.,0.,0.));
#2178 = DEFINITIONAL_REPRESENTATION('',(#2179),#2183);
#2179 = LINE('',#2180,#2181);
#2180 = CARTESIAN_POINT('',(0.,0.));
#2181 = VECTOR('',#2182,1.);
#2182 = DIRECTION('',(0.,1.));
#2183 = ( GEOMETRIC_REPRESENTATION_CONTEXT(2)
PARAMETRIC_REPRESENTATION_CONTEXT() REPRESENTATION_CONTEXT('2D SPACE',''
  ) );
#2184 = ADVANCED_FACE('',(#2185),#2094,.T.);
#2185 = FACE_BOUND('',#2186,.T.);
#2186 = EDGE_LOOP('',(#2187,#2188,#2189,#2212));
#2187 = ORIENTED_EDGE('',*,*,#2080,.F.);
#2188 = ORIENTED_EDGE('',*,*,#2136,.T.);
#2189 = ORIENTED_EDGE('',*,*,#2190,.T.);
#2190 = EDGE_CURVE('',#2137,#2191,#2193,.T.);
#2191 = VERTEX_POINT('',#2192);
#2192 = CARTESIAN_POINT('',(-340.,650.,2.2E+03));
#2193 = SURFACE_CURVE('',#2194,(#2198,#2205),.PCURVE_S1.);
#2194 = LINE('',#2195,#2196);
#2195 = CARTESIAN_POINT('',(-540.,650.,2.2E+03));
#2196 = VECTOR('',#2197,1.);
#2197 = DIRECTION('',(1.,0.,0.));
#2198 = PCURVE('',#2094,#2199);
#2199 = DEFINITIONAL_REPRESENTATION('',(#2200),#2204);
#2200 = LINE('',#2201,#2202);
#2201 = CARTESIAN_POINT('',(300.,0.));
#2202 = VECTOR('',#2203,1.);
#2203 = DIRECTION('',(0.,1.));
#2204 = ( GEOMETRIC_REPRESENTATION_CONTEXT(2)
PARAMETRIC_REPRESENTATION_CONTEXT() REPRESENTATION_CONTEXT('2D SPACE',''
  ) );
#2205 = PCURVE('',#2173,#2206);
#2206 = DEFINITIONAL_REPRESENTATION('',(#2207),#2211);
#2207 = LINE('',#2208,#2209);
#2208 = CARTESIAN_POINT('',(0.,200.));
#2209 = VECTOR('',#2210,1.);
#2210 = DIRECTION('',(1.,0.));
#2211 = ( GEOMETRIC_REPRESENTATION_CONTEXT(2)
PARAMETRIC_REPRESENTATION_CONTEXT() REPRESENTATION_CONTEXT('2D SPACE',''
  ) );
#2212 = ORIENTED_EDGE('',*,*,#2213,.F.);
#2213 = EDGE_CURVE('',#2053,#2191,#2214,.T.);
#2214 = SURFACE_CURVE('',#2215,(#2219,#2226),.PCURVE_S1.);
#2215 = LINE('',#2216,#2217);
#2216 = CARTESIAN_POINT('',(-340.,650.,1.9E+03));
#2217 = VECTOR('',#2218,1.);
#2218 = DIRECTION('',(0.,0.,1.));
#2219 = PCURVE('',#2094,#2220);
#2220 = DEFINITIONAL_REPRESENTATION('',(#2221),#2225);
#2221 = LINE('',#2222,#2223);
#2222 = CARTESIAN_POINT('',(0.,200.));
#2223 = VECTOR('',#2224,1.);
#2224 = DIRECTION('',(1.,0.));
#2225 = ( GEOMETRIC_REPRESENTATION_CONTEXT(2)
PARAMETRIC_REPRESENTATION_CONTEXT() REPRESENTATION_CONTEXT('2D SPACE',''
  ) );
#2226 = PCURVE('',#2068,#2227);
#2227 = DEFINITIONAL_REPRESENTATION('',(#2228),#2232);
#2228 = LINE('',#2229,#2230);
#2229 = CARTESIAN_POINT('',(0.,-200.));
#2230 = VECTOR('',#2231,1.);
#2231 = DIRECTION('',(1.,0.));
#2232 = ( GEOMETRIC_REPRESENTATION_CONTEXT(2)
PARAMETRIC_REPRESENTATION_CONTEXT() REPRESENTATION_CONTEXT('2D SPACE',''
  ) );
#2233 = ADVANCED_FACE('',(#2234),#2040,.F.);
#2234 = FACE_BOUND('',#2235,.F.);
#2235 = EDGE_LOOP('',(#2236,#2237,#2238,#2261));
#2236 = ORIENTED_EDGE('',*,*,#2024,.F.);
#2237 = ORIENTED_EDGE('',*,*,#2112,.T.);
#2238 = ORIENTED_EDGE('',*,*,#2239,.T.);
#2239 = EDGE_CURVE('',#2113,#2240,#2242,.T.);
#2240 = VERTEX_POINT('',#2241);
#2241 = CARTESIAN_POINT('',(-340.,450.,2.2E+03));
#2242 = SURFACE_CURVE('',#2243,(#2247,#2254),.PCURVE_S1.);
#2243 = LINE('',#2244,#2245);
#2244 = CARTESIAN_POINT('',(-540.,450.,2.2E+03));
#2245 = VECTOR('',#2246,1.);
#2246 = DIRECTION('',(1.,0.,0.));
#2247 = PCURVE('',#2040,#2248);
#2248 = DEFINITIONAL_REPRESENTATION('',(#2249),#2253);
#2249 = LINE('',#2250,#2251);
#2250 = CARTESIAN_POINT('',(300.,0.));
#2251 = VECTOR('',#2252,1.);
#2252 = DIRECTION('',(0.,1.));
#2253 = ( GEOMETRIC_REPRESENTATION_CONTEXT(2)
PARAMETRIC_REPRESENTATION_CONTEXT() REPRESENTATION_CONTEXT('2D SPACE',''
  ) );
#2254 = PCURVE('',#2173,#2255);
#2255 = DEFINITIONAL_REPRESENTATION('',(#2256),#2260);
#2256 = LINE('',#2257,#2258);
#2257 = CARTESIAN_POINT('',(0.,0.));
#2258 = VECTOR('',#2259,1.);
#2259 = DIRECTION('',(1.,0.));
#2260 = ( GEOMETRIC_REPRESENTATION_CONTEXT(2)
PARAMETRIC_REPRESENTATION_CONTEXT() REPRESENTATION_CONTEXT('2D SPACE',''
  ) );
#2261 = ORIENTED_EDGE('',*,*,#2262,.F.);
#2262 = EDGE_CURVE('',#2025,#2240,#2263,.T.);
#2263 = SURFACE_CURVE('',#2264,(#2268,#2275),.PCURVE_S1.);
#2264 = LINE('',#2265,#2266);
#2265 = CARTESIAN_POINT('',(-340.,450.,1.9E+03));
#2266 = VECTOR('',#2267,1.);
#2267 = DIRECTION('',(0.,0.,1.));
#2268 = PCURVE('',#2040,#2269);
#2269 = DEFINITIONAL_REPRESENTATION('',(#2270),#2274);
#2270 = LINE('',#2271,#2272);
#2271 = CARTESIAN_POINT('',(0.,200.));
#2272 = VECTOR('',#2273,1.);
#2273 = DIRECTION('',(1.,0.));
#2274 = ( GEOMETRIC_REPRESENTATION_CONTEXT(2)
PARAMETRIC_REPRESENTATION_CONTEXT() REPRESENTATION_CONTEXT('2D SPACE',''
  ) );
#2275 = PCURVE('',#2068,#2276);
#2276 = DEFINITIONAL_REPRESENTATION('',(#2277),#2281);
#2277 = LINE('',#2278,#2279);
#2278 = CARTESIAN_POINT('',(0.,0.));
#2279 = VECTOR('',#2280,1.);
#2280 = DIRECTION('',(1.,0.));
#2281 = ( GEOMETRIC_REPRESENTATION_CONTEXT(2)
PARAMETRIC_REPRESENTATION_CONTEXT() REPRESENTATION_CONTEXT('2D SPACE',''
  ) );
#2282 = ADVANCED_FACE('',(#2283),#2068,.T.);
#2283 = FACE_BOUND('',#2284,.T.);
#2284 = EDGE_LOOP('',(#2285,#2286,#2287,#2288));
#2285 = ORIENTED_EDGE('',*,*,#2262,.F.);
#2286 = ORIENTED_EDGE('',*,*,#2052,.T.);
#2287 = ORIENTED_EDGE('',*,*,#2213,.T.);
#2288 = ORIENTED_EDGE('',*,*,#2289,.F.);
#2289 = EDGE_CURVE('',#2240,#2191,#2290,.T.);
#2290 = SURFACE_CURVE('',#2291,(#2295,#2302),.PCURVE_S1.);
#2291 = LINE('',#2292,#2293);
#2292 = CARTESIAN_POINT('',(-340.,450.,2.2E+03));
#2293 = VECTOR('',#2294,1.);
#2294 = DIRECTION('',(0.,1.,0.));
#2295 = PCURVE('',#2068,#2296);
#2296 = DEFINITIONAL_REPRESENTATION('',(#2297),#2301);
#2297 = LINE('',#2298,#2299);
#2298 = CARTESIAN_POINT('',(300.,0.));
#2299 = VECTOR('',#2300,1.);
#2300 = DIRECTION('',(0.,-1.));
#2301 = ( GEOMETRIC_REPRESENTATION_CONTEXT(2)
PARAMETRIC_REPRESENTATION_CONTEXT() REPRESENTATION_CONTEXT('2D SPACE',''
  ) );
#2302 = PCURVE('',#2173,#2303);
#2303 = DEFINITIONAL_REPRESENTATION('',(#2304),#2308);
#2304 = LINE('',#2305,#2306);
#2305 = CARTESIAN_POINT('',(200.,0.));
#2306 = VECTOR('',#2307,1.);
#2307 = DIRECTION('',(0.,1.));
#2308 = ( GEOMETRIC_REPRESENTATION_CONTEXT(2)
PARAMETRIC_REPRESENTATION_CONTEXT() REPRESENTATION_CONTEXT('2D SPACE',''
  ) );
#2309 = ADVANCED_FACE('',(#2310),#2173,.T.);
#2310 = FACE_BOUND('',#2311,.T.);
#2311 = EDGE_LOOP('',(#2312,#2313,#2314,#2315));
#2312 = ORIENTED_EDGE('',*,*,#2159,.F.);
#2313 = ORIENTED_EDGE('',*,*,#2239,.T.);
#2314 = ORIENTED_EDGE('',*,*,#2289,.T.);
#2315 = ORIENTED_EDGE('',*,*,#2190,.F.);
#2316 = ( GEOMETRIC_REPRESENTATION_CONTEXT(3)
GLOBAL_UNCERTAINTY_ASSIGNED_CONTEXT((#2320))
GLOBAL_UNIT_ASSIGNED_CONTEXT((#2317,#2318,#2319)) REPRESENTATION_CONTEXT
('Context #1','3D Context with UNIT and UNCERTAINTY') );
#2317 = ( LENGTH_UNIT() NAMED_UNIT(*) SI_UNIT(.MILLI.,.METRE.) );
#2318 = ( NAMED_UNIT(*) PLANE_ANGLE_UNIT() SI_UNIT($,.RADIAN.) );
#2319 = ( NAMED_UNIT(*) SI_UNIT($,.STERADIAN.) SOLID_ANGLE_UNIT() );
#2320 = UNCERTAINTY_MEASURE_WITH_UNIT(LENGTH_MEASURE(1.E-07),#2317,
  'distance_accuracy_value','confusion accuracy');
#2321 = CONTEXT_DEPENDENT_SHAPE_REPRESENTATION(#2322,#2324);
#2322 = ( REPRESENTATION_RELATIONSHIP('','',#36,#10)
REPRESENTATION_RELATIONSHIP_WITH_TRANSFORMATION(#2323)
SHAPE_REPRESENTATION_RELATIONSHIP() );
#2323 = ITEM_DEFINED_TRANSFORMATION('','',#11,#15);
#2324 = PRODUCT_DEFINITION_SHAPE('Placement','Placement of an item',
  #2325);
#2325 = NEXT_ASSEMBLY_USAGE_OCCURRENCE('17','','',#5,#31,$);
#2326 = PRODUCT_RELATED_PRODUCT_CATEGORY('part',$,(#33));
#2327 = SHAPE_DEFINITION_REPRESENTATION(#2328,#2334);
#2328 = PRODUCT_DEFINITION_SHAPE('','',#2329);
#2329 = PRODUCT_DEFINITION('design','',#2330,#2333);
#2330 = PRODUCT_DEFINITION_FORMATION('','',#2331);
#2331 = PRODUCT('Open CASCADE STEP translator 7.7 15.2',
  'Open CASCADE STEP translator 7.7 15.2','',(#2332));
#2332 = PRODUCT_CONTEXT('',#2,'mechanical');
#2333 = PRODUCT_DEFINITION_CONTEXT('part definition',#2,'design');
#2334 = ADVANCED_BREP_SHAPE_REPRESENTATION('',(#11,#2335),#2433);
#2335 = MANIFOLD_SOLID_BREP('',#2336);
#2336 = CLOSED_SHELL('',(#2337,#2425,#2429));
#2337 = ADVANCED_FACE('',(#2338),#2351,.T.);
#2338 = FACE_BOUND('',#2339,.T.);
#2339 = EDGE_LOOP('',(#2340,#2374,#2397,#2424));
#2340 = ORIENTED_EDGE('',*,*,#2341,.F.);
#2341 = EDGE_CURVE('',#2342,#2342,#2344,.T.);
#2342 = VERTEX_POINT('',#2343);
#2343 = CARTESIAN_POINT('',(-220.,-150.,920.));
#2344 = SURFACE_CURVE('',#2345,(#2350,#2362),.PCURVE_S1.);
#2345 = CIRCLE('',#2346,80.);
#2346 = AXIS2_PLACEMENT_3D('',#2347,#2348,#2349);
#2347 = CARTESIAN_POINT('',(-300.,-150.,920.));
#2348 = DIRECTION('',(0.,0.,1.));
#2349 = DIRECTION('',(1.,0.,0.));
#2350 = PCURVE('',#2351,#2356);
#2351 = CYLINDRICAL_SURFACE('',#2352,80.);
#2352 = AXIS2_PLACEMENT_3D('',#2353,#2354,#2355);
#2353 = CARTESIAN_POINT('',(-300.,-150.,750.));
#2354 = DIRECTION('',(0.,0.,1.));
#2355 = DIRECTION('',(1.,0.,0.));
#2356 = DEFINITIONAL_REPRESENTATION('',(#2357),#2361);
#2357 = LINE('',#2358,#2359);
#2358 = CARTESIAN_POINT('',(0.,170.));
#2359 = VECTOR('',#2360,1.);
#2360 = DIRECTION('',(1.,0.));
#2361 = ( GEOMETRIC_REPRESENTATION_CONTEXT(2)
PARAMETRIC_REPRESENTATION_CONTEXT() REPRESENTATION_CONTEXT('2D SPACE',''
  ) );
#2362 = PCURVE('',#2363,#2368);
#2363 = PLANE('',#2364);
#2364 = AXIS2_PLACEMENT_3D('',#2365,#2366,#2367);
#2365 = CARTESIAN_POINT('',(-300.,-150.,920.));
#2366 = DIRECTION('',(0.,0.,1.));
#2367 = DIRECTION('',(1.,0.,0.));
#2368 = DEFINITIONAL_REPRESENTATION('',(#2369),#2373);
#2369 = CIRCLE('',#2370,80.);
#2370 = AXIS2_PLACEMENT_2D('',#2371,#2372);
#2371 = CARTESIAN_POINT('',(0.,0.));
#2372 = DIRECTION('',(1.,0.));
#2373 = ( GEOMETRIC_REPRESENTATION_CONTEXT(2)
PARAMETRIC_REPRESENTATION_CONTEXT() REPRESENTATION_CONTEXT('2D SPACE',''
  ) );
#2374 = ORIENTED_EDGE('',*,*,#2375,.F.);
#2375 = EDGE_CURVE('',#2376,#2342,#2378,.T.);
#2376 = VERTEX_POINT('',#2377);
#2377 = CARTESIAN_POINT('',(-220.,-150.,750.));
#2378 = SEAM_CURVE('',#2379,(#2383,#2390),.PCURVE_S1.);
#2379 = LINE('',#2380,#2381);
#2380 = CARTESIAN_POINT('',(-220.,-150.,750.));
#2381 = VECTOR('',#2382,1.);
#2382 = DIRECTION('',(0.,0.,1.));
#2383 = PCURVE('',#2351,#2384);
#2384 = DEFINITIONAL_REPRESENTATION('',(#2385),#2389);
#2385 = LINE('',#2386,#2387);
#2386 = CARTESIAN_POINT('',(6.28318530718,-0.));
#2387 = VECTOR('',#2388,1.);
#2388 = DIRECTION('',(0.,1.));
#2389 = ( GEOMETRIC_REPRESENTATION_CONTEXT(2)
PARAMETRIC_REPRESENTATION_CONTEXT() REPRESENTATION_CONTEXT('2D SPACE',''
  ) );
#2390 = PCURVE('',#2351,#2391);
#2391 = DEFINITIONAL_REPRESENTATION('',(#2392),#2396);
#2392 = LINE('',#2393,#2394);
#2393 = CARTESIAN_POINT('',(0.,-0.));
#2394 = VECTOR('',#2395,1.);
#2395 = DIRECTION('',(0.,1.));
#2396 = ( GEOMETRIC_REPRESENTATION_CONTEXT(2)
PARAMETRIC_REPRESENTATION_CONTEXT() REPRESENTATION_CONTEXT('2D SPACE',''
  ) );
#2397 = ORIENTED_EDGE('',*,*,#2398,.T.);
#2398 = EDGE_CURVE('',#2376,#2376,#2399,.T.);
#2399 = SURFACE_CURVE('',#2400,(#2405,#2412),.PCURVE_S1.);
#2400 = CIRCLE('',#2401,80.);
#2401 = AXIS2_PLACEMENT_3D('',#2402,#2403,#2404);
#2402 = CARTESIAN_POINT('',(-300.,-150.,750.));
#2403 = DIRECTION('',(0.,0.,1.));
#2404 = DIRECTION('',(1.,0.,0.));
#2405 = PCURVE('',#2351,#2406);
#2406 = DEFINITIONAL_REPRESENTATION('',(#2407),#2411);
#2407 = LINE('',#2408,#2409);
#2408 = CARTESIAN_POINT('',(0.,0.));
#2409 = VECTOR('',#2410,1.);
#2410 = DIRECTION('',(1.,0.));
#2411 = ( GEOMETRIC_REPRESENTATION_CONTEXT(2)
PARAMETRIC_REPRESENTATION_CONTEXT() REPRESENTATION_CONTEXT('2D SPACE',''
  ) );
#2412 = PCURVE('',#2413,#2418);
#2413 = PLANE('',#2414);
#2414 = AXIS2_PLACEMENT_3D('',#2415,#2416,#2417);
#2415 = CARTESIAN_POINT('',(-300.,-150.,750.));
#2416 = DIRECTION('',(0.,0.,1.));
#2417 = DIRECTION('',(1.,0.,0.));
#2418 = DEFINITIONAL_REPRESENTATION('',(#2419),#2423);
#2419 = CIRCLE('',#2420,80.);
#2420 = AXIS2_PLACEMENT_2D('',#2421,#2422);
#2421 = CARTESIAN_POINT('',(0.,0.));
#2422 = DIRECTION('',(1.,0.));
#2423 = ( GEOMETRIC_REPRESENTATION_CONTEXT(2)
PARAMETRIC_REPRESENTATION_CONTEXT() REPRESENTATION_CONTEXT('2D SPACE',''
  ) );
#2424 = ORIENTED_EDGE('',*,*,#2375,.T.);
#2425 = ADVANCED_FACE('',(#2426),#2363,.T.);
#2426 = FACE_BOUND('',#2427,.T.);
#2427 = EDGE_LOOP('',(#2428));
#2428 = ORIENTED_EDGE('',*,*,#2341,.T.);
#2429 = ADVANCED_FACE('',(#2430),#2413,.F.);
#2430 = FACE_BOUND('',#2431,.T.);
#2431 = EDGE_LOOP('',(#2432));
#2432 = ORIENTED_EDGE('',*,*,#2398,.F.);
#2433 = ( GEOMETRIC_REPRESENTATION_CONTEXT(3)
GLOBAL_UNCERTAINTY_ASSIGNED_CONTEXT((#2437))
GLOBAL_UNIT_ASSIGNED_CONTEXT((#2434,#2435,#2436)) REPRESENTATION_CONTEXT
('Context #1','3D Context with UNIT and UNCERTAINTY') );
#2434 = ( LENGTH_UNIT() NAMED_UNIT(*) SI_UNIT(.MILLI.,.METRE.) );
#2435 = ( NAMED_UNIT(*) PLANE_ANGLE_UNIT() SI_UNIT($,.RADIAN.) );
#2436 = ( NAMED_UNIT(*) SI_UNIT($,.STERADIAN.) SOLID_ANGLE_UNIT() );
#2437 = UNCERTAINTY_MEASURE_WITH_UNIT(LENGTH_MEASURE(1.E-07),#2434,
  'distance_accuracy_value','confusion accuracy');
#2438 = CONTEXT_DEPENDENT_SHAPE_REPRESENTATION(#2439,#2441);
#2439 = ( REPRESENTATION_RELATIONSHIP('','',#2334,#10)
REPRESENTATION_RELATIONSHIP_WITH_TRANSFORMATION(#2440)
SHAPE_REPRESENTATION_RELATIONSHIP() );
#2440 = ITEM_DEFINED_TRANSFORMATION('','',#11,#19);
#2441 = PRODUCT_DEFINITION_SHAPE('Placement','Placement of an item',
  #2442);
#2442 = NEXT_ASSEMBLY_USAGE_OCCURRENCE('18','','',#5,#2329,$);
#2443 = PRODUCT_RELATED_PRODUCT_CATEGORY('part',$,(#2331));
ENDSEC;
END-ISO-10303-21;
