ISO-10303-21;
HEADER;
FILE_DESCRIPTION(('Open CASCADE Model'),'2;1');
FILE_NAME('Open CASCADE Shape Model','2026-08-06T00:00:00',('Author'),(
    'Open CASCADE'),'Open CASCADE STEP processor 7.7','Open CASCADE 7.7'
  ,'Unknown');
FILE_SCHEMA(('AUTOMOTIVE_DESIGN { 1 0 10303 214 1 1 1 1 }'));
ENDSEC;
DATA;
#1 = APPLICATION_PROTOCOL_DEFINITION('international standard',
  'automotive_design',2000,#2);
#2 = APPLICATION_CONTEXT(
  'core data for automotive mechanical design processes');
#3 = SHAPE_DEFINITION_REPRESENTATION(#4,#10);
#4 = PRODUCT_DEFINITION_SHAPE('','',#5);
#5 = PRODUCT_DEFINITION('design','',#6,#9);
#6 = PRODUCT_DEFINITION_FORMATION('','',#7);
#7 = PRODUCT('Open CASCADE STEP translator 7.7 16',
  'Open CASCADE STEP translator 7.7 16','',(#8));
#8 = PRODUCT_CONTEXT('',#2,'mechanical');
#9 = PRODUCT_DEFINITION_CONTEXT('part definition',#2,'design');
#10 = SHAPE_REPRESENTATION('',(#11,#15,#19),#23);
#11 = AXIS2_PLACEMENT_3D('',#12,#13,#14);
#12 = CARTESIAN_POINT('',(0.,0.,0.));
#13 = DIRECTION('',(0.,0.,1.));
#14 = DIRECTION('',(1.,0.,-0.));
#15 = AXIS2_PLACEMENT_3D('',#16,#17,#18);
#16 = CARTESIAN_POINT('',(0.,0.,0.));
#17 = DIRECTION('',(0.,0.,1.));
#18 = DIRECTION('',(1.,0.,-0.));
#19 = AXIS2_PLACEMENT_3D('',#20,#21,#22);
#20 = CARTESIAN_POINT('',(0.,0.,0.));
#21 = DIRECTION('',(0.,0.,1.));
#22 = DIRECTION('',(1.,0.,0.));
#23 = ( GEOMETRIC_REPRESENTATION_CONTEXT(3)
GLOBAL_UNCERTAINTY_ASSIGNED_CONTEXT((#27)) GLOBAL_UNIT_ASSIGNED_CONTEXT(
(#24,#25,#26)) REPRESENTATION_CONTEXT('Context #1',
  '3D Context with UNIT and UNCERTAINTY') );
#24 = ( LENGTH_UNIT() NAMED_UNIT(*) SI_UNIT(.MILLI.,.METRE.) );
#25 = ( NAMED_UNIT(*) PLANE_ANGLE_UNIT() SI_UNIT($,.RADIAN.) );
#26 = ( NAMED_UNIT(*) SI_UNIT($,.STERADIAN.) SOLID_ANGLE_UNIT() );
#27 = UNCERTAINTY_MEASURE_WITH_UNIT(LENGTH_MEASURE(1.E-07),#24,
  'distance_accuracy_value','confusion accuracy');
#28 = PRODUCT_RELATED_PRODUCT_CATEGORY('part',$,(#7));
#29 = SHAPE_DEFINITION_REPRESENTATION(#30,#36);
#30 = PRODUCT_DEFINITION_SHAPE('','',#31);
#31 = PRODUCT_DEFINITION('design','',#32,#35);
#32 = PRODUCT_DEFINITION_FORMATION('','',#33);
#33 = PRODUCT('Open CASCADE STEP translator 7.7 16.1',
  'Open CASCADE STEP translator 7.7 16.1','',(#34));
#34 = PRODUCT_CONTEXT('',#2,'mechanical');
#35 = PRODUCT_DEFINITION_CONTEXT('part definition',#2,'design');
#36 = ADVANCED_BREP_SHAPE_REPRESENTATION('',(#11,#37),#2448);
#37 = MANIFOLD_SOLID_BREP('',#38);
#38 = CLOSED_SHELL('',(#39,#470,#474,#545,#828,#834,#879,#1324,#1331,
    #1402,#1915,#1921,#1925,#1975,#2032,#2067,#2122,#2240,#2316,#2365,
    #2414,#2441));
#39 = ADVANCED_FACE('',(#40),#54,.T.);
#40 = FACE_BOUND('',#41,.T.);
#41 = EDGE_LOOP('',(#42,#72,#101,#420,#442,#443));
#42 = ORIENTED_EDGE('',*,*,#43,.T.);
#43 = EDGE_CURVE('',#44,#46,#48,.T.);
#44 = VERTEX_POINT('',#45);
#45 = CARTESIAN_POINT('',(375.,-150.,960.));
#46 = VERTEX_POINT('',#47);
#47 = CARTESIAN_POINT('',(375.,-150.,1.26E+03));
#48 = SEAM_CURVE('',#49,(#53,#65),.PCURVE_S1.);
#49 = LINE('',#50,#51);
#50 = CARTESIAN_POINT('',(375.,-150.,960.));
#51 = VECTOR('',#52,1.);
#52 = DIRECTION('',(0.,0.,1.));
#53 = PCURVE('',#54,#59);
#54 = CYLINDRICAL_SURFACE('',#55,75.);
#55 = AXIS2_PLACEMENT_3D('',#56,#57,#58);
#56 = CARTESIAN_POINT('',(300.,-150.,960.));
#57 = DIRECTION('',(0.,0.,1.));
#58 = DIRECTION('',(1.,0.,0.));
#59 = DEFINITIONAL_REPRESENTATION('',(#60),#64);
#60 = LINE('',#61,#62);
#61 = CARTESIAN_POINT('',(6.28318530718,-0.));
#62 = VECTOR('',#63,1.);
#63 = DIRECTION('',(0.,1.));
#64 = ( GEOMETRIC_REPRESENTATION_CONTEXT(2)
PARAMETRIC_REPRESENTATION_CONTEXT() REPRESENTATION_CONTEXT('2D SPACE',''
  ) );
#65 = PCURVE('',#54,#66);
#66 = DEFINITIONAL_REPRESENTATION('',(#67),#71);
#67 = LINE('',#68,#69);
#68 = CARTESIAN_POINT('',(0.,-0.));
#69 = VECTOR('',#70,1.);
#70 = DIRECTION('',(0.,1.));
#71 = ( GEOMETRIC_REPRESENTATION_CONTEXT(2)
PARAMETRIC_REPRESENTATION_CONTEXT() REPRESENTATION_CONTEXT('2D SPACE',''
  ) );
#72 = ORIENTED_EDGE('',*,*,#73,.F.);
#73 = EDGE_CURVE('',#74,#46,#76,.T.);
#74 = VERTEX_POINT('',#75);
#75 = CARTESIAN_POINT('',(232.73931311679,-116.8186799539,1.26E+03));
#76 = SURFACE_CURVE('',#77,(#82,#89),.PCURVE_S1.);
#77 = CIRCLE('',#78,75.);
#78 = AXIS2_PLACEMENT_3D('',#79,#80,#81);
#79 = CARTESIAN_POINT('',(300.,-150.,1.26E+03));
#80 = DIRECTION('',(0.,0.,1.));
#81 = DIRECTION('',(1.,0.,0.));
#82 = PCURVE('',#54,#83);
#83 = DEFINITIONAL_REPRESENTATION('',(#84),#88);
#84 = LINE('',#85,#86);
#85 = CARTESIAN_POINT('',(0.,300.));
#86 = VECTOR('',#87,1.);
#87 = DIRECTION('',(1.,0.));
#88 = ( GEOMETRIC_REPRESENTATION_CONTEXT(2)
PARAMETRIC_REPRESENTATION_CONTEXT() REPRESENTATION_CONTEXT('2D SPACE',''
  ) );
#89 = PCURVE('',#90,#95);
#90 = PLANE('',#91);
#91 = AXIS2_PLACEMENT_3D('',#92,#93,#94);
#92 = CARTESIAN_POINT('',(300.,-150.,1.26E+03));
#93 = DIRECTION('',(0.,0.,1.));
#94 = DIRECTION('',(1.,0.,0.));
#95 = DEFINITIONAL_REPRESENTATION('',(#96),#100);
#96 = CIRCLE('',#97,75.);
#97 = AXIS2_PLACEMENT_2D('',#98,#99);
#98 = CARTESIAN_POINT('',(0.,0.));
#99 = DIRECTION('',(1.,0.));
#100 = ( GEOMETRIC_REPRESENTATION_CONTEXT(2)
PARAMETRIC_REPRESENTATION_CONTEXT() REPRESENTATION_CONTEXT('2D SPACE',''
  ) );
#101 = ORIENTED_EDGE('',*,*,#102,.T.);
#102 = EDGE_CURVE('',#74,#103,#105,.T.);
#103 = VERTEX_POINT('',#104);
#104 = CARTESIAN_POINT('',(367.2606868832,-116.8186799539,1.26E+03));
#105 = SURFACE_CURVE('',#106,(#207,#311),.PCURVE_S1.);
#106 = B_SPLINE_CURVE_WITH_KNOTS('',8,(#107,#108,#109,#110,#111,#112,
    #113,#114,#115,#116,#117,#118,#119,#120,#121,#122,#123,#124,#125,
    #126,#127,#128,#129,#130,#131,#132,#133,#134,#135,#136,#137,#138,
    #139,#140,#141,#142,#143,#144,#145,#146,#147,#148,#149,#150,#151,
    #152,#153,#154,#155,#156,#157,#158,#159,#160,#161,#162,#163,#164,
    #165,#166,#167,#168,#169,#170,#171,#172,#173,#174,#175,#176,#177,
    #178,#179,#180,#181,#182,#183,#184,#185,#186,#187,#188,#189,#190,
    #191,#192,#193,#194,#195,#196,#197,#198,#199,#200,#201,#202,#203,
    #204,#205,#206),.UNSPECIFIED.,.F.,.F.,(9,7,7,7,7,7,7,7,7,7,7,7,7,7,9
    ),(0.,4.195836306449E-02,0.167031087318,0.33645273723,0.394506847163
    ,0.436763795544,0.457643893077,0.500008458825,0.541788541171,
    0.563252139702,0.605315465934,0.663602198633,0.833198441377,
    0.958277996154,1.),.UNSPECIFIED.);
#107 = CARTESIAN_POINT('',(232.73931302759,-116.8186801347,
    1.2600000006E+03));
#108 = CARTESIAN_POINT('',(232.8772253801,-116.5391228534,
    1.259072392587E+03));
#109 = CARTESIAN_POINT('',(233.02874024207,-116.2353392689,
    1.258153804677E+03));
#110 = CARTESIAN_POINT('',(233.19350459963,-115.9090876037,
    1.257244015172E+03));
#111 = CARTESIAN_POINT('',(233.37118817485,-115.5621059358,
    1.256342898026E+03));
#112 = CARTESIAN_POINT('',(233.56147004797,-115.1961022255,
    1.255450410458E+03));
#113 = CARTESIAN_POINT('',(233.76402836137,-114.8127453218,
    1.254566580489E+03));
#114 = CARTESIAN_POINT('',(233.97853310541,-114.4136569488,
    1.253691494413E+03));
#115 = CARTESIAN_POINT('',(234.8786447734,-112.7685504161,
    1.250243217886E+03));
#116 = CARTESIAN_POINT('',(235.65888697777,-111.4051219249,
    1.247728030243E+03));
#117 = CARTESIAN_POINT('',(236.53975820629,-109.94633401,
    1.245277672589E+03));
#118 = CARTESIAN_POINT('',(237.51699239744,-108.4218147692,
    1.242890647456E+03));
#119 = CARTESIAN_POINT('',(238.5880034405,-106.8522158589,
    1.240563229353E+03));
#120 = CARTESIAN_POINT('',(239.7537024286,-105.2500537746,
    1.238288714169E+03));
#121 = CARTESIAN_POINT('',(241.01966320502,-103.6217256547,
    1.236058353272E+03));
#122 = CARTESIAN_POINT('',(244.26227870023,-99.73279549053,
    1.230889531822E+03));
#123 = CARTESIAN_POINT('',(246.31466897401,-97.47323336924,
    1.22800766439E+03));
#124 = CARTESIAN_POINT('',(248.56694825207,-95.20903690522,
    1.225205282551E+03));
#125 = CARTESIAN_POINT('',(251.03745558743,-92.95350696854,
    1.222478965136E+03));
#126 = CARTESIAN_POINT('',(253.74796934702,-90.72317905318,
    1.219833950963E+03));
#127 = CARTESIAN_POINT('',(256.72212600715,-88.54038959195,
    1.217285188265E+03));
#128 = CARTESIAN_POINT('',(259.98410842325,-86.43559277622,
    1.214858075571E+03));
#129 = CARTESIAN_POINT('',(264.78044521824,-83.76900686793,
    1.21181335968E+03));
#130 = CARTESIAN_POINT('',(266.04225957596,-83.10168312343,
    1.211054207132E+03));
#131 = CARTESIAN_POINT('',(267.34301397895,-82.44917792268,
    1.210314433569E+03));
#132 = CARTESIAN_POINT('',(268.68387179652,-81.81328891209,
    1.209595755437E+03));
#133 = CARTESIAN_POINT('',(270.0659435215,-81.19601751017,
    1.208900123909E+03));
#134 = CARTESIAN_POINT('',(271.49026977382,-80.59957768256,
    1.208229732478E+03));
#135 = CARTESIAN_POINT('',(272.95780430403,-80.02640471711,
    1.20758702455E+03));
#136 = CARTESIAN_POINT('',(275.56966869968,-79.08083349639,
    1.206528997471E+03));
#137 = CARTESIAN_POINT('',(276.69359099424,-78.69613089368,
    1.206099267617E+03));
#138 = CARTESIAN_POINT('',(277.84093132141,-78.326308897,
    1.205686805819E+03));
#139 = CARTESIAN_POINT('',(279.01141862305,-77.97262407637,
    1.205292909034E+03));
#140 = CARTESIAN_POINT('',(280.20474332873,-77.63633606279,
    1.20491887754E+03));
#141 = CARTESIAN_POINT('',(281.42055734244,-77.3187067455,
    1.204566015636E+03));
#142 = CARTESIAN_POINT('',(282.65847402932,-77.02099946913,
    1.204235632353E+03));
#143 = CARTESIAN_POINT('',(284.54046168308,-76.6078429403,
    1.203777549133E+03));
#144 = CARTESIAN_POINT('',(285.16804552903,-76.47640281803,
    1.203631890329E+03));
#145 = CARTESIAN_POINT('',(285.80064667221,-76.35033357687,
    1.203492249864E+03));
#146 = CARTESIAN_POINT('',(286.43808994878,-76.22980391937,
    1.203358804476E+03));
#147 = CARTESIAN_POINT('',(287.08019809903,-76.11497553798,
    1.203231723528E+03));
#148 = CARTESIAN_POINT('',(287.72679176742,-76.006003115,
    1.203111169009E+03));
#149 = CARTESIAN_POINT('',(288.37768950253,-75.90303432259,
    1.20299729553E+03));
#150 = CARTESIAN_POINT('',(290.36170365222,-75.6097582554,
    1.202673061524E+03));
#151 = CARTESIAN_POINT('',(291.70830156394,-75.43850549902,
    1.202483877871E+03));
#152 = CARTESIAN_POINT('',(293.06971445773,-75.29385845416,
    1.202324186341E+03));
#153 = CARTESIAN_POINT('',(294.44313031783,-75.1769544222,
    1.202195185571E+03));
#154 = CARTESIAN_POINT('',(295.82571734794,-75.08865970393,
    1.202097786379E+03));
#155 = CARTESIAN_POINT('',(297.21462917182,-75.02956819809,
    1.202032612279E+03));
#156 = CARTESIAN_POINT('',(298.60701003391,-75.,1.202E+03));
#157 = CARTESIAN_POINT('',(301.37377155794,-75.,1.202E+03));
#158 = CARTESIAN_POINT('',(302.74697077876,-75.02875795441,
    1.202031718606E+03));
#159 = CARTESIAN_POINT('',(304.11684612555,-75.08623226874,
    1.202095109066E+03));
#160 = CARTESIAN_POINT('',(305.48064989568,-75.17212004085,
    1.202189852716E+03));
#161 = CARTESIAN_POINT('',(306.83564310125,-75.28585835514,
    1.202315358505E+03));
#162 = CARTESIAN_POINT('',(308.17910034954,-75.42662557683,
    1.20247076252E+03));
#163 = CARTESIAN_POINT('',(309.50831472352,-75.59334264609,
    1.202654927505E+03));
#164 = CARTESIAN_POINT('',(311.49476173268,-75.88296683912,
    1.202975103503E+03));
#165 = CARTESIAN_POINT('',(312.16460571982,-75.98777778479,
    1.203091007154E+03));
#166 = CARTESIAN_POINT('',(312.82993317629,-76.09895548415,
    1.20321399451E+03));
#167 = CARTESIAN_POINT('',(313.49054493981,-76.21634025956,
    1.203343898378E+03));
#168 = CARTESIAN_POINT('',(314.14624413321,-76.33976448085,
    1.203480543193E+03));
#169 = CARTESIAN_POINT('',(314.79683616442,-76.46905256537,
    1.203623745024E+03));
#170 = CARTESIAN_POINT('',(315.4421287265,-76.60402097795,
    1.20377331157E+03));
#171 = CARTESIAN_POINT('',(317.33578702903,-77.01973958774,
    1.204234235472E+03));
#172 = CARTESIAN_POINT('',(318.56816597217,-77.31599527193,
    1.204563006559E+03));
#173 = CARTESIAN_POINT('',(319.77864721867,-77.63199833585,
    1.204914058676E+03));
#174 = CARTESIAN_POINT('',(320.96684721756,-77.96650224436,
    1.205286100164E+03));
#175 = CARTESIAN_POINT('',(322.1324202691,-78.31826166368,
    1.205677843762E+03));
#176 = CARTESIAN_POINT('',(323.27505851861,-78.68603325028,
    1.206088005916E+03));
#177 = CARTESIAN_POINT('',(324.39449195029,-79.06857643974,
    1.206515306085E+03));
#178 = CARTESIAN_POINT('',(327.00919973198,-80.01349529719,
    1.207572548417E+03));
#179 = CARTESIAN_POINT('',(328.48348288204,-80.58853254456,
    1.208217315938E+03));
#180 = CARTESIAN_POINT('',(329.91419540467,-81.18706433785,
    1.208890030548E+03));
#181 = CARTESIAN_POINT('',(331.30230069781,-81.80662285857,
    1.209588215835E+03));
#182 = CARTESIAN_POINT('',(332.64885064062,-82.44496516819,
    1.210309649302E+03));
#183 = CARTESIAN_POINT('',(333.95496825007,-83.10006426662,
    1.211052354628E+03));
#184 = CARTESIAN_POINT('',(335.22183033753,-83.77010015066,
    1.211814593918E+03));
#185 = CARTESIAN_POINT('',(340.02613323267,-86.44178869034,
    1.214865191199E+03));
#186 = CARTESIAN_POINT('',(343.29073976389,-88.54907967905,
    1.217295255924E+03));
#187 = CARTESIAN_POINT('',(346.2669883101,-90.73445148145,
    1.219847163247E+03));
#188 = CARTESIAN_POINT('',(348.97912946633,-92.96737214322,
    1.222495458629E+03));
#189 = CARTESIAN_POINT('',(351.45086053473,-95.22545231754,
    1.225225172871E+03));
#190 = CARTESIAN_POINT('',(353.70400927157,-97.49211550887,
    1.228031078563E+03));
#191 = CARTESIAN_POINT('',(355.75694478257,-99.75401701896,
    1.230916633671E+03));
#192 = CARTESIAN_POINT('',(358.99860357659,-103.6450023117,
    1.236090114744E+03));
#193 = CARTESIAN_POINT('',(360.26345172705,-105.2732175561,
    1.238321298675E+03));
#194 = CARTESIAN_POINT('',(361.42803699298,-106.875141135,
    1.240596666162E+03));
#195 = CARTESIAN_POINT('',(362.49792380693,-108.4443441989,
    1.242924970608E+03));
#196 = CARTESIAN_POINT('',(363.47401932384,-109.9682854707,
    1.245312947061E+03));
#197 = CARTESIAN_POINT('',(364.3537229784,-111.4262620534,
    1.247764349218E+03));
#198 = CARTESIAN_POINT('',(365.13274664989,-112.788556869,
    1.250280684577E+03));
#199 = CARTESIAN_POINT('',(366.02984428327,-114.4292475317,
    1.253725709038E+03));
#200 = CARTESIAN_POINT('',(366.24275163917,-114.8255797811,
    1.254596193559E+03));
#201 = CARTESIAN_POINT('',(366.44383809154,-115.206313931,
    1.255475328418E+03));
#202 = CARTESIAN_POINT('',(366.63277832994,-115.5698525371,
    1.256363027215E+03));
#203 = CARTESIAN_POINT('',(366.80925521214,-115.9145526451,
    1.257259261036E+03));
#204 = CARTESIAN_POINT('',(366.97295266652,-116.238733588,
    1.258164070615E+03));
#205 = CARTESIAN_POINT('',(367.12354562294,-116.5406857266,
    1.259077578407E+03));
#206 = CARTESIAN_POINT('',(367.2606869724,-116.8186801347,
    1.2600000006E+03));
#207 = PCURVE('',#54,#208);
#208 = DEFINITIONAL_REPRESENTATION('',(#209),#310);
#209 = B_SPLINE_CURVE_WITH_KNOTS('',8,(#210,#211,#212,#213,#214,#215,
    #216,#217,#218,#219,#220,#221,#222,#223,#224,#225,#226,#227,#228,
    #229,#230,#231,#232,#233,#234,#235,#236,#237,#238,#239,#240,#241,
    #242,#243,#244,#245,#246,#247,#248,#249,#250,#251,#252,#253,#254,
    #255,#256,#257,#258,#259,#260,#261,#262,#263,#264,#265,#266,#267,
    #268,#269,#270,#271,#272,#273,#274,#275,#276,#277,#278,#279,#280,
    #281,#282,#283,#284,#285,#286,#287,#288,#289,#290,#291,#292,#293,
    #294,#295,#296,#297,#298,#299,#300,#301,#302,#303,#304,#305,#306,
    #307,#308,#309),.UNSPECIFIED.,.F.,.F.,(9,7,7,7,7,7,7,7,7,7,7,7,7,7,9
    ),(0.,4.195836306449E-02,0.167031087318,0.33645273723,0.394506847163
    ,0.436763795544,0.457643893077,0.500008458825,0.541788541171,
    0.563252139702,0.605315465934,0.663602198633,0.833198441377,
    0.958277996154,1.),.UNSPECIFIED.);
#210 = CARTESIAN_POINT('',(2.683299989328,300.0000006));
#211 = CARTESIAN_POINT('',(2.679143664231,299.07239258712));
#212 = CARTESIAN_POINT('',(2.674617414327,298.15380467678));
#213 = CARTESIAN_POINT('',(2.66974423647,297.24401517229));
#214 = CARTESIAN_POINT('',(2.664546670783,296.34289802639));
#215 = CARTESIAN_POINT('',(2.659046740832,295.45041045754));
#216 = CARTESIAN_POINT('',(2.653265897207,294.56658048927));
#217 = CARTESIAN_POINT('',(2.647224964495,293.69149441258));
#218 = CARTESIAN_POINT('',(2.622221581546,290.2432178857));
#219 = CARTESIAN_POINT('',(2.601280128274,287.72803024258));
#220 = CARTESIAN_POINT('',(2.578569246936,285.27767258867));
#221 = CARTESIAN_POINT('',(2.554442823308,282.89064745642));
#222 = CARTESIAN_POINT('',(2.529128959758,280.56322935255));
#223 = CARTESIAN_POINT('',(2.502732503916,278.28871416856));
#224 = CARTESIAN_POINT('',(2.475247901708,276.05835327182));
#225 = CARTESIAN_POINT('',(2.407735488928,270.88953182237));
#226 = CARTESIAN_POINT('',(2.367071648577,268.00766438949));
#227 = CARTESIAN_POINT('',(2.324564273881,265.20528255076));
#228 = CARTESIAN_POINT('',(2.280068537421,262.47896513638));
#229 = CARTESIAN_POINT('',(2.233400187217,259.8339509628));
#230 = CARTESIAN_POINT('',(2.184352464569,257.28518826495));
#231 = CARTESIAN_POINT('',(2.132702537027,254.85807557067));
#232 = CARTESIAN_POINT('',(2.05953238275,251.8133596804));
#233 = CARTESIAN_POINT('',(2.04050444518,251.05420713207));
#234 = CARTESIAN_POINT('',(2.021108787314,250.31443356926));
#235 = CARTESIAN_POINT('',(2.001332017625,249.59575543689));
#236 = CARTESIAN_POINT('',(1.98116082266,248.90012390875));
#237 = CARTESIAN_POINT('',(1.960581892017,248.22973247843));
#238 = CARTESIAN_POINT('',(1.939581843312,247.58702455014));
#239 = CARTESIAN_POINT('',(1.902545067463,246.52899747097));
#240 = CARTESIAN_POINT('',(1.886708333694,246.09926761729));
#241 = CARTESIAN_POINT('',(1.870639758969,245.68680581863));
#242 = CARTESIAN_POINT('',(1.854341926738,245.29290903422));
#243 = CARTESIAN_POINT('',(1.837817164847,244.91887753991));
#244 = CARTESIAN_POINT('',(1.82106751961,244.56601563563));
#245 = CARTESIAN_POINT('',(1.804094729891,244.23563235281));
#246 = CARTESIAN_POINT('',(1.778404002307,243.77754913316));
#247 = CARTESIAN_POINT('',(1.769855064494,243.63189032916));
#248 = CARTESIAN_POINT('',(1.761255202998,243.49224986378));
#249 = CARTESIAN_POINT('',(1.752606198021,243.35880447564));
#250 = CARTESIAN_POINT('',(1.743909794703,243.23172352796));
#251 = CARTESIAN_POINT('',(1.73516770312,243.1111690086));
#252 = CARTESIAN_POINT('',(1.726381598285,242.99729553003));
#253 = CARTESIAN_POINT('',(1.699640625153,242.67306152379));
#254 = CARTESIAN_POINT('',(1.681545087862,242.48387787062));
#255 = CARTESIAN_POINT('',(1.663297263604,242.32418634108));
#256 = CARTESIAN_POINT('',(1.644926942358,242.19518557143));
#257 = CARTESIAN_POINT('',(1.626463192091,242.09778637916));
#258 = CARTESIAN_POINT('',(1.607934602098,242.03261227917));
#259 = CARTESIAN_POINT('',(1.589369526343,242.));
#260 = CARTESIAN_POINT('',(1.552479372689,242.));
#261 = CARTESIAN_POINT('',(1.534170051947,242.03171860647));
#262 = CARTESIAN_POINT('',(1.515895680412,242.09510906602));
#263 = CARTESIAN_POINT('',(1.497683566395,242.1898527156));
#264 = CARTESIAN_POINT('',(1.479561238744,242.3153585052));
#265 = CARTESIAN_POINT('',(1.46155667491,242.47076252047));
#266 = CARTESIAN_POINT('',(1.44369852901,242.65492750544));
#267 = CARTESIAN_POINT('',(1.416932534354,242.97510350325));
#268 = CARTESIAN_POINT('',(1.407893105874,243.09100715356));
#269 = CARTESIAN_POINT('',(1.398899874168,243.21399450994));
#270 = CARTESIAN_POINT('',(1.389954678881,243.34389837756));
#271 = CARTESIAN_POINT('',(1.381059399591,243.48054319298));
#272 = CARTESIAN_POINT('',(1.372215955803,243.6237450241));
#273 = CARTESIAN_POINT('',(1.363426306957,243.77331157017));
#274 = CARTESIAN_POINT('',(1.33757626512,244.23423547177));
#275 = CARTESIAN_POINT('',(1.320679744692,244.56300655904));
#276 = CARTESIAN_POINT('',(1.304004304028,244.91405867602));
#277 = CARTESIAN_POINT('',(1.287551683811,245.28610016408));
#278 = CARTESIAN_POINT('',(1.271323927298,245.67784376222));
#279 = CARTESIAN_POINT('',(1.255323355098,246.08800591585));
#280 = CARTESIAN_POINT('',(1.239552539955,246.51530608546));
#281 = CARTESIAN_POINT('',(1.202483071402,247.57254841696));
#282 = CARTESIAN_POINT('',(1.181390251114,248.2173159382));
#283 = CARTESIAN_POINT('',(1.16072213518,248.89003054798));
#284 = CARTESIAN_POINT('',(1.140465188794,249.58821583458));
#285 = CARTESIAN_POINT('',(1.120605951192,250.30964930225));
#286 = CARTESIAN_POINT('',(1.101130959023,251.05235462791));
#287 = CARTESIAN_POINT('',(1.08202666972,251.81459391783));
#288 = CARTESIAN_POINT('',(1.008730623489,254.86519119902));
#289 = CARTESIAN_POINT('',(0.957033592072,257.2952559244));
#290 = CARTESIAN_POINT('',(0.907943387119,259.8471632472));
#291 = CARTESIAN_POINT('',(0.861236643317,262.49545862948));
#292 = CARTESIAN_POINT('',(0.816706173662,265.22517287049));
#293 = CARTESIAN_POINT('',(0.774167461657,268.03107856255));
#294 = CARTESIAN_POINT('',(0.733475704738,270.91663367059));
#295 = CARTESIAN_POINT('',(0.665950409677,276.09011474361));
#296 = CARTESIAN_POINT('',(0.638476081275,278.32129867488));
#297 = CARTESIAN_POINT('',(0.612090909822,280.5966661619));
#298 = CARTESIAN_POINT('',(0.586789819637,282.9249706079));
#299 = CARTESIAN_POINT('',(0.562678043797,285.31294706128));
#300 = CARTESIAN_POINT('',(0.539984436887,287.76434921817));
#301 = CARTESIAN_POINT('',(0.519064153956,290.28068457686));
#302 = CARTESIAN_POINT('',(0.494131711853,293.72570903759));
#303 = CARTESIAN_POINT('',(0.488133227855,294.59619355889));
#304 = CARTESIAN_POINT('',(0.482392466732,295.47532841812));
#305 = CARTESIAN_POINT('',(0.476929946041,296.36302721453));
#306 = CARTESIAN_POINT('',(0.471766787449,297.25926103624));
#307 = CARTESIAN_POINT('',(0.466924665541,298.16407061497));
#308 = CARTESIAN_POINT('',(0.462425753302,299.07757840697));
#309 = CARTESIAN_POINT('',(0.458292664262,300.0000006));
#310 = ( GEOMETRIC_REPRESENTATION_CONTEXT(2)
PARAMETRIC_REPRESENTATION_CONTEXT() REPRESENTATION_CONTEXT('2D SPACE',''
  ) );
#311 = PCURVE('',#312,#317);
#312 = CYLINDRICAL_SURFACE('',#313,68.);
#313 = AXIS2_PLACEMENT_3D('',#314,#315,#316);
#314 = CARTESIAN_POINT('',(300.,70.,1.27E+03));
#315 = DIRECTION('',(-0.,1.,-0.));
#316 = DIRECTION('',(1.,0.,0.));
#317 = DEFINITIONAL_REPRESENTATION('',(#318),#419);
#318 = B_SPLINE_CURVE_WITH_KNOTS('',8,(#319,#320,#321,#322,#323,#324,
    #325,#326,#327,#328,#329,#330,#331,#332,#333,#334,#335,#336,#337,
    #338,#339,#340,#341,#342,#343,#344,#345,#346,#347,#348,#349,#350,
    #351,#352,#353,#354,#355,#356,#357,#358,#359,#360,#361,#362,#363,
    #364,#365,#366,#367,#368,#369,#370,#371,#372,#373,#374,#375,#376,
    #377,#378,#379,#380,#381,#382,#383,#384,#385,#386,#387,#388,#389,
    #390,#391,#392,#393,#394,#395,#396,#397,#398,#399,#400,#401,#402,
    #403,#404,#405,#406,#407,#408,#409,#410,#411,#412,#413,#414,#415,
    #416,#417,#418),.UNSPECIFIED.,.F.,.F.,(9,7,7,7,7,7,7,7,7,7,7,7,7,7,9
    ),(0.,4.195836306449E-02,0.167031087318,0.33645273723,0.394506847163
    ,0.436763795544,0.457643893077,0.500008458825,0.541788541171,
    0.563252139702,0.605315465934,0.663602198633,0.833198441377,
    0.958277996154,1.),.UNSPECIFIED.);
#319 = CARTESIAN_POINT('',(-3.289186750328,-186.8186801347));
#320 = CARTESIAN_POINT('',(-3.302977986407,-186.5391228534));
#321 = CARTESIAN_POINT('',(-3.316667433572,-186.2353392689));
#322 = CARTESIAN_POINT('',(-3.330261548965,-185.9090876037));
#323 = CARTESIAN_POINT('',(-3.343765203266,-185.5621059358));
#324 = CARTESIAN_POINT('',(-3.357181869701,-185.1961022255));
#325 = CARTESIAN_POINT('',(-3.370513804257,-184.8127453218));
#326 = CARTESIAN_POINT('',(-3.383762217108,-184.4136569488));
#327 = CARTESIAN_POINT('',(-3.436171332751,-182.7685504161));
#328 = CARTESIAN_POINT('',(-3.474858211264,-181.4051219249));
#329 = CARTESIAN_POINT('',(-3.513088451128,-179.94633401));
#330 = CARTESIAN_POINT('',(-3.550948747676,-178.4218147692));
#331 = CARTESIAN_POINT('',(-3.588557496271,-176.8522158589));
#332 = CARTESIAN_POINT('',(-3.62608645574,-175.2500537746));
#333 = CARTESIAN_POINT('',(-3.663764605211,-173.6217256547));
#334 = CARTESIAN_POINT('',(-3.753496123276,-169.7327954905));
#335 = CARTESIAN_POINT('',(-3.805436372705,-167.4732333692));
#336 = CARTESIAN_POINT('',(-3.858158174324,-165.2090369052));
#337 = CARTESIAN_POINT('',(-3.912068088994,-162.9535069685));
#338 = CARTESIAN_POINT('',(-3.967539945564,-160.7231790531));
#339 = CARTESIAN_POINT('',(-4.024920709033,-158.5403895919));
#340 = CARTESIAN_POINT('',(-4.084549153894,-156.4355927762));
#341 = CARTESIAN_POINT('',(-4.168095058313,-153.7690068679));
#342 = CARTESIAN_POINT('',(-4.18974438224,-153.1016831234));
#343 = CARTESIAN_POINT('',(-4.21173923143,-152.4491779226));
#344 = CARTESIAN_POINT('',(-4.234097171858,-151.813288912));
#345 = CARTESIAN_POINT('',(-4.256835541983,-151.1960175101));
#346 = CARTESIAN_POINT('',(-4.279971618665,-150.5995776825));
#347 = CARTESIAN_POINT('',(-4.303522783082,-150.0264047171));
#348 = CARTESIAN_POINT('',(-4.344964306381,-149.0808334963));
#349 = CARTESIAN_POINT('',(-4.362656087074,-148.6961308936));
#350 = CARTESIAN_POINT('',(-4.380579824504,-148.326308897));
#351 = CARTESIAN_POINT('',(-4.398733681168,-147.9726240763));
#352 = CARTESIAN_POINT('',(-4.417116214022,-147.6363360627));
#353 = CARTESIAN_POINT('',(-4.435726402222,-147.3187067455));
#354 = CARTESIAN_POINT('',(-4.454563674862,-147.0209994691));
#355 = CARTESIAN_POINT('',(-4.483048015264,-146.6078429403));
#356 = CARTESIAN_POINT('',(-4.492521960376,-146.476402818));
#357 = CARTESIAN_POINT('',(-4.502047942709,-146.3503335768));
#358 = CARTESIAN_POINT('',(-4.511624179648,-146.2298039193));
#359 = CARTESIAN_POINT('',(-4.521248937309,-146.1149755379));
#360 = CARTESIAN_POINT('',(-4.530920530532,-146.006003115));
#361 = CARTESIAN_POINT('',(-4.540637322887,-145.9030343225));
#362 = CARTESIAN_POINT('',(-4.570201047375,-145.6097582554));
#363 = CARTESIAN_POINT('',(-4.590193411379,-145.438505499));
#364 = CARTESIAN_POINT('',(-4.610342669847,-145.2938584541));
#365 = CARTESIAN_POINT('',(-4.630617957744,-145.1769544222));
#366 = CARTESIAN_POINT('',(-4.650989371413,-145.0886597039));
#367 = CARTESIAN_POINT('',(-4.671427646158,-145.029568198));
#368 = CARTESIAN_POINT('',(-4.691903833825,-145.));
#369 = CARTESIAN_POINT('',(-4.732591503296,-145.));
#370 = CARTESIAN_POINT('',(-4.752785608125,-145.0287579544));
#371 = CARTESIAN_POINT('',(-4.772943399814,-145.0862322687));
#372 = CARTESIAN_POINT('',(-4.793036988894,-145.1721200408));
#373 = CARTESIAN_POINT('',(-4.813038189361,-145.2858583551));
#374 = CARTESIAN_POINT('',(-4.832918216551,-145.4266255768));
#375 = CARTESIAN_POINT('',(-4.852647385013,-145.593342646));
#376 = CARTESIAN_POINT('',(-4.88223686425,-145.8829668391));
#377 = CARTESIAN_POINT('',(-4.892233216822,-145.9877777847));
#378 = CARTESIAN_POINT('',(-4.902182120723,-146.0989554841));
#379 = CARTESIAN_POINT('',(-4.912081777293,-146.2163402595));
#380 = CARTESIAN_POINT('',(-4.921930332584,-146.3397644808));
#381 = CARTESIAN_POINT('',(-4.931725877367,-146.4690525653));
#382 = CARTESIAN_POINT('',(-4.941466447125,-146.6040209779));
#383 = CARTESIAN_POINT('',(-4.970127425632,-147.0197395877));
#384 = CARTESIAN_POINT('',(-4.988879963976,-147.3159952719));
#385 = CARTESIAN_POINT('',(-5.007407515949,-147.6319983358));
#386 = CARTESIAN_POINT('',(-5.025709490747,-147.9665022443));
#387 = CARTESIAN_POINT('',(-5.043784854828,-148.3182616636));
#388 = CARTESIAN_POINT('',(-5.061632158834,-148.6860332502));
#389 = CARTESIAN_POINT('',(-5.079249564519,-149.0685764397));
#390 = CARTESIAN_POINT('',(-5.120725518832,-150.0134952971));
#391 = CARTESIAN_POINT('',(-5.144379621899,-150.5885325445));
#392 = CARTESIAN_POINT('',(-5.167615039509,-151.1870643378));
#393 = CARTESIAN_POINT('',(-5.190449353122,-151.8066228585));
#394 = CARTESIAN_POINT('',(-5.212900036316,-152.4449651681));
#395 = CARTESIAN_POINT('',(-5.234984624087,-153.1000642666));
#396 = CARTESIAN_POINT('',(-5.256720882147,-153.7701001506));
#397 = CARTESIAN_POINT('',(-5.340412044509,-156.4417886903));
#398 = CARTESIAN_POINT('',(-5.400096878233,-158.549079679));
#399 = CARTESIAN_POINT('',(-5.457530482518,-160.7344514814));
#400 = CARTESIAN_POINT('',(-5.513052573462,-162.9673721432));
#401 = CARTESIAN_POINT('',(-5.567011070914,-165.2254523175));
#402 = CARTESIAN_POINT('',(-5.619780868079,-167.4921155088));
#403 = CARTESIAN_POINT('',(-5.671769682365,-169.7540170189));
#404 = CARTESIAN_POINT('',(-5.761551783724,-173.6450023117));
#405 = CARTESIAN_POINT('',(-5.799232389843,-175.2732175561));
#406 = CARTESIAN_POINT('',(-5.836765020953,-176.875141135));
#407 = CARTESIAN_POINT('',(-5.874378685767,-178.4443441989));
#408 = CARTESIAN_POINT('',(-5.912245552523,-179.9682854707));
#409 = CARTESIAN_POINT('',(-5.950484395459,-181.4262620534));
#410 = CARTESIAN_POINT('',(-5.9891820492,-182.788556869));
#411 = CARTESIAN_POINT('',(-6.041533705039,-184.4292475317));
#412 = CARTESIAN_POINT('',(-6.054710826386,-184.8255797811));
#413 = CARTESIAN_POINT('',(-6.067970666832,-185.206313931));
#414 = CARTESIAN_POINT('',(-6.081314395655,-185.5698525371));
#415 = CARTESIAN_POINT('',(-6.094744213181,-185.9145526451));
#416 = CARTESIAN_POINT('',(-6.108263516642,-186.238733588));
#417 = CARTESIAN_POINT('',(-6.121877074672,-186.5406857266));
#418 = CARTESIAN_POINT('',(-6.135591210441,-186.8186801347));
#419 = ( GEOMETRIC_REPRESENTATION_CONTEXT(2)
PARAMETRIC_REPRESENTATION_CONTEXT() REPRESENTATION_CONTEXT('2D SPACE',''
  ) );
#420 = ORIENTED_EDGE('',*,*,#421,.F.);
#421 = EDGE_CURVE('',#46,#103,#422,.T.);
#422 = SURFACE_CURVE('',#423,(#428,#435),.PCURVE_S1.);
#423 = CIRCLE('',#424,75.);
#424 = AXIS2_PLACEMENT_3D('',#425,#426,#427);
#425 = CARTESIAN_POINT('',(300.,-150.,1.26E+03));
#426 = DIRECTION('',(0.,0.,1.));
#427 = DIRECTION('',(1.,0.,0.));
#428 = PCURVE('',#54,#429);
#429 = DEFINITIONAL_REPRESENTATION('',(#430),#434);
#430 = LINE('',#431,#432);
#431 = CARTESIAN_POINT('',(0.,300.));
#432 = VECTOR('',#433,1.);
#433 = DIRECTION('',(1.,0.));
#434 = ( GEOMETRIC_REPRESENTATION_CONTEXT(2)
PARAMETRIC_REPRESENTATION_CONTEXT() REPRESENTATION_CONTEXT('2D SPACE',''
  ) );
#435 = PCURVE('',#90,#436);
#436 = DEFINITIONAL_REPRESENTATION('',(#437),#441);
#437 = CIRCLE('',#438,75.);
#438 = AXIS2_PLACEMENT_2D('',#439,#440);
#439 = CARTESIAN_POINT('',(0.,0.));
#440 = DIRECTION('',(1.,0.));
#441 = ( GEOMETRIC_REPRESENTATION_CONTEXT(2)
PARAMETRIC_REPRESENTATION_CONTEXT() REPRESENTATION_CONTEXT('2D SPACE',''
  ) );
#442 = ORIENTED_EDGE('',*,*,#43,.F.);
#443 = ORIENTED_EDGE('',*,*,#444,.T.);
#444 = EDGE_CURVE('',#44,#44,#445,.T.);
#445 = SURFACE_CURVE('',#446,(#451,#458),.PCURVE_S1.);
#446 = CIRCLE('',#447,75.);
#447 = AXIS2_PLACEMENT_3D('',#448,#449,#450);
#448 = CARTESIAN_POINT('',(300.,-150.,960.));
#449 = DIRECTION('',(0.,0.,1.));
#450 = DIRECTION('',(1.,0.,0.));
#451 = PCURVE('',#54,#452);
#452 = DEFINITIONAL_REPRESENTATION('',(#453),#457);
#453 = LINE('',#454,#455);
#454 = CARTESIAN_POINT('',(0.,0.));
#455 = VECTOR('',#456,1.);
#456 = DIRECTION('',(1.,0.));
#457 = ( GEOMETRIC_REPRESENTATION_CONTEXT(2)
PARAMETRIC_REPRESENTATION_CONTEXT() REPRESENTATION_CONTEXT('2D SPACE',''
  ) );
#458 = PCURVE('',#459,#464);
#459 = PLANE('',#460);
#460 = AXIS2_PLACEMENT_3D('',#461,#462,#463);
#461 = CARTESIAN_POINT('',(300.,-150.,960.));
#462 = DIRECTION('',(0.,0.,1.));
#463 = DIRECTION('',(1.,0.,0.));
#464 = DEFINITIONAL_REPRESENTATION('',(#465),#469);
#465 = CIRCLE('',#466,75.);
#466 = AXIS2_PLACEMENT_2D('',#467,#468);
#467 = CARTESIAN_POINT('',(0.,0.));
#468 = DIRECTION('',(1.,0.));
#469 = ( GEOMETRIC_REPRESENTATION_CONTEXT(2)
PARAMETRIC_REPRESENTATION_CONTEXT() REPRESENTATION_CONTEXT('2D SPACE',''
  ) );
#470 = ADVANCED_FACE('',(#471),#459,.F.);
#471 = FACE_BOUND('',#472,.T.);
#472 = EDGE_LOOP('',(#473));
#473 = ORIENTED_EDGE('',*,*,#444,.F.);
#474 = ADVANCED_FACE('',(#475),#90,.T.);
#475 = FACE_BOUND('',#476,.T.);
#476 = EDGE_LOOP('',(#477,#478,#479,#500,#526));
#477 = ORIENTED_EDGE('',*,*,#73,.T.);
#478 = ORIENTED_EDGE('',*,*,#421,.T.);
#479 = ORIENTED_EDGE('',*,*,#480,.F.);
#480 = EDGE_CURVE('',#481,#103,#483,.T.);
#481 = VERTEX_POINT('',#482);
#482 = CARTESIAN_POINT('',(367.2606868832,-150.,1.26E+03));
#483 = SURFACE_CURVE('',#484,(#488,#494),.PCURVE_S1.);
#484 = LINE('',#485,#486);
#485 = CARTESIAN_POINT('',(367.2606868832,70.,1.26E+03));
#486 = VECTOR('',#487,1.);
#487 = DIRECTION('',(-0.,1.,-0.));
#488 = PCURVE('',#90,#489);
#489 = DEFINITIONAL_REPRESENTATION('',(#490),#493);
#490 = B_SPLINE_CURVE_WITH_KNOTS('',1,(#491,#492),.UNSPECIFIED.,.F.,.F.,
  (2,2),(-220.0000006,-130.),.PIECEWISE_BEZIER_KNOTS.);
#491 = CARTESIAN_POINT('',(67.260686883201,-5.999999928008E-07));
#492 = CARTESIAN_POINT('',(67.260686883201,90.));
#493 = ( GEOMETRIC_REPRESENTATION_CONTEXT(2)
PARAMETRIC_REPRESENTATION_CONTEXT() REPRESENTATION_CONTEXT('2D SPACE',''
  ) );
#494 = PCURVE('',#312,#495);
#495 = DEFINITIONAL_REPRESENTATION('',(#496),#499);
#496 = B_SPLINE_CURVE_WITH_KNOTS('',1,(#497,#498),.UNSPECIFIED.,.F.,.F.,
  (2,2),(-220.0000006,-130.),.PIECEWISE_BEZIER_KNOTS.);
#497 = CARTESIAN_POINT('',(-6.135591201521,-220.0000006));
#498 = CARTESIAN_POINT('',(-6.135591201521,-130.));
#499 = ( GEOMETRIC_REPRESENTATION_CONTEXT(2)
PARAMETRIC_REPRESENTATION_CONTEXT() REPRESENTATION_CONTEXT('2D SPACE',''
  ) );
#500 = ORIENTED_EDGE('',*,*,#501,.F.);
#501 = EDGE_CURVE('',#502,#481,#504,.T.);
#502 = VERTEX_POINT('',#503);
#503 = CARTESIAN_POINT('',(232.73931311679,-150.,1.26E+03));
#504 = SURFACE_CURVE('',#505,(#509,#515),.PCURVE_S1.);
#505 = LINE('',#506,#507);
#506 = CARTESIAN_POINT('',(300.,-150.,1.26E+03));
#507 = VECTOR('',#508,1.);
#508 = DIRECTION('',(1.,0.,0.));
#509 = PCURVE('',#90,#510);
#510 = DEFINITIONAL_REPRESENTATION('',(#511),#514);
#511 = B_SPLINE_CURVE_WITH_KNOTS('',1,(#512,#513),.UNSPECIFIED.,.F.,.F.,
  (2,2),(-68.,68.),.PIECEWISE_BEZIER_KNOTS.);
#512 = CARTESIAN_POINT('',(-68.,0.));
#513 = CARTESIAN_POINT('',(68.,0.));
#514 = ( GEOMETRIC_REPRESENTATION_CONTEXT(2)
PARAMETRIC_REPRESENTATION_CONTEXT() REPRESENTATION_CONTEXT('2D SPACE',''
  ) );
#515 = PCURVE('',#516,#521);
#516 = PLANE('',#517);
#517 = AXIS2_PLACEMENT_3D('',#518,#519,#520);
#518 = CARTESIAN_POINT('',(300.,-150.,1.27E+03));
#519 = DIRECTION('',(-0.,-1.,-0.));
#520 = DIRECTION('',(0.,0.,-1.));
#521 = DEFINITIONAL_REPRESENTATION('',(#522),#525);
#522 = B_SPLINE_CURVE_WITH_KNOTS('',1,(#523,#524),.UNSPECIFIED.,.F.,.F.,
  (2,2),(-68.,68.),.PIECEWISE_BEZIER_KNOTS.);
#523 = CARTESIAN_POINT('',(10.,-68.));
#524 = CARTESIAN_POINT('',(10.,68.));
#525 = ( GEOMETRIC_REPRESENTATION_CONTEXT(2)
PARAMETRIC_REPRESENTATION_CONTEXT() REPRESENTATION_CONTEXT('2D SPACE',''
  ) );
#526 = ORIENTED_EDGE('',*,*,#527,.T.);
#527 = EDGE_CURVE('',#502,#74,#528,.T.);
#528 = SURFACE_CURVE('',#529,(#533,#539),.PCURVE_S1.);
#529 = LINE('',#530,#531);
#530 = CARTESIAN_POINT('',(232.73931311679,70.,1.26E+03));
#531 = VECTOR('',#532,1.);
#532 = DIRECTION('',(-0.,1.,-0.));
#533 = PCURVE('',#90,#534);
#534 = DEFINITIONAL_REPRESENTATION('',(#535),#538);
#535 = B_SPLINE_CURVE_WITH_KNOTS('',1,(#536,#537),.UNSPECIFIED.,.F.,.F.,
  (2,2),(-220.0000006,-130.),.PIECEWISE_BEZIER_KNOTS.);
#536 = CARTESIAN_POINT('',(-67.2606868832,-5.999999928008E-07));
#537 = CARTESIAN_POINT('',(-67.2606868832,90.));
#538 = ( GEOMETRIC_REPRESENTATION_CONTEXT(2)
PARAMETRIC_REPRESENTATION_CONTEXT() REPRESENTATION_CONTEXT('2D SPACE',''
  ) );
#539 = PCURVE('',#312,#540);
#540 = DEFINITIONAL_REPRESENTATION('',(#541),#544);
#541 = B_SPLINE_CURVE_WITH_KNOTS('',1,(#542,#543),.UNSPECIFIED.,.F.,.F.,
  (2,2),(-220.0000006,-130.),.PIECEWISE_BEZIER_KNOTS.);
#542 = CARTESIAN_POINT('',(-3.289186759249,-220.0000006));
#543 = CARTESIAN_POINT('',(-3.289186759249,-130.));
#544 = ( GEOMETRIC_REPRESENTATION_CONTEXT(2)
PARAMETRIC_REPRESENTATION_CONTEXT() REPRESENTATION_CONTEXT('2D SPACE',''
  ) );
#545 = ADVANCED_FACE('',(#546),#312,.T.);
#546 = FACE_BOUND('',#547,.F.);
#547 = EDGE_LOOP('',(#548,#572,#573,#574,#575,#597,#620,#649,#779,#805,
    #827));
#548 = ORIENTED_EDGE('',*,*,#549,.T.);
#549 = EDGE_CURVE('',#550,#502,#552,.T.);
#550 = VERTEX_POINT('',#551);
#551 = CARTESIAN_POINT('',(368.,-150.,1.27E+03));
#552 = SURFACE_CURVE('',#553,(#558,#565),.PCURVE_S1.);
#553 = CIRCLE('',#554,68.);
#554 = AXIS2_PLACEMENT_3D('',#555,#556,#557);
#555 = CARTESIAN_POINT('',(300.,-150.,1.27E+03));
#556 = DIRECTION('',(0.,-1.,0.));
#557 = DIRECTION('',(1.,0.,0.));
#558 = PCURVE('',#312,#559);
#559 = DEFINITIONAL_REPRESENTATION('',(#560),#564);
#560 = LINE('',#561,#562);
#561 = CARTESIAN_POINT('',(-0.,-220.));
#562 = VECTOR('',#563,1.);
#563 = DIRECTION('',(-1.,0.));
#564 = ( GEOMETRIC_REPRESENTATION_CONTEXT(2)
PARAMETRIC_REPRESENTATION_CONTEXT() REPRESENTATION_CONTEXT('2D SPACE',''
  ) );
#565 = PCURVE('',#516,#566);
#566 = DEFINITIONAL_REPRESENTATION('',(#567),#571);
#567 = CIRCLE('',#568,68.);
#568 = AXIS2_PLACEMENT_2D('',#569,#570);
#569 = CARTESIAN_POINT('',(0.,0.));
#570 = DIRECTION('',(0.,1.));
#571 = ( GEOMETRIC_REPRESENTATION_CONTEXT(2)
PARAMETRIC_REPRESENTATION_CONTEXT() REPRESENTATION_CONTEXT('2D SPACE',''
  ) );
#572 = ORIENTED_EDGE('',*,*,#527,.T.);
#573 = ORIENTED_EDGE('',*,*,#102,.T.);
#574 = ORIENTED_EDGE('',*,*,#480,.F.);
#575 = ORIENTED_EDGE('',*,*,#576,.T.);
#576 = EDGE_CURVE('',#481,#550,#577,.T.);
#577 = SURFACE_CURVE('',#578,(#583,#590),.PCURVE_S1.);
#578 = CIRCLE('',#579,68.);
#579 = AXIS2_PLACEMENT_3D('',#580,#581,#582);
#580 = CARTESIAN_POINT('',(300.,-150.,1.27E+03));
#581 = DIRECTION('',(0.,-1.,0.));
#582 = DIRECTION('',(1.,0.,0.));
#583 = PCURVE('',#312,#584);
#584 = DEFINITIONAL_REPRESENTATION('',(#585),#589);
#585 = LINE('',#586,#587);
#586 = CARTESIAN_POINT('',(-0.,-220.));
#587 = VECTOR('',#588,1.);
#588 = DIRECTION('',(-1.,0.));
#589 = ( GEOMETRIC_REPRESENTATION_CONTEXT(2)
PARAMETRIC_REPRESENTATION_CONTEXT() REPRESENTATION_CONTEXT('2D SPACE',''
  ) );
#590 = PCURVE('',#516,#591);
#591 = DEFINITIONAL_REPRESENTATION('',(#592),#596);
#592 = CIRCLE('',#593,68.);
#593 = AXIS2_PLACEMENT_2D('',#594,#595);
#594 = CARTESIAN_POINT('',(0.,0.));
#595 = DIRECTION('',(0.,1.));
#596 = ( GEOMETRIC_REPRESENTATION_CONTEXT(2)
PARAMETRIC_REPRESENTATION_CONTEXT() REPRESENTATION_CONTEXT('2D SPACE',''
  ) );
#597 = ORIENTED_EDGE('',*,*,#598,.F.);
#598 = EDGE_CURVE('',#599,#550,#601,.T.);
#599 = VERTEX_POINT('',#600);
#600 = CARTESIAN_POINT('',(368.,290.,1.27E+03));
#601 = SEAM_CURVE('',#602,(#606,#613),.PCURVE_S1.);
#602 = LINE('',#603,#604);
#603 = CARTESIAN_POINT('',(368.,290.,1.27E+03));
#604 = VECTOR('',#605,1.);
#605 = DIRECTION('',(0.,-1.,0.));
#606 = PCURVE('',#312,#607);
#607 = DEFINITIONAL_REPRESENTATION('',(#608),#612);
#608 = LINE('',#609,#610);
#609 = CARTESIAN_POINT('',(-6.28318530718,220.));
#610 = VECTOR('',#611,1.);
#611 = DIRECTION('',(-0.,-1.));
#612 = ( GEOMETRIC_REPRESENTATION_CONTEXT(2)
PARAMETRIC_REPRESENTATION_CONTEXT() REPRESENTATION_CONTEXT('2D SPACE',''
  ) );
#613 = PCURVE('',#312,#614);
#614 = DEFINITIONAL_REPRESENTATION('',(#615),#619);
#615 = LINE('',#616,#617);
#616 = CARTESIAN_POINT('',(-0.,220.));
#617 = VECTOR('',#618,1.);
#618 = DIRECTION('',(-0.,-1.));
#619 = ( GEOMETRIC_REPRESENTATION_CONTEXT(2)
PARAMETRIC_REPRESENTATION_CONTEXT() REPRESENTATION_CONTEXT('2D SPACE',''
  ) );
#620 = ORIENTED_EDGE('',*,*,#621,.F.);
#621 = EDGE_CURVE('',#622,#599,#624,.T.);
#622 = VERTEX_POINT('',#623);
#623 = CARTESIAN_POINT('',(326.,290.,1.33283311229E+03));
#624 = SURFACE_CURVE('',#625,(#630,#637),.PCURVE_S1.);
#625 = CIRCLE('',#626,68.);
#626 = AXIS2_PLACEMENT_3D('',#627,#628,#629);
#627 = CARTESIAN_POINT('',(300.,290.,1.27E+03));
#628 = DIRECTION('',(0.,-1.,0.));
#629 = DIRECTION('',(1.,0.,0.));
#630 = PCURVE('',#312,#631);
#631 = DEFINITIONAL_REPRESENTATION('',(#632),#636);
#632 = LINE('',#633,#634);
#633 = CARTESIAN_POINT('',(0.,220.));
#634 = VECTOR('',#635,1.);
#635 = DIRECTION('',(-1.,-0.));
#636 = ( GEOMETRIC_REPRESENTATION_CONTEXT(2)
PARAMETRIC_REPRESENTATION_CONTEXT() REPRESENTATION_CONTEXT('2D SPACE',''
  ) );
#637 = PCURVE('',#638,#643);
#638 = PLANE('',#639);
#639 = AXIS2_PLACEMENT_3D('',#640,#641,#642);
#640 = CARTESIAN_POINT('',(300.,290.,1.27E+03));
#641 = DIRECTION('',(-0.,-1.,-0.));
#642 = DIRECTION('',(0.,0.,-1.));
#643 = DEFINITIONAL_REPRESENTATION('',(#644),#648);
#644 = CIRCLE('',#645,68.);
#645 = AXIS2_PLACEMENT_2D('',#646,#647);
#646 = CARTESIAN_POINT('',(0.,0.));
#647 = DIRECTION('',(0.,1.));
#648 = ( GEOMETRIC_REPRESENTATION_CONTEXT(2)
PARAMETRIC_REPRESENTATION_CONTEXT() REPRESENTATION_CONTEXT('2D SPACE',''
  ) );
#649 = ORIENTED_EDGE('',*,*,#650,.T.);
#650 = EDGE_CURVE('',#622,#651,#653,.T.);
#651 = VERTEX_POINT('',#652);
#652 = CARTESIAN_POINT('',(361.02458520956,232.93490263109,1.3E+03));
#653 = SURFACE_CURVE('',#654,(#692,#733),.PCURVE_S1.);
#654 = B_SPLINE_CURVE_WITH_KNOTS('',6,(#655,#656,#657,#658,#659,#660,
    #661,#662,#663,#664,#665,#666,#667,#668,#669,#670,#671,#672,#673,
    #674,#675,#676,#677,#678,#679,#680,#681,#682,#683,#684,#685,#686,
    #687,#688,#689,#690,#691),.UNSPECIFIED.,.F.,.F.,(7,5,5,5,5,5,5,7),(
    0.,0.226579219402,0.411256639822,0.507968025963,0.674060905736,
    0.804936139568,0.870839684842,1.),.UNSPECIFIED.);
#655 = CARTESIAN_POINT('',(326.,290.0000006,1.33283311229E+03));
#656 = CARTESIAN_POINT('',(325.99999997266,287.08423087535,
    1.332833112301E+03));
#657 = CARTESIAN_POINT('',(326.15940662328,284.16806398697,
    1.33276715054E+03));
#658 = CARTESIAN_POINT('',(326.4783043256,281.25910971401,
    1.332635193089E+03));
#659 = CARTESIAN_POINT('',(326.95696918008,278.3651587846,
    1.332433570351E+03));
#660 = CARTESIAN_POINT('',(327.59579807618,275.49466522725,
    1.332155005639E+03));
#661 = CARTESIAN_POINT('',(329.045639114,270.34450706092,
    1.331488732669E+03));
#662 = CARTESIAN_POINT('',(329.80336670263,268.0523071104,
    1.331130548486E+03));
#663 = CARTESIAN_POINT('',(330.6670619824,265.78881907636,
    1.330707355363E+03));
#664 = CARTESIAN_POINT('',(331.634930417,263.56225691414,
    1.330211647655E+03));
#665 = CARTESIAN_POINT('',(332.7040281495,261.38074193862,
    1.329634341857E+03));
#666 = CARTESIAN_POINT('',(334.4806572132,258.13751537212,
    1.328613822187E+03));
#667 = CARTESIAN_POINT('',(335.11771886719,257.03760551647,
    1.328237793839E+03));
#668 = CARTESIAN_POINT('',(335.78011293924,255.95444822996,
    1.327835213173E+03));
#669 = CARTESIAN_POINT('',(336.46653866707,254.88984442525,
    1.32740478028E+03));
#670 = CARTESIAN_POINT('',(337.17552973993,253.84541048254,
    1.326945175499E+03));
#671 = CARTESIAN_POINT('',(339.15908968714,251.06596493714,
    1.325613359194E+03));
#672 = CARTESIAN_POINT('',(340.47581376378,249.37124256952,
    1.324680810784E+03));
#673 = CARTESIAN_POINT('',(341.84343388404,247.75194179808,
    1.323653225161E+03));
#674 = CARTESIAN_POINT('',(343.24776464135,246.21753198486,
    1.322527767207E+03));
#675 = CARTESIAN_POINT('',(344.67361083218,244.77400850296,
    1.321303643725E+03));
#676 = CARTESIAN_POINT('',(347.23394514614,242.36106064519,
    1.318941913736E+03));
#677 = CARTESIAN_POINT('',(348.36457472392,241.35745356869,
    1.317842410974E+03));
#678 = CARTESIAN_POINT('',(349.48961238732,240.41516107518,
    1.316685762316E+03));
#679 = CARTESIAN_POINT('',(350.60116991267,239.53449272903,
    1.315474670929E+03));
#680 = CARTESIAN_POINT('',(351.69162605002,238.71476947743,
    1.314213234021E+03));
#681 = CARTESIAN_POINT('',(353.28883608001,237.57173342299,
    1.312249480967E+03));
#682 = CARTESIAN_POINT('',(353.81673666851,237.20392025172,
    1.31158033278E+03));
#683 = CARTESIAN_POINT('',(354.33690895841,236.85079292573,
    1.310900189786E+03));
#684 = CARTESIAN_POINT('',(354.84867630854,236.5120142912,
    1.310209583515E+03));
#685 = CARTESIAN_POINT('',(355.35139635643,236.18723009979,
    1.309509108962E+03));
#686 = CARTESIAN_POINT('',(356.81080773795,235.26625162832,
    1.307408561077E+03));
#687 = CARTESIAN_POINT('',(357.73966178218,234.70903590472,
    1.305982937585E+03));
#688 = CARTESIAN_POINT('',(358.6279152604,234.20071408184,
    1.304525636133E+03));
#689 = CARTESIAN_POINT('',(359.47288470245,233.73776186123,
    1.303040104754E+03));
#690 = CARTESIAN_POINT('',(360.27234979295,233.31685822115,
    1.301530161847E+03));
#691 = CARTESIAN_POINT('',(361.02458550453,232.93490248132,
    1.2999999994E+03));
#692 = PCURVE('',#312,#693);
#693 = DEFINITIONAL_REPRESENTATION('',(#694),#732);
#694 = B_SPLINE_CURVE_WITH_KNOTS('',6,(#695,#696,#697,#698,#699,#700,
    #701,#702,#703,#704,#705,#706,#707,#708,#709,#710,#711,#712,#713,
    #714,#715,#716,#717,#718,#719,#720,#721,#722,#723,#724,#725,#726,
    #727,#728,#729,#730,#731),.UNSPECIFIED.,.F.,.F.,(7,5,5,5,5,5,5,7),(
    0.,0.226579219402,0.411256639822,0.507968025963,0.674060905736,
    0.804936139568,0.870839684842,1.),.UNSPECIFIED.);
#695 = CARTESIAN_POINT('',(-1.17845493969,220.0000006));
#696 = CARTESIAN_POINT('',(-1.178454940125,217.08423087535));
#697 = CARTESIAN_POINT('',(-1.175917948336,214.16806398697));
#698 = CARTESIAN_POINT('',(-1.170842667602,211.25910971401));
#699 = CARTESIAN_POINT('',(-1.163204582512,208.3651587846));
#700 = CARTESIAN_POINT('',(-1.152957680361,205.49466522725));
#701 = CARTESIAN_POINT('',(-1.12949288533,200.34450706092));
#702 = CARTESIAN_POINT('',(-1.117168291984,198.0523071104));
#703 = CARTESIAN_POINT('',(-1.103026422449,195.78881907636));
#704 = CARTESIAN_POINT('',(-1.087039423708,193.56225691414));
#705 = CARTESIAN_POINT('',(-1.069177773792,191.38074193862));
#706 = CARTESIAN_POINT('',(-1.039047322034,188.13751537212));
#707 = CARTESIAN_POINT('',(-1.028169259568,187.03760551647));
#708 = CARTESIAN_POINT('',(-1.016771671322,185.95444822996));
#709 = CARTESIAN_POINT('',(-1.004858616019,184.88984442525));
#710 = CARTESIAN_POINT('',(-0.992434810189,183.84541048254));
#711 = CARTESIAN_POINT('',(-0.957299614268,181.06596493714));
#712 = CARTESIAN_POINT('',(-0.933578933554,179.37124256951));
#713 = CARTESIAN_POINT('',(-0.908438057283,177.75194179808));
#714 = CARTESIAN_POINT('',(-0.881993855525,176.21753198486));
#715 = CARTESIAN_POINT('',(-0.854375640701,174.77400850296));
#716 = CARTESIAN_POINT('',(-0.803151270915,172.36106064519));
#717 = CARTESIAN_POINT('',(-0.779966711589,171.35745356869));
#718 = CARTESIAN_POINT('',(-0.756252262996,170.41516107518));
#719 = CARTESIAN_POINT('',(-0.732093424235,169.53449272903));
#720 = CARTESIAN_POINT('',(-0.707583495579,168.71476947743));
#721 = CARTESIAN_POINT('',(-0.670358709816,167.57173342299));
#722 = CARTESIAN_POINT('',(-0.657826074947,167.20392025172));
#723 = CARTESIAN_POINT('',(-0.645236229586,166.85079292573));
#724 = CARTESIAN_POINT('',(-0.632597841694,166.5120142912));
#725 = CARTESIAN_POINT('',(-0.619919884079,166.18723009979));
#726 = CARTESIAN_POINT('',(-0.582305631951,165.26625162832));
#727 = CARTESIAN_POINT('',(-0.55729434198,164.70903590472));
#728 = CARTESIAN_POINT('',(-0.532213352764,164.20071408184));
#729 = CARTESIAN_POINT('',(-0.507097808867,163.73776186123));
#730 = CARTESIAN_POINT('',(-0.48198371305,163.31685822115));
#731 = CARTESIAN_POINT('',(-0.456909188829,162.93490248132));
#732 = ( GEOMETRIC_REPRESENTATION_CONTEXT(2)
PARAMETRIC_REPRESENTATION_CONTEXT() REPRESENTATION_CONTEXT('2D SPACE',''
  ) );
#733 = PCURVE('',#734,#739);
#734 = CYLINDRICAL_SURFACE('',#735,64.);
#735 = AXIS2_PLACEMENT_3D('',#736,#737,#738);
#736 = CARTESIAN_POINT('',(390.,290.,1.3E+03));
#737 = DIRECTION('',(0.,0.,1.));
#738 = DIRECTION('',(1.,0.,0.));
#739 = DEFINITIONAL_REPRESENTATION('',(#740),#778);
#740 = B_SPLINE_CURVE_WITH_KNOTS('',6,(#741,#742,#743,#744,#745,#746,
    #747,#748,#749,#750,#751,#752,#753,#754,#755,#756,#757,#758,#759,
    #760,#761,#762,#763,#764,#765,#766,#767,#768,#769,#770,#771,#772,
    #773,#774,#775,#776,#777),.UNSPECIFIED.,.F.,.F.,(7,5,5,5,5,5,5,7),(
    0.,0.226579219402,0.411256639822,0.507968025963,0.674060905736,
    0.804936139568,0.870839684842,1.),.UNSPECIFIED.);
#741 = CARTESIAN_POINT('',(3.141592644215,32.83311228962));
#742 = CARTESIAN_POINT('',(3.187151546162,32.833112300931));
#743 = CARTESIAN_POINT('',(3.232716645495,32.767150539517));
#744 = CARTESIAN_POINT('',(3.278339308131,32.635193088923));
#745 = CARTESIAN_POINT('',(3.324068061162,32.433570350578));
#746 = CARTESIAN_POINT('',(3.369946236214,32.155005638776));
#747 = CARTESIAN_POINT('',(3.453545342603,31.488732668691));
#748 = CARTESIAN_POINT('',(3.491229189554,31.130548485763));
#749 = CARTESIAN_POINT('',(3.52902511947,30.707355363165));
#750 = CARTESIAN_POINT('',(3.566900799419,30.211647655164));
#751 = CARTESIAN_POINT('',(3.60482090446,29.634341856749));
#752 = CARTESIAN_POINT('',(3.662601574312,28.61382218734));
#753 = CARTESIAN_POINT('',(3.682456588373,28.237793839211));
#754 = CARTESIAN_POINT('',(3.702286300809,27.835213173134));
#755 = CARTESIAN_POINT('',(3.722070321721,27.404780279701));
#756 = CARTESIAN_POINT('',(3.741789012055,26.945175498533));
#757 = CARTESIAN_POINT('',(3.795142902247,25.613359194033));
#758 = CARTESIAN_POINT('',(3.828648311764,24.680810783863));
#759 = CARTESIAN_POINT('',(3.861725453772,23.653225161443));
#760 = CARTESIAN_POINT('',(3.894189754309,22.527767207322));
#761 = CARTESIAN_POINT('',(3.925872410472,21.303643725074));
#762 = CARTESIAN_POINT('',(3.980844058801,18.941913735832));
#763 = CARTESIAN_POINT('',(4.004455443882,17.842410974439));
#764 = CARTESIAN_POINT('',(4.027371939483,16.68576231575));
#765 = CARTESIAN_POINT('',(4.049519196069,15.474670929141));
#766 = CARTESIAN_POINT('',(4.070828996062,14.213234021416));
#767 = CARTESIAN_POINT('',(4.10151775026,12.249480967237));
#768 = CARTESIAN_POINT('',(4.111570100052,11.580332780288));
#769 = CARTESIAN_POINT('',(4.121392663639,10.900189785845));
#770 = CARTESIAN_POINT('',(4.130981432131,10.209583515183));
#771 = CARTESIAN_POINT('',(4.140332594649,9.509108961936));
#772 = CARTESIAN_POINT('',(4.167296849259,7.408561076899));
#773 = CARTESIAN_POINT('',(4.184217076675,5.982937584727));
#774 = CARTESIAN_POINT('',(4.200203323904,4.525636132804));
#775 = CARTESIAN_POINT('',(4.21525445893,3.040104753949));
#776 = CARTESIAN_POINT('',(4.229370032033,1.530161847295));
#777 = CARTESIAN_POINT('',(4.24255209505,-6.E-07));
#778 = ( GEOMETRIC_REPRESENTATION_CONTEXT(2)
PARAMETRIC_REPRESENTATION_CONTEXT() REPRESENTATION_CONTEXT('2D SPACE',''
  ) );
#779 = ORIENTED_EDGE('',*,*,#780,.F.);
#780 = EDGE_CURVE('',#781,#651,#783,.T.);
#781 = VERTEX_POINT('',#782);
#782 = CARTESIAN_POINT('',(361.02458520956,290.,1.3E+03));
#783 = SURFACE_CURVE('',#784,(#788,#794),.PCURVE_S1.);
#784 = LINE('',#785,#786);
#785 = CARTESIAN_POINT('',(361.02458520956,70.,1.3E+03));
#786 = VECTOR('',#787,1.);
#787 = DIRECTION('',(0.,-1.,0.));
#788 = PCURVE('',#312,#789);
#789 = DEFINITIONAL_REPRESENTATION('',(#790),#793);
#790 = B_SPLINE_CURVE_WITH_KNOTS('',1,(#791,#792),.UNSPECIFIED.,.F.,.F.,
  (2,2),(-220.0000006,-143.2),.PIECEWISE_BEZIER_KNOTS.);
#791 = CARTESIAN_POINT('',(-0.456909198662,220.0000006));
#792 = CARTESIAN_POINT('',(-0.456909198662,143.2));
#793 = ( GEOMETRIC_REPRESENTATION_CONTEXT(2)
PARAMETRIC_REPRESENTATION_CONTEXT() REPRESENTATION_CONTEXT('2D SPACE',''
  ) );
#794 = PCURVE('',#795,#800);
#795 = PLANE('',#796);
#796 = AXIS2_PLACEMENT_3D('',#797,#798,#799);
#797 = CARTESIAN_POINT('',(390.,290.,1.3E+03));
#798 = DIRECTION('',(0.,0.,1.));
#799 = DIRECTION('',(1.,0.,0.));
#800 = DEFINITIONAL_REPRESENTATION('',(#801),#804);
#801 = B_SPLINE_CURVE_WITH_KNOTS('',1,(#802,#803),.UNSPECIFIED.,.F.,.F.,
  (2,2),(-220.0000006,-143.2),.PIECEWISE_BEZIER_KNOTS.);
#802 = CARTESIAN_POINT('',(-28.97541479043,6.000000212225E-07));
#803 = CARTESIAN_POINT('',(-28.97541479043,-76.8));
#804 = ( GEOMETRIC_REPRESENTATION_CONTEXT(2)
PARAMETRIC_REPRESENTATION_CONTEXT() REPRESENTATION_CONTEXT('2D SPACE',''
  ) );
#805 = ORIENTED_EDGE('',*,*,#806,.F.);
#806 = EDGE_CURVE('',#599,#781,#807,.T.);
#807 = SURFACE_CURVE('',#808,(#813,#820),.PCURVE_S1.);
#808 = CIRCLE('',#809,68.);
#809 = AXIS2_PLACEMENT_3D('',#810,#811,#812);
#810 = CARTESIAN_POINT('',(300.,290.,1.27E+03));
#811 = DIRECTION('',(0.,-1.,0.));
#812 = DIRECTION('',(1.,0.,0.));
#813 = PCURVE('',#312,#814);
#814 = DEFINITIONAL_REPRESENTATION('',(#815),#819);
#815 = LINE('',#816,#817);
#816 = CARTESIAN_POINT('',(0.,220.));
#817 = VECTOR('',#818,1.);
#818 = DIRECTION('',(-1.,-0.));
#819 = ( GEOMETRIC_REPRESENTATION_CONTEXT(2)
PARAMETRIC_REPRESENTATION_CONTEXT() REPRESENTATION_CONTEXT('2D SPACE',''
  ) );
#820 = PCURVE('',#638,#821);
#821 = DEFINITIONAL_REPRESENTATION('',(#822),#826);
#822 = CIRCLE('',#823,68.);
#823 = AXIS2_PLACEMENT_2D('',#824,#825);
#824 = CARTESIAN_POINT('',(0.,0.));
#825 = DIRECTION('',(0.,1.));
#826 = ( GEOMETRIC_REPRESENTATION_CONTEXT(2)
PARAMETRIC_REPRESENTATION_CONTEXT() REPRESENTATION_CONTEXT('2D SPACE',''
  ) );
#827 = ORIENTED_EDGE('',*,*,#598,.T.);
#828 = ADVANCED_FACE('',(#829),#516,.T.);
#829 = FACE_BOUND('',#830,.T.);
#830 = EDGE_LOOP('',(#831,#832,#833));
#831 = ORIENTED_EDGE('',*,*,#576,.T.);
#832 = ORIENTED_EDGE('',*,*,#549,.T.);
#833 = ORIENTED_EDGE('',*,*,#501,.T.);
#834 = ADVANCED_FACE('',(#835),#638,.F.);
#835 = FACE_BOUND('',#836,.F.);
#836 = EDGE_LOOP('',(#837,#838,#839,#860));
#837 = ORIENTED_EDGE('',*,*,#621,.T.);
#838 = ORIENTED_EDGE('',*,*,#806,.T.);
#839 = ORIENTED_EDGE('',*,*,#840,.T.);
#840 = EDGE_CURVE('',#781,#841,#843,.T.);
#841 = VERTEX_POINT('',#842);
#842 = CARTESIAN_POINT('',(326.,290.,1.3E+03));
#843 = SURFACE_CURVE('',#844,(#848,#854),.PCURVE_S1.);
#844 = LINE('',#845,#846);
#845 = CARTESIAN_POINT('',(345.,290.,1.3E+03));
#846 = VECTOR('',#847,1.);
#847 = DIRECTION('',(-1.,0.,0.));
#848 = PCURVE('',#638,#849);
#849 = DEFINITIONAL_REPRESENTATION('',(#850),#853);
#850 = B_SPLINE_CURVE_WITH_KNOTS('',1,(#851,#852),.UNSPECIFIED.,.F.,.F.,
  (2,2),(-23.,19.),.PIECEWISE_BEZIER_KNOTS.);
#851 = CARTESIAN_POINT('',(-30.,68.));
#852 = CARTESIAN_POINT('',(-30.,26.));
#853 = ( GEOMETRIC_REPRESENTATION_CONTEXT(2)
PARAMETRIC_REPRESENTATION_CONTEXT() REPRESENTATION_CONTEXT('2D SPACE',''
  ) );
#854 = PCURVE('',#795,#855);
#855 = DEFINITIONAL_REPRESENTATION('',(#856),#859);
#856 = B_SPLINE_CURVE_WITH_KNOTS('',1,(#857,#858),.UNSPECIFIED.,.F.,.F.,
  (2,2),(-23.,19.),.PIECEWISE_BEZIER_KNOTS.);
#857 = CARTESIAN_POINT('',(-22.,0.));
#858 = CARTESIAN_POINT('',(-64.,0.));
#859 = ( GEOMETRIC_REPRESENTATION_CONTEXT(2)
PARAMETRIC_REPRESENTATION_CONTEXT() REPRESENTATION_CONTEXT('2D SPACE',''
  ) );
#860 = ORIENTED_EDGE('',*,*,#861,.T.);
#861 = EDGE_CURVE('',#841,#622,#862,.T.);
#862 = SURFACE_CURVE('',#863,(#867,#873),.PCURVE_S1.);
#863 = LINE('',#864,#865);
#864 = CARTESIAN_POINT('',(326.,290.,1.3E+03));
#865 = VECTOR('',#866,1.);
#866 = DIRECTION('',(0.,0.,1.));
#867 = PCURVE('',#638,#868);
#868 = DEFINITIONAL_REPRESENTATION('',(#869),#872);
#869 = B_SPLINE_CURVE_WITH_KNOTS('',1,(#870,#871),.UNSPECIFIED.,.F.,.F.,
  (2,2),(-6.000000212225E-07,51.6),.PIECEWISE_BEZIER_KNOTS.);
#870 = CARTESIAN_POINT('',(-29.9999994,26.));
#871 = CARTESIAN_POINT('',(-81.6,26.));
#872 = ( GEOMETRIC_REPRESENTATION_CONTEXT(2)
PARAMETRIC_REPRESENTATION_CONTEXT() REPRESENTATION_CONTEXT('2D SPACE',''
  ) );
#873 = PCURVE('',#734,#874);
#874 = DEFINITIONAL_REPRESENTATION('',(#875),#878);
#875 = B_SPLINE_CURVE_WITH_KNOTS('',1,(#876,#877),.UNSPECIFIED.,.F.,.F.,
  (2,2),(-6.000000212225E-07,51.6),.PIECEWISE_BEZIER_KNOTS.);
#876 = CARTESIAN_POINT('',(3.14159265359,-6.000000212225E-07));
#877 = CARTESIAN_POINT('',(3.14159265359,51.6));
#878 = ( GEOMETRIC_REPRESENTATION_CONTEXT(2)
PARAMETRIC_REPRESENTATION_CONTEXT() REPRESENTATION_CONTEXT('2D SPACE',''
  ) );
#879 = ADVANCED_FACE('',(#880),#734,.T.);
#880 = FACE_BOUND('',#881,.T.);
#881 = EDGE_LOOP('',(#882,#913,#936,#958,#959,#960,#982,#983,#1007));
#882 = ORIENTED_EDGE('',*,*,#883,.F.);
#883 = EDGE_CURVE('',#884,#886,#888,.T.);
#884 = VERTEX_POINT('',#885);
#885 = CARTESIAN_POINT('',(454.,290.,1.56E+03));
#886 = VERTEX_POINT('',#887);
#887 = CARTESIAN_POINT('',(447.13142742834,318.84441020371,1.56E+03));
#888 = SURFACE_CURVE('',#889,(#894,#901),.PCURVE_S1.);
#889 = CIRCLE('',#890,64.);
#890 = AXIS2_PLACEMENT_3D('',#891,#892,#893);
#891 = CARTESIAN_POINT('',(390.,290.,1.56E+03));
#892 = DIRECTION('',(0.,0.,1.));
#893 = DIRECTION('',(1.,0.,0.));
#894 = PCURVE('',#734,#895);
#895 = DEFINITIONAL_REPRESENTATION('',(#896),#900);
#896 = LINE('',#897,#898);
#897 = CARTESIAN_POINT('',(0.,260.));
#898 = VECTOR('',#899,1.);
#899 = DIRECTION('',(1.,0.));
#900 = ( GEOMETRIC_REPRESENTATION_CONTEXT(2)
PARAMETRIC_REPRESENTATION_CONTEXT() REPRESENTATION_CONTEXT('2D SPACE',''
  ) );
#901 = PCURVE('',#902,#907);
#902 = PLANE('',#903);
#903 = AXIS2_PLACEMENT_3D('',#904,#905,#906);
#904 = CARTESIAN_POINT('',(390.,290.,1.56E+03));
#905 = DIRECTION('',(0.,0.,1.));
#906 = DIRECTION('',(1.,0.,0.));
#907 = DEFINITIONAL_REPRESENTATION('',(#908),#912);
#908 = CIRCLE('',#909,64.);
#909 = AXIS2_PLACEMENT_2D('',#910,#911);
#910 = CARTESIAN_POINT('',(0.,0.));
#911 = DIRECTION('',(1.,0.));
#912 = ( GEOMETRIC_REPRESENTATION_CONTEXT(2)
PARAMETRIC_REPRESENTATION_CONTEXT() REPRESENTATION_CONTEXT('2D SPACE',''
  ) );
#913 = ORIENTED_EDGE('',*,*,#914,.F.);
#914 = EDGE_CURVE('',#915,#884,#917,.T.);
#915 = VERTEX_POINT('',#916);
#916 = CARTESIAN_POINT('',(454.,290.,1.3E+03));
#917 = SEAM_CURVE('',#918,(#922,#929),.PCURVE_S1.);
#918 = LINE('',#919,#920);
#919 = CARTESIAN_POINT('',(454.,290.,1.3E+03));
#920 = VECTOR('',#921,1.);
#921 = DIRECTION('',(0.,0.,1.));
#922 = PCURVE('',#734,#923);
#923 = DEFINITIONAL_REPRESENTATION('',(#924),#928);
#924 = LINE('',#925,#926);
#925 = CARTESIAN_POINT('',(6.28318530718,-0.));
#926 = VECTOR('',#927,1.);
#927 = DIRECTION('',(0.,1.));
#928 = ( GEOMETRIC_REPRESENTATION_CONTEXT(2)
PARAMETRIC_REPRESENTATION_CONTEXT() REPRESENTATION_CONTEXT('2D SPACE',''
  ) );
#929 = PCURVE('',#734,#930);
#930 = DEFINITIONAL_REPRESENTATION('',(#931),#935);
#931 = LINE('',#932,#933);
#932 = CARTESIAN_POINT('',(0.,-0.));
#933 = VECTOR('',#934,1.);
#934 = DIRECTION('',(0.,1.));
#935 = ( GEOMETRIC_REPRESENTATION_CONTEXT(2)
PARAMETRIC_REPRESENTATION_CONTEXT() REPRESENTATION_CONTEXT('2D SPACE',''
  ) );
#936 = ORIENTED_EDGE('',*,*,#937,.T.);
#937 = EDGE_CURVE('',#915,#841,#938,.T.);
#938 = SURFACE_CURVE('',#939,(#944,#951),.PCURVE_S1.);
#939 = CIRCLE('',#940,64.);
#940 = AXIS2_PLACEMENT_3D('',#941,#942,#943);
#941 = CARTESIAN_POINT('',(390.,290.,1.3E+03));
#942 = DIRECTION('',(0.,0.,1.));
#943 = DIRECTION('',(1.,0.,0.));
#944 = PCURVE('',#734,#945);
#945 = DEFINITIONAL_REPRESENTATION('',(#946),#950);
#946 = LINE('',#947,#948);
#947 = CARTESIAN_POINT('',(0.,0.));
#948 = VECTOR('',#949,1.);
#949 = DIRECTION('',(1.,0.));
#950 = ( GEOMETRIC_REPRESENTATION_CONTEXT(2)
PARAMETRIC_REPRESENTATION_CONTEXT() REPRESENTATION_CONTEXT('2D SPACE',''
  ) );
#951 = PCURVE('',#795,#952);
#952 = DEFINITIONAL_REPRESENTATION('',(#953),#957);
#953 = CIRCLE('',#954,64.);
#954 = AXIS2_PLACEMENT_2D('',#955,#956);
#955 = CARTESIAN_POINT('',(0.,0.));
#956 = DIRECTION('',(1.,0.));
#957 = ( GEOMETRIC_REPRESENTATION_CONTEXT(2)
PARAMETRIC_REPRESENTATION_CONTEXT() REPRESENTATION_CONTEXT('2D SPACE',''
  ) );
#958 = ORIENTED_EDGE('',*,*,#861,.T.);
#959 = ORIENTED_EDGE('',*,*,#650,.T.);
#960 = ORIENTED_EDGE('',*,*,#961,.T.);
#961 = EDGE_CURVE('',#651,#915,#962,.T.);
#962 = SURFACE_CURVE('',#963,(#968,#975),.PCURVE_S1.);
#963 = CIRCLE('',#964,64.);
#964 = AXIS2_PLACEMENT_3D('',#965,#966,#967);
#965 = CARTESIAN_POINT('',(390.,290.,1.3E+03));
#966 = DIRECTION('',(0.,0.,1.));
#967 = DIRECTION('',(1.,0.,0.));
#968 = PCURVE('',#734,#969);
#969 = DEFINITIONAL_REPRESENTATION('',(#970),#974);
#970 = LINE('',#971,#972);
#971 = CARTESIAN_POINT('',(0.,0.));
#972 = VECTOR('',#973,1.);
#973 = DIRECTION('',(1.,0.));
#974 = ( GEOMETRIC_REPRESENTATION_CONTEXT(2)
PARAMETRIC_REPRESENTATION_CONTEXT() REPRESENTATION_CONTEXT('2D SPACE',''
  ) );
#975 = PCURVE('',#795,#976);
#976 = DEFINITIONAL_REPRESENTATION('',(#977),#981);
#977 = CIRCLE('',#978,64.);
#978 = AXIS2_PLACEMENT_2D('',#979,#980);
#979 = CARTESIAN_POINT('',(0.,0.));
#980 = DIRECTION('',(1.,0.));
#981 = ( GEOMETRIC_REPRESENTATION_CONTEXT(2)
PARAMETRIC_REPRESENTATION_CONTEXT() REPRESENTATION_CONTEXT('2D SPACE',''
  ) );
#982 = ORIENTED_EDGE('',*,*,#914,.T.);
#983 = ORIENTED_EDGE('',*,*,#984,.F.);
#984 = EDGE_CURVE('',#985,#884,#987,.T.);
#985 = VERTEX_POINT('',#986);
#986 = CARTESIAN_POINT('',(332.86857257165,318.84441020371,1.56E+03));
#987 = SURFACE_CURVE('',#988,(#993,#1000),.PCURVE_S1.);
#988 = CIRCLE('',#989,64.);
#989 = AXIS2_PLACEMENT_3D('',#990,#991,#992);
#990 = CARTESIAN_POINT('',(390.,290.,1.56E+03));
#991 = DIRECTION('',(0.,0.,1.));
#992 = DIRECTION('',(1.,0.,0.));
#993 = PCURVE('',#734,#994);
#994 = DEFINITIONAL_REPRESENTATION('',(#995),#999);
#995 = LINE('',#996,#997);
#996 = CARTESIAN_POINT('',(0.,260.));
#997 = VECTOR('',#998,1.);
#998 = DIRECTION('',(1.,0.));
#999 = ( GEOMETRIC_REPRESENTATION_CONTEXT(2)
PARAMETRIC_REPRESENTATION_CONTEXT() REPRESENTATION_CONTEXT('2D SPACE',''
  ) );
#1000 = PCURVE('',#902,#1001);
#1001 = DEFINITIONAL_REPRESENTATION('',(#1002),#1006);
#1002 = CIRCLE('',#1003,64.);
#1003 = AXIS2_PLACEMENT_2D('',#1004,#1005);
#1004 = CARTESIAN_POINT('',(0.,0.));
#1005 = DIRECTION('',(1.,0.));
#1006 = ( GEOMETRIC_REPRESENTATION_CONTEXT(2)
PARAMETRIC_REPRESENTATION_CONTEXT() REPRESENTATION_CONTEXT('2D SPACE',''
  ) );
#1007 = ORIENTED_EDGE('',*,*,#1008,.T.);
#1008 = EDGE_CURVE('',#985,#886,#1009,.T.);
#1009 = SURFACE_CURVE('',#1010,(#1111,#1215),.PCURVE_S1.);
#1010 = B_SPLINE_CURVE_WITH_KNOTS('',8,(#1011,#1012,#1013,#1014,#1015,
    #1016,#1017,#1018,#1019,#1020,#1021,#1022,#1023,#1024,#1025,#1026,
    #1027,#1028,#1029,#1030,#1031,#1032,#1033,#1034,#1035,#1036,#1037,
    #1038,#1039,#1040,#1041,#1042,#1043,#1044,#1045,#1046,#1047,#1048,
    #1049,#1050,#1051,#1052,#1053,#1054,#1055,#1056,#1057,#1058,#1059,
    #1060,#1061,#1062,#1063,#1064,#1065,#1066,#1067,#1068,#1069,#1070,
    #1071,#1072,#1073,#1074,#1075,#1076,#1077,#1078,#1079,#1080,#1081,
    #1082,#1083,#1084,#1085,#1086,#1087,#1088,#1089,#1090,#1091,#1092,
    #1093,#1094,#1095,#1096,#1097,#1098,#1099,#1100,#1101,#1102,#1103,
    #1104,#1105,#1106,#1107,#1108,#1109,#1110),.UNSPECIFIED.,.F.,.F.,(9,
    7,7,7,7,7,7,7,7,7,7,7,7,7,9),(0.,7.573055780092E-02,0.160199103792,
    0.333040961966,0.392335252856,0.435155245268,0.456825283258,
    0.500004680635,0.543364119805,0.564938920323,0.607565684793,
    0.666537506493,0.840075179098,0.924550990125,1.),.UNSPECIFIED.);
#1011 = CARTESIAN_POINT('',(332.86857246663,318.84440999569,
    1.5600000006E+03));
#1012 = CARTESIAN_POINT('',(333.11065674403,319.32390048806,
    1.558616938482E+03));
#1013 = CARTESIAN_POINT('',(333.38775777297,319.861316393,
    1.557259130666E+03));
#1014 = CARTESIAN_POINT('',(333.69828647523,320.44848312081,
    1.555925077543E+03));
#1015 = CARTESIAN_POINT('',(334.04094079823,321.07785976064,
    1.554613755886E+03));
#1016 = CARTESIAN_POINT('',(334.4146098022,321.74273513151,
    1.553324342453E+03));
#1017 = CARTESIAN_POINT('',(334.81838909148,322.43734991232,
    1.552055985455E+03));
#1018 = CARTESIAN_POINT('',(335.25167478025,323.15695716626,
    1.550807626629E+03));
#1019 = CARTESIAN_POINT('',(336.23031085073,324.72419422577,
    1.548206234983E+03));
#1020 = CARTESIAN_POINT('',(336.78343630172,325.57799741786,
    1.546856114614E+03));
#1021 = CARTESIAN_POINT('',(337.37310462733,326.4533855315,
    1.545527012807E+03));
#1022 = CARTESIAN_POINT('',(337.99905779326,327.34562960402,
    1.544218214402E+03));
#1023 = CARTESIAN_POINT('',(338.66142994497,328.25106717131,
    1.542928764747E+03));
#1024 = CARTESIAN_POINT('',(339.36084122395,329.166954762,
    1.541657492034E+03));
#1025 = CARTESIAN_POINT('',(340.09847406327,330.09126494881,
    1.540403090153E+03));
#1026 = CARTESIAN_POINT('',(342.46728714868,332.92789036891,
    1.536629371849E+03));
#1027 = CARTESIAN_POINT('',(344.21777471317,334.85239338905,
    1.534172690814E+03));
#1028 = CARTESIAN_POINT('',(346.13859029772,336.78092071597,
    1.531783824348E+03));
#1029 = CARTESIAN_POINT('',(348.24533816316,338.70211290252,
    1.529459872036E+03));
#1030 = CARTESIAN_POINT('',(350.55654901403,340.60186908406,
    1.527205301418E+03));
#1031 = CARTESIAN_POINT('',(353.09233516776,342.46115849562,
    1.525032838848E+03));
#1032 = CARTESIAN_POINT('',(355.87327342642,344.25405024409,
    1.522964102118E+03));
#1033 = CARTESIAN_POINT('',(359.96314292214,346.52623636717,
    1.520368173282E+03));
#1034 = CARTESIAN_POINT('',(361.04002908192,347.09534107272,
    1.519720381573E+03));
#1035 = CARTESIAN_POINT('',(362.15015293684,347.65179896932,
    1.51908914599E+03));
#1036 = CARTESIAN_POINT('',(363.29450630465,348.19407429638,
    1.518475932879E+03));
#1037 = CARTESIAN_POINT('',(364.47403576438,348.72045747713,
    1.51788240892E+03));
#1038 = CARTESIAN_POINT('',(365.68962817215,349.22905764538,
    1.517310447593E+03));
#1039 = CARTESIAN_POINT('',(366.94209617703,349.71779517234,
    1.516762135641E+03));
#1040 = CARTESIAN_POINT('',(369.16379951998,350.52135355725,
    1.515862554609E+03));
#1041 = CARTESIAN_POINT('',(370.11529548476,350.84685846685,
    1.515498764238E+03));
#1042 = CARTESIAN_POINT('',(371.08645870995,351.15986560438,
    1.515149486514E+03));
#1043 = CARTESIAN_POINT('',(372.07706443175,351.45932832404,
    1.514815801844E+03));
#1044 = CARTESIAN_POINT('',(373.08685603986,351.74419731464,
    1.514498793535E+03));
#1045 = CARTESIAN_POINT('',(374.11554507355,352.01342126228,
    1.514199548371E+03));
#1046 = CARTESIAN_POINT('',(375.16281121772,352.26594751297,
    1.513919157191E+03));
#1047 = CARTESIAN_POINT('',(376.76751846664,352.61953611425,
    1.513526912972E+03));
#1048 = CARTESIAN_POINT('',(377.31131884136,352.73378492564,
    1.513400240168E+03));
#1049 = CARTESIAN_POINT('',(377.85954829418,352.84331141597,
    1.513278862399E+03));
#1050 = CARTESIAN_POINT('',(378.41204977612,352.94796422512,
    1.513162938277E+03));
#1051 = CARTESIAN_POINT('',(378.96866431823,353.04759838635,
    1.513052619684E+03));
#1052 = CARTESIAN_POINT('',(379.5292310315,353.14207532626,
    1.51294805177E+03));
#1053 = CARTESIAN_POINT('',(380.09358710694,353.23126286485,
    1.512849372959E+03));
#1054 = CARTESIAN_POINT('',(381.79331777977,353.48195876301,
    1.512572085944E+03));
#1055 = CARTESIAN_POINT('',(382.93999945673,353.62746191482,
    1.512411273914E+03));
#1056 = CARTESIAN_POINT('',(384.09924814158,353.75035364467,
    1.512275537969E+03));
#1057 = CARTESIAN_POINT('',(385.26867800338,353.84967119178,
    1.512165893038E+03));
#1058 = CARTESIAN_POINT('',(386.44588649247,353.92468124599,
    1.512083110299E+03));
#1059 = CARTESIAN_POINT('',(387.62845874779,353.9748811331,
    1.512027717621E+03));
#1060 = CARTESIAN_POINT('',(388.81397200422,354.,1.512E+03));
#1061 = CARTESIAN_POINT('',(391.19097328495,354.,1.512E+03));
#1062 = CARTESIAN_POINT('',(392.38141917922,353.97467122514,
    1.512027949251E+03));
#1063 = CARTESIAN_POINT('',(393.56888424988,353.92405261789,
    1.512083803957E+03));
#1064 = CARTESIAN_POINT('',(394.75091867006,353.84841964101,
    1.512167274275E+03));
#1065 = CARTESIAN_POINT('',(395.92508070377,353.74828306395,
    1.512277823853E+03));
#1066 = CARTESIAN_POINT('',(397.08894119061,353.62438774919,
    1.512414669391E+03));
#1067 = CARTESIAN_POINT('',(398.24008803056,353.47771143858,
    1.512576780181E+03));
#1068 = CARTESIAN_POINT('',(399.941403047,353.22574670833,
    1.512855476091E+03));
#1069 = CARTESIAN_POINT('',(400.50307118319,353.13666892507,
    1.512954035413E+03));
#1070 = CARTESIAN_POINT('',(401.06097364137,353.0423545533,
    1.513058425429E+03));
#1071 = CARTESIAN_POINT('',(401.61495087711,352.94293417435,
    1.513168509399E+03));
#1072 = CARTESIAN_POINT('',(402.16484523752,352.83854458748,
    1.513284144039E+03));
#1073 = CARTESIAN_POINT('',(402.71050096123,352.72932880992,
    1.513405179521E+03));
#1074 = CARTESIAN_POINT('',(403.25176417839,352.61543607681,
    1.513531459475E+03));
#1075 = CARTESIAN_POINT('',(404.84891371141,352.26306298137,
    1.513922360643E+03));
#1076 = CARTESIAN_POINT('',(405.89127581021,352.01152618548,
    1.514201656274E+03));
#1077 = CARTESIAN_POINT('',(406.91522292027,351.74345066427,
    1.514499627121E+03));
#1078 = CARTESIAN_POINT('',(407.92044005977,351.45987485614,
    1.514815197082E+03));
#1079 = CARTESIAN_POINT('',(408.90664353992,351.16183578243,
    1.515147294148E+03));
#1080 = CARTESIAN_POINT('',(409.87358095303,350.85036840275,
    1.51549484983E+03));
#1081 = CARTESIAN_POINT('',(410.82103116047,350.5265049703,
    1.515856798594E+03));
#1082 = CARTESIAN_POINT('',(413.03232818192,349.72750101806,
    1.51675125506E+03));
#1083 = CARTESIAN_POINT('',(414.27865709991,349.2418032756,
    1.517296133603E+03));
#1084 = CARTESIAN_POINT('',(415.48850075002,348.7364220305,
    1.517864441677E+03));
#1085 = CARTESIAN_POINT('',(416.66265587483,348.21340630689,
    1.51845412288E+03));
#1086 = CARTESIAN_POINT('',(417.80199211181,347.67462054474,
    1.519063329341E+03));
#1087 = CARTESIAN_POINT('',(418.90743786095,347.12175186212,
    1.519690415412E+03));
#1088 = CARTESIAN_POINT('',(419.97996615236,346.5563173176,
    1.520333931356E+03));
#1089 = CARTESIAN_POINT('',(424.08281920966,344.2827619191,
    1.522930945844E+03));
#1090 = CARTESIAN_POINT('',(426.87833704476,342.48342397595,
    1.525006743181E+03));
#1091 = CARTESIAN_POINT('',(429.42645727365,340.61688863066,
    1.527187318161E+03));
#1092 = CARTESIAN_POINT('',(431.74801882794,338.7094640577,
    1.529450709523E+03));
#1093 = CARTESIAN_POINT('',(433.86339688694,336.78043016391,
    1.531783998546E+03));
#1094 = CARTESIAN_POINT('',(435.7913644173,334.84404684468,
    1.534182667567E+03));
#1095 = CARTESIAN_POINT('',(437.54771873771,332.91177587539,
    1.536649688244E+03));
#1096 = CARTESIAN_POINT('',(439.92045062397,330.06768281551,
    1.54043501908E+03));
#1097 = CARTESIAN_POINT('',(440.65731979773,329.14343572822,
    1.541689957347E+03));
#1098 = CARTESIAN_POINT('',(441.35597420647,328.22766143667,
    1.542961780896E+03));
#1099 = CARTESIAN_POINT('',(442.0175945691,327.32239117176,
    1.544251804174E+03));
#1100 = CARTESIAN_POINT('',(442.64279703223,326.43037693234,
    1.545561204532E+03));
#1101 = CARTESIAN_POINT('',(443.23171037835,325.55529457296,
    1.546890939526E+03));
#1102 = CARTESIAN_POINT('',(443.78407069279,324.70189074779,
    1.548241725366E+03));
#1103 = CARTESIAN_POINT('',(444.75946819987,323.13844373934,
    1.550839761707E+03));
#1104 = CARTESIAN_POINT('',(445.19051120347,322.42203435141,
    1.552083966996E+03));
#1105 = CARTESIAN_POINT('',(445.59225475013,321.73051833228,
    1.553348047024E+03));
#1106 = CARTESIAN_POINT('',(445.96409615984,321.06860677293,
    1.554633043245E+03));
#1107 = CARTESIAN_POINT('',(446.30513811952,320.44200719981,
    1.555939795974E+03));
#1108 = CARTESIAN_POINT('',(446.61428028737,319.8573636161,
    1.55726911957E+03));
#1109 = CARTESIAN_POINT('',(446.89023391185,319.32213638742,
    1.558622026926E+03));
#1110 = CARTESIAN_POINT('',(447.13142753336,318.84440999569,
    1.5600000006E+03));
#1111 = PCURVE('',#734,#1112);
#1112 = DEFINITIONAL_REPRESENTATION('',(#1113),#1214);
#1113 = B_SPLINE_CURVE_WITH_KNOTS('',8,(#1114,#1115,#1116,#1117,#1118,
    #1119,#1120,#1121,#1122,#1123,#1124,#1125,#1126,#1127,#1128,#1129,
    #1130,#1131,#1132,#1133,#1134,#1135,#1136,#1137,#1138,#1139,#1140,
    #1141,#1142,#1143,#1144,#1145,#1146,#1147,#1148,#1149,#1150,#1151,
    #1152,#1153,#1154,#1155,#1156,#1157,#1158,#1159,#1160,#1161,#1162,
    #1163,#1164,#1165,#1166,#1167,#1168,#1169,#1170,#1171,#1172,#1173,
    #1174,#1175,#1176,#1177,#1178,#1179,#1180,#1181,#1182,#1183,#1184,
    #1185,#1186,#1187,#1188,#1189,#1190,#1191,#1192,#1193,#1194,#1195,
    #1196,#1197,#1198,#1199,#1200,#1201,#1202,#1203,#1204,#1205,#1206,
    #1207,#1208,#1209,#1210,#1211,#1212,#1213),.UNSPECIFIED.,.F.,.F.,(9,
    7,7,7,7,7,7,7,7,7,7,7,7,7,9),(0.,7.573055780092E-02,0.160199103792,
    0.333040961966,0.392335252856,0.435155245268,0.456825283258,
    0.500004680635,0.543364119805,0.564938920323,0.607565684793,
    0.666537506493,0.840075179098,0.924550990125,1.),.UNSPECIFIED.);
#1114 = CARTESIAN_POINT('',(2.674050136534,260.0000006));
#1115 = CARTESIAN_POINT('',(2.665657374213,258.61693848193));
#1116 = CARTESIAN_POINT('',(2.656210071352,257.2591306655));
#1117 = CARTESIAN_POINT('',(2.645832535925,255.92507754272));
#1118 = CARTESIAN_POINT('',(2.634637272096,254.61375588557));
#1119 = CARTESIAN_POINT('',(2.622722655751,253.32434245278));
#1120 = CARTESIAN_POINT('',(2.61017120191,252.05598545482));
#1121 = CARTESIAN_POINT('',(2.597048197052,250.80762662878));
#1122 = CARTESIAN_POINT('',(2.568178031402,248.2062349825));
#1123 = CARTESIAN_POINT('',(2.55228470667,246.85611461406));
#1124 = CARTESIAN_POINT('',(2.535797514667,245.52701280689));
#1125 = CARTESIAN_POINT('',(2.518773890029,244.21821440162));
#1126 = CARTESIAN_POINT('',(2.501252116671,242.92876474714));
#1127 = CARTESIAN_POINT('',(2.483252588043,241.65749203423));
#1128 = CARTESIAN_POINT('',(2.464779630476,240.40309015338));
#1129 = CARTESIAN_POINT('',(2.40703533116,236.62937184882));
#1130 = CARTESIAN_POINT('',(2.366422929593,234.17269081368));
#1131 = CARTESIAN_POINT('',(2.323967447072,231.7838243483));
#1132 = CARTESIAN_POINT('',(2.279524840537,229.45987203648));
#1133 = CARTESIAN_POINT('',(2.232911581147,227.20530141804));
#1134 = CARTESIAN_POINT('',(2.183921616431,225.03283884822));
#1135 = CARTESIAN_POINT('',(2.132332805495,222.96410211761));
#1136 = CARTESIAN_POINT('',(2.059228738196,220.36817328178));
#1137 = CARTESIAN_POINT('',(2.04020141363,219.72038157332));
#1138 = CARTESIAN_POINT('',(2.020806132323,219.08914598995));
#1139 = CARTESIAN_POINT('',(2.001029520509,218.47593287861));
#1140 = CARTESIAN_POINT('',(1.980858282007,217.88240891991));
#1141 = CARTESIAN_POINT('',(1.960279122846,217.31044759311));
#1142 = CARTESIAN_POINT('',(1.939278675896,216.76213564105));
#1143 = CARTESIAN_POINT('',(1.902363735192,215.86255460927));
#1144 = CARTESIAN_POINT('',(1.8866531042,215.49876423835));
#1145 = CARTESIAN_POINT('',(1.870714258756,215.14948651357));
#1146 = CARTESIAN_POINT('',(1.854549703557,214.81580184382));
#1147 = CARTESIAN_POINT('',(1.83816169655,214.49879353529));
#1148 = CARTESIAN_POINT('',(1.821552223743,214.19954837112));
#1149 = CARTESIAN_POINT('',(1.804722973996,213.91915719095));
#1150 = CARTESIAN_POINT('',(1.779047954913,213.52691297225));
#1151 = CARTESIAN_POINT('',(1.770365996381,213.40024016791));
#1152 = CARTESIAN_POINT('',(1.761631350196,213.27886239899));
#1153 = CARTESIAN_POINT('',(1.752845891088,213.16293827703));
#1154 = CARTESIAN_POINT('',(1.744011456546,213.05261968361));
#1155 = CARTESIAN_POINT('',(1.735129846827,212.94805177035));
#1156 = CARTESIAN_POINT('',(1.726202824952,212.84937295894));
#1157 = CARTESIAN_POINT('',(1.699357216052,212.57208594434));
#1158 = CARTESIAN_POINT('',(1.681300337857,212.41127391413));
#1159 = CARTESIAN_POINT('',(1.663092056739,212.27553796892));
#1160 = CARTESIAN_POINT('',(1.644761991991,212.16589303766));
#1161 = CARTESIAN_POINT('',(1.626339048301,212.08311029908));
#1162 = CARTESIAN_POINT('',(1.607851656487,212.02771762108));
#1163 = CARTESIAN_POINT('',(1.589328014229,212.));
#1164 = CARTESIAN_POINT('',(1.552187369217,212.));
#1165 = CARTESIAN_POINT('',(1.533586654569,212.02794925051));
#1166 = CARTESIAN_POINT('',(1.51502269063,212.08380395746));
#1167 = CARTESIAN_POINT('',(1.496523977402,212.16727427474));
#1168 = CARTESIAN_POINT('',(1.478119252464,212.27782385345));
#1169 = CARTESIAN_POINT('',(1.459837736336,212.41466939111));
#1170 = CARTESIAN_POINT('',(1.441709377839,212.57678018086));
#1171 = CARTESIAN_POINT('',(1.414836380955,212.85547609098));
#1172 = CARTESIAN_POINT('',(1.405951102917,212.95403541298));
#1173 = CARTESIAN_POINT('',(1.397110953519,213.05842542927));
#1174 = CARTESIAN_POINT('',(1.388317657358,213.16850939915));
#1175 = CARTESIAN_POINT('',(1.379572975446,213.28414403872));
#1176 = CARTESIAN_POINT('',(1.370878705211,213.40517952084));
#1177 = CARTESIAN_POINT('',(1.362236680495,213.53145947516));
#1178 = CARTESIAN_POINT('',(1.336681070228,213.92236064253));
#1179 = CARTESIAN_POINT('',(1.319929888945,214.2016562736));
#1180 = CARTESIAN_POINT('',(1.303396566603,214.4996271206));
#1181 = CARTESIAN_POINT('',(1.287082758039,214.81519708221));
#1182 = CARTESIAN_POINT('',(1.270990409421,215.14729414801));
#1183 = CARTESIAN_POINT('',(1.255121733629,215.49484982999));
#1184 = CARTESIAN_POINT('',(1.239479185634,215.85679859411));
#1185 = CARTESIAN_POINT('',(1.202741352054,216.75125506004));
#1186 = CARTESIAN_POINT('',(1.1818474278,217.29613360327));
#1187 = CARTESIAN_POINT('',(1.161370392332,217.86444167744));
#1188 = CARTESIAN_POINT('',(1.141297118453,218.45412288018));
#1189 = CARTESIAN_POINT('',(1.121614551422,219.063329341));
#1190 = CARTESIAN_POINT('',(1.102309635815,219.6904154115));
#1191 = CARTESIAN_POINT('',(1.083369242389,220.33393135566));
#1192 = CARTESIAN_POINT('',(1.010077403202,222.93094584437));
#1193 = CARTESIAN_POINT('',(0.958244233289,225.00674318062));
#1194 = CARTESIAN_POINT('',(0.909033857276,227.18731816104));
#1195 = CARTESIAN_POINT('',(0.862221279315,229.45070952263));
#1196 = CARTESIAN_POINT('',(0.817597746734,231.7839985461));
#1197 = CARTESIAN_POINT('',(0.774977269615,234.18266756678));
#1198 = CARTESIAN_POINT('',(0.734213775831,236.6496882438));
#1199 = CARTESIAN_POINT('',(0.676340661624,240.43501908042));
#1200 = CARTESIAN_POINT('',(0.657875909951,241.68995734654));
#1201 = CARTESIAN_POINT('',(0.639884954689,242.96178089618));
#1202 = CARTESIAN_POINT('',(0.622372214267,244.25180417427));
#1203 = CARTESIAN_POINT('',(0.605358253522,245.56120453161));
#1204 = CARTESIAN_POINT('',(0.58888160323,246.89093952613));
#1205 = CARTESIAN_POINT('',(0.573000008408,248.24172536621));
#1206 = CARTESIAN_POINT('',(0.544206873117,250.8397617074));
#1207 = CARTESIAN_POINT('',(0.531144725088,252.08396699595));
#1208 = CARTESIAN_POINT('',(0.518651082814,253.34804702395));
#1209 = CARTESIAN_POINT('',(0.506790795663,254.63304324542));
#1210 = CARTESIAN_POINT('',(0.495645664618,255.93979597437));
#1211 = CARTESIAN_POINT('',(0.485313096296,257.26911956983));
#1212 = CARTESIAN_POINT('',(0.47590440144,258.62202692646));
#1213 = CARTESIAN_POINT('',(0.467542517056,260.0000006));
#1214 = ( GEOMETRIC_REPRESENTATION_CONTEXT(2)
PARAMETRIC_REPRESENTATION_CONTEXT() REPRESENTATION_CONTEXT('2D SPACE',''
  ) );
#1215 = PCURVE('',#1216,#1221);
#1216 = CYLINDRICAL_SURFACE('',#1217,58.);
#1217 = AXIS2_PLACEMENT_3D('',#1218,#1219,#1220);
#1218 = CARTESIAN_POINT('',(390.,450.,1.57E+03));
#1219 = DIRECTION('',(-0.,1.,-0.));
#1220 = DIRECTION('',(1.,0.,0.));
#1221 = DEFINITIONAL_REPRESENTATION('',(#1222),#1323);
#1222 = B_SPLINE_CURVE_WITH_KNOTS('',8,(#1223,#1224,#1225,#1226,#1227,
    #1228,#1229,#1230,#1231,#1232,#1233,#1234,#1235,#1236,#1237,#1238,
    #1239,#1240,#1241,#1242,#1243,#1244,#1245,#1246,#1247,#1248,#1249,
    #1250,#1251,#1252,#1253,#1254,#1255,#1256,#1257,#1258,#1259,#1260,
    #1261,#1262,#1263,#1264,#1265,#1266,#1267,#1268,#1269,#1270,#1271,
    #1272,#1273,#1274,#1275,#1276,#1277,#1278,#1279,#1280,#1281,#1282,
    #1283,#1284,#1285,#1286,#1287,#1288,#1289,#1290,#1291,#1292,#1293,
    #1294,#1295,#1296,#1297,#1298,#1299,#1300,#1301,#1302,#1303,#1304,
    #1305,#1306,#1307,#1308,#1309,#1310,#1311,#1312,#1313,#1314,#1315,
    #1316,#1317,#1318,#1319,#1320,#1321,#1322),.UNSPECIFIED.,.F.,.F.,(9,
    7,7,7,7,7,7,7,7,7,7,7,7,7,9),(0.,7.573055780092E-02,0.160199103792,
    0.333040961966,0.392335252856,0.435155245268,0.456825283258,
    0.500004680635,0.543364119805,0.564938920323,0.607565684793,
    0.666537506493,0.840075179098,0.924550990125,1.),.UNSPECIFIED.);
#1223 = CARTESIAN_POINT('',(-3.314872279505,-131.1555900043));
#1224 = CARTESIAN_POINT('',(-3.339080708697,-130.6760995119));
#1225 = CARTESIAN_POINT('',(-3.362964332788,-130.1386836069));
#1226 = CARTESIAN_POINT('',(-3.386565510202,-129.5515168791));
#1227 = CARTESIAN_POINT('',(-3.409916943928,-128.9221402393));
#1228 = CARTESIAN_POINT('',(-3.433046930782,-128.2572648684));
#1229 = CARTESIAN_POINT('',(-3.455983695258,-127.5626500876));
#1230 = CARTESIAN_POINT('',(-3.478759152998,-126.8430428337));
#1231 = CARTESIAN_POINT('',(-3.52667954085,-125.2758057742));
#1232 = CARTESIAN_POINT('',(-3.551824672369,-124.4220025821));
#1233 = CARTESIAN_POINT('',(-3.576877045021,-123.5466144684));
#1234 = CARTESIAN_POINT('',(-3.601870223587,-122.6543703959));
#1235 = CARTESIAN_POINT('',(-3.626843572924,-121.7489328286));
#1236 = CARTESIAN_POINT('',(-3.651843260491,-120.8330452379));
#1237 = CARTESIAN_POINT('',(-3.676922499916,-119.9087350511));
#1238 = CARTESIAN_POINT('',(-3.753742906927,-117.072109631));
#1239 = CARTESIAN_POINT('',(-3.805663041819,-115.1476066109));
#1240 = CARTESIAN_POINT('',(-3.858363534368,-113.219079284));
#1241 = CARTESIAN_POINT('',(-3.91225013856,-111.2978870974));
#1242 = CARTESIAN_POINT('',(-3.967695981806,-109.3981309159));
#1243 = CARTESIAN_POINT('',(-4.025047450577,-107.5388415043));
#1244 = CARTESIAN_POINT('',(-4.084642753594,-105.7459497559));
#1245 = CARTESIAN_POINT('',(-4.168162740972,-103.4737636328));
#1246 = CARTESIAN_POINT('',(-4.189823884547,-102.9046589272));
#1247 = CARTESIAN_POINT('',(-4.211830710185,-102.3482010306));
#1248 = CARTESIAN_POINT('',(-4.234200784531,-101.8059257036));
#1249 = CARTESIAN_POINT('',(-4.256951447112,-101.2795425228));
#1250 = CARTESIAN_POINT('',(-4.280099977056,-100.7709423546));
#1251 = CARTESIAN_POINT('',(-4.303663759798,-100.2822048276));
#1252 = CARTESIAN_POINT('',(-4.344989917387,-99.47864644275));
#1253 = CARTESIAN_POINT('',(-4.362549833314,-99.15314153314));
#1254 = CARTESIAN_POINT('',(-4.380338077027,-98.84013439561));
#1255 = CARTESIAN_POINT('',(-4.398352878655,-98.54067167595));
#1256 = CARTESIAN_POINT('',(-4.416592850019,-98.25580268535));
#1257 = CARTESIAN_POINT('',(-4.435057011645,-97.98657873771));
#1258 = CARTESIAN_POINT('',(-4.453744819776,-97.73405248702));
#1259 = CARTESIAN_POINT('',(-4.482226727179,-97.38046388575));
#1260 = CARTESIAN_POINT('',(-4.491853034054,-97.26621507435));
#1261 = CARTESIAN_POINT('',(-4.501533183675,-97.15668858402));
#1262 = CARTESIAN_POINT('',(-4.511265297587,-97.05203577487));
#1263 = CARTESIAN_POINT('',(-4.521047549222,-96.95240161365));
#1264 = CARTESIAN_POINT('',(-4.530878163891,-96.85792467373));
#1265 = CARTESIAN_POINT('',(-4.54075541879,-96.76873713514));
#1266 = CARTESIAN_POINT('',(-4.570448520279,-96.51804123699));
#1267 = CARTESIAN_POINT('',(-4.590407368526,-96.37253808518));
#1268 = CARTESIAN_POINT('',(-4.610522222835,-96.24964635532));
#1269 = CARTESIAN_POINT('',(-4.630762390497,-96.15032880821));
#1270 = CARTESIAN_POINT('',(-4.651098131589,-96.075318754));
#1271 = CARTESIAN_POINT('',(-4.671500339563,-96.0251188669));
#1272 = CARTESIAN_POINT('',(-4.691940221837,-96.));
#1273 = CARTESIAN_POINT('',(-4.732923002539,-96.));
#1274 = CARTESIAN_POINT('',(-4.753447930248,-96.02532877485));
#1275 = CARTESIAN_POINT('',(-4.773934660815,-96.0759473821));
#1276 = CARTESIAN_POINT('',(-4.79435409709,-96.15158035898));
#1277 = CARTESIAN_POINT('',(-4.81467682191,-96.25171693604));
#1278 = CARTESIAN_POINT('',(-4.834872772549,-96.3756122508));
#1279 = CARTESIAN_POINT('',(-4.854910915167,-96.52228856141));
#1280 = CARTESIAN_POINT('',(-4.884634894063,-96.77425329166));
#1281 = CARTESIAN_POINT('',(-4.894466153817,-96.86333107492));
#1282 = CARTESIAN_POINT('',(-4.904251065585,-96.95764544669));
#1283 = CARTESIAN_POINT('',(-4.913987945672,-97.05706582565));
#1284 = CARTESIAN_POINT('',(-4.923675059615,-97.16145541251));
#1285 = CARTESIAN_POINT('',(-4.933310622187,-97.27067119007));
#1286 = CARTESIAN_POINT('',(-4.942892797397,-97.38456392319));
#1287 = CARTESIAN_POINT('',(-4.971242628912,-97.73693701862));
#1288 = CARTESIAN_POINT('',(-4.989843939051,-97.98847381452));
#1289 = CARTESIAN_POINT('',(-5.008223557901,-98.25654933572));
#1290 = CARTESIAN_POINT('',(-5.026380960725,-98.54012514385));
#1291 = CARTESIAN_POINT('',(-5.044315195483,-98.83816421756));
#1292 = CARTESIAN_POINT('',(-5.062024909251,-99.14963159725));
#1293 = CARTESIAN_POINT('',(-5.079508374649,-99.47349502969));
#1294 = CARTESIAN_POINT('',(-5.120635070828,-100.2724989819));
#1295 = CARTESIAN_POINT('',(-5.144078298143,-100.7581967243));
#1296 = CARTESIAN_POINT('',(-5.167110545059,-101.2635779694));
#1297 = CARTESIAN_POINT('',(-5.189748890412,-101.7865936931));
#1298 = CARTESIAN_POINT('',(-5.212010306766,-102.3253794552));
#1299 = CARTESIAN_POINT('',(-5.233911822177,-102.8782481378));
#1300 = CARTESIAN_POINT('',(-5.255470681945,-103.4436826823));
#1301 = CARTESIAN_POINT('',(-5.339189762816,-105.7172380808));
#1302 = CARTESIAN_POINT('',(-5.399057027655,-107.516576024));
#1303 = CARTESIAN_POINT('',(-5.456658053508,-109.3831113693));
#1304 = CARTESIAN_POINT('',(-5.512335072506,-111.2905359422));
#1305 = CARTESIAN_POINT('',(-5.566438573773,-113.219569836));
#1306 = CARTESIAN_POINT('',(-5.619346319258,-115.1559531553));
#1307 = CARTESIAN_POINT('',(-5.671469269841,-117.0882241246));
#1308 = CARTESIAN_POINT('',(-5.7484951896,-119.9323171844));
#1309 = CARTESIAN_POINT('',(-5.773575731284,-120.8565642717));
#1310 = CARTESIAN_POINT('',(-5.798577452089,-121.7723385633));
#1311 = CARTESIAN_POINT('',(-5.823553674968,-122.6776088282));
#1312 = CARTESIAN_POINT('',(-5.848550627316,-123.5696230676));
#1313 = CARTESIAN_POINT('',(-5.873607694265,-124.444705427));
#1314 = CARTESIAN_POINT('',(-5.89875843869,-125.2981092522));
#1315 = CARTESIAN_POINT('',(-5.946605031161,-126.8615562606));
#1316 = CARTESIAN_POINT('',(-5.969300240598,-127.5779656485));
#1317 = CARTESIAN_POINT('',(-5.992156228873,-128.2694816677));
#1318 = CARTESIAN_POINT('',(-6.0152044658,-128.931393227));
#1319 = CARTESIAN_POINT('',(-6.038472834178,-129.5579928001));
#1320 = CARTESIAN_POINT('',(-6.061989329834,-130.1426363838));
#1321 = CARTESIAN_POINT('',(-6.085786317666,-130.6778636125));
#1322 = CARTESIAN_POINT('',(-6.109905681264,-131.1555900043));
#1323 = ( GEOMETRIC_REPRESENTATION_CONTEXT(2)
PARAMETRIC_REPRESENTATION_CONTEXT() REPRESENTATION_CONTEXT('2D SPACE',''
  ) );
#1324 = ADVANCED_FACE('',(#1325),#795,.F.);
#1325 = FACE_BOUND('',#1326,.F.);
#1326 = EDGE_LOOP('',(#1327,#1328,#1329,#1330));
#1327 = ORIENTED_EDGE('',*,*,#961,.T.);
#1328 = ORIENTED_EDGE('',*,*,#937,.T.);
#1329 = ORIENTED_EDGE('',*,*,#840,.F.);
#1330 = ORIENTED_EDGE('',*,*,#780,.T.);
#1331 = ADVANCED_FACE('',(#1332),#902,.T.);
#1332 = FACE_BOUND('',#1333,.T.);
#1333 = EDGE_LOOP('',(#1334,#1335,#1336,#1357,#1383));
#1334 = ORIENTED_EDGE('',*,*,#984,.T.);
#1335 = ORIENTED_EDGE('',*,*,#883,.T.);
#1336 = ORIENTED_EDGE('',*,*,#1337,.F.);
#1337 = EDGE_CURVE('',#1338,#886,#1340,.T.);
#1338 = VERTEX_POINT('',#1339);
#1339 = CARTESIAN_POINT('',(447.13142742834,270.,1.56E+03));
#1340 = SURFACE_CURVE('',#1341,(#1345,#1351),.PCURVE_S1.);
#1341 = LINE('',#1342,#1343);
#1342 = CARTESIAN_POINT('',(447.13142742834,450.,1.56E+03));
#1343 = VECTOR('',#1344,1.);
#1344 = DIRECTION('',(-0.,1.,-0.));
#1345 = PCURVE('',#902,#1346);
#1346 = DEFINITIONAL_REPRESENTATION('',(#1347),#1350);
#1347 = B_SPLINE_CURVE_WITH_KNOTS('',1,(#1348,#1349),.UNSPECIFIED.,.F.,
  .F.,(2,2),(-180.0000006,-83.2),.PIECEWISE_BEZIER_KNOTS.);
#1348 = CARTESIAN_POINT('',(57.131427428343,-20.0000006));
#1349 = CARTESIAN_POINT('',(57.131427428343,76.8));
#1350 = ( GEOMETRIC_REPRESENTATION_CONTEXT(2)
PARAMETRIC_REPRESENTATION_CONTEXT() REPRESENTATION_CONTEXT('2D SPACE',''
  ) );
#1351 = PCURVE('',#1216,#1352);
#1352 = DEFINITIONAL_REPRESENTATION('',(#1353),#1356);
#1353 = B_SPLINE_CURVE_WITH_KNOTS('',1,(#1354,#1355),.UNSPECIFIED.,.F.,
  .F.,(2,2),(-180.0000006,-83.2),.PIECEWISE_BEZIER_KNOTS.);
#1354 = CARTESIAN_POINT('',(-6.109905670762,-180.0000006));
#1355 = CARTESIAN_POINT('',(-6.109905670762,-83.2));
#1356 = ( GEOMETRIC_REPRESENTATION_CONTEXT(2)
PARAMETRIC_REPRESENTATION_CONTEXT() REPRESENTATION_CONTEXT('2D SPACE',''
  ) );
#1357 = ORIENTED_EDGE('',*,*,#1358,.F.);
#1358 = EDGE_CURVE('',#1359,#1338,#1361,.T.);
#1359 = VERTEX_POINT('',#1360);
#1360 = CARTESIAN_POINT('',(332.86857257165,270.,1.56E+03));
#1361 = SURFACE_CURVE('',#1362,(#1366,#1372),.PCURVE_S1.);
#1362 = LINE('',#1363,#1364);
#1363 = CARTESIAN_POINT('',(390.,270.,1.56E+03));
#1364 = VECTOR('',#1365,1.);
#1365 = DIRECTION('',(1.,0.,0.));
#1366 = PCURVE('',#902,#1367);
#1367 = DEFINITIONAL_REPRESENTATION('',(#1368),#1371);
#1368 = B_SPLINE_CURVE_WITH_KNOTS('',1,(#1369,#1370),.UNSPECIFIED.,.F.,
  .F.,(2,2),(-58.,58.),.PIECEWISE_BEZIER_KNOTS.);
#1369 = CARTESIAN_POINT('',(-58.,-20.));
#1370 = CARTESIAN_POINT('',(58.,-20.));
#1371 = ( GEOMETRIC_REPRESENTATION_CONTEXT(2)
PARAMETRIC_REPRESENTATION_CONTEXT() REPRESENTATION_CONTEXT('2D SPACE',''
  ) );
#1372 = PCURVE('',#1373,#1378);
#1373 = PLANE('',#1374);
#1374 = AXIS2_PLACEMENT_3D('',#1375,#1376,#1377);
#1375 = CARTESIAN_POINT('',(390.,270.,1.57E+03));
#1376 = DIRECTION('',(-0.,-1.,-0.));
#1377 = DIRECTION('',(0.,0.,-1.));
#1378 = DEFINITIONAL_REPRESENTATION('',(#1379),#1382);
#1379 = B_SPLINE_CURVE_WITH_KNOTS('',1,(#1380,#1381),.UNSPECIFIED.,.F.,
  .F.,(2,2),(-58.,58.),.PIECEWISE_BEZIER_KNOTS.);
#1380 = CARTESIAN_POINT('',(10.,-58.));
#1381 = CARTESIAN_POINT('',(10.,58.));
#1382 = ( GEOMETRIC_REPRESENTATION_CONTEXT(2)
PARAMETRIC_REPRESENTATION_CONTEXT() REPRESENTATION_CONTEXT('2D SPACE',''
  ) );
#1383 = ORIENTED_EDGE('',*,*,#1384,.T.);
#1384 = EDGE_CURVE('',#1359,#985,#1385,.T.);
#1385 = SURFACE_CURVE('',#1386,(#1390,#1396),.PCURVE_S1.);
#1386 = LINE('',#1387,#1388);
#1387 = CARTESIAN_POINT('',(332.86857257165,450.,1.56E+03));
#1388 = VECTOR('',#1389,1.);
#1389 = DIRECTION('',(-0.,1.,-0.));
#1390 = PCURVE('',#902,#1391);
#1391 = DEFINITIONAL_REPRESENTATION('',(#1392),#1395);
#1392 = B_SPLINE_CURVE_WITH_KNOTS('',1,(#1393,#1394),.UNSPECIFIED.,.F.,
  .F.,(2,2),(-180.0000006,-83.2),.PIECEWISE_BEZIER_KNOTS.);
#1393 = CARTESIAN_POINT('',(-57.13142742834,-20.0000006));
#1394 = CARTESIAN_POINT('',(-57.13142742834,76.8));
#1395 = ( GEOMETRIC_REPRESENTATION_CONTEXT(2)
PARAMETRIC_REPRESENTATION_CONTEXT() REPRESENTATION_CONTEXT('2D SPACE',''
  ) );
#1396 = PCURVE('',#1216,#1397);
#1397 = DEFINITIONAL_REPRESENTATION('',(#1398),#1401);
#1398 = B_SPLINE_CURVE_WITH_KNOTS('',1,(#1399,#1400),.UNSPECIFIED.,.F.,
  .F.,(2,2),(-180.0000006,-83.2),.PIECEWISE_BEZIER_KNOTS.);
#1399 = CARTESIAN_POINT('',(-3.314872290007,-180.0000006));
#1400 = CARTESIAN_POINT('',(-3.314872290007,-83.2));
#1401 = ( GEOMETRIC_REPRESENTATION_CONTEXT(2)
PARAMETRIC_REPRESENTATION_CONTEXT() REPRESENTATION_CONTEXT('2D SPACE',''
  ) );
#1402 = ADVANCED_FACE('',(#1403,#1505),#1216,.T.);
#1403 = FACE_BOUND('',#1404,.F.);
#1404 = EDGE_LOOP('',(#1405,#1429,#1430,#1431,#1432,#1454,#1477,#1504));
#1405 = ORIENTED_EDGE('',*,*,#1406,.T.);
#1406 = EDGE_CURVE('',#1407,#1359,#1409,.T.);
#1407 = VERTEX_POINT('',#1408);
#1408 = CARTESIAN_POINT('',(448.,270.,1.57E+03));
#1409 = SURFACE_CURVE('',#1410,(#1415,#1422),.PCURVE_S1.);
#1410 = CIRCLE('',#1411,58.);
#1411 = AXIS2_PLACEMENT_3D('',#1412,#1413,#1414);
#1412 = CARTESIAN_POINT('',(390.,270.,1.57E+03));
#1413 = DIRECTION('',(0.,-1.,0.));
#1414 = DIRECTION('',(1.,0.,0.));
#1415 = PCURVE('',#1216,#1416);
#1416 = DEFINITIONAL_REPRESENTATION('',(#1417),#1421);
#1417 = LINE('',#1418,#1419);
#1418 = CARTESIAN_POINT('',(-0.,-180.));
#1419 = VECTOR('',#1420,1.);
#1420 = DIRECTION('',(-1.,0.));
#1421 = ( GEOMETRIC_REPRESENTATION_CONTEXT(2)
PARAMETRIC_REPRESENTATION_CONTEXT() REPRESENTATION_CONTEXT('2D SPACE',''
  ) );
#1422 = PCURVE('',#1373,#1423);
#1423 = DEFINITIONAL_REPRESENTATION('',(#1424),#1428);
#1424 = CIRCLE('',#1425,58.);
#1425 = AXIS2_PLACEMENT_2D('',#1426,#1427);
#1426 = CARTESIAN_POINT('',(0.,0.));
#1427 = DIRECTION('',(0.,1.));
#1428 = ( GEOMETRIC_REPRESENTATION_CONTEXT(2)
PARAMETRIC_REPRESENTATION_CONTEXT() REPRESENTATION_CONTEXT('2D SPACE',''
  ) );
#1429 = ORIENTED_EDGE('',*,*,#1384,.T.);
#1430 = ORIENTED_EDGE('',*,*,#1008,.T.);
#1431 = ORIENTED_EDGE('',*,*,#1337,.F.);
#1432 = ORIENTED_EDGE('',*,*,#1433,.T.);
#1433 = EDGE_CURVE('',#1338,#1407,#1434,.T.);
#1434 = SURFACE_CURVE('',#1435,(#1440,#1447),.PCURVE_S1.);
#1435 = CIRCLE('',#1436,58.);
#1436 = AXIS2_PLACEMENT_3D('',#1437,#1438,#1439);
#1437 = CARTESIAN_POINT('',(390.,270.,1.57E+03));
#1438 = DIRECTION('',(0.,-1.,0.));
#1439 = DIRECTION('',(1.,0.,0.));
#1440 = PCURVE('',#1216,#1441);
#1441 = DEFINITIONAL_REPRESENTATION('',(#1442),#1446);
#1442 = LINE('',#1443,#1444);
#1443 = CARTESIAN_POINT('',(-0.,-180.));
#1444 = VECTOR('',#1445,1.);
#1445 = DIRECTION('',(-1.,0.));
#1446 = ( GEOMETRIC_REPRESENTATION_CONTEXT(2)
PARAMETRIC_REPRESENTATION_CONTEXT() REPRESENTATION_CONTEXT('2D SPACE',''
  ) );
#1447 = PCURVE('',#1373,#1448);
#1448 = DEFINITIONAL_REPRESENTATION('',(#1449),#1453);
#1449 = CIRCLE('',#1450,58.);
#1450 = AXIS2_PLACEMENT_2D('',#1451,#1452);
#1451 = CARTESIAN_POINT('',(0.,0.));
#1452 = DIRECTION('',(0.,1.));
#1453 = ( GEOMETRIC_REPRESENTATION_CONTEXT(2)
PARAMETRIC_REPRESENTATION_CONTEXT() REPRESENTATION_CONTEXT('2D SPACE',''
  ) );
#1454 = ORIENTED_EDGE('',*,*,#1455,.F.);
#1455 = EDGE_CURVE('',#1456,#1407,#1458,.T.);
#1456 = VERTEX_POINT('',#1457);
#1457 = CARTESIAN_POINT('',(448.,630.,1.57E+03));
#1458 = SEAM_CURVE('',#1459,(#1463,#1470),.PCURVE_S1.);
#1459 = LINE('',#1460,#1461);
#1460 = CARTESIAN_POINT('',(448.,630.,1.57E+03));
#1461 = VECTOR('',#1462,1.);
#1462 = DIRECTION('',(0.,-1.,0.));
#1463 = PCURVE('',#1216,#1464);
#1464 = DEFINITIONAL_REPRESENTATION('',(#1465),#1469);
#1465 = LINE('',#1466,#1467);
#1466 = CARTESIAN_POINT('',(-6.28318530718,180.));
#1467 = VECTOR('',#1468,1.);
#1468 = DIRECTION('',(-0.,-1.));
#1469 = ( GEOMETRIC_REPRESENTATION_CONTEXT(2)
PARAMETRIC_REPRESENTATION_CONTEXT() REPRESENTATION_CONTEXT('2D SPACE',''
  ) );
#1470 = PCURVE('',#1216,#1471);
#1471 = DEFINITIONAL_REPRESENTATION('',(#1472),#1476);
#1472 = LINE('',#1473,#1474);
#1473 = CARTESIAN_POINT('',(-0.,180.));
#1474 = VECTOR('',#1475,1.);
#1475 = DIRECTION('',(-0.,-1.));
#1476 = ( GEOMETRIC_REPRESENTATION_CONTEXT(2)
PARAMETRIC_REPRESENTATION_CONTEXT() REPRESENTATION_CONTEXT('2D SPACE',''
  ) );
#1477 = ORIENTED_EDGE('',*,*,#1478,.F.);
#1478 = EDGE_CURVE('',#1456,#1456,#1479,.T.);
#1479 = SURFACE_CURVE('',#1480,(#1485,#1492),.PCURVE_S1.);
#1480 = CIRCLE('',#1481,58.);
#1481 = AXIS2_PLACEMENT_3D('',#1482,#1483,#1484);
#1482 = CARTESIAN_POINT('',(390.,630.,1.57E+03));
#1483 = DIRECTION('',(0.,-1.,0.));
#1484 = DIRECTION('',(1.,0.,0.));
#1485 = PCURVE('',#1216,#1486);
#1486 = DEFINITIONAL_REPRESENTATION('',(#1487),#1491);
#1487 = LINE('',#1488,#1489);
#1488 = CARTESIAN_POINT('',(0.,180.));
#1489 = VECTOR('',#1490,1.);
#1490 = DIRECTION('',(-1.,-0.));
#1491 = ( GEOMETRIC_REPRESENTATION_CONTEXT(2)
PARAMETRIC_REPRESENTATION_CONTEXT() REPRESENTATION_CONTEXT('2D SPACE',''
  ) );
#1492 = PCURVE('',#1493,#1498);
#1493 = PLANE('',#1494);
#1494 = AXIS2_PLACEMENT_3D('',#1495,#1496,#1497);
#1495 = CARTESIAN_POINT('',(390.,630.,1.57E+03));
#1496 = DIRECTION('',(-0.,-1.,-0.));
#1497 = DIRECTION('',(0.,0.,-1.));
#1498 = DEFINITIONAL_REPRESENTATION('',(#1499),#1503);
#1499 = CIRCLE('',#1500,58.);
#1500 = AXIS2_PLACEMENT_2D('',#1501,#1502);
#1501 = CARTESIAN_POINT('',(0.,0.));
#1502 = DIRECTION('',(0.,1.));
#1503 = ( GEOMETRIC_REPRESENTATION_CONTEXT(2)
PARAMETRIC_REPRESENTATION_CONTEXT() REPRESENTATION_CONTEXT('2D SPACE',''
  ) );
#1504 = ORIENTED_EDGE('',*,*,#1455,.T.);
#1505 = FACE_BOUND('',#1506,.F.);
#1506 = EDGE_LOOP('',(#1507,#1535));
#1507 = ORIENTED_EDGE('',*,*,#1508,.F.);
#1508 = EDGE_CURVE('',#1509,#1511,#1513,.T.);
#1509 = VERTEX_POINT('',#1510);
#1510 = CARTESIAN_POINT('',(432.,603.40411969127,1.61E+03));
#1511 = VERTEX_POINT('',#1512);
#1512 = CARTESIAN_POINT('',(432.,496.59588030872,1.61E+03));
#1513 = SURFACE_CURVE('',#1514,(#1518,#1524),.PCURVE_S1.);
#1514 = LINE('',#1515,#1516);
#1515 = CARTESIAN_POINT('',(432.,450.,1.61E+03));
#1516 = VECTOR('',#1517,1.);
#1517 = DIRECTION('',(0.,-1.,0.));
#1518 = PCURVE('',#1216,#1519);
#1519 = DEFINITIONAL_REPRESENTATION('',(#1520),#1523);
#1520 = B_SPLINE_CURVE_WITH_KNOTS('',1,(#1521,#1522),.UNSPECIFIED.,.F.,
  .F.,(2,2),(-164.8,-35.2),.PIECEWISE_BEZIER_KNOTS.);
#1521 = CARTESIAN_POINT('',(-0.761012754225,164.8));
#1522 = CARTESIAN_POINT('',(-0.761012754225,35.2));
#1523 = ( GEOMETRIC_REPRESENTATION_CONTEXT(2)
PARAMETRIC_REPRESENTATION_CONTEXT() REPRESENTATION_CONTEXT('2D SPACE',''
  ) );
#1524 = PCURVE('',#1525,#1530);
#1525 = PLANE('',#1526);
#1526 = AXIS2_PLACEMENT_3D('',#1527,#1528,#1529);
#1527 = CARTESIAN_POINT('',(440.,550.,1.61E+03));
#1528 = DIRECTION('',(0.,0.,1.));
#1529 = DIRECTION('',(1.,0.,0.));
#1530 = DEFINITIONAL_REPRESENTATION('',(#1531),#1534);
#1531 = B_SPLINE_CURVE_WITH_KNOTS('',1,(#1532,#1533),.UNSPECIFIED.,.F.,
  .F.,(2,2),(-164.8,-35.2),.PIECEWISE_BEZIER_KNOTS.);
#1532 = CARTESIAN_POINT('',(-8.,64.8));
#1533 = CARTESIAN_POINT('',(-8.,-64.8));
#1534 = ( GEOMETRIC_REPRESENTATION_CONTEXT(2)
PARAMETRIC_REPRESENTATION_CONTEXT() REPRESENTATION_CONTEXT('2D SPACE',''
  ) );
#1535 = ORIENTED_EDGE('',*,*,#1536,.T.);
#1536 = EDGE_CURVE('',#1509,#1511,#1537,.T.);
#1537 = SURFACE_CURVE('',#1538,(#1660,#1785),.PCURVE_S1.);
#1538 = B_SPLINE_CURVE_WITH_KNOTS('',8,(#1539,#1540,#1541,#1542,#1543,
    #1544,#1545,#1546,#1547,#1548,#1549,#1550,#1551,#1552,#1553,#1554,
    #1555,#1556,#1557,#1558,#1559,#1560,#1561,#1562,#1563,#1564,#1565,
    #1566,#1567,#1568,#1569,#1570,#1571,#1572,#1573,#1574,#1575,#1576,
    #1577,#1578,#1579,#1580,#1581,#1582,#1583,#1584,#1585,#1586,#1587,
    #1588,#1589,#1590,#1591,#1592,#1593,#1594,#1595,#1596,#1597,#1598,
    #1599,#1600,#1601,#1602,#1603,#1604,#1605,#1606,#1607,#1608,#1609,
    #1610,#1611,#1612,#1613,#1614,#1615,#1616,#1617,#1618,#1619,#1620,
    #1621,#1622,#1623,#1624,#1625,#1626,#1627,#1628,#1629,#1630,#1631,
    #1632,#1633,#1634,#1635,#1636,#1637,#1638,#1639,#1640,#1641,#1642,
    #1643,#1644,#1645,#1646,#1647,#1648,#1649,#1650,#1651,#1652,#1653,
    #1654,#1655,#1656,#1657,#1658,#1659),.UNSPECIFIED.,.F.,.F.,(9,7,7,7,
    7,7,7,7,7,7,7,7,7,7,7,7,7,9),(0.,4.576077593801E-02,
    7.010116454348E-02,0.119113942792,0.190005407245,0.233295141962,
    0.288280933286,0.332315078166,0.500031327729,0.631206759434,
    0.667950132945,0.711926563035,0.766840750018,0.81010314535,
    0.880747970802,0.929863503208,0.954233136151,1.),.UNSPECIFIED.);
#1539 = CARTESIAN_POINT('',(432.00000057142,603.40411977687,
    1.6099999994E+03));
#1540 = CARTESIAN_POINT('',(431.34371255097,603.30580706597,
    1.610689101841E+03));
#1541 = CARTESIAN_POINT('',(430.67133150589,603.19565958717,
    1.611369228255E+03));
#1542 = CARTESIAN_POINT('',(429.98323844289,603.07285563125,
    1.612039541273E+03));
#1543 = CARTESIAN_POINT('',(429.27985161415,602.93655847947,
    1.612699248668E+03));
#1544 = CARTESIAN_POINT('',(428.56162509055,602.78591755056,
    1.613347602822E+03));
#1545 = CARTESIAN_POINT('',(427.82904733488,602.6200695477,
    1.61398390021E+03));
#1546 = CARTESIAN_POINT('',(427.08263977507,602.43813960551,
    1.614607480865E+03));
#1547 = CARTESIAN_POINT('',(425.91887539677,602.1334480252,
    1.615542321326E+03));
#1548 = CARTESIAN_POINT('',(425.51109441793,602.02286763028,
    1.615863097981E+03));
#1549 = CARTESIAN_POINT('',(425.09976239838,601.90738720724,
    1.616179914658E+03));
#1550 = CARTESIAN_POINT('',(424.68503260434,601.78689564254,
    1.616492637202E+03));
#1551 = CARTESIAN_POINT('',(424.26706131836,601.66128494753,
    1.616801140337E+03));
#1552 = CARTESIAN_POINT('',(423.84600754709,601.53045045178,
    1.617105307548E+03));
#1553 = CARTESIAN_POINT('',(423.42203272885,601.39429099645,
    1.617405030958E+03));
#1554 = CARTESIAN_POINT('',(422.13601527073,600.96761422414,
    1.618294597929E+03));
#1555 = CARTESIAN_POINT('',(421.2652751413,600.66044198069,
    1.618870752732E+03));
#1556 = CARTESIAN_POINT('',(420.38500525376,600.33057120191,
    1.619427427748E+03));
#1557 = CARTESIAN_POINT('',(419.49717257104,599.97751245139,
    1.619963612352E+03));
#1558 = CARTESIAN_POINT('',(418.60377521011,599.60092195742,
    1.620478519122E+03));
#1559 = CARTESIAN_POINT('',(417.70683183368,599.20061551874,
    1.620971569807E+03));
#1560 = CARTESIAN_POINT('',(416.80837104197,598.77658241026,
    1.621442381289E+03));
#1561 = CARTESIAN_POINT('',(414.6116368053,597.68162070543,
    1.622539268628E+03));
#1562 = CARTESIAN_POINT('',(413.31602190359,596.98602167707,
    1.623139788675E+03));
#1563 = CARTESIAN_POINT('',(412.02923371381,596.2427791671,
    1.623692204947E+03));
#1564 = CARTESIAN_POINT('',(410.75688832196,595.45320168135,
    1.624197092182E+03));
#1565 = CARTESIAN_POINT('',(409.50450823976,594.61939474789,
    1.624655633496E+03));
#1566 = CARTESIAN_POINT('',(408.27746150789,593.74433054953,
    1.625069541434E+03));
#1567 = CARTESIAN_POINT('',(407.0808919082,592.8319217091,
    1.62544097318E+03));
#1568 = CARTESIAN_POINT('',(405.21052424264,591.31014521903,
    1.625974849419E+03));
#1569 = CARTESIAN_POINT('',(404.51400692733,590.72063976157,
    1.626162519331E+03));
#1570 = CARTESIAN_POINT('',(403.83057676086,590.11914206573,
    1.626336164539E+03));
#1571 = CARTESIAN_POINT('',(403.16069599174,589.50624960419,
    1.626496493546E+03));
#1572 = CARTESIAN_POINT('',(402.50479906553,588.88259864544,
    1.626644207106E+03));
#1573 = CARTESIAN_POINT('',(401.86329099512,588.24886478745,
    1.626779996876E+03));
#1574 = CARTESIAN_POINT('',(401.23654573105,587.60576349137,
    1.626904544063E+03));
#1575 = CARTESIAN_POINT('',(399.84800960361,586.12625741101,
    1.627163285684E+03));
#1576 = CARTESIAN_POINT('',(399.09538426018,585.28446539182,
    1.627291013442E+03));
#1577 = CARTESIAN_POINT('',(398.3671830916,584.42962650833,
    1.627403167389E+03));
#1578 = CARTESIAN_POINT('',(397.66351401396,583.56268010881,
    1.627501127304E+03));
#1579 = CARTESIAN_POINT('',(396.98444116923,582.68455208934,
    1.627586190138E+03));
#1580 = CARTESIAN_POINT('',(396.32998782516,581.79615404397,
    1.627659573459E+03));
#1581 = CARTESIAN_POINT('',(395.70013927512,580.89838241493,
    1.627722418882E+03));
#1582 = CARTESIAN_POINT('',(394.61010990587,579.26635570848,
    1.627818540994E+03));
#1583 = CARTESIAN_POINT('',(394.14104680514,578.53503477987,
    1.627855220431E+03));
#1584 = CARTESIAN_POINT('',(393.68756385334,577.79849128038,
    1.627886385713E+03));
#1585 = CARTESIAN_POINT('',(393.24956415551,577.05704624514,
    1.627912554516E+03));
#1586 = CARTESIAN_POINT('',(392.82694738181,576.31100511505,
    1.627934211989E+03));
#1587 = CARTESIAN_POINT('',(392.41961064528,575.5606575309,
    1.627951812426E+03));
#1588 = CARTESIAN_POINT('',(392.02744937947,574.80627712744,
    1.627965780957E+03));
#1589 = CARTESIAN_POINT('',(390.21410196968,571.16047475896,
    1.628017399665E+03));
#1590 = CARTESIAN_POINT('',(388.99623450597,568.21759643277,
    1.628011371222E+03));
#1591 = CARTESIAN_POINT('',(387.99051303701,565.23257889789,
    1.627980379586E+03));
#1592 = CARTESIAN_POINT('',(387.19156816588,562.21612991843,
    1.627940446551E+03));
#1593 = CARTESIAN_POINT('',(386.59518196114,559.17721684672,
    1.627903049976E+03));
#1594 = CARTESIAN_POINT('',(386.19846321655,556.12358832226,
    1.627875624263E+03));
#1595 = CARTESIAN_POINT('',(386.,553.06225193135,1.627861904566E+03));
#1596 = CARTESIAN_POINT('',(386.,547.60492963482,1.627861904566E+03));
#1597 = CARTESIAN_POINT('',(386.12140442503,545.21012814104,
    1.627870297427E+03));
#1598 = CARTESIAN_POINT('',(386.36416596094,542.81900473992,
    1.627887078903E+03));
#1599 = CARTESIAN_POINT('',(386.72879661289,540.43502867816,
    1.627910853719E+03));
#1600 = CARTESIAN_POINT('',(387.21634269448,538.06185764132,
    1.627938826446E+03));
#1601 = CARTESIAN_POINT('',(387.82835889046,535.70347522191,
    1.627966748459E+03));
#1602 = CARTESIAN_POINT('',(388.56688163848,533.36433767298,
    1.627988781976E+03));
#1603 = CARTESIAN_POINT('',(389.67740205615,530.40113256759,
    1.62799961194E+03));
#1604 = CARTESIAN_POINT('',(389.93052859998,529.75462976929,
    1.628000916792E+03));
#1605 = CARTESIAN_POINT('',(390.19383812287,529.11013144121,
    1.62800098768E+03));
#1606 = CARTESIAN_POINT('',(390.46738914736,528.46775340213,
    1.627999644193E+03));
#1607 = CARTESIAN_POINT('',(390.75124214463,527.82761759755,
    1.627996694001E+03));
#1608 = CARTESIAN_POINT('',(391.04545937702,527.18985206608,
    1.627991932309E+03));
#1609 = CARTESIAN_POINT('',(391.35010474052,526.55459090584,
    1.6279851413E+03));
#1610 = CARTESIAN_POINT('',(392.04241861923,525.16482485901,
    1.627965256012E+03));
#1611 = CARTESIAN_POINT('',(392.43463225859,524.41144930245,
    1.627951183897E+03));
#1612 = CARTESIAN_POINT('',(392.8419894745,523.66210464525,
    1.627933476287E+03));
#1613 = CARTESIAN_POINT('',(393.26459437952,522.91706410234,
    1.627911708845E+03));
#1614 = CARTESIAN_POINT('',(393.70254937475,522.17661682413,
    1.627885428174E+03));
#1615 = CARTESIAN_POINT('',(394.15595427501,521.4410676911,
    1.627854150147E+03));
#1616 = CARTESIAN_POINT('',(394.62490543392,520.71073710833,
    1.627817358235E+03));
#1617 = CARTESIAN_POINT('',(395.71461071857,519.08091913062,
    1.627720986248E+03));
#1618 = CARTESIAN_POINT('',(396.34422819457,518.18436368579,
    1.627658004111E+03));
#1619 = CARTESIAN_POINT('',(396.99839585293,517.29717345373,
    1.62758448885E+03));
#1620 = CARTESIAN_POINT('',(397.67712720664,516.42024318492,
    1.627499301719E+03));
#1621 = CARTESIAN_POINT('',(398.38039784919,515.55448254867,
    1.627401228388E+03));
#1622 = CARTESIAN_POINT('',(399.10814257793,514.70081528953,
    1.627288975543E+03));
#1623 = CARTESIAN_POINT('',(399.86025251737,513.86017838376,
    1.627161167473E+03));
#1624 = CARTESIAN_POINT('',(401.2481710425,512.382265627,
    1.626902247048E+03));
#1625 = CARTESIAN_POINT('',(401.8748570435,511.73962144233,
    1.626777578391E+03));
#1626 = CARTESIAN_POINT('',(402.51628836628,511.10634405462,
    1.626641668128E+03));
#1627 = CARTESIAN_POINT('',(403.17209046835,510.48314841976,
    1.626493835983E+03));
#1628 = CARTESIAN_POINT('',(403.84185777888,509.87070957225,
    1.626333391329E+03));
#1629 = CARTESIAN_POINT('',(404.52515533354,509.26966316103,
    1.626159634542E+03));
#1630 = CARTESIAN_POINT('',(405.22152040933,508.68060598514,
    1.625971858354E+03));
#1631 = CARTESIAN_POINT('',(407.08812561347,507.16269211685,
    1.625438664266E+03));
#1632 = CARTESIAN_POINT('',(408.28082992642,506.25352441129,
    1.625068265024E+03));
#1633 = CARTESIAN_POINT('',(409.50378566874,505.38146590059,
    1.624655667159E+03));
#1634 = CARTESIAN_POINT('',(410.75190292985,504.55038550568,
    1.624198735688E+03));
#1635 = CARTESIAN_POINT('',(412.01987060152,503.76322509846,
    1.623695774025E+03));
#1636 = CARTESIAN_POINT('',(413.30222494109,503.02207195152,
    1.623145607303E+03));
#1637 = CARTESIAN_POINT('',(414.59340941439,502.32822711958,
    1.62254765997E+03));
#1638 = CARTESIAN_POINT('',(416.78776364722,501.23317047665,
    1.621453154365E+03));
#1639 = CARTESIAN_POINT('',(417.68825628231,500.80772104237,
    1.620981734232E+03));
#1640 = CARTESIAN_POINT('',(418.5872611126,500.4061031367,
    1.620487968006E+03));
#1641 = CARTESIAN_POINT('',(419.48273472103,500.02830902837,
    1.6199722391E+03));
#1642 = CARTESIAN_POINT('',(420.37264360559,499.67415564788,
    1.619435127813E+03));
#1643 = CARTESIAN_POINT('',(421.2549749004,499.34329866725,
    1.618877425538E+03));
#1644 = CARTESIAN_POINT('',(422.12774709678,499.03524657982,
    1.618300148983E+03));
#1645 = CARTESIAN_POINT('',(423.41635855565,498.60753388996,
    1.617409038464E+03));
#1646 = CARTESIAN_POINT('',(423.84093352414,498.47113091768,
    1.617108965994E+03));
#1647 = CARTESIAN_POINT('',(424.26258135173,498.34006808114,
    1.616804436688E+03));
#1648 = CARTESIAN_POINT('',(424.68113986933,498.21424386814,
    1.616495558829E+03));
#1649 = CARTESIAN_POINT('',(425.0964493513,498.09355323103,
    1.616182449384E+03));
#1650 = CARTESIAN_POINT('',(425.50835280999,497.97788778157,
    1.615865234134E+03));
#1651 = CARTESIAN_POINT('',(425.91669629024,497.86713598563,
    1.615544047792E+03));
#1652 = CARTESIAN_POINT('',(427.08124121024,497.56220130949,
    1.614608649233E+03));
#1653 = CARTESIAN_POINT('',(427.82787057015,497.38019687709,
    1.61398492228E+03));
#1654 = CARTESIAN_POINT('',(428.56066367475,497.21428410229,
    1.613348470695E+03));
#1655 = CARTESIAN_POINT('',(429.27909852751,497.06358744503,
    1.612699954995E+03));
#1656 = CARTESIAN_POINT('',(429.98268613372,496.92724293347,
    1.612040079325E+03));
#1657 = CARTESIAN_POINT('',(430.67097192993,496.80439931375,
    1.611369591983E+03));
#1658 = CARTESIAN_POINT('',(431.34353721338,496.6942191998,
    1.610689285946E+03));
#1659 = CARTESIAN_POINT('',(432.00000057142,496.59588022312,
    1.6099999994E+03));
#1660 = PCURVE('',#1216,#1661);
#1661 = DEFINITIONAL_REPRESENTATION('',(#1662),#1784);
#1662 = B_SPLINE_CURVE_WITH_KNOTS('',8,(#1663,#1664,#1665,#1666,#1667,
    #1668,#1669,#1670,#1671,#1672,#1673,#1674,#1675,#1676,#1677,#1678,
    #1679,#1680,#1681,#1682,#1683,#1684,#1685,#1686,#1687,#1688,#1689,
    #1690,#1691,#1692,#1693,#1694,#1695,#1696,#1697,#1698,#1699,#1700,
    #1701,#1702,#1703,#1704,#1705,#1706,#1707,#1708,#1709,#1710,#1711,
    #1712,#1713,#1714,#1715,#1716,#1717,#1718,#1719,#1720,#1721,#1722,
    #1723,#1724,#1725,#1726,#1727,#1728,#1729,#1730,#1731,#1732,#1733,
    #1734,#1735,#1736,#1737,#1738,#1739,#1740,#1741,#1742,#1743,#1744,
    #1745,#1746,#1747,#1748,#1749,#1750,#1751,#1752,#1753,#1754,#1755,
    #1756,#1757,#1758,#1759,#1760,#1761,#1762,#1763,#1764,#1765,#1766,
    #1767,#1768,#1769,#1770,#1771,#1772,#1773,#1774,#1775,#1776,#1777,
    #1778,#1779,#1780,#1781,#1782,#1783),.UNSPECIFIED.,.F.,.F.,(9,7,7,7,
    7,7,7,7,7,7,7,7,7,7,7,7,7,9),(0.,4.576077593801E-02,
    7.010116454348E-02,0.119113942792,0.190005407245,0.233295141962,
    0.288280933286,0.332315078166,0.500031327729,0.631206759434,
    0.667950132945,0.711926563035,0.766840750018,0.81010314535,
    0.880747970802,0.929863503208,0.954233136151,1.),.UNSPECIFIED.);
#1663 = CARTESIAN_POINT('',(-0.761012739939,153.40411977687));
#1664 = CARTESIAN_POINT('',(-0.777419940696,153.30580706597));
#1665 = CARTESIAN_POINT('',(-0.793906429876,153.19565958717));
#1666 = CARTESIAN_POINT('',(-0.810463954254,153.07285563125));
#1667 = CARTESIAN_POINT('',(-0.827084651672,152.93655847947));
#1668 = CARTESIAN_POINT('',(-0.843760993844,152.78591755056));
#1669 = CARTESIAN_POINT('',(-0.860485729166,152.6200695477));
#1670 = CARTESIAN_POINT('',(-0.877251825528,152.43813960551));
#1671 = CARTESIAN_POINT('',(-0.902988730796,152.1334480252));
#1672 = CARTESIAN_POINT('',(-0.911933583703,152.02286763028));
#1673 = CARTESIAN_POINT('',(-0.92088449804,151.90738720724));
#1674 = CARTESIAN_POINT('',(-0.929839061068,151.78689564254));
#1675 = CARTESIAN_POINT('',(-0.938794917636,151.66128494753));
#1676 = CARTESIAN_POINT('',(-0.947749766697,151.53045045178));
#1677 = CARTESIAN_POINT('',(-0.956701357832,151.39429099645));
#1678 = CARTESIAN_POINT('',(-0.983661772172,150.96761422414));
#1679 = CARTESIAN_POINT('',(-1.001659646943,150.66044198069));
#1680 = CARTESIAN_POINT('',(-1.019610518527,150.33057120191));
#1681 = CARTESIAN_POINT('',(-1.037485395181,149.97751245139));
#1682 = CARTESIAN_POINT('',(-1.055256647393,149.60092195742));
#1683 = CARTESIAN_POINT('',(-1.072897768301,149.20061551874));
#1684 = CARTESIAN_POINT('',(-1.090383134115,148.77658241026));
#1685 = CARTESIAN_POINT('',(-1.132716963772,147.68162070543));
#1686 = CARTESIAN_POINT('',(-1.157327594248,146.98602167707));
#1687 = CARTESIAN_POINT('',(-1.181455451985,146.2427791671));
#1688 = CARTESIAN_POINT('',(-1.205038876357,145.45320168136));
#1689 = CARTESIAN_POINT('',(-1.22801788374,144.61939474789));
#1690 = CARTESIAN_POINT('',(-1.250333854269,143.74433054953));
#1691 = CARTESIAN_POINT('',(-1.271929771721,142.8319217091));
#1692 = CARTESIAN_POINT('',(-1.305465469078,141.31014521903));
#1693 = CARTESIAN_POINT('',(-1.317901291696,140.72063976157));
#1694 = CARTESIAN_POINT('',(-1.330056902113,140.11914206573));
#1695 = CARTESIAN_POINT('',(-1.341930544962,139.50624960419));
#1696 = CARTESIAN_POINT('',(-1.353520357634,138.88259864544));
#1697 = CARTESIAN_POINT('',(-1.364824436164,138.24886478745));
#1698 = CARTESIAN_POINT('',(-1.375840901118,137.60576349137));
#1699 = CARTESIAN_POINT('',(-1.400193272493,136.12625741101));
#1700 = CARTESIAN_POINT('',(-1.413353408277,135.28446539182));
#1701 = CARTESIAN_POINT('',(-1.426054216322,134.42962650832));
#1702 = CARTESIAN_POINT('',(-1.438300990425,133.56268010881));
#1703 = CARTESIAN_POINT('',(-1.450098588445,132.68455208934));
#1704 = CARTESIAN_POINT('',(-1.461451548049,131.79615404397));
#1705 = CARTESIAN_POINT('',(-1.472364202457,130.89838241493));
#1706 = CARTESIAN_POINT('',(-1.491230742668,129.26635570848));
#1707 = CARTESIAN_POINT('',(-1.49934232837,128.53503477987));
#1708 = CARTESIAN_POINT('',(-1.507178874875,127.79849128038));
#1709 = CARTESIAN_POINT('',(-1.51474348298,127.05704624514));
#1710 = CARTESIAN_POINT('',(-1.522039054374,126.31100511505));
#1711 = CARTESIAN_POINT('',(-1.529068313309,125.5606575309));
#1712 = CARTESIAN_POINT('',(-1.535833828275,124.80627712744));
#1713 = CARTESIAN_POINT('',(-1.567111103267,121.16047475896));
#1714 = CARTESIAN_POINT('',(-1.588097360562,118.21759643273));
#1715 = CARTESIAN_POINT('',(-1.605438314231,115.23257889802));
#1716 = CARTESIAN_POINT('',(-1.619227855864,112.21612991825));
#1717 = CARTESIAN_POINT('',(-1.629530389433,109.17721684684));
#1718 = CARTESIAN_POINT('',(-1.636386683074,106.12358832223));
#1719 = CARTESIAN_POINT('',(-1.639816630833,103.06225193135));
#1720 = CARTESIAN_POINT('',(-1.639816630833,97.604929634824));
#1721 = CARTESIAN_POINT('',(-1.637718457194,95.210128141043));
#1722 = CARTESIAN_POINT('',(-1.633522916879,92.819004739917));
#1723 = CARTESIAN_POINT('',(-1.627222893998,90.435028678167));
#1724 = CARTESIAN_POINT('',(-1.618803668653,88.061857641325));
#1725 = CARTESIAN_POINT('',(-1.608242381911,85.703475221913));
#1726 = CARTESIAN_POINT('',(-1.59550612986,83.364337672987));
#1727 = CARTESIAN_POINT('',(-1.57635831565,80.401132567592));
#1728 = CARTESIAN_POINT('',(-1.571994053328,79.754629769299));
#1729 = CARTESIAN_POINT('',(-1.567454325474,79.110131441216));
#1730 = CARTESIAN_POINT('',(-1.562738002914,78.467753402136));
#1731 = CARTESIAN_POINT('',(-1.557843877761,77.827617597558));
#1732 = CARTESIAN_POINT('',(-1.552770656601,77.189852066087));
#1733 = CARTESIAN_POINT('',(-1.547516953682,76.554590905843));
#1734 = CARTESIAN_POINT('',(-1.535575584686,75.164824859012));
#1735 = CARTESIAN_POINT('',(-1.528809103627,74.411449302458));
#1736 = CARTESIAN_POINT('',(-1.52177941207,73.662104645254));
#1737 = CARTESIAN_POINT('',(-1.514483947789,72.91706410234));
#1738 = CARTESIAN_POINT('',(-1.506919993592,72.176616824133));
#1739 = CARTESIAN_POINT('',(-1.499084655751,71.441067691099));
#1740 = CARTESIAN_POINT('',(-1.490974842407,70.710737108335));
#1741 = CARTESIAN_POINT('',(-1.472113489214,69.080919130622));
#1742 = CARTESIAN_POINT('',(-1.461204564205,68.184363685792));
#1743 = CARTESIAN_POINT('',(-1.449856244258,67.297173453732));
#1744 = CARTESIAN_POINT('',(-1.438064218955,66.420243184924));
#1745 = CARTESIAN_POINT('',(-1.425823974873,65.554482548672));
#1746 = CARTESIAN_POINT('',(-1.413130680286,64.700815289538));
#1747 = CARTESIAN_POINT('',(-1.399979069864,63.860178383768));
#1748 = CARTESIAN_POINT('',(-1.375636601367,62.382265627006));
#1749 = CARTESIAN_POINT('',(-1.364620730105,61.739621442331));
#1750 = CARTESIAN_POINT('',(-1.353317515438,61.106344054628));
#1751 = CARTESIAN_POINT('',(-1.341728847748,60.483148419761));
#1752 = CARTESIAN_POINT('',(-1.329856642167,59.870709572257));
#1753 = CARTESIAN_POINT('',(-1.317702772783,59.269663161038));
#1754 = CARTESIAN_POINT('',(-1.305269006856,58.680605985146));
#1755 = CARTESIAN_POINT('',(-1.271798915659,57.162692116854));
#1756 = CARTESIAN_POINT('',(-1.250271871782,56.253524411299));
#1757 = CARTESIAN_POINT('',(-1.228029847274,55.381465900598));
#1758 = CARTESIAN_POINT('',(-1.20512924092,54.550385505681));
#1759 = CARTESIAN_POINT('',(-1.181628032629,53.763225098463));
#1760 = CARTESIAN_POINT('',(-1.157585547495,53.022071951521));
#1761 = CARTESIAN_POINT('',(-1.133062761694,52.328227119584));
#1762 = CARTESIAN_POINT('',(-1.090783985082,51.233170476658));
#1763 = CARTESIAN_POINT('',(-1.073262737208,50.80772104237));
#1764 = CARTESIAN_POINT('',(-1.055584562301,50.406103136705));
#1765 = CARTESIAN_POINT('',(-1.037775263501,50.028309028378));
#1766 = CARTESIAN_POINT('',(-1.019861533854,49.674155647882));
#1767 = CARTESIAN_POINT('',(-1.001871198777,49.343298667252));
#1768 = CARTESIAN_POINT('',(-0.983833458516,49.035246579821));
#1769 = CARTESIAN_POINT('',(-0.956821122367,48.607533889961));
#1770 = CARTESIAN_POINT('',(-0.947857609611,48.471130917685));
#1771 = CARTESIAN_POINT('',(-0.938890805256,48.340068081147));
#1772 = CARTESIAN_POINT('',(-0.92992296963,48.21424386814));
#1773 = CARTESIAN_POINT('',(-0.920956413978,48.093553231039));
#1774 = CARTESIAN_POINT('',(-0.911993503969,47.97788778158));
#1775 = CARTESIAN_POINT('',(-0.903036663194,47.867135985633));
#1776 = CARTESIAN_POINT('',(-0.877283240053,47.562201309496));
#1777 = CARTESIAN_POINT('',(-0.860512594272,47.380196877091));
#1778 = CARTESIAN_POINT('',(-0.843783316594,47.21428410229));
#1779 = CARTESIAN_POINT('',(-0.827102446823,47.063587445035));
#1780 = CARTESIAN_POINT('',(-0.810477244589,46.927242933475));
#1781 = CARTESIAN_POINT('',(-0.79391524664,46.804399313754));
#1782 = CARTESIAN_POINT('',(-0.777424324136,46.694219199803));
#1783 = CARTESIAN_POINT('',(-0.761012739939,46.595880223125));
#1784 = ( GEOMETRIC_REPRESENTATION_CONTEXT(2)
PARAMETRIC_REPRESENTATION_CONTEXT() REPRESENTATION_CONTEXT('2D SPACE',''
  ) );
#1785 = PCURVE('',#1786,#1791);
#1786 = CYLINDRICAL_SURFACE('',#1787,54.);
#1787 = AXIS2_PLACEMENT_3D('',#1788,#1789,#1790);
#1788 = CARTESIAN_POINT('',(440.,550.,1.61E+03));
#1789 = DIRECTION('',(0.,0.,1.));
#1790 = DIRECTION('',(1.,0.,0.));
#1791 = DEFINITIONAL_REPRESENTATION('',(#1792),#1914);
#1792 = B_SPLINE_CURVE_WITH_KNOTS('',8,(#1793,#1794,#1795,#1796,#1797,
    #1798,#1799,#1800,#1801,#1802,#1803,#1804,#1805,#1806,#1807,#1808,
    #1809,#1810,#1811,#1812,#1813,#1814,#1815,#1816,#1817,#1818,#1819,
    #1820,#1821,#1822,#1823,#1824,#1825,#1826,#1827,#1828,#1829,#1830,
    #1831,#1832,#1833,#1834,#1835,#1836,#1837,#1838,#1839,#1840,#1841,
    #1842,#1843,#1844,#1845,#1846,#1847,#1848,#1849,#1850,#1851,#1852,
    #1853,#1854,#1855,#1856,#1857,#1858,#1859,#1860,#1861,#1862,#1863,
    #1864,#1865,#1866,#1867,#1868,#1869,#1870,#1871,#1872,#1873,#1874,
    #1875,#1876,#1877,#1878,#1879,#1880,#1881,#1882,#1883,#1884,#1885,
    #1886,#1887,#1888,#1889,#1890,#1891,#1892,#1893,#1894,#1895,#1896,
    #1897,#1898,#1899,#1900,#1901,#1902,#1903,#1904,#1905,#1906,#1907,
    #1908,#1909,#1910,#1911,#1912,#1913),.UNSPECIFIED.,.F.,.F.,(9,7,7,7,
    7,7,7,7,7,7,7,7,7,7,7,7,7,9),(0.,4.576077593801E-02,
    7.010116454348E-02,0.119113942792,0.190005407245,0.233295141962,
    0.288280933286,0.332315078166,0.500031327729,0.631206759434,
    0.667950132945,0.711926563035,0.766840750018,0.81010314535,
    0.880747970802,0.929863503208,0.954233136151,1.),.UNSPECIFIED.);
#1793 = CARTESIAN_POINT('',(1.719491810362,-6.E-07));
#1794 = CARTESIAN_POINT('',(1.731780900103,0.689101841189));
#1795 = CARTESIAN_POINT('',(1.744397188257,1.369228255001));
#1796 = CARTESIAN_POINT('',(1.757338780809,2.039541273494));
#1797 = CARTESIAN_POINT('',(1.770603773185,2.699248667781));
#1798 = CARTESIAN_POINT('',(1.784190338073,3.347602822427));
#1799 = CARTESIAN_POINT('',(1.798096813239,3.983900209833));
#1800 = CARTESIAN_POINT('',(1.812321789336,4.607480864638));
#1801 = CARTESIAN_POINT('',(1.834599378444,5.54232132623));
#1802 = CARTESIAN_POINT('',(1.842423309399,5.863097980631));
#1803 = CARTESIAN_POINT('',(1.850334544029,6.179914658461));
#1804 = CARTESIAN_POINT('',(1.858331631222,6.492637202219));
#1805 = CARTESIAN_POINT('',(1.866413119553,6.80114033705));
#1806 = CARTESIAN_POINT('',(1.874577561517,7.10530754806));
#1807 = CARTESIAN_POINT('',(1.882823517755,7.405030957624));
#1808 = CARTESIAN_POINT('',(1.907915214956,8.294597928794));
#1809 = CARTESIAN_POINT('',(1.92501096341,8.870752732201));
#1810 = CARTESIAN_POINT('',(1.942413727713,9.427427748082));
#1811 = CARTESIAN_POINT('',(1.960100193823,9.96361235156));
#1812 = CARTESIAN_POINT('',(1.978046713077,10.478519122033));
#1813 = CARTESIAN_POINT('',(1.99622920267,10.971569807485));
#1814 = CARTESIAN_POINT('',(2.01462304613,11.442381288803));
#1815 = CARTESIAN_POINT('',(2.060076795824,12.539268627802));
#1816 = CARTESIAN_POINT('',(2.08729643198,13.139788675446));
#1817 = CARTESIAN_POINT('',(2.114792943067,13.692204947404));
#1818 = CARTESIAN_POINT('',(2.142495208588,14.197092182055));
#1819 = CARTESIAN_POINT('',(2.170328795236,14.655633495567));
#1820 = CARTESIAN_POINT('',(2.198214463592,15.069541434325));
#1821 = CARTESIAN_POINT('',(2.226066333019,15.440973179985));
#1822 = CARTESIAN_POINT('',(2.270718927734,15.974849418608));
#1823 = CARTESIAN_POINT('',(2.287613869444,16.162519330658));
#1824 = CARTESIAN_POINT('',(2.304468369292,16.336164539432));
#1825 = CARTESIAN_POINT('',(2.321276073712,16.496493546172));
#1826 = CARTESIAN_POINT('',(2.338030386748,16.644207105808));
#1827 = CARTESIAN_POINT('',(2.35472442064,16.779996875543));
#1828 = CARTESIAN_POINT('',(2.371350946401,16.904544063425));
#1829 = CARTESIAN_POINT('',(2.408925612894,17.163285684404));
#1830 = CARTESIAN_POINT('',(2.429830343078,17.291013441947));
#1831 = CARTESIAN_POINT('',(2.450615883851,17.403167389217));
#1832 = CARTESIAN_POINT('',(2.471281668854,17.501127303748));
#1833 = CARTESIAN_POINT('',(2.491827186779,17.586190138448));
#1834 = CARTESIAN_POINT('',(2.512251951669,17.659573459104));
#1835 = CARTESIAN_POINT('',(2.532555473228,17.722418881877));
#1836 = CARTESIAN_POINT('',(2.568899334713,17.818540993862));
#1837 = CARTESIAN_POINT('',(2.58498584855,17.855220430909));
#1838 = CARTESIAN_POINT('',(2.600998973758,17.886385712563));
#1839 = CARTESIAN_POINT('',(2.616940943234,17.912554516353));
#1840 = CARTESIAN_POINT('',(2.632814030801,17.934211988513));
#1841 = CARTESIAN_POINT('',(2.648620564348,17.95181242579));
#1842 = CARTESIAN_POINT('',(2.664362938971,17.965780957248));
#1843 = CARTESIAN_POINT('',(2.739767889949,18.017399665011));
#1844 = CARTESIAN_POINT('',(2.798606894846,18.01137122158));
#1845 = CARTESIAN_POINT('',(2.856719667106,17.98037958567));
#1846 = CARTESIAN_POINT('',(2.914257161637,17.940446551435));
#1847 = CARTESIAN_POINT('',(2.971366305344,17.903049975625));
#1848 = CARTESIAN_POINT('',(3.028192869561,17.875624263263));
#1849 = CARTESIAN_POINT('',(3.084884284491,17.861904565958));
#1850 = CARTESIAN_POINT('',(3.1859458085,17.861904565958));
#1851 = CARTESIAN_POINT('',(3.2302939839,17.870297426959));
#1852 = CARTESIAN_POINT('',(3.274707003238,17.88707890273));
#1853 = CARTESIAN_POINT('',(3.319253445581,17.910853718541));
#1854 = CARTESIAN_POINT('',(3.364001842112,17.938826445697));
#1855 = CARTESIAN_POINT('',(3.409021488944,17.966748459312));
#1856 = CARTESIAN_POINT('',(3.454383369118,17.988781975866));
#1857 = CARTESIAN_POINT('',(3.512984576797,17.999611939851));
#1858 = CARTESIAN_POINT('',(3.525840429824,18.000916792459));
#1859 = CARTESIAN_POINT('',(3.538730913767,18.000987680283));
#1860 = CARTESIAN_POINT('',(3.551657682754,17.999644192577));
#1861 = CARTESIAN_POINT('',(3.564622374549,17.996694001208));
#1862 = CARTESIAN_POINT('',(3.577626618024,17.991932309387));
#1863 = CARTESIAN_POINT('',(3.590672040647,17.98514130041));
#1864 = CARTESIAN_POINT('',(3.619424974365,17.965256012026));
#1865 = CARTESIAN_POINT('',(3.635151296222,17.951183896798));
#1866 = CARTESIAN_POINT('',(3.650941703727,17.933476287254));
#1867 = CARTESIAN_POINT('',(3.666798579115,17.91170884491));
#1868 = CARTESIAN_POINT('',(3.682724237669,17.885428173609));
#1869 = CARTESIAN_POINT('',(3.698720940739,17.854150146896));
#1870 = CARTESIAN_POINT('',(3.714790908769,17.817358235387));
#1871 = CARTESIAN_POINT('',(3.751097427775,17.720986248023));
#1872 = CARTESIAN_POINT('',(3.771380073157,17.658004110675));
#1873 = CARTESIAN_POINT('',(3.791783722278,17.584488849886));
#1874 = CARTESIAN_POINT('',(3.812307862339,17.499301718605));
#1875 = CARTESIAN_POINT('',(3.832951986121,17.40122838846));
#1876 = CARTESIAN_POINT('',(3.853715562173,17.288975543284));
#1877 = CARTESIAN_POINT('',(3.874598005018,17.161167472632));
#1878 = CARTESIAN_POINT('',(3.912143331758,16.902247047902));
#1879 = CARTESIAN_POINT('',(3.928763033637,16.777578391445));
#1880 = CARTESIAN_POINT('',(3.945450122653,16.641668128187));
#1881 = CARTESIAN_POINT('',(3.962197361392,16.493835983129));
#1882 = CARTESIAN_POINT('',(3.978997853954,16.333391329061));
#1883 = CARTESIAN_POINT('',(3.995844996567,16.159634541593));
#1884 = CARTESIAN_POINT('',(4.012732428203,15.971858354189));
#1885 = CARTESIAN_POINT('',(4.057285834372,15.438664265967));
#1886 = CARTESIAN_POINT('',(4.08504452665,15.068265024171));
#1887 = CARTESIAN_POINT('',(4.112836436109,14.655667159339));
#1888 = CARTESIAN_POINT('',(4.140576620566,14.198735688495));
#1889 = CARTESIAN_POINT('',(4.168186680411,13.695774025383));
#1890 = CARTESIAN_POINT('',(4.195592955765,13.145607303327));
#1891 = CARTESIAN_POINT('',(4.222725057956,12.547659969711));
#1892 = CARTESIAN_POINT('',(4.268140151372,11.453154364956));
#1893 = CARTESIAN_POINT('',(4.286579186995,10.981734232363));
#1894 = CARTESIAN_POINT('',(4.304806386728,10.487968005559));
#1895 = CARTESIAN_POINT('',(4.32279693792,9.972239100281));
#1896 = CARTESIAN_POINT('',(4.340526569246,9.43512781315));
#1897 = CARTESIAN_POINT('',(4.357971449227,8.877425538063));
#1898 = CARTESIAN_POINT('',(4.37510808475,8.300148982596));
#1899 = CARTESIAN_POINT('',(4.400251416238,7.409038464481));
#1900 = CARTESIAN_POINT('',(4.40850933134,7.108965993518));
#1901 = CARTESIAN_POINT('',(4.416685531009,6.804436688105));
#1902 = CARTESIAN_POINT('',(4.424778568914,6.495558828877));
#1903 = CARTESIAN_POINT('',(4.432786990536,6.182449384141));
#1904 = CARTESIAN_POINT('',(4.440709337433,5.865234133508));
#1905 = CARTESIAN_POINT('',(4.448544151497,5.54404779152));
#1906 = CARTESIAN_POINT('',(4.470836863983,4.608649232525));
#1907 = CARTESIAN_POINT('',(4.485066155424,3.984922280245));
#1908 = CARTESIAN_POINT('',(4.498976782156,3.348470694826));
#1909 = CARTESIAN_POINT('',(4.51256733174,2.699954994967));
#1910 = CARTESIAN_POINT('',(4.525836138609,2.040079325073));
#1911 = CARTESIAN_POINT('',(4.538781371993,1.369591982645));
#1912 = CARTESIAN_POINT('',(4.551401123854,0.689285945667));
#1913 = CARTESIAN_POINT('',(4.563693496817,-6.E-07));
#1914 = ( GEOMETRIC_REPRESENTATION_CONTEXT(2)
PARAMETRIC_REPRESENTATION_CONTEXT() REPRESENTATION_CONTEXT('2D SPACE',''
  ) );
#1915 = ADVANCED_FACE('',(#1916),#1373,.T.);
#1916 = FACE_BOUND('',#1917,.T.);
#1917 = EDGE_LOOP('',(#1918,#1919,#1920));
#1918 = ORIENTED_EDGE('',*,*,#1433,.T.);
#1919 = ORIENTED_EDGE('',*,*,#1406,.T.);
#1920 = ORIENTED_EDGE('',*,*,#1358,.T.);
#1921 = ADVANCED_FACE('',(#1922),#1493,.F.);
#1922 = FACE_BOUND('',#1923,.F.);
#1923 = EDGE_LOOP('',(#1924));
#1924 = ORIENTED_EDGE('',*,*,#1478,.T.);
#1925 = ADVANCED_FACE('',(#1926),#1525,.F.);
#1926 = FACE_BOUND('',#1927,.F.);
#1927 = EDGE_LOOP('',(#1928,#1952,#1974));
#1928 = ORIENTED_EDGE('',*,*,#1929,.T.);
#1929 = EDGE_CURVE('',#1511,#1930,#1932,.T.);
#1930 = VERTEX_POINT('',#1931);
#1931 = CARTESIAN_POINT('',(494.,550.,1.61E+03));
#1932 = SURFACE_CURVE('',#1933,(#1938,#1945),.PCURVE_S1.);
#1933 = CIRCLE('',#1934,54.);
#1934 = AXIS2_PLACEMENT_3D('',#1935,#1936,#1937);
#1935 = CARTESIAN_POINT('',(440.,550.,1.61E+03));
#1936 = DIRECTION('',(0.,0.,1.));
#1937 = DIRECTION('',(1.,0.,0.));
#1938 = PCURVE('',#1525,#1939);
#1939 = DEFINITIONAL_REPRESENTATION('',(#1940),#1944);
#1940 = CIRCLE('',#1941,54.);
#1941 = AXIS2_PLACEMENT_2D('',#1942,#1943);
#1942 = CARTESIAN_POINT('',(0.,0.));
#1943 = DIRECTION('',(1.,0.));
#1944 = ( GEOMETRIC_REPRESENTATION_CONTEXT(2)
PARAMETRIC_REPRESENTATION_CONTEXT() REPRESENTATION_CONTEXT('2D SPACE',''
  ) );
#1945 = PCURVE('',#1786,#1946);
#1946 = DEFINITIONAL_REPRESENTATION('',(#1947),#1951);
#1947 = LINE('',#1948,#1949);
#1948 = CARTESIAN_POINT('',(0.,0.));
#1949 = VECTOR('',#1950,1.);
#1950 = DIRECTION('',(1.,0.));
#1951 = ( GEOMETRIC_REPRESENTATION_CONTEXT(2)
PARAMETRIC_REPRESENTATION_CONTEXT() REPRESENTATION_CONTEXT('2D SPACE',''
  ) );
#1952 = ORIENTED_EDGE('',*,*,#1953,.T.);
#1953 = EDGE_CURVE('',#1930,#1509,#1954,.T.);
#1954 = SURFACE_CURVE('',#1955,(#1960,#1967),.PCURVE_S1.);
#1955 = CIRCLE('',#1956,54.);
#1956 = AXIS2_PLACEMENT_3D('',#1957,#1958,#1959);
#1957 = CARTESIAN_POINT('',(440.,550.,1.61E+03));
#1958 = DIRECTION('',(0.,0.,1.));
#1959 = DIRECTION('',(1.,0.,0.));
#1960 = PCURVE('',#1525,#1961);
#1961 = DEFINITIONAL_REPRESENTATION('',(#1962),#1966);
#1962 = CIRCLE('',#1963,54.);
#1963 = AXIS2_PLACEMENT_2D('',#1964,#1965);
#1964 = CARTESIAN_POINT('',(0.,0.));
#1965 = DIRECTION('',(1.,0.));
#1966 = ( GEOMETRIC_REPRESENTATION_CONTEXT(2)
PARAMETRIC_REPRESENTATION_CONTEXT() REPRESENTATION_CONTEXT('2D SPACE',''
  ) );
#1967 = PCURVE('',#1786,#1968);
#1968 = DEFINITIONAL_REPRESENTATION('',(#1969),#1973);
#1969 = LINE('',#1970,#1971);
#1970 = CARTESIAN_POINT('',(0.,0.));
#1971 = VECTOR('',#1972,1.);
#1972 = DIRECTION('',(1.,0.));
#1973 = ( GEOMETRIC_REPRESENTATION_CONTEXT(2)
PARAMETRIC_REPRESENTATION_CONTEXT() REPRESENTATION_CONTEXT('2D SPACE',''
  ) );
#1974 = ORIENTED_EDGE('',*,*,#1508,.T.);
#1975 = ADVANCED_FACE('',(#1976),#1786,.T.);
#1976 = FACE_BOUND('',#1977,.T.);
#1977 = EDGE_LOOP('',(#1978,#2001,#2028,#2029,#2030,#2031));
#1978 = ORIENTED_EDGE('',*,*,#1979,.T.);
#1979 = EDGE_CURVE('',#1930,#1980,#1982,.T.);
#1980 = VERTEX_POINT('',#1981);
#1981 = CARTESIAN_POINT('',(494.,550.,1.79E+03));
#1982 = SEAM_CURVE('',#1983,(#1987,#1994),.PCURVE_S1.);
#1983 = LINE('',#1984,#1985);
#1984 = CARTESIAN_POINT('',(494.,550.,1.61E+03));
#1985 = VECTOR('',#1986,1.);
#1986 = DIRECTION('',(0.,0.,1.));
#1987 = PCURVE('',#1786,#1988);
#1988 = DEFINITIONAL_REPRESENTATION('',(#1989),#1993);
#1989 = LINE('',#1990,#1991);
#1990 = CARTESIAN_POINT('',(6.28318530718,-0.));
#1991 = VECTOR('',#1992,1.);
#1992 = DIRECTION('',(0.,1.));
#1993 = ( GEOMETRIC_REPRESENTATION_CONTEXT(2)
PARAMETRIC_REPRESENTATION_CONTEXT() REPRESENTATION_CONTEXT('2D SPACE',''
  ) );
#1994 = PCURVE('',#1786,#1995);
#1995 = DEFINITIONAL_REPRESENTATION('',(#1996),#2000);
#1996 = LINE('',#1997,#1998);
#1997 = CARTESIAN_POINT('',(0.,-0.));
#1998 = VECTOR('',#1999,1.);
#1999 = DIRECTION('',(0.,1.));
#2000 = ( GEOMETRIC_REPRESENTATION_CONTEXT(2)
PARAMETRIC_REPRESENTATION_CONTEXT() REPRESENTATION_CONTEXT('2D SPACE',''
  ) );
#2001 = ORIENTED_EDGE('',*,*,#2002,.F.);
#2002 = EDGE_CURVE('',#1980,#1980,#2003,.T.);
#2003 = SURFACE_CURVE('',#2004,(#2009,#2016),.PCURVE_S1.);
#2004 = CIRCLE('',#2005,54.);
#2005 = AXIS2_PLACEMENT_3D('',#2006,#2007,#2008);
#2006 = CARTESIAN_POINT('',(440.,550.,1.79E+03));
#2007 = DIRECTION('',(0.,0.,1.));
#2008 = DIRECTION('',(1.,0.,0.));
#2009 = PCURVE('',#1786,#2010);
#2010 = DEFINITIONAL_REPRESENTATION('',(#2011),#2015);
#2011 = LINE('',#2012,#2013);
#2012 = CARTESIAN_POINT('',(0.,180.));
#2013 = VECTOR('',#2014,1.);
#2014 = DIRECTION('',(1.,0.));
#2015 = ( GEOMETRIC_REPRESENTATION_CONTEXT(2)
PARAMETRIC_REPRESENTATION_CONTEXT() REPRESENTATION_CONTEXT('2D SPACE',''
  ) );
#2016 = PCURVE('',#2017,#2022);
#2017 = PLANE('',#2018);
#2018 = AXIS2_PLACEMENT_3D('',#2019,#2020,#2021);
#2019 = CARTESIAN_POINT('',(440.,550.,1.79E+03));
#2020 = DIRECTION('',(0.,0.,1.));
#2021 = DIRECTION('',(1.,0.,0.));
#2022 = DEFINITIONAL_REPRESENTATION('',(#2023),#2027);
#2023 = CIRCLE('',#2024,54.);
#2024 = AXIS2_PLACEMENT_2D('',#2025,#2026);
#2025 = CARTESIAN_POINT('',(0.,0.));
#2026 = DIRECTION('',(1.,0.));
#2027 = ( GEOMETRIC_REPRESENTATION_CONTEXT(2)
PARAMETRIC_REPRESENTATION_CONTEXT() REPRESENTATION_CONTEXT('2D SPACE',''
  ) );
#2028 = ORIENTED_EDGE('',*,*,#1979,.F.);
#2029 = ORIENTED_EDGE('',*,*,#1953,.T.);
#2030 = ORIENTED_EDGE('',*,*,#1536,.T.);
#2031 = ORIENTED_EDGE('',*,*,#1929,.T.);
#2032 = ADVANCED_FACE('',(#2033,#2036),#2017,.T.);
#2033 = FACE_BOUND('',#2034,.T.);
#2034 = EDGE_LOOP('',(#2035));
#2035 = ORIENTED_EDGE('',*,*,#2002,.T.);
#2036 = FACE_BOUND('',#2037,.T.);
#2037 = EDGE_LOOP('',(#2038));
#2038 = ORIENTED_EDGE('',*,*,#2039,.F.);
#2039 = EDGE_CURVE('',#2040,#2040,#2042,.T.);
#2040 = VERTEX_POINT('',#2041);
#2041 = CARTESIAN_POINT('',(488.,550.,1.79E+03));
#2042 = SURFACE_CURVE('',#2043,(#2048,#2055),.PCURVE_S1.);
#2043 = CIRCLE('',#2044,48.);
#2044 = AXIS2_PLACEMENT_3D('',#2045,#2046,#2047);
#2045 = CARTESIAN_POINT('',(440.,550.,1.79E+03));
#2046 = DIRECTION('',(0.,0.,1.));
#2047 = DIRECTION('',(1.,0.,-0.));
#2048 = PCURVE('',#2017,#2049);
#2049 = DEFINITIONAL_REPRESENTATION('',(#2050),#2054);
#2050 = CIRCLE('',#2051,48.);
#2051 = AXIS2_PLACEMENT_2D('',#2052,#2053);
#2052 = CARTESIAN_POINT('',(0.,0.));
#2053 = DIRECTION('',(1.,0.));
#2054 = ( GEOMETRIC_REPRESENTATION_CONTEXT(2)
PARAMETRIC_REPRESENTATION_CONTEXT() REPRESENTATION_CONTEXT('2D SPACE',''
  ) );
#2055 = PCURVE('',#2056,#2061);
#2056 = CYLINDRICAL_SURFACE('',#2057,48.);
#2057 = AXIS2_PLACEMENT_3D('',#2058,#2059,#2060);
#2058 = CARTESIAN_POINT('',(440.,550.,1.78E+03));
#2059 = DIRECTION('',(0.,0.,1.));
#2060 = DIRECTION('',(1.,0.,0.));
#2061 = DEFINITIONAL_REPRESENTATION('',(#2062),#2066);
#2062 = LINE('',#2063,#2064);
#2063 = CARTESIAN_POINT('',(0.,10.));
#2064 = VECTOR('',#2065,1.);
#2065 = DIRECTION('',(1.,0.));
#2066 = ( GEOMETRIC_REPRESENTATION_CONTEXT(2)
PARAMETRIC_REPRESENTATION_CONTEXT() REPRESENTATION_CONTEXT('2D SPACE',''
  ) );
#2067 = ADVANCED_FACE('',(#2068),#2056,.T.);
#2068 = FACE_BOUND('',#2069,.T.);
#2069 = EDGE_LOOP('',(#2070,#2071,#2094,#2121));
#2070 = ORIENTED_EDGE('',*,*,#2039,.T.);
#2071 = ORIENTED_EDGE('',*,*,#2072,.T.);
#2072 = EDGE_CURVE('',#2040,#2073,#2075,.T.);
#2073 = VERTEX_POINT('',#2074);
#2074 = CARTESIAN_POINT('',(488.,550.,1.9E+03));
#2075 = SEAM_CURVE('',#2076,(#2080,#2087),.PCURVE_S1.);
#2076 = LINE('',#2077,#2078);
#2077 = CARTESIAN_POINT('',(488.,550.,1.78E+03));
#2078 = VECTOR('',#2079,1.);
#2079 = DIRECTION('',(0.,0.,1.));
#2080 = PCURVE('',#2056,#2081);
#2081 = DEFINITIONAL_REPRESENTATION('',(#2082),#2086);
#2082 = LINE('',#2083,#2084);
#2083 = CARTESIAN_POINT('',(0.,-0.));
#2084 = VECTOR('',#2085,1.);
#2085 = DIRECTION('',(0.,1.));
#2086 = ( GEOMETRIC_REPRESENTATION_CONTEXT(2)
PARAMETRIC_REPRESENTATION_CONTEXT() REPRESENTATION_CONTEXT('2D SPACE',''
  ) );
#2087 = PCURVE('',#2056,#2088);
#2088 = DEFINITIONAL_REPRESENTATION('',(#2089),#2093);
#2089 = LINE('',#2090,#2091);
#2090 = CARTESIAN_POINT('',(6.28318530718,-0.));
#2091 = VECTOR('',#2092,1.);
#2092 = DIRECTION('',(0.,1.));
#2093 = ( GEOMETRIC_REPRESENTATION_CONTEXT(2)
PARAMETRIC_REPRESENTATION_CONTEXT() REPRESENTATION_CONTEXT('2D SPACE',''
  ) );
#2094 = ORIENTED_EDGE('',*,*,#2095,.F.);
#2095 = EDGE_CURVE('',#2073,#2073,#2096,.T.);
#2096 = SURFACE_CURVE('',#2097,(#2102,#2109),.PCURVE_S1.);
#2097 = CIRCLE('',#2098,48.);
#2098 = AXIS2_PLACEMENT_3D('',#2099,#2100,#2101);
#2099 = CARTESIAN_POINT('',(440.,550.,1.9E+03));
#2100 = DIRECTION('',(0.,0.,1.));
#2101 = DIRECTION('',(1.,0.,-0.));
#2102 = PCURVE('',#2056,#2103);
#2103 = DEFINITIONAL_REPRESENTATION('',(#2104),#2108);
#2104 = LINE('',#2105,#2106);
#2105 = CARTESIAN_POINT('',(0.,120.));
#2106 = VECTOR('',#2107,1.);
#2107 = DIRECTION('',(1.,0.));
#2108 = ( GEOMETRIC_REPRESENTATION_CONTEXT(2)
PARAMETRIC_REPRESENTATION_CONTEXT() REPRESENTATION_CONTEXT('2D SPACE',''
  ) );
#2109 = PCURVE('',#2110,#2115);
#2110 = PLANE('',#2111);
#2111 = AXIS2_PLACEMENT_3D('',#2112,#2113,#2114);
#2112 = CARTESIAN_POINT('',(340.,450.,1.9E+03));
#2113 = DIRECTION('',(0.,0.,1.));
#2114 = DIRECTION('',(1.,0.,0.));
#2115 = DEFINITIONAL_REPRESENTATION('',(#2116),#2120);
#2116 = CIRCLE('',#2117,48.);
#2117 = AXIS2_PLACEMENT_2D('',#2118,#2119);
#2118 = CARTESIAN_POINT('',(100.,100.));
#2119 = DIRECTION('',(1.,0.));
#2120 = ( GEOMETRIC_REPRESENTATION_CONTEXT(2)
PARAMETRIC_REPRESENTATION_CONTEXT() REPRESENTATION_CONTEXT('2D SPACE',''
  ) );
#2121 = ORIENTED_EDGE('',*,*,#2072,.F.);
#2122 = ADVANCED_FACE('',(#2123,#2237),#2110,.F.);
#2123 = FACE_BOUND('',#2124,.F.);
#2124 = EDGE_LOOP('',(#2125,#2155,#2183,#2211));
#2125 = ORIENTED_EDGE('',*,*,#2126,.F.);
#2126 = EDGE_CURVE('',#2127,#2129,#2131,.T.);
#2127 = VERTEX_POINT('',#2128);
#2128 = CARTESIAN_POINT('',(340.,450.,1.9E+03));
#2129 = VERTEX_POINT('',#2130);
#2130 = CARTESIAN_POINT('',(340.,650.,1.9E+03));
#2131 = SURFACE_CURVE('',#2132,(#2136,#2143),.PCURVE_S1.);
#2132 = LINE('',#2133,#2134);
#2133 = CARTESIAN_POINT('',(340.,450.,1.9E+03));
#2134 = VECTOR('',#2135,1.);
#2135 = DIRECTION('',(0.,1.,0.));
#2136 = PCURVE('',#2110,#2137);
#2137 = DEFINITIONAL_REPRESENTATION('',(#2138),#2142);
#2138 = LINE('',#2139,#2140);
#2139 = CARTESIAN_POINT('',(0.,0.));
#2140 = VECTOR('',#2141,1.);
#2141 = DIRECTION('',(0.,1.));
#2142 = ( GEOMETRIC_REPRESENTATION_CONTEXT(2)
PARAMETRIC_REPRESENTATION_CONTEXT() REPRESENTATION_CONTEXT('2D SPACE',''
  ) );
#2143 = PCURVE('',#2144,#2149);
#2144 = PLANE('',#2145);
#2145 = AXIS2_PLACEMENT_3D('',#2146,#2147,#2148);
#2146 = CARTESIAN_POINT('',(340.,450.,1.9E+03));
#2147 = DIRECTION('',(1.,0.,0.));
#2148 = DIRECTION('',(0.,0.,1.));
#2149 = DEFINITIONAL_REPRESENTATION('',(#2150),#2154);
#2150 = LINE('',#2151,#2152);
#2151 = CARTESIAN_POINT('',(0.,0.));
#2152 = VECTOR('',#2153,1.);
#2153 = DIRECTION('',(0.,-1.));
#2154 = ( GEOMETRIC_REPRESENTATION_CONTEXT(2)
PARAMETRIC_REPRESENTATION_CONTEXT() REPRESENTATION_CONTEXT('2D SPACE',''
  ) );
#2155 = ORIENTED_EDGE('',*,*,#2156,.T.);
#2156 = EDGE_CURVE('',#2127,#2157,#2159,.T.);
#2157 = VERTEX_POINT('',#2158);
#2158 = CARTESIAN_POINT('',(540.,450.,1.9E+03));
#2159 = SURFACE_CURVE('',#2160,(#2164,#2171),.PCURVE_S1.);
#2160 = LINE('',#2161,#2162);
#2161 = CARTESIAN_POINT('',(340.,450.,1.9E+03));
#2162 = VECTOR('',#2163,1.);
#2163 = DIRECTION('',(1.,0.,0.));
#2164 = PCURVE('',#2110,#2165);
#2165 = DEFINITIONAL_REPRESENTATION('',(#2166),#2170);
#2166 = LINE('',#2167,#2168);
#2167 = CARTESIAN_POINT('',(0.,0.));
#2168 = VECTOR('',#2169,1.);
#2169 = DIRECTION('',(1.,0.));
#2170 = ( GEOMETRIC_REPRESENTATION_CONTEXT(2)
PARAMETRIC_REPRESENTATION_CONTEXT() REPRESENTATION_CONTEXT('2D SPACE',''
  ) );
#2171 = PCURVE('',#2172,#2177);
#2172 = PLANE('',#2173);
#2173 = AXIS2_PLACEMENT_3D('',#2174,#2175,#2176);
#2174 = CARTESIAN_POINT('',(340.,450.,1.9E+03));
#2175 = DIRECTION('',(0.,1.,0.));
#2176 = DIRECTION('',(0.,0.,1.));
#2177 = DEFINITIONAL_REPRESENTATION('',(#2178),#2182);
#2178 = LINE('',#2179,#2180);
#2179 = CARTESIAN_POINT('',(0.,0.));
#2180 = VECTOR('',#2181,1.);
#2181 = DIRECTION('',(0.,1.));
#2182 = ( GEOMETRIC_REPRESENTATION_CONTEXT(2)
PARAMETRIC_REPRESENTATION_CONTEXT() REPRESENTATION_CONTEXT('2D SPACE',''
  ) );
#2183 = ORIENTED_EDGE('',*,*,#2184,.T.);
#2184 = EDGE_CURVE('',#2157,#2185,#2187,.T.);
#2185 = VERTEX_POINT('',#2186);
#2186 = CARTESIAN_POINT('',(540.,650.,1.9E+03));
#2187 = SURFACE_CURVE('',#2188,(#2192,#2199),.PCURVE_S1.);
#2188 = LINE('',#2189,#2190);
#2189 = CARTESIAN_POINT('',(540.,450.,1.9E+03));
#2190 = VECTOR('',#2191,1.);
#2191 = DIRECTION('',(0.,1.,0.));
#2192 = PCURVE('',#2110,#2193);
#2193 = DEFINITIONAL_REPRESENTATION('',(#2194),#2198);
#2194 = LINE('',#2195,#2196);
#2195 = CARTESIAN_POINT('',(200.,0.));
#2196 = VECTOR('',#2197,1.);
#2197 = DIRECTION('',(0.,1.));
#2198 = ( GEOMETRIC_REPRESENTATION_CONTEXT(2)
PARAMETRIC_REPRESENTATION_CONTEXT() REPRESENTATION_CONTEXT('2D SPACE',''
  ) );
#2199 = PCURVE('',#2200,#2205);
#2200 = PLANE('',#2201);
#2201 = AXIS2_PLACEMENT_3D('',#2202,#2203,#2204);
#2202 = CARTESIAN_POINT('',(540.,450.,1.9E+03));
#2203 = DIRECTION('',(1.,0.,0.));
#2204 = DIRECTION('',(0.,0.,1.));
#2205 = DEFINITIONAL_REPRESENTATION('',(#2206),#2210);
#2206 = LINE('',#2207,#2208);
#2207 = CARTESIAN_POINT('',(0.,0.));
#2208 = VECTOR('',#2209,1.);
#2209 = DIRECTION('',(0.,-1.));
#2210 = ( GEOMETRIC_REPRESENTATION_CONTEXT(2)
PARAMETRIC_REPRESENTATION_CONTEXT() REPRESENTATION_CONTEXT('2D SPACE',''
  ) );
#2211 = ORIENTED_EDGE('',*,*,#2212,.F.);
#2212 = EDGE_CURVE('',#2129,#2185,#2213,.T.);
#2213 = SURFACE_CURVE('',#2214,(#2218,#2225),.PCURVE_S1.);
#2214 = LINE('',#2215,#2216);
#2215 = CARTESIAN_POINT('',(340.,650.,1.9E+03));
#2216 = VECTOR('',#2217,1.);
#2217 = DIRECTION('',(1.,0.,0.));
#2218 = PCURVE('',#2110,#2219);
#2219 = DEFINITIONAL_REPRESENTATION('',(#2220),#2224);
#2220 = LINE('',#2221,#2222);
#2221 = CARTESIAN_POINT('',(0.,200.));
#2222 = VECTOR('',#2223,1.);
#2223 = DIRECTION('',(1.,0.));
#2224 = ( GEOMETRIC_REPRESENTATION_CONTEXT(2)
PARAMETRIC_REPRESENTATION_CONTEXT() REPRESENTATION_CONTEXT('2D SPACE',''
  ) );
#2225 = PCURVE('',#2226,#2231);
#2226 = PLANE('',#2227);
#2227 = AXIS2_PLACEMENT_3D('',#2228,#2229,#2230);
#2228 = CARTESIAN_POINT('',(340.,650.,1.9E+03));
#2229 = DIRECTION('',(0.,1.,0.));
#2230 = DIRECTION('',(0.,0.,1.));
#2231 = DEFINITIONAL_REPRESENTATION('',(#2232),#2236);
#2232 = LINE('',#2233,#2234);
#2233 = CARTESIAN_POINT('',(0.,0.));
#2234 = VECTOR('',#2235,1.);
#2235 = DIRECTION('',(0.,1.));
#2236 = ( GEOMETRIC_REPRESENTATION_CONTEXT(2)
PARAMETRIC_REPRESENTATION_CONTEXT() REPRESENTATION_CONTEXT('2D SPACE',''
  ) );
#2237 = FACE_BOUND('',#2238,.F.);
#2238 = EDGE_LOOP('',(#2239));
#2239 = ORIENTED_EDGE('',*,*,#2095,.F.);
#2240 = ADVANCED_FACE('',(#2241),#2144,.F.);
#2241 = FACE_BOUND('',#2242,.F.);
#2242 = EDGE_LOOP('',(#2243,#2266,#2267,#2290));
#2243 = ORIENTED_EDGE('',*,*,#2244,.F.);
#2244 = EDGE_CURVE('',#2127,#2245,#2247,.T.);
#2245 = VERTEX_POINT('',#2246);
#2246 = CARTESIAN_POINT('',(340.,450.,2.2E+03));
#2247 = SURFACE_CURVE('',#2248,(#2252,#2259),.PCURVE_S1.);
#2248 = LINE('',#2249,#2250);
#2249 = CARTESIAN_POINT('',(340.,450.,1.9E+03));
#2250 = VECTOR('',#2251,1.);
#2251 = DIRECTION('',(0.,0.,1.));
#2252 = PCURVE('',#2144,#2253);
#2253 = DEFINITIONAL_REPRESENTATION('',(#2254),#2258);
#2254 = LINE('',#2255,#2256);
#2255 = CARTESIAN_POINT('',(0.,0.));
#2256 = VECTOR('',#2257,1.);
#2257 = DIRECTION('',(1.,0.));
#2258 = ( GEOMETRIC_REPRESENTATION_CONTEXT(2)
PARAMETRIC_REPRESENTATION_CONTEXT() REPRESENTATION_CONTEXT('2D SPACE',''
  ) );
#2259 = PCURVE('',#2172,#2260);
#2260 = DEFINITIONAL_REPRESENTATION('',(#2261),#2265);
#2261 = LINE('',#2262,#2263);
#2262 = CARTESIAN_POINT('',(0.,0.));
#2263 = VECTOR('',#2264,1.);
#2264 = DIRECTION('',(1.,0.));
#2265 = ( GEOMETRIC_REPRESENTATION_CONTEXT(2)
PARAMETRIC_REPRESENTATION_CONTEXT() REPRESENTATION_CONTEXT('2D SPACE',''
  ) );
#2266 = ORIENTED_EDGE('',*,*,#2126,.T.);
#2267 = ORIENTED_EDGE('',*,*,#2268,.T.);
#2268 = EDGE_CURVE('',#2129,#2269,#2271,.T.);
#2269 = VERTEX_POINT('',#2270);
#2270 = CARTESIAN_POINT('',(340.,650.,2.2E+03));
#2271 = SURFACE_CURVE('',#2272,(#2276,#2283),.PCURVE_S1.);
#2272 = LINE('',#2273,#2274);
#2273 = CARTESIAN_POINT('',(340.,650.,1.9E+03));
#2274 = VECTOR('',#2275,1.);
#2275 = DIRECTION('',(0.,0.,1.));
#2276 = PCURVE('',#2144,#2277);
#2277 = DEFINITIONAL_REPRESENTATION('',(#2278),#2282);
#2278 = LINE('',#2279,#2280);
#2279 = CARTESIAN_POINT('',(0.,-200.));
#2280 = VECTOR('',#2281,1.);
#2281 = DIRECTION('',(1.,0.));
#2282 = ( GEOMETRIC_REPRESENTATION_CONTEXT(2)
PARAMETRIC_REPRESENTATION_CONTEXT() REPRESENTATION_CONTEXT('2D SPACE',''
  ) );
#2283 = PCURVE('',#2226,#2284);
#2284 = DEFINITIONAL_REPRESENTATION('',(#2285),#2289);
#2285 = LINE('',#2286,#2287);
#2286 = CARTESIAN_POINT('',(0.,0.));
#2287 = VECTOR('',#2288,1.);
#2288 = DIRECTION('',(1.,0.));
#2289 = ( GEOMETRIC_REPRESENTATION_CONTEXT(2)
PARAMETRIC_REPRESENTATION_CONTEXT() REPRESENTATION_CONTEXT('2D SPACE',''
  ) );
#2290 = ORIENTED_EDGE('',*,*,#2291,.F.);
#2291 = EDGE_CURVE('',#2245,#2269,#2292,.T.);
#2292 = SURFACE_CURVE('',#2293,(#2297,#2304),.PCURVE_S1.);
#2293 = LINE('',#2294,#2295);
#2294 = CARTESIAN_POINT('',(340.,450.,2.2E+03));
#2295 = VECTOR('',#2296,1.);
#2296 = DIRECTION('',(0.,1.,0.));
#2297 = PCURVE('',#2144,#2298);
#2298 = DEFINITIONAL_REPRESENTATION('',(#2299),#2303);
#2299 = LINE('',#2300,#2301);
#2300 = CARTESIAN_POINT('',(300.,0.));
#2301 = VECTOR('',#2302,1.);
#2302 = DIRECTION('',(0.,-1.));
#2303 = ( GEOMETRIC_REPRESENTATION_CONTEXT(2)
PARAMETRIC_REPRESENTATION_CONTEXT() REPRESENTATION_CONTEXT('2D SPACE',''
  ) );
#2304 = PCURVE('',#2305,#2310);
#2305 = PLANE('',#2306);
#2306 = AXIS2_PLACEMENT_3D('',#2307,#2308,#2309);
#2307 = CARTESIAN_POINT('',(340.,450.,2.2E+03));
#2308 = DIRECTION('',(0.,0.,1.));
#2309 = DIRECTION('',(1.,0.,0.));
#2310 = DEFINITIONAL_REPRESENTATION('',(#2311),#2315);
#2311 = LINE('',#2312,#2313);
#2312 = CARTESIAN_POINT('',(0.,0.));
#2313 = VECTOR('',#2314,1.);
#2314 = DIRECTION('',(0.,1.));
#2315 = ( GEOMETRIC_REPRESENTATION_CONTEXT(2)
PARAMETRIC_REPRESENTATION_CONTEXT() REPRESENTATION_CONTEXT('2D SPACE',''
  ) );
#2316 = ADVANCED_FACE('',(#2317),#2226,.T.);
#2317 = FACE_BOUND('',#2318,.T.);
#2318 = EDGE_LOOP('',(#2319,#2320,#2321,#2344));
#2319 = ORIENTED_EDGE('',*,*,#2212,.F.);
#2320 = ORIENTED_EDGE('',*,*,#2268,.T.);
#2321 = ORIENTED_EDGE('',*,*,#2322,.T.);
#2322 = EDGE_CURVE('',#2269,#2323,#2325,.T.);
#2323 = VERTEX_POINT('',#2324);
#2324 = CARTESIAN_POINT('',(540.,650.,2.2E+03));
#2325 = SURFACE_CURVE('',#2326,(#2330,#2337),.PCURVE_S1.);
#2326 = LINE('',#2327,#2328);
#2327 = CARTESIAN_POINT('',(340.,650.,2.2E+03));
#2328 = VECTOR('',#2329,1.);
#2329 = DIRECTION('',(1.,0.,0.));
#2330 = PCURVE('',#2226,#2331);
#2331 = DEFINITIONAL_REPRESENTATION('',(#2332),#2336);
#2332 = LINE('',#2333,#2334);
#2333 = CARTESIAN_POINT('',(300.,0.));
#2334 = VECTOR('',#2335,1.);
#2335 = DIRECTION('',(0.,1.));
#2336 = ( GEOMETRIC_REPRESENTATION_CONTEXT(2)
PARAMETRIC_REPRESENTATION_CONTEXT() REPRESENTATION_CONTEXT('2D SPACE',''
  ) );
#2337 = PCURVE('',#2305,#2338);
#2338 = DEFINITIONAL_REPRESENTATION('',(#2339),#2343);
#2339 = LINE('',#2340,#2341);
#2340 = CARTESIAN_POINT('',(0.,200.));
#2341 = VECTOR('',#2342,1.);
#2342 = DIRECTION('',(1.,0.));
#2343 = ( GEOMETRIC_REPRESENTATION_CONTEXT(2)
PARAMETRIC_REPRESENTATION_CONTEXT() REPRESENTATION_CONTEXT('2D SPACE',''
  ) );
#2344 = ORIENTED_EDGE('',*,*,#2345,.F.);
#2345 = EDGE_CURVE('',#2185,#2323,#2346,.T.);
#2346 = SURFACE_CURVE('',#2347,(#2351,#2358),.PCURVE_S1.);
#2347 = LINE('',#2348,#2349);
#2348 = CARTESIAN_POINT('',(540.,650.,1.9E+03));
#2349 = VECTOR('',#2350,1.);
#2350 = DIRECTION('',(0.,0.,1.));
#2351 = PCURVE('',#2226,#2352);
#2352 = DEFINITIONAL_REPRESENTATION('',(#2353),#2357);
#2353 = LINE('',#2354,#2355);
#2354 = CARTESIAN_POINT('',(0.,200.));
#2355 = VECTOR('',#2356,1.);
#2356 = DIRECTION('',(1.,0.));
#2357 = ( GEOMETRIC_REPRESENTATION_CONTEXT(2)
PARAMETRIC_REPRESENTATION_CONTEXT() REPRESENTATION_CONTEXT('2D SPACE',''
  ) );
#2358 = PCURVE('',#2200,#2359);
#2359 = DEFINITIONAL_REPRESENTATION('',(#2360),#2364);
#2360 = LINE('',#2361,#2362);
#2361 = CARTESIAN_POINT('',(0.,-200.));
#2362 = VECTOR('',#2363,1.);
#2363 = DIRECTION('',(1.,0.));
#2364 = ( GEOMETRIC_REPRESENTATION_CONTEXT(2)
PARAMETRIC_REPRESENTATION_CONTEXT() REPRESENTATION_CONTEXT('2D SPACE',''
  ) );
#2365 = ADVANCED_FACE('',(#2366),#2172,.F.);
#2366 = FACE_BOUND('',#2367,.F.);
#2367 = EDGE_LOOP('',(#2368,#2369,#2370,#2393));
#2368 = ORIENTED_EDGE('',*,*,#2156,.F.);
#2369 = ORIENTED_EDGE('',*,*,#2244,.T.);
#2370 = ORIENTED_EDGE('',*,*,#2371,.T.);
#2371 = EDGE_CURVE('',#2245,#2372,#2374,.T.);
#2372 = VERTEX_POINT('',#2373);
#2373 = CARTESIAN_POINT('',(540.,450.,2.2E+03));
#2374 = SURFACE_CURVE('',#2375,(#2379,#2386),.PCURVE_S1.);
#2375 = LINE('',#2376,#2377);
#2376 = CARTESIAN_POINT('',(340.,450.,2.2E+03));
#2377 = VECTOR('',#2378,1.);
#2378 = DIRECTION('',(1.,0.,0.));
#2379 = PCURVE('',#2172,#2380);
#2380 = DEFINITIONAL_REPRESENTATION('',(#2381),#2385);
#2381 = LINE('',#2382,#2383);
#2382 = CARTESIAN_POINT('',(300.,0.));
#2383 = VECTOR('',#2384,1.);
#2384 = DIRECTION('',(0.,1.));
#2385 = ( GEOMETRIC_REPRESENTATION_CONTEXT(2)
PARAMETRIC_REPRESENTATION_CONTEXT() REPRESENTATION_CONTEXT('2D SPACE',''
  ) );
#2386 = PCURVE('',#2305,#2387);
#2387 = DEFINITIONAL_REPRESENTATION('',(#2388),#2392);
#2388 = LINE('',#2389,#2390);
#2389 = CARTESIAN_POINT('',(0.,0.));
#2390 = VECTOR('',#2391,1.);
#2391 = DIRECTION('',(1.,0.));
#2392 = ( GEOMETRIC_REPRESENTATION_CONTEXT(2)
PARAMETRIC_REPRESENTATION_CONTEXT() REPRESENTATION_CONTEXT('2D SPACE',''
  ) );
#2393 = ORIENTED_EDGE('',*,*,#2394,.F.);
#2394 = EDGE_CURVE('',#2157,#2372,#2395,.T.);
#2395 = SURFACE_CURVE('',#2396,(#2400,#2407),.PCURVE_S1.);
#2396 = LINE('',#2397,#2398);
#2397 = CARTESIAN_POINT('',(540.,450.,1.9E+03));
#2398 = VECTOR('',#2399,1.);
#2399 = DIRECTION('',(0.,0.,1.));
#2400 = PCURVE('',#2172,#2401);
#2401 = DEFINITIONAL_REPRESENTATION('',(#2402),#2406);
#2402 = LINE('',#2403,#2404);
#2403 = CARTESIAN_POINT('',(0.,200.));
#2404 = VECTOR('',#2405,1.);
#2405 = DIRECTION('',(1.,0.));
#2406 = ( GEOMETRIC_REPRESENTATION_CONTEXT(2)
PARAMETRIC_REPRESENTATION_CONTEXT() REPRESENTATION_CONTEXT('2D SPACE',''
  ) );
#2407 = PCURVE('',#2200,#2408);
#2408 = DEFINITIONAL_REPRESENTATION('',(#2409),#2413);
#2409 = LINE('',#2410,#2411);
#2410 = CARTESIAN_POINT('',(0.,0.));
#2411 = VECTOR('',#2412,1.);
#2412 = DIRECTION('',(1.,0.));
#2413 = ( GEOMETRIC_REPRESENTATION_CONTEXT(2)
PARAMETRIC_REPRESENTATION_CONTEXT() REPRESENTATION_CONTEXT('2D SPACE',''
  ) );
#2414 = ADVANCED_FACE('',(#2415),#2200,.T.);
#2415 = FACE_BOUND('',#2416,.T.);
#2416 = EDGE_LOOP('',(#2417,#2418,#2419,#2420));
#2417 = ORIENTED_EDGE('',*,*,#2394,.F.);
#2418 = ORIENTED_EDGE('',*,*,#2184,.T.);
#2419 = ORIENTED_EDGE('',*,*,#2345,.T.);
#2420 = ORIENTED_EDGE('',*,*,#2421,.F.);
#2421 = EDGE_CURVE('',#2372,#2323,#2422,.T.);
#2422 = SURFACE_CURVE('',#2423,(#2427,#2434),.PCURVE_S1.);
#2423 = LINE('',#2424,#2425);
#2424 = CARTESIAN_POINT('',(540.,450.,2.2E+03));
#2425 = VECTOR('',#2426,1.);
#2426 = DIRECTION('',(0.,1.,0.));
#2427 = PCURVE('',#2200,#2428);
#2428 = DEFINITIONAL_REPRESENTATION('',(#2429),#2433);
#2429 = LINE('',#2430,#2431);
#2430 = CARTESIAN_POINT('',(300.,0.));
#2431 = VECTOR('',#2432,1.);
#2432 = DIRECTION('',(0.,-1.));
#2433 = ( GEOMETRIC_REPRESENTATION_CONTEXT(2)
PARAMETRIC_REPRESENTATION_CONTEXT() REPRESENTATION_CONTEXT('2D SPACE',''
  ) );
#2434 = PCURVE('',#2305,#2435);
#2435 = DEFINITIONAL_REPRESENTATION('',(#2436),#2440);
#2436 = LINE('',#2437,#2438);
#2437 = CARTESIAN_POINT('',(200.,0.));
#2438 = VECTOR('',#2439,1.);
#2439 = DIRECTION('',(0.,1.));
#2440 = ( GEOMETRIC_REPRESENTATION_CONTEXT(2)
PARAMETRIC_REPRESENTATION_CONTEXT() REPRESENTATION_CONTEXT('2D SPACE',''
  ) );
#2441 = ADVANCED_FACE('',(#2442),#2305,.T.);
#2442 = FACE_BOUND('',#2443,.T.);
#2443 = EDGE_LOOP('',(#2444,#2445,#2446,#2447));
#2444 = ORIENTED_EDGE('',*,*,#2291,.F.);
#2445 = ORIENTED_EDGE('',*,*,#2371,.T.);
#2446 = ORIENTED_EDGE('',*,*,#2421,.T.);
#2447 = ORIENTED_EDGE('',*,*,#2322,.F.);
#2448 = ( GEOMETRIC_REPRESENTATION_CONTEXT(3)
GLOBAL_UNCERTAINTY_ASSIGNED_CONTEXT((#2452))
GLOBAL_UNIT_ASSIGNED_CONTEXT((#2449,#2450,#2451)) REPRESENTATION_CONTEXT
('Context #1','3D Context with UNIT and UNCERTAINTY') );
#2449 = ( LENGTH_UNIT() NAMED_UNIT(*) SI_UNIT(.MILLI.,.METRE.) );
#2450 = ( NAMED_UNIT(*) PLANE_ANGLE_UNIT() SI_UNIT($,.RADIAN.) );
#2451 = ( NAMED_UNIT(*) SI_UNIT($,.STERADIAN.) SOLID_ANGLE_UNIT() );
#2452 = UNCERTAINTY_MEASURE_WITH_UNIT(LENGTH_MEASURE(1.E-07),#2449,
  'distance_accuracy_value','confusion accuracy');
#2453 = CONTEXT_DEPENDENT_SHAPE_REPRESENTATION(#2454,#2456);
#2454 = ( REPRESENTATION_RELATIONSHIP('','',#36,#10)
REPRESENTATION_RELATIONSHIP_WITH_TRANSFORMATION(#2455)
SHAPE_REPRESENTATION_RELATIONSHIP() );
#2455 = ITEM_DEFINED_TRANSFORMATION('','',#11,#15);
#2456 = PRODUCT_DEFINITION_SHAPE('Placement','Placement of an item',
  #2457);
#2457 = NEXT_ASSEMBLY_USAGE_OCCURRENCE('19','','',#5,#31,$);
#2458 = PRODUCT_RELATED_PRODUCT_CATEGORY('part',$,(#33));
#2459 = SHAPE_DEFINITION_REPRESENTATION(#2460,#2466);
#2460 = PRODUCT_DEFINITION_SHAPE('','',#2461);
#2461 = PRODUCT_DEFINITION('design','',#2462,#2465);
#2462 = PRODUCT_DEFINITION_FORMATION('','',#2463);
#2463 = PRODUCT('Open CASCADE STEP translator 7.7 16.2',
  'Open CASCADE STEP translator 7.7 16.2','',(#2464));
#2464 = PRODUCT_CONTEXT('',#2,'mechanical');
#2465 = PRODUCT_DEFINITION_CONTEXT('part definition',#2,'design');
#2466 = ADVANCED_BREP_SHAPE_REPRESENTATION('',(#11,#2467),#2565);
#2467 = MANIFOLD_SOLID_BREP('',#2468);
#2468 = CLOSED_SHELL('',(#2469,#2557,#2561));
#2469 = ADVANCED_FACE('',(#2470),#2483,.T.);
#2470 = FACE_BOUND('',#2471,.T.);
#2471 = EDGE_LOOP('',(#2472,#2506,#2529,#2556));
#2472 = ORIENTED_EDGE('',*,*,#2473,.F.);
#2473 = EDGE_CURVE('',#2474,#2474,#2476,.T.);
#2474 = VERTEX_POINT('',#2475);
#2475 = CARTESIAN_POINT('',(380.,-150.,920.));
#2476 = SURFACE_CURVE('',#2477,(#2482,#2494),.PCURVE_S1.);
#2477 = CIRCLE('',#2478,80.);
#2478 = AXIS2_PLACEMENT_3D('',#2479,#2480,#2481);
#2479 = CARTESIAN_POINT('',(300.,-150.,920.));
#2480 = DIRECTION('',(0.,0.,1.));
#2481 = DIRECTION('',(1.,0.,0.));
#2482 = PCURVE('',#2483,#2488);
#2483 = CYLINDRICAL_SURFACE('',#2484,80.);
#2484 = AXIS2_PLACEMENT_3D('',#2485,#2486,#2487);
#2485 = CARTESIAN_POINT('',(300.,-150.,750.));
#2486 = DIRECTION('',(0.,0.,1.));
#2487 = DIRECTION('',(1.,0.,0.));
#2488 = DEFINITIONAL_REPRESENTATION('',(#2489),#2493);
#2489 = LINE('',#2490,#2491);
#2490 = CARTESIAN_POINT('',(0.,170.));
#2491 = VECTOR('',#2492,1.);
#2492 = DIRECTION('',(1.,0.));
#2493 = ( GEOMETRIC_REPRESENTATION_CONTEXT(2)
PARAMETRIC_REPRESENTATION_CONTEXT() REPRESENTATION_CONTEXT('2D SPACE',''
  ) );
#2494 = PCURVE('',#2495,#2500);
#2495 = PLANE('',#2496);
#2496 = AXIS2_PLACEMENT_3D('',#2497,#2498,#2499);
#2497 = CARTESIAN_POINT('',(300.,-150.,920.));
#2498 = DIRECTION('',(0.,0.,1.));
#2499 = DIRECTION('',(1.,0.,0.));
#2500 = DEFINITIONAL_REPRESENTATION('',(#2501),#2505);
#2501 = CIRCLE('',#2502,80.);
#2502 = AXIS2_PLACEMENT_2D('',#2503,#2504);
#2503 = CARTESIAN_POINT('',(0.,0.));
#2504 = DIRECTION('',(1.,0.));
#2505 = ( GEOMETRIC_REPRESENTATION_CONTEXT(2)
PARAMETRIC_REPRESENTATION_CONTEXT() REPRESENTATION_CONTEXT('2D SPACE',''
  ) );
#2506 = ORIENTED_EDGE('',*,*,#2507,.F.);
#2507 = EDGE_CURVE('',#2508,#2474,#2510,.T.);
#2508 = VERTEX_POINT('',#2509);
#2509 = CARTESIAN_POINT('',(380.,-150.,750.));
#2510 = SEAM_CURVE('',#2511,(#2515,#2522),.PCURVE_S1.);
#2511 = LINE('',#2512,#2513);
#2512 = CARTESIAN_POINT('',(380.,-150.,750.));
#2513 = VECTOR('',#2514,1.);
#2514 = DIRECTION('',(0.,0.,1.));
#2515 = PCURVE('',#2483,#2516);
#2516 = DEFINITIONAL_REPRESENTATION('',(#2517),#2521);
#2517 = LINE('',#2518,#2519);
#2518 = CARTESIAN_POINT('',(6.28318530718,-0.));
#2519 = VECTOR('',#2520,1.);
#2520 = DIRECTION('',(0.,1.));
#2521 = ( GEOMETRIC_REPRESENTATION_CONTEXT(2)
PARAMETRIC_REPRESENTATION_CONTEXT() REPRESENTATION_CONTEXT('2D SPACE',''
  ) );
#2522 = PCURVE('',#2483,#2523);
#2523 = DEFINITIONAL_REPRESENTATION('',(#2524),#2528);
#2524 = LINE('',#2525,#2526);
#2525 = CARTESIAN_POINT('',(0.,-0.));
#2526 = VECTOR('',#2527,1.);
#2527 = DIRECTION('',(0.,1.));
#2528 = ( GEOMETRIC_REPRESENTATION_CONTEXT(2)
PARAMETRIC_REPRESENTATION_CONTEXT() REPRESENTATION_CONTEXT('2D SPACE',''
  ) );
#2529 = ORIENTED_EDGE('',*,*,#2530,.T.);
#2530 = EDGE_CURVE('',#2508,#2508,#2531,.T.);
#2531 = SURFACE_CURVE('',#2532,(#2537,#2544),.PCURVE_S1.);
#2532 = CIRCLE('',#2533,80.);
#2533 = AXIS2_PLACEMENT_3D('',#2534,#2535,#2536);
#2534 = CARTESIAN_POINT('',(300.,-150.,750.));
#2535 = DIRECTION('',(0.,0.,1.));
#2536 = DIRECTION('',(1.,0.,0.));
#2537 = PCURVE('',#2483,#2538);
#2538 = DEFINITIONAL_REPRESENTATION('',(#2539),#2543);
#2539 = LINE('',#2540,#2541);
#2540 = CARTESIAN_POINT('',(0.,0.));
#2541 = VECTOR('',#2542,1.);
#2542 = DIRECTION('',(1.,0.));
#2543 = ( GEOMETRIC_REPRESENTATION_CONTEXT(2)
PARAMETRIC_REPRESENTATION_CONTEXT() REPRESENTATION_CONTEXT('2D SPACE',''
  ) );
#2544 = PCURVE('',#2545,#2550);
#2545 = PLANE('',#2546);
#2546 = AXIS2_PLACEMENT_3D('',#2547,#2548,#2549);
#2547 = CARTESIAN_POINT('',(300.,-150.,750.));
#2548 = DIRECTION('',(0.,0.,1.));
#2549 = DIRECTION('',(1.,0.,0.));
#2550 = DEFINITIONAL_REPRESENTATION('',(#2551),#2555);
#2551 = CIRCLE('',#2552,80.);
#2552 = AXIS2_PLACEMENT_2D('',#2553,#2554);
#2553 = CARTESIAN_POINT('',(0.,0.));
#2554 = DIRECTION('',(1.,0.));
#2555 = ( GEOMETRIC_REPRESENTATION_CONTEXT(2)
PARAMETRIC_REPRESENTATION_CONTEXT() REPRESENTATION_CONTEXT('2D SPACE',''
  ) );
#2556 = ORIENTED_EDGE('',*,*,#2507,.T.);
#2557 = ADVANCED_FACE('',(#2558),#2495,.T.);
#2558 = FACE_BOUND('',#2559,.T.);
#2559 = EDGE_LOOP('',(#2560));
#2560 = ORIENTED_EDGE('',*,*,#2473,.T.);
#2561 = ADVANCED_FACE('',(#2562),#2545,.F.);
#2562 = FACE_BOUND('',#2563,.T.);
#2563 = EDGE_LOOP('',(#2564));
#2564 = ORIENTED_EDGE('',*,*,#2530,.F.);
#2565 = ( GEOMETRIC_REPRESENTATION_CONTEXT(3)
GLOBAL_UNCERTAINTY_ASSIGNED_CONTEXT((#2569))
GLOBAL_UNIT_ASSIGNED_CONTEXT((#2566,#2567,#2568)) REPRESENTATION_CONTEXT
('Context #1','3D Context with UNIT and UNCERTAINTY') );
#2566 = ( LENGTH_UNIT() NAMED_UNIT(*) SI_UNIT(.MILLI.,.METRE.) );
#2567 = ( NAMED_UNIT(*) PLANE_ANGLE_UNIT() SI_UNIT($,.RADIAN.) );
#2568 = ( NAMED_UNIT(*) SI_UNIT($,.STERADIAN.) SOLID_ANGLE_UNIT() );
#2569 = UNCERTAINTY_MEASURE_WITH_UNIT(LENGTH_MEASURE(1.E-07),#2566,
  'distance_accuracy_value','confusion accuracy');
#2570 = CONTEXT_DEPENDENT_SHAPE_REPRESENTATION(#2571,#2573);
#2571 = ( REPRESENTATION_RELATIONSHIP('','',#2466,#10)
REPRESENTATION_RELATIONSHIP_WITH_TRANSFORMATION(#2572)
SHAPE_REPRESENTATION_RELATIONSHIP() );
#2572 = ITEM_DEFINED_TRANSFORMATION('','',#11,#19);
#2573 = PRODUCT_DEFINITION_SHAPE('Placement','Placement of an item',
  #2574);
#2574 = NEXT_ASSEMBLY_USAGE_OCCURRENCE('20','','',#5,#2461,$);
#2575 = PRODUCT_RELATED_PRODUCT_CATEGORY('part',$,(#2463));
ENDSEC;
END-ISO-10303-21;
